N,coverage,match_level,ethnicity,model_variant
1000.0,0.3894106473514822,8of8,Chinese,same_ethnicity
1071.8913192051275,0.40158079618946246,8of8,Chinese,same_ethnicity
1148.9510001873086,0.41387264223908127,8of8,Chinese,same_ethnicity
1231.550603292826,0.4262765405619091,8of8,Chinese,same_ethnicity
1320.088400831418,0.43878251139973296,8of8,Chinese,same_ethnicity
1414.991297434576,0.4513802271649478,8of8,Chinese,same_ethnicity
1516.7168884709226,0.46405900281859386,8of8,Chinese,same_ethnicity
1625.7556664437934,0.4768077915506654,8of8,Chinese,same_ethnicity
1742.6333860096508,0.48961518722543934,8of8,Chinese,same_ethnicity
1867.9135990207828,0.5024694346349468,8of8,Chinese,same_ethnicity
2002.2003718155845,0.5153584482675053,8of8,Chinese,same_ethnicity
2146.1411978584038,0.5282698400547661,8of8,Chinese,same_ethnicity
2300.430119772917,0.5411909563806703,8of8,Chinese,same_ethnicity
2465.811075822604,0.5541089244647752,8of8,Chinese,same_ethnicity
2643.0814869741057,0.5670107080100935,8of8,Chinese,same_ethnicity
2833.096101839324,0.5798831716824568,8of8,Chinese,same_ethnicity
3036.771118035457,0.5927131535381283,8of8,Chinese,same_ethnicity
3255.0885998350564,0.6054875439410864,8of8,Chinese,same_ethnicity
3489.1012134067737,0.618193368841948,8of8,Chinese,same_ethnicity
3739.937302478798,0.630817874584148,8of8,Chinese,same_ethnicity
4008.8063288984645,0.6433486107404661,8of8,Chinese,same_ethnicity
4297.00470432084,0.655773506964003,8of8,Chinese,same_ethnicity
4605.922041145103,0.6680809395728122,8of8,Chinese,same_ethnicity
4937.047852839004,0.6802597836823814,8of8,Chinese,same_ethnicity
5291.978735958442,0.6922994472330791,8of8,Chinese,same_ethnicity
5672.426068491977,0.7041898842551589,8of8,Chinese,same_ethnicity
6080.224261649421,0.7159215861236266,8of8,Chinese,same_ethnicity
6517.339604882421,0.7274855512546848,8of8,Chinese,same_ethnicity
6985.879746785249,0.7388732355010599,8of8,Chinese,same_ethnicity
7488.103857590023,0.7500764872071902,8of8,Chinese,same_ethnicity
8026.4335222571735,0.7610874722942352,8of8,Chinese,same_ethnicity
8603.464416684501,0.7718985957137197,8of8,Chinese,same_ethnicity
9221.978823334322,0.7825024260543103,8of8,Chinese,same_ethnicity
9884.959046625587,0.7928916299854477,8of8,Chinese,same_ethnicity
10595.601792776148,0.8030589225976199,8of8,Chinese,same_ethnicity
11357.333583431051,0.8129970386080541,8of8,Chinese,same_ethnicity
12173.82727739662,0.8226987279234679,8of8,Chinese,same_ethnicity
13049.019780144015,0.8321567772933124,8of8,Chinese,same_ethnicity
13987.131026472387,0.8413640578778144,8of8,Chinese,same_ethnicity
14992.684327860472,0.8503135966476638,8of8,Chinese,same_ethnicity
16070.528182616385,0.8589986677900396,8of8,Chinese,same_ethnicity
17225.859653987874,0.8674128988750378,8of8,Chinese,same_ethnicity
18464.249428955427,0.8755503855642655,8of8,Chinese,same_ethnicity
19791.668678535574,0.8834058081983138,8of8,Chinese,same_ethnicity
21214.517849106276,0.8909745437021794,8of8,Chinese,same_ethnicity
22739.657523579273,0.8982527668581354,8of8,Chinese,same_ethnicity
24374.441501222216,0.9052375360229052,8of8,Chinese,same_ethnicity
26126.752255633266,0.9119268596812579,8of8,Chinese,same_ethnicity
28005.03894183631,0.9183197416817698,8of8,Chinese,same_ethnicity
30018.35813575592,0.9244162044415279,8of8,Chinese,same_ethnicity
32176.417502507353,0.9302172907016505,8of8,Chinese,same_ethnicity
34489.6226040576,0.9357250454660894,8of8,Chinese,same_ethnicity
36969.12707195024,0.9409424805102944,8of8,Chinese,same_ethnicity
39626.88638701478,0.9458735243021568,8of8,Chinese,same_ethnicity
42475.71552536894,0.9505229603762908,8of8,Chinese,same_ethnicity
45529.35074866948,0.9548963572117706,8of8,Chinese,same_ethnicity
48802.515836544335,0.9589999925542773,8of8,Chinese,same_ethnicity
52310.993080562585,0.9628407749508072,8of8,Chinese,same_ethnicity
56071.69938205458,0.9664261650531556,8of8,Chinese,same_ethnicity
60102.76782070388,0.969764098990071,8of8,Chinese,same_ethnicity
64423.635087213705,0.9728629157843716,8of8,Chinese,same_ethnicity
69055.13520162331,0.9757312903792997,8of8,Chinese,same_ethnicity
74019.59996915638,0.9783781733364111,8of8,Chinese,same_ethnicity
79340.96665797492,0.9808127377021612,8of8,Chinese,same_ethnicity
85044.89341802668,0.9830443329633879,8of8,Chinese,same_ethnicity
91158.88299750819,0.9850824454850704,8of8,Chinese,same_ethnicity
97712.41535346501,0.9869366644018223,8of8,Chinese,same_ethnicity
104737.08979594486,0.9886166516510353,8of8,Chinese,same_ethnicity
112266.77735108136,0.9901321146968692,8of8,Chinese,same_ethnicity
120337.78407775905,0.9914927804837597,8of8,Chinese,same_ethnicity
128989.02612533081,0.9927083692461437,8of8,Chinese,same_ethnicity
138262.21737646536,0.9937885669571943,8of8,Chinese,same_ethnicity
148202.070579886,0.9947429954014425,8of8,Chinese,same_ethnicity
158856.51294280528,0.9955811790949377,8of8,Chinese,same_ethnicity
170276.91722258978,0.9963125085536826,8of8,Chinese,same_ethnicity
182518.34943190424,0.9969461997331791,8of8,Chinese,same_ethnicity
195639.8343517065,0.9974912498325077,8of8,Chinese,same_ethnicity
209704.64013232305,0.9979563900682122,8of8,Chinese,same_ethnicity
224780.58335487253,0.9983500364540883,8of8,Chinese,same_ethnicity
240940.35602395269,0.9986802400355425,8of8,Chinese,same_ethnicity
258261.87606826748,0.9989546383741891,8of8,Chinese,same_ethnicity
276828.6630392061,0.9991804103107526,8of8,Chinese,same_ethnicity
296730.24081888725,0.9993642361112437,8of8,Chinese,same_ethnicity
318062.5692794119,0.9995122649988312,8of8,Chinese,same_ethnicity
340928.50697468076,0.9996300917906157,8of8,Chinese,same_ethnicity
365438.30709572544,0.9997227439173071,8of8,Chinese,same_ethnicity
391710.1490809261,0.99979467954771,8of8,Chinese,same_ethnicity
419870.70844439056,0.9998497969247432,8of8,Chinese,same_ethnicity
450055.76757004973,0.9998914544047239,8of8,Chinese,same_ethnicity
482410.8704165374,0.9999225001305063,8of8,Chinese,same_ethnicity
517092.0242896755,0.9999453098037704,8of8,Chinese,same_ethnicity
554266.4520663096,0.9999618306800494,8of8,Chinese,same_ethnicity
594113.3984965039,0.999973629706341,8of8,Chinese,same_ethnicity
636824.9944718586,0.9999819436588876,8of8,Chinese,same_ethnicity
682607.1834272379,0.999987729213257,8of8,Chinese,same_ethnicity
731680.7143427192,0.999991711078538,8of8,Chinese,same_ethnicity
784282.2061337682,0.9999944266335307,8of8,Chinese,same_ethnicity
840665.2885618317,0.9999962658885657,8of8,Chinese,same_ethnicity
901101.8251665018,0.9999975060277122,8of8,Chinese,same_ethnicity
965883.2241158709,0.9999983402226551,8of8,Chinese,same_ethnicity
1035321.8432956616,0.9999989008106508,8of8,Chinese,same_ethnicity
1109752.496412072,0.999999277258894,8of8,Chinese,same_ethnicity
1189534.0673703207,0.999999529571577,8of8,Chinese,same_ethnicity
1275051.2407130129,0.9999996979239364,8of8,Chinese,same_ethnicity
1366716.3564620046,0.9999998093352827,8of8,Chinese,same_ethnicity
1464971.3983072848,0.9999998821389853,8of8,Chinese,same_ethnicity
1570290.1247293775,0.9999999288982224,8of8,Chinese,same_ethnicity
1683180.353330955,0.9999999582805372,8of8,Chinese,same_ethnicity
1804186.409392072,0.9999999762669675,8of8,Chinese,same_ethnicity
1933891.750455232,0.9999999869507707,8of8,Chinese,same_ethnicity
2072921.77959537,0.9999999930861453,8of8,Chinese,same_ethnicity
2221946.8609395237,0.9999999964808105,8of8,Chinese,same_ethnicity
2381685.5519761606,0.9999999982844492,8of8,Chinese,same_ethnicity
2552908.0682395166,0.9999999992016424,8of8,Chinese,same_ethnicity
2736439.9970746664,0.9999999996465406,8of8,Chinese,same_ethnicity
2933166.2783900425,0.9999999998516635,8of8,Chinese,same_ethnicity
3144035.4715915,0.9999999999412201,8of8,Chinese,same_ethnicity
3370064.3292719247,0.9999999999780992,8of8,Chinese,same_ethnicity
3612342.6997094303,0.9999999999923619,8of8,Chinese,same_ethnicity
3872038.781812557,0.9999999999975187,8of8,Chinese,same_ethnicity
4150404.7578504723,0.999999999999253,8of8,Chinese,same_ethnicity
4448782.831127585,0.9999999999997928,8of8,Chinese,same_ethnicity
4768611.697714474,0.9999999999999474,8of8,Chinese,same_ethnicity
5111433.483440165,0.9999999999999879,8of8,Chinese,same_ethnicity
5478901.179593934,0.9999999999999976,8of8,Chinese,same_ethnicity
5872786.613189477,0.9999999999999996,8of8,Chinese,same_ethnicity
6294988.990221888,1.0,8of8,Chinese,same_ethnicity
6747544.053110686,1.0,8of8,Chinese,same_ethnicity
7232633.896483534,1.0,8of8,Chinese,same_ethnicity
7752597.488629464,1.0,8of8,Chinese,same_ethnicity
8309941.949353387,1.0,8of8,Chinese,same_ethnicity
8907354.63861044,1.0,8of8,Chinese,same_ethnicity
9547716.114208067,1.0,8of8,Chinese,same_ethnicity
10234114.021054527,1.0,8of8,Chinese,same_ethnicity
10969857.97892384,1.0,8of8,Chinese,same_ethnicity
11758495.540521558,1.0,8of8,Chinese,same_ethnicity
12603829.296797274,1.0,8of8,Chinese,same_ethnicity
13509935.211980252,1.0,8of8,Chinese,same_ethnicity
14481182.27674533,1.0,8of8,Chinese,same_ethnicity
15522253.57427048,1.0,8of8,Chinese,same_ethnicity
16638168.860761274,1.0,8of8,Chinese,same_ethnicity
17834308.769319095,1.0,8of8,Chinese,same_ethnicity
19116440.753856998,1.0,8of8,Chinese,same_ethnicity
20490746.89815846,1.0,8of8,Chinese,same_ethnicity
21963853.72416547,1.0,8of8,Chinese,same_ethnicity
23542864.143224154,1.0,8of8,Chinese,same_ethnicity
25235391.70434766,1.0,8of8,Chinese,same_ethnicity
27049597.304631315,1.0,8of8,Chinese,same_ethnicity
28994228.538828753,1.0,8of8,Chinese,same_ethnicity
31078661.877820138,1.0,8of8,Chinese,same_ethnicity
33312947.879346702,1.0,8of8,Chinese,same_ethnicity
35707859.64900462,1.0,8of8,Chinese,same_ethnicity
38274944.785163075,1.0,8of8,Chinese,same_ethnicity
41026581.0582719,1.0,8of8,Chinese,same_ethnicity
43976036.09302721,1.0,8of8,Chinese,same_ethnicity
47137531.34116719,1.0,8of8,Chinese,same_ethnicity
50526310.6533568,1.0,8of8,Chinese,same_ethnicity
54158713.78079465,1.0,8of8,Chinese,same_ethnicity
58052255.160948955,1.0,8of8,Chinese,same_ethnicity
62225708.36730231,1.0,8of8,Chinese,same_ethnicity
66699196.63030115,1.0,8of8,Chinese,same_ethnicity
71494289.86597577,1.0,8of8,Chinese,same_ethnicity
76634108.68007447,1.0,8of8,Chinese,same_ethnicity
82143435.84919421,1.0,8of8,Chinese,same_ethnicity
88048835.81643465,1.0,8of8,Chinese,same_ethnicity
94378782.77775371,1.0,8of8,Chinese,same_ethnicity
101163797.9766207,1.0,8of8,Chinese,same_ethnicity
108436596.86896087,1.0,8of8,Chinese,same_ethnicity
116232246.86798495,1.0,8of8,Chinese,same_ethnicity
124588336.42950082,1.0,8of8,Chinese,same_ethnicity
133545156.29298975,1.0,8of8,Chinese,same_ethnicity
143145893.75234815,1.0,8of8,Chinese,same_ethnicity
153436840.89300132,1.0,8of8,Chinese,same_ethnicity
164467617.79946628,1.0,8of8,Chinese,same_ethnicity
176291411.80959442,1.0,8of8,Chinese,same_ethnicity
188965233.96912038,1.0,8of8,Chinese,same_ethnicity
202550193.92306665,1.0,8of8,Chinese,same_ethnicity
217111794.56945008,1.0,8of8,Chinese,same_ethnicity
232720247.8960412,1.0,8of8,Chinese,same_ethnicity
249450813.52303165,1.0,8of8,Chinese,same_ethnicity
267384161.5839944,1.0,8of8,Chinese,same_ethnicity
286606761.69482446,1.0,8of8,Chinese,same_ethnicity
307211299.8861747,1.0,8of8,Chinese,same_ethnicity
329297125.5097148,1.0,8of8,Chinese,same_ethnicity
352970730.27306575,1.0,8of8,Chinese,same_ethnicity
378346261.7131933,1.0,8of8,Chinese,same_ethnicity
405546073.5840828,1.0,8of8,Chinese,same_ethnicity
434701315.8125017,1.0,8of8,Chinese,same_ethnicity
465952566.86646676,1.0,8of8,Chinese,same_ethnicity
499450511.585514,1.0,8of8,Chinese,same_ethnicity
535356667.7410719,1.0,8of8,Chinese,same_ethnicity
573844164.8302405,1.0,8of8,Chinese,same_ethnicity
615098578.8580505,1.0,8of8,Chinese,same_ethnicity
659318827.1333542,1.0,8of8,Chinese,same_ethnicity
706718127.3927476,1.0,8of8,Chinese,same_ethnicity
757525025.8771889,1.0,8of8,Chinese,same_ethnicity
811984499.3184009,1.0,8of8,Chinese,same_ethnicity
870359136.1485183,1.0,8of8,Chinese,same_ethnicity
932930402.6284696,1.0,8of8,Chinese,same_ethnicity
1000000000.0,1.0,8of8,Chinese,same_ethnicity
1000.0,0.32001374516757797,8of8,Chinese,cross_ethnic
1071.8913192051275,0.3311842850647401,8of8,Chinese,cross_ethnic
1148.9510001873086,0.3425219573651417,8of8,Chinese,cross_ethnic
1231.550603292826,0.3540178468082906,8of8,Chinese,cross_ethnic
1320.088400831418,0.3656628081069124,8of8,Chinese,cross_ethnic
1414.991297434576,0.37744753738506664,8of8,Chinese,cross_ethnic
1516.7168884709226,0.38936262667154004,8of8,Chinese,cross_ethnic
1625.7556664437934,0.4013986005602972,8of8,Chinese,cross_ethnic
1742.6333860096508,0.4135459355571926,8of8,Chinese,cross_ethnic
1867.9135990207828,0.425795063709729,8of8,Chinese,cross_ethnic
2002.2003718155845,0.43813636284011104,8of8,Chinese,cross_ethnic
2146.1411978584038,0.4505601361108147,8of8,Chinese,cross_ethnic
2300.430119772917,0.4630565838272034,8of8,Chinese,cross_ethnic
2465.811075822604,0.4756157704180487,8of8,Chinese,cross_ethnic
2643.0814869741057,0.48822758951551015,8of8,Chinese,cross_ethnic
2833.096101839324,0.5008817300346556,8of8,Chinese,cross_ethnic
3036.771118035457,0.5135676461428542,8of8,Chinese,cross_ethnic
3255.0885998350564,0.526274533985361,8of8,Chinese,cross_ethnic
3489.1012134067737,0.5389913179373744,8of8,Chinese,cross_ethnic
3739.937302478798,0.5517066489115277,8of8,Chinese,cross_ethnic
4008.8063288984645,0.564408916796256,8of8,Chinese,cross_ethnic
4297.00470432084,0.5770862783971233,8of8,Chinese,cross_ethnic
4605.922041145103,0.5897267013092636,8of8,Chinese,cross_ethnic
4937.047852839004,0.6023180230260275,8of8,Chinese,cross_ethnic
5291.978735958442,0.6148480233916052,8of8,Chinese,cross_ethnic
5672.426068491977,0.6273045073615953,8of8,Chinese,cross_ethnic
6080.224261649421,0.639675394071499,8of8,Chinese,cross_ethnic
6517.339604882421,0.651948807533053,8of8,Chinese,cross_ethnic
6985.879746785249,0.6641131639520056,8of8,Chinese,cross_ethnic
7488.103857590023,0.6761572507205452,8of8,Chinese,cross_ethnic
8026.4335222571735,0.6880702925796814,8of8,Chinese,cross_ethnic
8603.464416684501,0.6998420012366747,8of8,Chinese,cross_ethnic
9221.978823334322,0.7114626057983924,8of8,Chinese,cross_ethnic
9884.959046625587,0.7229228626601308,8of8,Chinese,cross_ethnic
10595.601792776148,0.73421404487439,8of8,Chinese,cross_ethnic
11357.333583431051,0.7453279124155525,8of8,Chinese,cross_ethnic
12173.82727739662,0.756256666061674,8of8,Chinese,cross_ethnic
13049.019780144015,0.7669928887542227,8of8,Chinese,cross_ethnic
13987.131026472387,0.7775294792046579,8of8,Chinese,cross_ethnic
14992.684327860472,0.7878595831364137,8of8,Chinese,cross_ethnic
16070.528182616385,0.7979765278308807,8of8,Chinese,cross_ethnic
17225.859653987874,0.8078737655432935,8of8,Chinese,cross_ethnic
18464.249428955427,0.8175448308450612,8of8,Chinese,cross_ethnic
19791.668678535574,0.8269833160432999,8of8,Chinese,cross_ethnic
21214.517849106276,0.8361828675826853,8of8,Chinese,cross_ethnic
22739.657523579273,0.8451372048532169,8of8,Chinese,cross_ethnic
24374.441501222216,0.8538401612488612,8of8,Chinese,cross_ethnic
26126.752255633266,0.8622857457966818,8of8,Chinese,cross_ethnic
28005.03894183631,0.8704682223389533,8of8,Chinese,cross_ethnic
30018.35813575592,0.8783822022005138,8of8,Chinese,cross_ethnic
32176.417502507353,0.886022745562236,8of8,Chinese,cross_ethnic
34489.6226040576,0.893385466397182,8of8,Chinese,cross_ethnic
36969.12707195024,0.9004666357849629,8of8,Chinese,cross_ethnic
39626.88638701478,0.9072632786609459,8of8,Chinese,cross_ethnic
42475.71552536894,0.913773259533943,8of8,Chinese,cross_ethnic
45529.35074866948,0.9199953533735756,8of8,Chinese,cross_ethnic
48802.515836544335,0.9259292986829577,8of8,Chinese,cross_ethnic
52310.993080562585,0.9315758306896801,8of8,Chinese,cross_ethnic
56071.69938205458,0.9369366935619298,8of8,Chinese,cross_ethnic
60102.76782070388,0.9420146315386164,8of8,Chinese,cross_ethnic
64423.635087213705,0.9468133598047929,8of8,Chinese,cross_ethnic
69055.13520162331,0.9513375168027611,8of8,Chinese,cross_ethnic
74019.59996915638,0.955592600408325,8of8,Chinese,cross_ethnic
79340.96665797492,0.9595848909916953,8of8,Chinese,cross_ethnic
85044.89341802668,0.96332136480128,8of8,Chinese,cross_ethnic
91158.88299750819,0.9668096013389488,8of8,Chinese,cross_ethnic
97712.41535346501,0.970057688425462,8of8,Chinese,cross_ethnic
104737.08979594486,0.9730741284806069,8of8,Chinese,cross_ethnic
112266.77735108136,0.9758677491722374,8of8,Chinese,cross_ethnic
120337.78407775905,0.9784476210459399,8of8,Chinese,cross_ethnic
128989.02612533081,0.9808229840732962,8of8,Chinese,cross_ethnic
138262.21737646536,0.98300318430571,8of8,Chinese,cross_ethnic
148202.070579886,0.9849976210529213,8of8,Chinese,cross_ethnic
158856.51294280528,0.9868157042789771,8of8,Chinese,cross_ethnic
170276.91722258978,0.9884668212728291,8of8,Chinese,cross_ethnic
182518.34943190424,0.9899603111415937,8of8,Chinese,cross_ethnic
195639.8343517065,0.991305445312926,8of8,Chinese,cross_ethnic
209704.64013232305,0.9925114120264089,8of8,Chinese,cross_ethnic
224780.58335487253,0.9935873027394201,8of8,Chinese,cross_ethnic
240940.35602395269,0.9945420984604963,8of8,Chinese,cross_ethnic
258261.87606826748,0.9953846542389649,8of8,Chinese,cross_ethnic
276828.6630392061,0.9961236803680059,8of8,Chinese,cross_ethnic
296730.24081888725,0.9967677192826085,8of8,Chinese,cross_ethnic
318062.5692794119,0.9973251176345738,8of8,Chinese,cross_ethnic
340928.50697468076,0.9978039935786146,8of8,Chinese,cross_ethnic
365438.30709572544,0.9982121998731244,8of8,Chinese,cross_ethnic
391710.1490809261,0.9985572839434935,8of8,Chinese,cross_ethnic
419870.70844439056,0.9988464465255615,8of8,Chinese,cross_ethnic
450055.76757004973,0.9990865008524019,8of8,Chinese,cross_ethnic
482410.8704165374,0.999283834528318,8of8,Chinese,cross_ethnic
517092.0242896755,0.999444376226005,8of8,Chinese,cross_ethnic
554266.4520663096,0.9995735691453376,8of8,Chinese,cross_ethnic
594113.3984965039,0.9996763528076772,8of8,Chinese,cross_ethnic
636824.9944718586,0.999757154269642,8of8,Chinese,cross_ethnic
682607.1834272379,0.9998198892781385,8of8,Chinese,cross_ethnic
731680.7143427192,0.9998679733095813,8of8,Chinese,cross_ethnic
784282.2061337682,0.9999043418904666,8of8,Chinese,cross_ethnic
840665.2885618317,0.9999314791228416,8of8,Chinese,cross_ethnic
901101.8251665018,0.9999514529631954,8of8,Chinese,cross_ethnic
965883.2241158709,0.9999659555421139,8of8,Chinese,cross_ethnic
1035321.8432956616,0.9999763466711136,8of8,Chinese,cross_ethnic
1109752.496412072,0.99998369866258,8of8,Chinese,cross_ethnic
1189534.0673703207,0.999988840683604,8of8,Chinese,cross_ethnic
1275051.2407130129,0.9999924010640499,8of8,Chinese,cross_ethnic
1366716.3564620046,0.9999948462658212,8of8,Chinese,cross_ethnic
1464971.3983072848,0.999996515568922,8of8,Chinese,cross_ethnic
1570290.1247293775,0.9999976509087365,8of8,Chinese,cross_ethnic
1683180.353330955,0.9999984216725967,8of8,Chinese,cross_ethnic
1804186.409392072,0.9999989445978315,8of8,Chinese,cross_ethnic
1933891.750455232,0.9999992991801765,8of8,Chinese,cross_ethnic
2072921.77959537,0.9999995391833307,8of8,Chinese,cross_ethnic
2221946.8609395237,0.9999997009331094,8of8,Chinese,cross_ethnic
2381685.5519761606,0.9999998090908577,8of8,Chinese,cross_ethnic
2552908.0682395166,0.9999998805477864,8of8,Chinese,cross_ethnic
2736439.9970746664,0.9999999269869561,8of8,Chinese,cross_ethnic
2933166.2783900425,0.9999999565455221,8of8,Chinese,cross_ethnic
3144035.4715915,0.9999999748959413,8of8,Chinese,cross_ethnic
3370064.3292719247,0.9999999859647647,8of8,Chinese,cross_ethnic
3612342.6997094303,0.9999999924286372,8of8,Chinese,cross_ethnic
3872038.781812557,0.999999996070695,8of8,Chinese,cross_ethnic
4150404.7578504723,0.9999999980441936,8of8,Chinese,cross_ethnic
4448782.831127585,0.9999999990692434,8of8,Chinese,cross_ethnic
4768611.697714474,0.9999999995779054,8of8,Chinese,cross_ethnic
5111433.483440165,0.9999999998182284,8of8,Chinese,cross_ethnic
5478901.179593934,0.9999999999259431,8of8,Chinese,cross_ethnic
5872786.613189477,0.9999999999715686,8of8,Chinese,cross_ethnic
6294988.990221888,0.9999999999897583,8of8,Chinese,cross_ethnic
6747544.053110686,0.9999999999965541,8of8,Chinese,cross_ethnic
7232633.896483534,0.9999999999989224,8of8,Chinese,cross_ethnic
7752597.488629464,0.9999999999996885,8of8,Chinese,cross_ethnic
8309941.949353387,0.9999999999999172,8of8,Chinese,cross_ethnic
8907354.63861044,0.9999999999999799,8of8,Chinese,cross_ethnic
9547716.114208067,0.9999999999999957,8of8,Chinese,cross_ethnic
10234114.021054527,0.9999999999999992,8of8,Chinese,cross_ethnic
10969857.97892384,0.9999999999999999,8of8,Chinese,cross_ethnic
11758495.540521558,1.0,8of8,Chinese,cross_ethnic
12603829.296797274,1.0,8of8,Chinese,cross_ethnic
13509935.211980252,1.0,8of8,Chinese,cross_ethnic
14481182.27674533,1.0,8of8,Chinese,cross_ethnic
15522253.57427048,1.0,8of8,Chinese,cross_ethnic
16638168.860761274,1.0,8of8,Chinese,cross_ethnic
17834308.769319095,1.0,8of8,Chinese,cross_ethnic
19116440.753856998,1.0,8of8,Chinese,cross_ethnic
20490746.89815846,1.0,8of8,Chinese,cross_ethnic
21963853.72416547,1.0,8of8,Chinese,cross_ethnic
23542864.143224154,1.0,8of8,Chinese,cross_ethnic
25235391.70434766,1.0,8of8,Chinese,cross_ethnic
27049597.304631315,1.0,8of8,Chinese,cross_ethnic
28994228.538828753,1.0,8of8,Chinese,cross_ethnic
31078661.877820138,1.0,8of8,Chinese,cross_ethnic
33312947.879346702,1.0,8of8,Chinese,cross_ethnic
35707859.64900462,1.0,8of8,Chinese,cross_ethnic
38274944.785163075,1.0,8of8,Chinese,cross_ethnic
41026581.0582719,1.0,8of8,Chinese,cross_ethnic
43976036.09302721,1.0,8of8,Chinese,cross_ethnic
47137531.34116719,1.0,8of8,Chinese,cross_ethnic
50526310.6533568,1.0,8of8,Chinese,cross_ethnic
54158713.78079465,1.0,8of8,Chinese,cross_ethnic
58052255.160948955,1.0,8of8,Chinese,cross_ethnic
62225708.36730231,1.0,8of8,Chinese,cross_ethnic
66699196.63030115,1.0,8of8,Chinese,cross_ethnic
71494289.86597577,1.0,8of8,Chinese,cross_ethnic
76634108.68007447,1.0,8of8,Chinese,cross_ethnic
82143435.84919421,1.0,8of8,Chinese,cross_ethnic
88048835.81643465,1.0,8of8,Chinese,cross_ethnic
94378782.77775371,1.0,8of8,Chinese,cross_ethnic
101163797.9766207,1.0,8of8,Chinese,cross_ethnic
108436596.86896087,1.0,8of8,Chinese,cross_ethnic
116232246.86798495,1.0,8of8,Chinese,cross_ethnic
124588336.42950082,1.0,8of8,Chinese,cross_ethnic
133545156.29298975,1.0,8of8,Chinese,cross_ethnic
143145893.75234815,1.0,8of8,Chinese,cross_ethnic
153436840.89300132,1.0,8of8,Chinese,cross_ethnic
164467617.79946628,1.0,8of8,Chinese,cross_ethnic
176291411.80959442,1.0,8of8,Chinese,cross_ethnic
188965233.96912038,1.0,8of8,Chinese,cross_ethnic
202550193.92306665,1.0,8of8,Chinese,cross_ethnic
217111794.56945008,1.0,8of8,Chinese,cross_ethnic
232720247.8960412,1.0,8of8,Chinese,cross_ethnic
249450813.52303165,1.0,8of8,Chinese,cross_ethnic
267384161.5839944,1.0,8of8,Chinese,cross_ethnic
286606761.69482446,1.0,8of8,Chinese,cross_ethnic
307211299.8861747,1.0,8of8,Chinese,cross_ethnic
329297125.5097148,1.0,8of8,Chinese,cross_ethnic
352970730.27306575,1.0,8of8,Chinese,cross_ethnic
378346261.7131933,1.0,8of8,Chinese,cross_ethnic
405546073.5840828,1.0,8of8,Chinese,cross_ethnic
434701315.8125017,1.0,8of8,Chinese,cross_ethnic
465952566.86646676,1.0,8of8,Chinese,cross_ethnic
499450511.585514,1.0,8of8,Chinese,cross_ethnic
535356667.7410719,1.0,8of8,Chinese,cross_ethnic
573844164.8302405,1.0,8of8,Chinese,cross_ethnic
615098578.8580505,1.0,8of8,Chinese,cross_ethnic
659318827.1333542,1.0,8of8,Chinese,cross_ethnic
706718127.3927476,1.0,8of8,Chinese,cross_ethnic
757525025.8771889,1.0,8of8,Chinese,cross_ethnic
811984499.3184009,1.0,8of8,Chinese,cross_ethnic
870359136.1485183,1.0,8of8,Chinese,cross_ethnic
932930402.6284696,1.0,8of8,Chinese,cross_ethnic
1000000000.0,1.0,8of8,Chinese,cross_ethnic
1000.0,0.4222086283324631,8of8,Malay,same_ethnicity
1071.8913192051275,0.4352449127454555,8of8,Malay,same_ethnicity
1148.9510001873086,0.44837603248006225,8of8,Malay,same_ethnicity
1231.550603292826,0.4615929514095015,8of8,Malay,same_ethnicity
1320.088400831418,0.47488559976214584,8of8,Malay,same_ethnicity
1414.991297434576,0.48824278715715047,8of8,Malay,same_ethnicity
1516.7168884709226,0.5016521627417365,8of8,Malay,same_ethnicity
1625.7556664437934,0.5151002240326775,8of8,Malay,same_ethnicity
1742.6333860096508,0.5285723731723995,8of8,Malay,same_ethnicity
1867.9135990207828,0.5420530165324461,8of8,Malay,same_ethnicity
2002.2003718155845,0.5555257011479797,8of8,Malay,same_ethnicity
2146.1411978584038,0.568973279572665,8of8,Malay,same_ethnicity
2300.430119772917,0.5823780936044771,8of8,Malay,same_ethnicity
2465.811075822604,0.5957221670774231,8of8,Malay,same_ethnicity
2643.0814869741057,0.6089873985559358,8of8,Malay,same_ethnicity
2833.096101839324,0.6221557461914446,8of8,Malay,same_ethnicity
3036.771118035457,0.6352093989733671,8of8,Malay,same_ethnicity
3255.0885998350564,0.648130930829175,8of8,Malay,same_ethnicity
3489.1012134067737,0.6609034361908266,8of8,Malay,same_ethnicity
3739.937302478798,0.6735106474865308,8of8,Malay,same_ethnicity
4008.8063288984645,0.6859370363635978,8of8,Malay,same_ethnicity
4297.00470432084,0.6981679012272727,8of8,Malay,same_ethnicity
4605.922041145103,0.7101894439107257,8of8,Malay,same_ethnicity
4937.047852839004,0.721988838057826,8of8,Malay,same_ethnicity
5291.978735958442,0.7335542912225688,8of8,Malay,same_ethnicity
5672.426068491977,0.744875101892389,8of8,Malay,same_ethnicity
6080.224261649421,0.7559417117376467,8of8,Malay,same_ethnicity
6517.339604882421,0.766745752464103,8of8,Malay,same_ethnicity
6985.879746785249,0.7772800857671887,8of8,Malay,same_ethnicity
7488.103857590023,0.7875388341153641,8of8,Malay,same_ethnicity
8026.4335222571735,0.7975173994864906,8of8,Malay,same_ethnicity
8603.464416684501,0.8072124668157413,8of8,Malay,same_ethnicity
9221.978823334322,0.8166219888599585,8of8,Malay,same_ethnicity
9884.959046625587,0.8257451495051428,8of8,Malay,same_ethnicity
10595.601792776148,0.8345823032756651,8of8,Malay,same_ethnicity
11357.333583431051,0.8431348899349274,8of8,Malay,same_ethnicity
12173.82727739662,0.8514053245326445,8of8,Malay,same_ethnicity
13049.019780144015,0.8593968649377537,8of8,Malay,same_ethnicity
13987.131026472387,0.8671134606443496,8of8,Malay,same_ethnicity
14992.684327860472,0.8745595882788427,8of8,Malay,same_ethnicity
16070.528182616385,0.8817400805999385,8of8,Malay,same_ethnicity
17225.859653987874,0.8886599567194855,8of8,Malay,same_ethnicity
18464.249428955427,0.8953242616660995,8of8,Malay,same_ethnicity
19791.668678535574,0.9017379231929608,8of8,Malay,same_ethnicity
21214.517849106276,0.9079056328767897,8of8,Malay,same_ethnicity
22739.657523579273,0.913831757107019,8of8,Malay,same_ethnicity
24374.441501222216,0.9195202816274539,8of8,Malay,same_ethnicity
26126.752255633266,0.9249747910349178,8of8,Malay,same_ethnicity
28005.03894183631,0.9301984822773154,8of8,Malay,same_ethnicity
30018.35813575592,0.9351942089667353,8of8,Malay,same_ethnicity
32176.417502507353,0.9399645514572145,8of8,Malay,same_ethnicity
34489.6226040576,0.9445119063054747,8of8,Malay,same_ethnicity
36969.12707195024,0.9488385880297737,8of8,Malay,same_ethnicity
39626.88638701478,0.9529469360091625,8of8,Malay,same_ethnicity
42475.71552536894,0.9568394198432969,8of8,Malay,same_ethnicity
45529.35074866948,0.9605187373865735,8of8,Malay,same_ethnicity
48802.515836544335,0.9639879008234556,8of8,Malay,same_ethnicity
52310.993080562585,0.9672503074184727,8of8,Malay,same_ethnicity
56071.69938205458,0.9703097928394498,8of8,Malay,same_ethnicity
60102.76782070388,0.9731706661383412,8of8,Malay,same_ethnicity
64423.635087213705,0.9758377265341889,8of8,Malay,same_ethnicity
69055.13520162331,0.9783162630494739,8of8,Malay,same_ethnicity
74019.59996915638,0.9806120387834576,8of8,Malay,same_ethnicity
79340.96665797492,0.982731262143391,8of8,Malay,same_ethnicity
85044.89341802668,0.9846805476782026,8of8,Malay,same_ethnicity
91158.88299750819,0.9864668692601615,8of8,Malay,same_ethnicity
97712.41535346501,0.9880975082467085,8of8,Malay,same_ethnicity
104737.08979594486,0.9895799989584085,8of8,Malay,same_ethnicity
112266.77735108136,0.9909220733824803,8of8,Malay,same_ethnicity
120337.78407775905,0.9921316065204916,8of8,Malay,same_ethnicity
128989.02612533081,0.9932165633109787,8of8,Malay,same_ethnicity
138262.21737646536,0.9941849476298972,8of8,Malay,same_ethnicity
148202.070579886,0.9950447535416767,8of8,Malay,same_ethnicity
158856.51294280528,0.9958039187566105,8of8,Malay,same_ethnicity
170276.91722258978,0.9964702801415791,8of8,Malay,same_ethnicity
182518.34943190424,0.9970515311122176,8of8,Malay,same_ethnicity
195639.8343517065,0.9975551807815619,8of8,Malay,same_ethnicity
209704.64013232305,0.9979885148305107,8of8,Malay,same_ethnicity
224780.58335487253,0.9983585581823368,8of8,Malay,same_ethnicity
240940.35602395269,0.9986720396962125,8of8,Malay,same_ethnicity
258261.87606826748,0.9989353592356484,8of8,Malay,same_ethnicity
276828.6630392061,0.9991545576083422,8of8,Malay,same_ethnicity
296730.24081888725,0.9993352900016248,8of8,Malay,same_ethnicity
318062.5692794119,0.9994828036349972,8of8,Malay,same_ethnicity
340928.50697468076,0.999601920398285,8of8,Malay,same_ethnicity
365438.30709572544,0.9996970252224049,8of8,Malay,same_ethnicity
391710.1490809261,0.9997720608279606,8of8,Malay,same_ethnicity
419870.70844439056,0.9998305293131561,8of8,Malay,same_ethnicity
450055.76757004973,0.9998755007863472,8of8,Malay,same_ethnicity
482410.8704165374,0.9999096289394076,8of8,Malay,same_ethnicity
517092.0242896755,0.999935173122425,8of8,Malay,same_ethnicity
554266.4520663096,0.9999540261480657,8of8,Malay,same_ethnicity
594113.3984965039,0.9999677467556164,8of8,Malay,same_ethnicity
636824.9944718586,0.9999775954284043,8of8,Malay,same_ethnicity
682607.1834272379,0.9999845721078346,8of8,Malay,same_ethnicity
731680.7143427192,0.9999894542997741,8of8,Malay,same_ethnicity
784282.2061337682,0.9999928341322779,8of8,Malay,same_ethnicity
840665.2885618317,0.999995153093912,8of8,Malay,same_ethnicity
901101.8251665018,0.999996733442431,8of8,Malay,same_ethnicity
965883.2241158709,0.9999978055957176,8of8,Malay,same_ethnicity
1035321.8432956616,0.9999985311636305,8of8,Malay,same_ethnicity
1109752.496412072,0.9999990216111829,8of8,Malay,same_ethnicity
1189534.0673703207,0.9999993528248631,8of8,Malay,same_ethnicity
1275051.2407130129,0.9999995760597341,8of8,Malay,same_ethnicity
1366716.3564620046,0.9999997258638776,8of8,Malay,same_ethnicity
1464971.3983072848,0.9999998256118167,8of8,Malay,same_ethnicity
1570290.1247293775,0.9999998912446214,8of8,Malay,same_ethnicity
1683180.353330955,0.9999999337333879,8of8,Malay,same_ethnicity
1804186.409392072,0.99999996067831,8of8,Malay,same_ethnicity
1933891.750455232,0.9999999773482956,8of8,Malay,same_ethnicity
2072921.77959537,0.9999999873707389,8of8,Malay,same_ethnicity
2221946.8609395237,0.9999999932055271,8of8,Malay,same_ethnicity
2381685.5519761606,0.9999999964834589,8of8,Malay,same_ethnicity
2552908.0682395166,0.9999999982545713,8of8,Malay,same_ethnicity
2736439.9970746664,0.9999999991718689,8of8,Malay,same_ethnicity
2933166.2783900425,0.9999999996257078,8of8,Malay,same_ethnicity
3144035.4715915,0.9999999998394375,8of8,Malay,same_ethnicity
3370064.3292719247,0.9999999999348829,8of8,Malay,same_ethnicity
3612342.6997094303,0.9999999999751379,8of8,Malay,same_ethnicity
3872038.781812557,0.9999999999911037,8of8,Malay,same_ethnicity
4150404.7578504723,0.999999999997031,8of8,Malay,same_ethnicity
4448782.831127585,0.9999999999990808,8of8,Malay,same_ethnicity
4768611.697714474,0.9999999999997375,8of8,Malay,same_ethnicity
5111433.483440165,0.9999999999999315,8of8,Malay,same_ethnicity
5478901.179593934,0.9999999999999839,8of8,Malay,same_ethnicity
5872786.613189477,0.9999999999999968,8of8,Malay,same_ethnicity
6294988.990221888,0.9999999999999997,8of8,Malay,same_ethnicity
6747544.053110686,1.0,8of8,Malay,same_ethnicity
7232633.896483534,1.0,8of8,Malay,same_ethnicity
7752597.488629464,1.0,8of8,Malay,same_ethnicity
8309941.949353387,1.0,8of8,Malay,same_ethnicity
8907354.63861044,1.0,8of8,Malay,same_ethnicity
9547716.114208067,1.0,8of8,Malay,same_ethnicity
10234114.021054527,1.0,8of8,Malay,same_ethnicity
10969857.97892384,1.0,8of8,Malay,same_ethnicity
11758495.540521558,1.0,8of8,Malay,same_ethnicity
12603829.296797274,1.0,8of8,Malay,same_ethnicity
13509935.211980252,1.0,8of8,Malay,same_ethnicity
14481182.27674533,1.0,8of8,Malay,same_ethnicity
15522253.57427048,1.0,8of8,Malay,same_ethnicity
16638168.860761274,1.0,8of8,Malay,same_ethnicity
17834308.769319095,1.0,8of8,Malay,same_ethnicity
19116440.753856998,1.0,8of8,Malay,same_ethnicity
20490746.89815846,1.0,8of8,Malay,same_ethnicity
21963853.72416547,1.0,8of8,Malay,same_ethnicity
23542864.143224154,1.0,8of8,Malay,same_ethnicity
25235391.70434766,1.0,8of8,Malay,same_ethnicity
27049597.304631315,1.0,8of8,Malay,same_ethnicity
28994228.538828753,1.0,8of8,Malay,same_ethnicity
31078661.877820138,1.0,8of8,Malay,same_ethnicity
33312947.879346702,1.0,8of8,Malay,same_ethnicity
35707859.64900462,1.0,8of8,Malay,same_ethnicity
38274944.785163075,1.0,8of8,Malay,same_ethnicity
41026581.0582719,1.0,8of8,Malay,same_ethnicity
43976036.09302721,1.0,8of8,Malay,same_ethnicity
47137531.34116719,1.0,8of8,Malay,same_ethnicity
50526310.6533568,1.0,8of8,Malay,same_ethnicity
54158713.78079465,1.0,8of8,Malay,same_ethnicity
58052255.160948955,1.0,8of8,Malay,same_ethnicity
62225708.36730231,1.0,8of8,Malay,same_ethnicity
66699196.63030115,1.0,8of8,Malay,same_ethnicity
71494289.86597577,1.0,8of8,Malay,same_ethnicity
76634108.68007447,1.0,8of8,Malay,same_ethnicity
82143435.84919421,1.0,8of8,Malay,same_ethnicity
88048835.81643465,1.0,8of8,Malay,same_ethnicity
94378782.77775371,1.0,8of8,Malay,same_ethnicity
101163797.9766207,1.0,8of8,Malay,same_ethnicity
108436596.86896087,1.0,8of8,Malay,same_ethnicity
116232246.86798495,1.0,8of8,Malay,same_ethnicity
124588336.42950082,1.0,8of8,Malay,same_ethnicity
133545156.29298975,1.0,8of8,Malay,same_ethnicity
143145893.75234815,1.0,8of8,Malay,same_ethnicity
153436840.89300132,1.0,8of8,Malay,same_ethnicity
164467617.79946628,1.0,8of8,Malay,same_ethnicity
176291411.80959442,1.0,8of8,Malay,same_ethnicity
188965233.96912038,1.0,8of8,Malay,same_ethnicity
202550193.92306665,1.0,8of8,Malay,same_ethnicity
217111794.56945008,1.0,8of8,Malay,same_ethnicity
232720247.8960412,1.0,8of8,Malay,same_ethnicity
249450813.52303165,1.0,8of8,Malay,same_ethnicity
267384161.5839944,1.0,8of8,Malay,same_ethnicity
286606761.69482446,1.0,8of8,Malay,same_ethnicity
307211299.8861747,1.0,8of8,Malay,same_ethnicity
329297125.5097148,1.0,8of8,Malay,same_ethnicity
352970730.27306575,1.0,8of8,Malay,same_ethnicity
378346261.7131933,1.0,8of8,Malay,same_ethnicity
405546073.5840828,1.0,8of8,Malay,same_ethnicity
434701315.8125017,1.0,8of8,Malay,same_ethnicity
465952566.86646676,1.0,8of8,Malay,same_ethnicity
499450511.585514,1.0,8of8,Malay,same_ethnicity
535356667.7410719,1.0,8of8,Malay,same_ethnicity
573844164.8302405,1.0,8of8,Malay,same_ethnicity
615098578.8580505,1.0,8of8,Malay,same_ethnicity
659318827.1333542,1.0,8of8,Malay,same_ethnicity
706718127.3927476,1.0,8of8,Malay,same_ethnicity
757525025.8771889,1.0,8of8,Malay,same_ethnicity
811984499.3184009,1.0,8of8,Malay,same_ethnicity
870359136.1485183,1.0,8of8,Malay,same_ethnicity
932930402.6284696,1.0,8of8,Malay,same_ethnicity
1000000000.0,1.0,8of8,Malay,same_ethnicity
1000.0,0.11305530894424637,8of8,Malay,cross_ethnic
1071.8913192051275,0.11812948454940363,8of8,Malay,cross_ethnic
1148.9510001873086,0.12336266599223612,8of8,Malay,cross_ethnic
1231.550603292826,0.12875586224708532,8of8,Malay,cross_ethnic
1320.088400831418,0.13430994347967085,8of8,Malay,cross_ethnic
1414.991297434576,0.14002565847603232,8of8,Malay,cross_ethnic
1516.7168884709226,0.14590364950006093,8of8,Malay,cross_ethnic
1625.7556664437934,0.1519444630457642,8of8,Malay,cross_ethnic
1742.6333860096508,0.15814855521187005,8of8,Malay,cross_ethnic
1867.9135990207828,0.1645162907728179,8of8,Malay,cross_ethnic
2002.2003718155845,0.17104793545559627,8of8,Malay,cross_ethnic
2146.1411978584038,0.17774364146041652,8of8,Malay,cross_ethnic
2300.430119772917,0.184603426874009,8of8,Malay,cross_ethnic
2465.811075822604,0.19162715027677366,8of8,Malay,cross_ethnic
2643.0814869741057,0.19881448246218428,8of8,Malay,cross_ethnic
2833.096101839324,0.2061648776625986,8of8,Malay,cross_ethnic
3036.771118035457,0.2136775468964756,8of8,Malay,cross_ethnic
3255.0885998350564,0.22135143592887796,8of8,Malay,cross_ethnic
3489.1012134067737,0.22918520983734975,8of8,Malay,cross_ethnic
3739.937302478798,0.23717724534362036,8of8,Malay,cross_ethnic
4008.8063288984645,0.24532563103146016,8of8,Malay,cross_ethnic
4297.00470432084,0.2536281745021366,8of8,Malay,cross_ethnic
4605.922041145103,0.2620824146162543,8of8,Malay,cross_ethnic
4937.047852839004,0.27068563639544513,8of8,Malay,cross_ethnic
5291.978735958442,0.2794348859950578,8of8,Malay,cross_ethnic
5672.426068491977,0.2883269833992501,8of8,Malay,cross_ethnic
6080.224261649421,0.2973585310344768,8of8,Malay,cross_ethnic
6517.339604882421,0.30652591719559374,8of8,Malay,cross_ethnic
6985.879746785249,0.31582531387791657,8of8,Malay,cross_ethnic
7488.103857590023,0.3252526692019682,8of8,Malay,cross_ethnic
8026.4335222571735,0.33480369507286056,8of8,Malay,cross_ethnic
8603.464416684501,0.3444738510723207,8of8,Malay,cross_ethnic
9221.978823334322,0.3542583259165253,8of8,Malay,cross_ethnic
9884.959046625587,0.36415201819499526,8of8,Malay,cross_ethnic
10595.601792776148,0.3741495185458192,8of8,Malay,cross_ethnic
11357.333583431051,0.3842450958504962,8of8,Malay,cross_ethnic
12173.82727739662,0.3944326903069842,8of8,Malay,cross_ethnic
13049.019780144015,0.40470591619331037,8of8,Malay,cross_ethnic
13987.131026472387,0.41505807663095134,8of8,Malay,cross_ethnic
14992.684327860472,0.425482191654185,8of8,Malay,cross_ethnic
16070.528182616385,0.4359710394731007,8of8,Malay,cross_ethnic
17225.859653987874,0.4465172091924008,8of8,Malay,cross_ethnic
18464.249428955427,0.4571131617048719,8of8,Malay,cross_ethnic
19791.668678535574,0.4677512943155798,8of8,Malay,cross_ethnic
21214.517849106276,0.47842400409805086,8of8,Malay,cross_ethnic
22739.657523579273,0.48912374513296764,8of8,Malay,cross_ethnic
24374.441501222216,0.49984307557441926,8of8,Malay,cross_ethnic
26126.752255633266,0.510574691738418,8of8,Malay,cross_ethnic
28005.03894183631,0.5213114478527703,8of8,Malay,cross_ethnic
30018.35813575592,0.5320463614933209,8of8,Malay,cross_ethnic
32176.417502507353,0.5427726058792771,8of8,Malay,cross_ethnic
34489.6226040576,0.5534834910361999,8of8,Malay,cross_ethnic
36969.12707195024,0.564172436382932,8of8,Malay,cross_ethnic
39626.88638701478,0.5748329376367458,8of8,Malay,cross_ethnic
42475.71552536894,0.585458531137677,8of8,Malay,cross_ethnic
45529.35074866948,0.5960427588031179,8of8,Malay,cross_ethnic
48802.515836544335,0.6065791369119802,8of8,Malay,cross_ethnic
52310.993080562585,0.6170611317146447,8of8,Malay,cross_ethnic
56071.69938205458,0.6274821443942158,8of8,Malay,cross_ethnic
60102.76782070388,0.6378355071272438,8of8,Malay,cross_ethnic
64423.635087213705,0.6481144909386919,8of8,Malay,cross_ethnic
69055.13520162331,0.6583123248272479,8of8,Malay,cross_ethnic
74019.59996915638,0.668422224428697,8of8,Malay,cross_ethnic
79340.96665797492,0.6784374274913169,8of8,Malay,cross_ethnic
85044.89341802668,0.6883512328437894,8of8,Malay,cross_ethnic
91158.88299750819,0.6981570394638915,8of8,Malay,cross_ethnic
97712.41535346501,0.7078483827264568,8of8,Malay,cross_ethnic
104737.08979594486,0.7174189658299909,8of8,Malay,cross_ethnic
112266.77735108136,0.7268626855800022,8of8,Malay,cross_ethnic
120337.78407775905,0.7361736528884956,8of8,Malay,cross_ethnic
128989.02612533081,0.7453462092750891,8of8,Malay,cross_ethnic
138262.21737646536,0.7543749411309429,8of8,Malay,cross_ethnic
148202.070579886,0.7632546934554504,8of8,Malay,cross_ethnic
158856.51294280528,0.7719805842633519,8of8,Malay,cross_ethnic
170276.91722258978,0.7805480200772162,8of8,Malay,cross_ethnic
182518.34943190424,0.7889527121236868,8of8,Malay,cross_ethnic
195639.8343517065,0.7971906922818955,8of8,Malay,cross_ethnic
209704.64013232305,0.8052583276354971,8of8,Malay,cross_ethnic
224780.58335487253,0.8131523326651618,8of8,Malay,cross_ethnic
240940.35602395269,0.8208697785648806,8of8,Malay,cross_ethnic
258261.87606826748,0.828408099675723,8of8,Malay,cross_ethnic
276828.6630392061,0.8357650974099609,8of8,Malay,cross_ethnic
296730.24081888725,0.8429389421657398,8of8,Malay,cross_ethnic
318062.5692794119,0.8499281735969431,8of8,Malay,cross_ethnic
340928.50697468076,0.8567316992945714,8of8,Malay,cross_ethnic
365438.30709572544,0.8633487915989934,8of8,Malay,cross_ethnic
391710.1490809261,0.8697790820339393,8of8,Malay,cross_ethnic
419870.70844439056,0.876022552812966,8of8,Malay,cross_ethnic
450055.76757004973,0.8820795250187098,8of8,Malay,cross_ethnic
482410.8704165374,0.8879506433293701,8of8,Malay,cross_ethnic
517092.0242896755,0.893636857468975,8of8,Malay,cross_ethnic
554266.4520663096,0.8991394008018345,8of8,Malay,cross_ethnic
594113.3984965039,0.9044597666321751,8of8,Malay,cross_ethnic
636824.9944718586,0.9095996828124647,8of8,Malay,cross_ethnic
682607.1834272379,0.9145610852507422,8of8,Malay,cross_ethnic
731680.7143427192,0.9193460908904703,8of8,Malay,cross_ethnic
784282.2061337682,0.9239569707500355,8of8,Malay,cross_ethnic
840665.2885618317,0.9283961236528901,8of8,Malay,cross_ethnic
901101.8251665018,0.9326660513221207,8of8,Malay,cross_ethnic
965883.2241158709,0.9367693355111228,8of8,Malay,cross_ethnic
1035321.8432956616,0.9407086177639253,8of8,Malay,cross_ethnic
1109752.496412072,0.944486582244493,8of8,Malay,cross_ethnic
1189534.0673703207,0.9481059418779068,8of8,Malay,cross_ethnic
1275051.2407130129,0.9515694278616192,8of8,Malay,cross_ethnic
1366716.3564620046,0.9548797824823348,8of8,Malay,cross_ethnic
1464971.3983072848,0.958039755138403,8of8,Malay,cross_ethnic
1570290.1247293775,0.9610521015077276,8of8,Malay,cross_ethnic
1683180.353330955,0.9639195858745051,8of8,Malay,cross_ethnic
1804186.409392072,0.9666449866772774,8of8,Malay,cross_ethnic
1933891.750455232,0.9692311053144425,8of8,Malay,cross_ethnic
2072921.77959537,0.9716807781131007,8of8,Malay,cross_ethnic
2221946.8609395237,0.9739968911349706,8of8,Malay,cross_ethnic
2381685.5519761606,0.9761823971902843,8of8,Malay,cross_ethnic
2552908.0682395166,0.9782403341088406,8of8,Malay,cross_ethnic
2736439.9970746664,0.9801738430379949,8of8,Malay,cross_ethnic
2933166.2783900425,0.981986185359493,8of8,Malay,cross_ethnic
3144035.4715915,0.9836807567871467,8of8,Malay,cross_ethnic
3370064.3292719247,0.9852610973500994,8of8,Malay,cross_ethnic
3612342.6997094303,0.986730896277662,8of8,Malay,cross_ethnic
3872038.781812557,0.9880939912457395,8of8,Malay,cross_ethnic
4150404.7578504723,0.9893543619577999,8of8,Malay,cross_ethnic
4448782.831127585,0.9905161185339071,8of8,Malay,cross_ethnic
4768611.697714474,0.9915834855881127,8of8,Malay,cross_ethnic
5111433.483440165,0.9925607831252217,8of8,Malay,cross_ethnic
5478901.179593934,0.9934524054552937,8of8,Malay,cross_ethnic
5872786.613189477,0.9942627992222133,8of8,Malay,cross_ethnic
6294988.990221888,0.9949964414205458,8of8,Malay,cross_ethnic
6747544.053110686,0.9956578180008648,8of8,Malay,cross_ethnic
7232633.896483534,0.9962514034032467,8of8,Malay,cross_ethnic
7752597.488629464,0.9967816411560814,8of8,Malay,cross_ethnic
8309941.949353387,0.9972529255470245,8of8,Malay,cross_ethnic
8907354.63861044,0.997669584302203,8of8,Malay,cross_ethnic
9547716.114208067,0.9980358621718697,8of8,Malay,cross_ethnic
10234114.021054527,0.9983559052909362,8of8,Malay,cross_ethnic
10969857.97892384,0.998633746151251,8of8,Malay,cross_ethnic
11758495.540521558,0.998873288997885,8of8,Malay,cross_ethnic
12603829.296797274,0.9990782954658424,8of8,Malay,cross_ethnic
13509935.211980252,0.9992523703292661,8of8,Malay,cross_ethnic
14481182.27674533,0.9993989473532093,8of8,Malay,cross_ethnic
15522253.57427048,0.9995212754092816,8of8,Malay,cross_ethnic
16638168.860761274,0.9996224052118735,8of8,Malay,cross_ethnic
17834308.769319095,0.9997051772100505,8of8,Malay,cross_ethnic
19116440.753856998,0.9997722112907259,8of8,Malay,cross_ethnic
20490746.89815846,0.999825898982854,8of8,Malay,cross_ethnic
21963853.72416547,0.9998683987912917,8of8,Malay,cross_ethnic
23542864.143224154,0.9999016351439476,8of8,Malay,cross_ethnic
25235391.70434766,0.9999273012324408,8of8,Malay,cross_ethnic
27049597.304631315,0.9999468657957258,8of8,Malay,cross_ethnic
28994228.538828753,0.9999615836659469,8of8,Malay,cross_ethnic
31078661.877820138,0.9999725096863638,8of8,Malay,cross_ethnic
33312947.879346702,0.9999805154345291,8of8,Malay,cross_ethnic
35707859.64900462,0.9999863080468001,8of8,Malay,cross_ethnic
38274944.785163075,0.9999904503479984,8of8,Malay,cross_ethnic
41026581.0582719,0.9999933814485581,8of8,Malay,cross_ethnic
43976036.09302721,0.9999954369868201,8of8,Malay,cross_ethnic
47137531.34116719,0.9999968682693613,8of8,Malay,cross_ethnic
50526310.6533568,0.9999978596940142,8of8,Malay,cross_ethnic
54158713.78079465,0.9999985440164485,8of8,Malay,cross_ethnic
58052255.160948955,0.9999990152215834,8of8,Malay,cross_ethnic
62225708.36730231,0.999999338960629,8of8,Malay,cross_ethnic
66699196.63030115,0.9999995606886302,8of8,Malay,cross_ethnic
71494289.86597577,0.9999997117671342,8of8,Malay,cross_ethnic
76634108.68007447,0.9999998138725184,8of8,Malay,cross_ethnic
82143435.84919421,0.9999998820733781,8of8,Malay,cross_ethnic
88048835.81643465,0.9999999269196138,8of8,Malay,cross_ethnic
94378782.77775371,0.9999999558359682,8of8,Malay,cross_ethnic
101163797.9766207,0.9999999740493583,8of8,Malay,cross_ethnic
108436596.86896087,0.9999999852156588,8of8,Malay,cross_ethnic
116232246.86798495,0.9999999918566302,8of8,Malay,cross_ethnic
124588336.42950082,0.9999999956757,8of8,Malay,cross_ethnic
133545156.29298975,0.9999999977926998,8of8,Malay,cross_ethnic
143145893.75234815,0.9999999989202931,8of8,Malay,cross_ethnic
153436840.89300132,0.999999999495531,8of8,Malay,cross_ethnic
164467617.79946628,0.9999999997756449,8of8,Malay,cross_ethnic
176291411.80959442,0.9999999999053791,8of8,Malay,cross_ethnic
188965233.96912038,0.9999999999623086,8of8,Malay,cross_ethnic
202550193.92306665,0.9999999999858805,8of8,Malay,cross_ethnic
217111794.56945008,0.999999999995049,8of8,Malay,cross_ethnic
232720247.8960412,0.9999999999983832,8of8,Malay,cross_ethnic
249450813.52303165,0.999999999999511,8of8,Malay,cross_ethnic
267384161.5839944,0.9999999999998639,8of8,Malay,cross_ethnic
286606761.69482446,0.9999999999999656,8of8,Malay,cross_ethnic
307211299.8861747,0.9999999999999922,8of8,Malay,cross_ethnic
329297125.5097148,0.9999999999999987,8of8,Malay,cross_ethnic
352970730.27306575,1.0,8of8,Malay,cross_ethnic
378346261.7131933,1.0,8of8,Malay,cross_ethnic
405546073.5840828,1.0,8of8,Malay,cross_ethnic
434701315.8125017,1.0,8of8,Malay,cross_ethnic
465952566.86646676,1.0,8of8,Malay,cross_ethnic
499450511.585514,1.0,8of8,Malay,cross_ethnic
535356667.7410719,1.0,8of8,Malay,cross_ethnic
573844164.8302405,1.0,8of8,Malay,cross_ethnic
615098578.8580505,1.0,8of8,Malay,cross_ethnic
659318827.1333542,1.0,8of8,Malay,cross_ethnic
706718127.3927476,1.0,8of8,Malay,cross_ethnic
757525025.8771889,1.0,8of8,Malay,cross_ethnic
811984499.3184009,1.0,8of8,Malay,cross_ethnic
870359136.1485183,1.0,8of8,Malay,cross_ethnic
932930402.6284696,1.0,8of8,Malay,cross_ethnic
1000000000.0,1.0,8of8,Malay,cross_ethnic
1000.0,0.3236033429040039,8of8,Indian,same_ethnicity
1071.8913192051275,0.3355075504023861,8of8,Indian,same_ethnicity
1148.9510001873086,0.34762189297763507,8of8,Indian,same_ethnicity
1231.550603292826,0.3599364278060861,8of8,Indian,same_ethnicity
1320.088400831418,0.37244040810539225,8of8,Indian,same_ethnicity
1414.991297434576,0.38512234126835043,8of8,Indian,same_ethnicity
1516.7168884709226,0.3979700517998531,8of8,Indian,same_ethnicity
1625.7556664437934,0.4109707486946854,8of8,Indian,same_ethnicity
1742.6333860096508,0.42411109695623683,8of8,Indian,same_ethnicity
1867.9135990207828,0.43737729280752147,8of8,Indian,same_ethnicity
2002.2003718155845,0.45075514189298643,8of8,Indian,same_ethnicity
2146.1411978584038,0.4642301395388485,8of8,Indian,same_ethnicity
2300.430119772917,0.47778755202802387,8of8,Indian,same_ethnicity
2465.811075822604,0.4914124978821364,8of8,Indian,same_ethnicity
2643.0814869741057,0.5050900282767246,8of8,Indian,same_ethnicity
2833.096101839324,0.5188052058358827,8of8,Indian,same_ethnicity
3036.771118035457,0.5325431810349048,8of8,Indian,same_ethnicity
3255.0885998350564,0.5462892652011372,8of8,Indian,same_ethnicity
3489.1012134067737,0.5600289986442593,8of8,Indian,same_ethnicity
3739.937302478798,0.5737482118621285,8of8,Indian,same_ethnicity
4008.8063288984645,0.5874330772222977,8of8,Indian,same_ethnicity
4297.00470432084,0.6010701481990657,8of8,Indian,same_ethnicity
4605.922041145103,0.6146463833036995,8of8,Indian,same_ethnicity
4937.047852839004,0.6281491523562464,8of8,Indian,same_ethnicity
5291.978735958442,0.6415662236915198,8of8,Indian,same_ethnicity
5672.426068491977,0.6548857321650855,8of8,Indian,same_ethnicity
6080.224261649421,0.6680961292677955,8of8,Indian,same_ethnicity
6517.339604882421,0.6811861180919645,8of8,Indian,same_ethnicity
6985.879746785249,0.6941445771561797,8of8,Indian,same_ethnicity
7488.103857590023,0.7069604780644415,8of8,Indian,same_ethnicity
8026.4335222571735,0.7196228025712288,8of8,Indian,same_ethnicity
8603.464416684501,0.7321204648139951,8of8,Indian,same_ethnicity
9221.978823334322,0.7444422442599861,8of8,Indian,same_ethnicity
9884.959046625587,0.7565767343203305,8of8,Indian,same_ethnicity
10595.601792776148,0.7685123106534503,8of8,Indian,same_ethnicity
11357.333583431051,0.7802371219721054,8of8,Indian,same_ethnicity
12173.82727739662,0.7917391047680252,8of8,Indian,same_ethnicity
13049.019780144015,0.8030060218897506,8of8,Indian,same_ethnicity
13987.131026472387,0.8140255234966552,8of8,Indian,same_ethnicity
14992.684327860472,0.8247852277229207,8of8,Indian,same_ethnicity
16070.528182616385,0.8352728175623818,8of8,Indian,same_ethnicity
17225.859653987874,0.8454761501204086,8of8,Indian,same_ethnicity
18464.249428955427,0.8553833744819577,8of8,Indian,same_ethnicity
19791.668678535574,0.8649830549300193,8of8,Indian,same_ethnicity
21214.517849106276,0.874264296949034,8of8,Indian,same_ethnicity
22739.657523579273,0.8832168741551807,8of8,Indian,same_ethnicity
24374.441501222216,0.8918313548150374,8of8,Indian,same_ethnicity
26126.752255633266,0.9000992268178444,8of8,Indian,same_ethnicity
28005.03894183631,0.9080130198255281,8of8,Indian,same_ethnicity
30018.35813575592,0.9155664229113097,8of8,Indian,same_ethnicity
32176.417502507353,0.9227543954576859,8of8,Indian,same_ethnicity
34489.6226040576,0.9295732685887967,8of8,Indian,same_ethnicity
36969.12707195024,0.9360208341074243,8of8,Indian,same_ethnicity
39626.88638701478,0.9420964178799075,8of8,Indian,same_ethnicity
42475.71552536894,0.9478009348774494,8of8,Indian,same_ethnicity
45529.35074866948,0.9531369235920907,8of8,Indian,same_ethnicity
48802.515836544335,0.9581085582158667,8of8,Indian,same_ethnicity
52310.993080562585,0.9627216377110349,8of8,Indian,same_ethnicity
56071.69938205458,0.9669835516318627,8of8,Indian,same_ethnicity
60102.76782070388,0.9709032232348253,8of8,Indian,same_ethnicity
64423.635087213705,0.9744910310092456,8of8,Indian,same_ethnicity
69055.13520162331,0.9777587102637786,8of8,Indian,same_ethnicity
74019.59996915638,0.9807192368071718,8of8,Indian,same_ethnicity
79340.96665797492,0.983386695050388,8of8,Indian,same_ethnicity
85044.89341802668,0.9857761330133972,8of8,Indian,same_ethnicity
91158.88299750819,0.9879034067322056,8of8,Indian,same_ethnicity
97712.41535346501,0.9897850164398403,8of8,Indian,same_ethnicity
104737.08979594486,0.9914379366819139,8of8,Indian,same_ethnicity
112266.77735108136,0.9928794422993783,8of8,Indian,same_ethnicity
120337.78407775905,0.9941269320636755,8of8,Indian,same_ethnicity
128989.02612533081,0.9951977517709771,8of8,Indian,same_ethnicity
138262.21737646536,0.9961090188431739,8of8,Indian,same_ethnicity
148202.070579886,0.9968774509337548,8of8,Indian,same_ethnicity
158856.51294280528,0.9975192016193364,8of8,Indian,same_ethnicity
170276.91722258978,0.9980497068412342,8of8,Indian,same_ethnicity
182518.34943190424,0.9984835461908321,8of8,Indian,same_ethnicity
195639.8343517065,0.9988343232655017,8of8,Indian,same_ethnicity
209704.64013232305,0.9991145690628681,8of8,Indian,same_ethnicity
224780.58335487253,0.9993356717019333,8of8,Indian,same_ethnicity
240940.35602395269,0.9995078347023563,8of8,Indian,same_ethnicity
258261.87606826748,0.9996400647192627,8of8,Indian,same_ethnicity
276828.6630392061,0.9997401881579362,8of8,Indian,same_ethnicity
296730.24081888725,0.999814894629564,8of8,Indian,same_ethnicity
318062.5692794119,0.9998698038938997,8of8,Indian,same_ethnicity
340928.50697468076,0.9999095518793275,8of8,Indian,same_ethnicity
365438.30709572544,0.9999378906534813,8of8,Indian,same_ethnicity
391710.1490809261,0.9999577968804987,8of8,Indian,same_ethnicity
419870.70844439056,0.9999715833515738,8of8,Indian,same_ethnicity
450055.76757004973,0.9999810085889052,8of8,Indian,same_ethnicity
482410.8704165374,0.9999873802454001,8of8,Indian,same_ethnicity
517092.0242896755,0.9999916489745131,8of8,Indian,same_ethnicity
554266.4520663096,0.9999944905285122,8of8,Indian,same_ethnicity
594113.3984965039,0.9999963749518411,8of8,Indian,same_ethnicity
636824.9944718586,0.9999976227641194,8of8,Indian,same_ethnicity
682607.1834272379,0.9999984488854912,8of8,Indian,same_ethnicity
731680.7143427192,0.9999989956839108,8of8,Indian,same_ethnicity
784282.2061337682,0.9999993568933783,8of8,Indian,same_ethnicity
840665.2885618317,0.9999995942745612,8of8,Indian,same_ethnicity
901101.8251665018,0.9999997488062998,8of8,Indian,same_ethnicity
965883.2241158709,0.99999984796964,8of8,Indian,same_ethnicity
1035321.8432956616,0.9999999103830227,8of8,Indian,same_ethnicity
1109752.496412072,0.9999999487290273,8of8,Indian,same_ethnicity
1189534.0673703207,0.9999999716249371,8of8,Indian,same_ethnicity
1275051.2407130129,0.9999999848572347,8of8,Indian,same_ethnicity
1366716.3564620046,0.999999992231754,8of8,Indian,same_ethnicity
1464971.3983072848,0.9999999961811359,8of8,Indian,same_ethnicity
1570290.1247293775,0.9999999982066987,8of8,Indian,same_ethnicity
1683180.353330955,0.9999999991982463,8of8,Indian,same_ethnicity
1804186.409392072,0.9999999996599178,8of8,Indian,same_ethnicity
1933891.750455232,0.9999999998636432,8of8,Indian,same_ethnicity
2072921.77959537,0.9999999999485238,8of8,Indian,same_ethnicity
2221946.8609395237,0.9999999999817805,8of8,Indian,same_ethnicity
2381685.5519761606,0.9999999999939813,8of8,Indian,same_ethnicity
2552908.0682395166,0.9999999999981534,8of8,Indian,same_ethnicity
2736439.9970746664,0.9999999999994765,8of8,Indian,same_ethnicity
2933166.2783900425,0.9999999999998637,8of8,Indian,same_ethnicity
3144035.4715915,0.9999999999999676,8of8,Indian,same_ethnicity
3370064.3292719247,0.999999999999993,8of8,Indian,same_ethnicity
3612342.6997094303,0.9999999999999987,8of8,Indian,same_ethnicity
3872038.781812557,0.9999999999999998,8of8,Indian,same_ethnicity
4150404.7578504723,1.0,8of8,Indian,same_ethnicity
4448782.831127585,1.0,8of8,Indian,same_ethnicity
4768611.697714474,1.0,8of8,Indian,same_ethnicity
5111433.483440165,1.0,8of8,Indian,same_ethnicity
5478901.179593934,1.0,8of8,Indian,same_ethnicity
5872786.613189477,1.0,8of8,Indian,same_ethnicity
6294988.990221888,1.0,8of8,Indian,same_ethnicity
6747544.053110686,1.0,8of8,Indian,same_ethnicity
7232633.896483534,1.0,8of8,Indian,same_ethnicity
7752597.488629464,1.0,8of8,Indian,same_ethnicity
8309941.949353387,1.0,8of8,Indian,same_ethnicity
8907354.63861044,1.0,8of8,Indian,same_ethnicity
9547716.114208067,1.0,8of8,Indian,same_ethnicity
10234114.021054527,1.0,8of8,Indian,same_ethnicity
10969857.97892384,1.0,8of8,Indian,same_ethnicity
11758495.540521558,1.0,8of8,Indian,same_ethnicity
12603829.296797274,1.0,8of8,Indian,same_ethnicity
13509935.211980252,1.0,8of8,Indian,same_ethnicity
14481182.27674533,1.0,8of8,Indian,same_ethnicity
15522253.57427048,1.0,8of8,Indian,same_ethnicity
16638168.860761274,1.0,8of8,Indian,same_ethnicity
17834308.769319095,1.0,8of8,Indian,same_ethnicity
19116440.753856998,1.0,8of8,Indian,same_ethnicity
20490746.89815846,1.0,8of8,Indian,same_ethnicity
21963853.72416547,1.0,8of8,Indian,same_ethnicity
23542864.143224154,1.0,8of8,Indian,same_ethnicity
25235391.70434766,1.0,8of8,Indian,same_ethnicity
27049597.304631315,1.0,8of8,Indian,same_ethnicity
28994228.538828753,1.0,8of8,Indian,same_ethnicity
31078661.877820138,1.0,8of8,Indian,same_ethnicity
33312947.879346702,1.0,8of8,Indian,same_ethnicity
35707859.64900462,1.0,8of8,Indian,same_ethnicity
38274944.785163075,1.0,8of8,Indian,same_ethnicity
41026581.0582719,1.0,8of8,Indian,same_ethnicity
43976036.09302721,1.0,8of8,Indian,same_ethnicity
47137531.34116719,1.0,8of8,Indian,same_ethnicity
50526310.6533568,1.0,8of8,Indian,same_ethnicity
54158713.78079465,1.0,8of8,Indian,same_ethnicity
58052255.160948955,1.0,8of8,Indian,same_ethnicity
62225708.36730231,1.0,8of8,Indian,same_ethnicity
66699196.63030115,1.0,8of8,Indian,same_ethnicity
71494289.86597577,1.0,8of8,Indian,same_ethnicity
76634108.68007447,1.0,8of8,Indian,same_ethnicity
82143435.84919421,1.0,8of8,Indian,same_ethnicity
88048835.81643465,1.0,8of8,Indian,same_ethnicity
94378782.77775371,1.0,8of8,Indian,same_ethnicity
101163797.9766207,1.0,8of8,Indian,same_ethnicity
108436596.86896087,1.0,8of8,Indian,same_ethnicity
116232246.86798495,1.0,8of8,Indian,same_ethnicity
124588336.42950082,1.0,8of8,Indian,same_ethnicity
133545156.29298975,1.0,8of8,Indian,same_ethnicity
143145893.75234815,1.0,8of8,Indian,same_ethnicity
153436840.89300132,1.0,8of8,Indian,same_ethnicity
164467617.79946628,1.0,8of8,Indian,same_ethnicity
176291411.80959442,1.0,8of8,Indian,same_ethnicity
188965233.96912038,1.0,8of8,Indian,same_ethnicity
202550193.92306665,1.0,8of8,Indian,same_ethnicity
217111794.56945008,1.0,8of8,Indian,same_ethnicity
232720247.8960412,1.0,8of8,Indian,same_ethnicity
249450813.52303165,1.0,8of8,Indian,same_ethnicity
267384161.5839944,1.0,8of8,Indian,same_ethnicity
286606761.69482446,1.0,8of8,Indian,same_ethnicity
307211299.8861747,1.0,8of8,Indian,same_ethnicity
329297125.5097148,1.0,8of8,Indian,same_ethnicity
352970730.27306575,1.0,8of8,Indian,same_ethnicity
378346261.7131933,1.0,8of8,Indian,same_ethnicity
405546073.5840828,1.0,8of8,Indian,same_ethnicity
434701315.8125017,1.0,8of8,Indian,same_ethnicity
465952566.86646676,1.0,8of8,Indian,same_ethnicity
499450511.585514,1.0,8of8,Indian,same_ethnicity
535356667.7410719,1.0,8of8,Indian,same_ethnicity
573844164.8302405,1.0,8of8,Indian,same_ethnicity
615098578.8580505,1.0,8of8,Indian,same_ethnicity
659318827.1333542,1.0,8of8,Indian,same_ethnicity
706718127.3927476,1.0,8of8,Indian,same_ethnicity
757525025.8771889,1.0,8of8,Indian,same_ethnicity
811984499.3184009,1.0,8of8,Indian,same_ethnicity
870359136.1485183,1.0,8of8,Indian,same_ethnicity
932930402.6284696,1.0,8of8,Indian,same_ethnicity
1000000000.0,1.0,8of8,Indian,same_ethnicity
1000.0,0.06447158205587622,8of8,Indian,cross_ethnic
1071.8913192051275,0.06729578664677936,8of8,Indian,cross_ethnic
1148.9510001873086,0.07021060049544445,8of8,Indian,cross_ethnic
1231.550603292826,0.07321789101651312,8of8,Indian,cross_ethnic
1320.088400831418,0.07631954410545644,8of8,Indian,cross_ethnic
1414.991297434576,0.07951746191508359,8of8,Indian,cross_ethnic
1516.7168884709226,0.08281355999311583,8of8,Indian,cross_ethnic
1625.7556664437934,0.0862097634133947,8of8,Indian,cross_ethnic
1742.6333860096508,0.08970800142720366,8of8,Indian,cross_ethnic
1867.9135990207828,0.0933102000835488,8of8,Indian,cross_ethnic
2002.2003718155845,0.09701827227027617,8of8,Indian,cross_ethnic
2146.1411978584038,0.10083410476496982,8of8,Indian,cross_ethnic
2300.430119772917,0.10475954219106455,8of8,Indian,cross_ethnic
2465.811075822604,0.10879636824912062,8of8,Indian,cross_ethnic
2643.0814869741057,0.11294628518591343,8of8,Indian,cross_ethnic
2833.096101839324,0.11721089307751967,8of8,Indian,cross_ethnic
3036.771118035457,0.12159167100775391,8of8,Indian,cross_ethnic
3255.0885998350564,0.12608996248730742,8of8,Indian,cross_ethnic
3489.1012134067737,0.13070696737905438,8of8,Indian,cross_ethnic
3739.937302478798,0.1354437421285712,8of8,Indian,cross_ethnic
4008.8063288984645,0.14030120927999665,8of8,Indian,cross_ethnic
4297.00470432084,0.1452801761939222,8of8,Indian,cross_ethnic
4605.922041145103,0.15038136173568303,8of8,Indian,cross_ethnic
4937.047852839004,0.1556054286447556,8of8,Indian,cross_ethnic
5291.978735958442,0.16095301848206137,8of8,Indian,cross_ethnic
5672.426068491977,0.1664247855831977,8of8,Indian,cross_ethnic
6080.224261649421,0.17202142635926654,8of8,Indian,cross_ethnic
6517.339604882421,0.1777437005627542,8of8,Indian,cross_ethnic
6985.879746785249,0.18359244171560296,8of8,Indian,cross_ethnic
7488.103857590023,0.1895685547076702,8of8,Indian,cross_ethnic
8026.4335222571735,0.19567299954682882,8of8,Indian,cross_ethnic
8603.464416684501,0.20190676131647703,8of8,Indian,cross_ethnic
9221.978823334322,0.20827080751411295,8of8,Indian,cross_ethnic
9884.959046625587,0.21476603503761413,8of8,Indian,cross_ethnic
10595.601792776148,0.22139321006482782,8of8,Indian,cross_ethnic
11357.333583431051,0.22815290482605194,8of8,Indian,cross_ethnic
12173.82727739662,0.23504543567731767,8of8,Indian,cross_ethnic
13049.019780144015,0.24207080683921,8of8,Indian,cross_ethnic
13987.131026472387,0.24922866361069648,8of8,Indian,cross_ethnic
14992.684327860472,0.2565182578134963,8of8,Indian,cross_ethnic
16070.528182616385,0.2639384267742211,8of8,Indian,cross_ethnic
17225.859653987874,0.2714875855016564,8of8,Indian,cross_ethnic
18464.249428955427,0.27916373012032575,8of8,Indian,cross_ethnic
19791.668678535574,0.2869644493487111,8of8,Indian,cross_ethnic
21214.517849106276,0.294886940085911,8of8,Indian,cross_ethnic
22739.657523579273,0.30292802311782074,8of8,Indian,cross_ethnic
24374.441501222216,0.3110841555609825,8of8,Indian,cross_ethnic
26126.752255633266,0.31935143778080133,8of8,Indian,cross_ethnic
28005.03894183631,0.3277256139028399,8of8,Indian,cross_ethnic
30018.35813575592,0.33620206639768185,8of8,Indian,cross_ethnic
32176.417502507353,0.34477580631406063,8of8,Indian,cross_ethnic
34489.6226040576,0.35344146140824423,8of8,Indian,cross_ethnic
36969.12707195024,0.3621932646373426,8of8,Indian,cross_ethnic
39626.88638701478,0.37102504532749836,8of8,Indian,cross_ethnic
42475.71552536894,0.37993022494205997,8of8,Indian,cross_ethnic
45529.35074866948,0.38890181892394643,8of8,Indian,cross_ethnic
48802.515836544335,0.3979324457033116,8of8,Indian,cross_ethnic
52310.993080562585,0.40701434371845663,8of8,Indian,cross_ethnic
56071.69938205458,0.41613939719936166,8of8,Indian,cross_ethnic
60102.76782070388,0.4252991714597345,8of8,Indian,cross_ethnic
64423.635087213705,0.4344849584564611,8of8,Indian,cross_ethnic
69055.13520162331,0.4436878333247144,8of8,Indian,cross_ethnic
74019.59996915638,0.45289872242406964,8of8,Indian,cross_ethnic
79340.96665797492,0.4621084831105219,8of8,Indian,cross_ethnic
85044.89341802668,0.47130799498902676,8of8,Indian,cross_ethnic
91158.88299750819,0.4804882618303996,8of8,Indian,cross_ethnic
97712.41535346501,0.4896405226894337,8of8,Indian,cross_ethnic
104737.08979594486,0.49875637006410284,8of8,Indian,cross_ethnic
112266.77735108136,0.5078278722038863,8of8,Indian,cross_ethnic
120337.78407775905,0.5168476959239694,8of8,Indian,cross_ethnic
128989.02612533081,0.5258092255475714,8of8,Indian,cross_ethnic
138262.21737646536,0.5347066729580188,8of8,Indian,cross_ethnic
148202.070579886,0.5435351733198697,8of8,Indian,cross_ethnic
158856.51294280528,0.5522908609794859,8of8,Indian,cross_ethnic
170276.91722258978,0.5609709205259411,8of8,Indian,cross_ethnic
182518.34943190424,0.5695736090670446,8of8,Indian,cross_ethnic
195639.8343517065,0.578098247427532,8of8,Indian,cross_ethnic
209704.64013232305,0.5865451800503855,8of8,Indian,cross_ethnic
224780.58335487253,0.5949157056043523,8of8,Indian,cross_ethnic
240940.35602395269,0.6032119823327164,8of8,Indian,cross_ethnic
258261.87606826748,0.611436913692903,8of8,Indian,cross_ethnic
276828.6630392061,0.61959402059483,8of8,Indian,cross_ethnic
296730.24081888725,0.627687306454209,8of8,Indian,cross_ethnic
318062.5692794119,0.6357211204052785,8of8,Indian,cross_ethnic
340928.50697468076,0.6437000225778238,8of8,Indian,cross_ethnic
365438.30709572544,0.6516286536363417,8of8,Indian,cross_ethnic
391710.1490809261,0.6595116091261967,8of8,Indian,cross_ethnic
419870.70844439056,0.6673533178516752,8of8,Indian,cross_ethnic
450055.76757004973,0.6751579227169231,8of8,Indian,cross_ethnic
482410.8704165374,0.6829291622799136,8of8,Indian,cross_ethnic
517092.0242896755,0.6906702516855551,8of8,Indian,cross_ethnic
554266.4520663096,0.6983837625545886,8of8,Indian,cross_ethnic
594113.3984965039,0.7060715026473403,8of8,Indian,cross_ethnic
636824.9944718586,0.7137343974999224,8of8,Indian,cross_ethnic
682607.1834272379,0.7213723775433947,8of8,Indian,cross_ethnic
731680.7143427192,0.7289842752797911,8of8,Indian,cross_ethnic
784282.2061337682,0.736567737756353,8of8,Indian,cross_ethnic
840665.2885618317,0.7441191597545099,8of8,Indian,cross_ethnic
901101.8251665018,0.7516336427538247,8of8,Indian,cross_ethnic
965883.2241158709,0.7591049838617996,8of8,Indian,cross_ethnic
1035321.8432956616,0.7665256975922176,8of8,Indian,cross_ethnic
1109752.496412072,0.7738870717514837,8of8,Indian,cross_ethnic
1189534.0673703207,0.781179256918733,8of8,Indian,cross_ethnic
1275051.2407130129,0.7883913872695557,8of8,Indian,cross_ethnic
1366716.3564620046,0.7955117289828246,8of8,Indian,cross_ethnic
1464971.3983072848,0.8025278513416838,8of8,Indian,cross_ethnic
1570290.1247293775,0.809426814987966,8of8,Indian,cross_ethnic
1683180.353330955,0.8161953716262619,8of8,Indian,cross_ethnic
1804186.409392072,0.8228201697260942,8of8,Indian,cross_ethnic
1933891.750455232,0.8292879612976672,8of8,Indian,cross_ethnic
2072921.77959537,0.8355858054473717,8of8,Indian,cross_ethnic
2221946.8609395237,0.8417012649960358,8of8,Indian,cross_ethnic
2381685.5519761606,0.8476225928605693,8of8,Indian,cross_ethnic
2552908.0682395166,0.8533389051271472,8of8,Indian,cross_ethnic
2736439.9970746664,0.8588403378248504,8of8,Indian,cross_ethnic
2933166.2783900425,0.8641181844408627,8of8,Indian,cross_ethnic
3144035.4715915,0.8691650113231738,8of8,Indian,cross_ethnic
3370064.3292719247,0.873974748404904,8of8,Indian,cross_ethnic
3612342.6997094303,0.8785427532286942,8of8,Indian,cross_ethnic
3872038.781812557,0.8828658470690183,8of8,Indian,cross_ethnic
4150404.7578504723,0.8869423230060881,8of8,Indian,cross_ethnic
4448782.831127585,0.8907719270081778,8of8,Indian,cross_ethnic
4768611.697714474,0.8943558143056413,8of8,Indian,cross_ethnic
5111433.483440165,0.8976964844509518,8of8,Indian,cross_ethnic
5478901.179593934,0.9007976993229626,8of8,Indian,cross_ethnic
5872786.613189477,0.9036643888449809,8of8,Indian,cross_ethnic
6294988.990221888,0.906302549280873,8of8,Indian,cross_ethnic
6747544.053110686,0.9087191386358852,8of8,Indian,cross_ethnic
7232633.896483534,0.9109219729538869,8of8,Indian,cross_ethnic
7752597.488629464,0.9129196262504058,8of8,Indian,cross_ethnic
8309941.949353387,0.9147213355678016,8of8,Indian,cross_ethnic
8907354.63861044,0.9163369113268611,8of8,Indian,cross_ethnic
9547716.114208067,0.9177766519312439,8of8,Indian,cross_ethnic
10234114.021054527,0.9190512606073249,8of8,Indian,cross_ethnic
10969857.97892384,0.9201717618617796,8of8,Indian,cross_ethnic
11758495.540521558,0.921149414804818,8of8,Indian,cross_ethnic
12603829.296797274,0.9219956209562188,8of8,Indian,cross_ethnic
13509935.211980252,0.9227218249960478,8of8,Indian,cross_ethnic
14481182.27674533,0.923339408144469,8of8,Indian,cross_ethnic
15522253.57427048,0.9238595752967379,8of8,Indian,cross_ethnic
16638168.860761274,0.9242932385018524,8of8,Indian,cross_ethnic
17834308.769319095,0.9246509006484168,8of8,Indian,cross_ethnic
19116440.753856998,0.9249425441249999,8of8,Indian,cross_ethnic
20490746.89815846,0.9251775296238531,8of8,Indian,cross_ethnic
21963853.72416547,0.9253645100973953,8of8,Indian,cross_ethnic
23542864.143224154,0.9255113641748564,8of8,Indian,cross_ethnic
25235391.70434766,0.9256251521899931,8of8,Indian,cross_ethnic
27049597.304631315,0.9257120965002411,8of8,Indian,cross_ethnic
28994228.538828753,0.9257775861631216,8of8,Indian,cross_ethnic
31078661.877820138,0.9258262044531699,8of8,Indian,cross_ethnic
33312947.879346702,0.9258617763124886,8of8,Indian,cross_ethnic
35707859.64900462,0.9258874317575978,8of8,Indian,cross_ethnic
38274944.785163075,0.9259056805970688,8of8,Indian,cross_ethnic
41026581.0582719,0.9259184935804761,8of8,Indian,cross_ethnic
43976036.09302721,0.9259273852818326,8of8,Indian,cross_ethnic
47137531.34116719,0.9259334945592163,8of8,Indian,cross_ethnic
50526310.6533568,0.9259376592344498,8of8,Indian,cross_ethnic
54158713.78079465,0.9259404825924867,8of8,Indian,cross_ethnic
58052255.160948955,0.9259423902965935,8of8,Indian,cross_ethnic
62225708.36730231,0.9259436772497478,8of8,Indian,cross_ethnic
66699196.63030115,0.9259445447231257,8of8,Indian,cross_ethnic
71494289.86597577,0.9259451286654031,8of8,Indian,cross_ethnic
76634108.68007447,0.9259455204793778,8of8,Indian,cross_ethnic
82143435.84919421,0.9259457817127829,8of8,Indian,cross_ethnic
88048835.81643465,0.9259459540906791,8of8,Indian,cross_ethnic
94378782.77775371,0.9259460661664887,8of8,Indian,cross_ethnic
101163797.9766207,0.925946137642687,8of8,Indian,cross_ethnic
108436596.86896087,0.9259461821617576,8of8,Indian,cross_ethnic
116232246.86798495,0.9259462091331228,8of8,Indian,cross_ethnic
124588336.42950082,0.9259462249671695,8of8,Indian,cross_ethnic
133545156.29298975,0.9259462339428878,8of8,Indian,cross_ethnic
143145893.75234815,0.9259462388389545,8of8,Indian,cross_ethnic
153436840.89300132,0.9259462414002098,8of8,Indian,cross_ethnic
164467617.79946628,0.9259462426807333,8of8,Indian,cross_ethnic
176291411.80959442,0.9259462432904045,8of8,Indian,cross_ethnic
188965233.96912038,0.9259462435657878,8of8,Indian,cross_ethnic
202550193.92306665,0.9259462436833237,8of8,Indian,cross_ethnic
217111794.56945008,0.9259462437305227,8of8,Indian,cross_ethnic
232720247.8960412,0.9259462437482741,8of8,Indian,cross_ethnic
249450813.52303165,0.9259462437544961,8of8,Indian,cross_ethnic
267384161.5839944,0.925946243756518,8of8,Indian,cross_ethnic
286606761.69482446,0.9259462437571239,8of8,Indian,cross_ethnic
307211299.8861747,0.9259462437572902,8of8,Indian,cross_ethnic
329297125.5097148,0.9259462437573317,8of8,Indian,cross_ethnic
352970730.27306575,0.9259462437573411,8of8,Indian,cross_ethnic
378346261.7131933,0.925946243757343,8of8,Indian,cross_ethnic
405546073.5840828,0.9259462437573434,8of8,Indian,cross_ethnic
434701315.8125017,0.9259462437573435,8of8,Indian,cross_ethnic
465952566.86646676,0.9259462437573435,8of8,Indian,cross_ethnic
499450511.585514,0.9259462437573435,8of8,Indian,cross_ethnic
535356667.7410719,0.9259462437573435,8of8,Indian,cross_ethnic
573844164.8302405,0.9259462437573435,8of8,Indian,cross_ethnic
615098578.8580505,0.9259462437573435,8of8,Indian,cross_ethnic
659318827.1333542,0.9259462437573435,8of8,Indian,cross_ethnic
706718127.3927476,0.9259462437573435,8of8,Indian,cross_ethnic
757525025.8771889,0.9259462437573435,8of8,Indian,cross_ethnic
811984499.3184009,0.9259462437573435,8of8,Indian,cross_ethnic
870359136.1485183,0.9259462437573435,8of8,Indian,cross_ethnic
932930402.6284696,0.9259462437573435,8of8,Indian,cross_ethnic
1000000000.0,0.9259462437573435,8of8,Indian,cross_ethnic
1000.0,0.3483296042864584,8of8,Others,same_ethnicity
1071.8913192051275,0.36202927400756796,8of8,Others,same_ethnicity
1148.9510001873086,0.3759426254198633,8of8,Others,same_ethnicity
1231.550603292826,0.3900585490234222,8of8,Others,same_ethnicity
1320.088400831418,0.40436540273346255,8of8,Others,same_ethnicity
1414.991297434576,0.41885083715918825,8of8,Others,same_ethnicity
1516.7168884709226,0.4335016074639725,8of8,Others,same_ethnicity
1625.7556664437934,0.4483033853542938,8of8,Others,same_ethnicity
1742.6333860096508,0.46324058561268966,8of8,Others,same_ethnicity
1867.9135990207828,0.4782962213340326,8of8,Others,same_ethnicity
2002.2003718155845,0.493451800654074,8of8,Others,same_ethnicity
2146.1411978584038,0.5086872754010829,8of8,Others,same_ethnicity
2300.430119772917,0.5239810489789635,8of8,Others,same_ethnicity
2465.811075822604,0.5393100471907252,8of8,Others,same_ethnicity
2643.0814869741057,0.5546498519485317,8of8,Others,same_ethnicity
2833.096101839324,0.5699748941966556,8of8,Others,same_ethnicity
3036.771118035457,0.5852586991667885,8of8,Others,same_ethnicity
3255.0885998350564,0.600474174506228,8of8,Others,same_ethnicity
3489.1012134067737,0.6155939300137583,8of8,Others,same_ethnicity
3739.937302478798,0.630590616751082,8of8,Others,same_ethnicity
4008.8063288984645,0.6454372731487794,8of8,Others,same_ethnicity
4297.00470432084,0.6601076662897009,8of8,Others,same_ethnicity
4605.922041145103,0.6745766176529031,8of8,Others,same_ethnicity
4937.047852839004,0.6888203040179692,8of8,Others,same_ethnicity
5291.978735958442,0.7028165257392919,8of8,Others,same_ethnicity
5672.426068491977,0.7165449360187472,8of8,Others,same_ethnicity
6080.224261649421,0.7299872260243335,8of8,Others,same_ethnicity
6517.339604882421,0.7431272617071363,8of8,Others,same_ethnicity
6985.879746785249,0.7559511690351753,8of8,Others,same_ethnicity
7488.103857590023,0.7684473652321384,8of8,Others,same_ethnicity
8026.4335222571735,0.780606534649299,8of8,Others,same_ethnicity
8603.464416684501,0.7924215492569844,8of8,Others,same_ethnicity
9221.978823334322,0.8038873355009918,8of8,Others,same_ethnicity
9884.959046625587,0.8150006914191373,8of8,Others,same_ethnicity
10595.601792776148,0.8257600603410709,8of8,Others,same_ethnicity
11357.333583431051,0.8361652699996629,8of8,Others,same_ethnicity
12173.82727739662,0.8462172482092641,8of8,Others,same_ethnicity
13049.019780144015,0.8559177281490193,8of8,Others,same_ethnicity
13987.131026472387,0.8652689574935615,8of8,Others,same_ethnicity
14992.684327860472,0.874273425985845,8of8,Others,same_ethnicity
16070.528182616385,0.8829336254503459,8of8,Others,same_ethnicity
17225.859653987874,0.8912518546801279,8of8,Others,same_ethnicity
18464.249428955427,0.899230079154279,8of8,Others,same_ethnicity
19791.668678535574,0.9068698522830128,8of8,Others,same_ethnicity
21214.517849106276,0.9141723010417081,8of8,Others,same_ethnicity
22739.657523579273,0.9211381747214218,8of8,Others,same_ethnicity
24374.441501222216,0.9277679514308979,8of8,Others,same_ethnicity
26126.752255633266,0.934061993301045,8of8,Others,same_ethnicity
28005.03894183631,0.9400207384145057,8of8,Others,same_ethnicity
30018.35813575592,0.9456449155817253,8of8,Others,same_ethnicity
32176.417502507353,0.9509357673588124,8of8,Others,same_ethnicity
34489.6226040576,0.955895267149227,8of8,Others,same_ethnicity
36969.12707195024,0.9605263177028568,8of8,Others,same_ethnicity
39626.88638701478,0.9648329205616586,8of8,Others,same_ethnicity
42475.71552536894,0.9688203086816322,8of8,Others,same_ethnicity
45529.35074866948,0.972495037268675,8of8,Others,same_ethnicity
48802.515836544335,0.9758650305344165,8of8,Others,same_ethnicity
52310.993080562585,0.9789395844222222,8of8,Others,same_ethnicity
56071.69938205458,0.9817293272745953,8of8,Others,same_ethnicity
60102.76782070388,0.9842461418856251,8of8,Others,same_ethnicity
64423.635087213705,0.9865030534296911,8of8,Others,same_ethnicity
69055.13520162331,0.9885140884304191,8of8,Others,same_ethnicity
74019.59996915638,0.9902941102927229,8of8,Others,same_ethnicity
79340.96665797492,0.9918586370304818,8of8,Others,same_ethnicity
85044.89341802668,0.993223646750252,8of8,Others,same_ethnicity
91158.88299750819,0.9944053762656953,8of8,Others,same_ethnicity
97712.41535346501,0.9954201179818365,8of8,Others,same_ethnicity
104737.08979594486,0.9962840199521303,8of8,Others,same_ethnicity
112266.77735108136,0.9970128937982254,8of8,Others,same_ethnicity
120337.78407775905,0.997622034982458,8of8,Others,same_ethnicity
128989.02612533081,0.9981260596939121,8of8,Others,same_ethnicity
138262.21737646536,0.9985387622853369,8of8,Others,same_ethnicity
148202.070579886,0.998872996711923,8of8,Others,same_ethnicity
158856.51294280528,0.9991405847244452,8of8,Others,same_ethnicity
170276.91722258978,0.9993522526470915,8of8,Others,same_ethnicity
182518.34943190424,0.9995175974601094,8of8,Others,same_ethnicity
195639.8343517065,0.9996450816883603,8of8,Others,same_ethnicity
209704.64013232305,0.9997420553755527,8of8,Others,same_ethnicity
224780.58335487253,0.9998148023115474,8of8,Others,same_ethnicity
240940.35602395269,0.9998686067705466,8of8,Others,same_ethnicity
258261.87606826748,0.9999078363731191,8of8,Others,same_ethnicity
276828.6630392061,0.999936036331099,8of8,Others,same_ethnicity
296730.24081888725,0.9999560302677929,8of8,Others,same_ethnicity
318062.5692794119,0.9999700230035813,8of8,Others,same_ethnicity
340928.50697468076,0.999979701125911,8of8,Others,same_ethnicity
365438.30709572544,0.9999863277845625,8of8,Others,same_ethnicity
391710.1490809261,0.9999908289236812,8of8,Others,same_ethnicity
419870.70844439056,0.9999938690278882,8of8,Others,same_ethnicity
450055.76757004973,0.9999959153565505,8of8,Others,same_ethnicity
482410.8704165374,0.9999972904957463,8of8,Others,same_ethnicity
517092.0242896755,0.9999982138001143,8of8,Others,same_ethnicity
554266.4520663096,0.9999988328673813,8of8,Others,same_ethnicity
594113.3984965039,0.9999992465513929,8of8,Others,same_ethnicity
636824.9944718586,0.9999995211696153,8of8,Others,same_ethnicity
682607.1834272379,0.9999997015230668,8of8,Others,same_ethnicity
731680.7143427192,0.9999998181680392,8of8,Others,same_ethnicity
784282.2061337682,0.9999998921183094,8of8,Others,same_ethnicity
840665.2885618317,0.9999999378706519,8of8,Others,same_ethnicity
901101.8251665018,0.9999999653802023,8of8,Others,same_ethnicity
965883.2241158709,0.9999999813933363,8of8,Others,same_ethnicity
1035321.8432956616,0.9999999903845664,8of8,Others,same_ethnicity
1109752.496412072,0.9999999952374433,8of8,Others,same_ethnicity
1189534.0673703207,0.9999999977465635,8of8,Others,same_ethnicity
1275051.2407130129,0.9999999989849836,8of8,Others,same_ethnicity
1366716.3564620046,0.9999999995663711,8of8,Others,same_ethnicity
1464971.3983072848,0.9999999998249889,8of8,Others,same_ethnicity
1570290.1247293775,0.9999999999335529,8of8,Others,same_ethnicity
1683180.353330955,0.9999999999763749,8of8,Others,same_ethnicity
1804186.409392072,0.9999999999921723,8of8,Others,same_ethnicity
1933891.750455232,0.9999999999975957,8of8,Others,same_ethnicity
2072921.77959537,0.9999999999993192,8of8,Others,same_ethnicity
2221946.8609395237,0.9999999999998233,8of8,Others,same_ethnicity
2381685.5519761606,0.9999999999999581,8of8,Others,same_ethnicity
2552908.0682395166,0.9999999999999909,8of8,Others,same_ethnicity
2736439.9970746664,0.9999999999999981,8of8,Others,same_ethnicity
2933166.2783900425,0.9999999999999996,8of8,Others,same_ethnicity
3144035.4715915,0.9999999999999998,8of8,Others,same_ethnicity
3370064.3292719247,0.9999999999999998,8of8,Others,same_ethnicity
3612342.6997094303,0.9999999999999998,8of8,Others,same_ethnicity
3872038.781812557,0.9999999999999998,8of8,Others,same_ethnicity
4150404.7578504723,0.9999999999999998,8of8,Others,same_ethnicity
4448782.831127585,0.9999999999999998,8of8,Others,same_ethnicity
4768611.697714474,0.9999999999999998,8of8,Others,same_ethnicity
5111433.483440165,0.9999999999999998,8of8,Others,same_ethnicity
5478901.179593934,0.9999999999999998,8of8,Others,same_ethnicity
5872786.613189477,0.9999999999999998,8of8,Others,same_ethnicity
6294988.990221888,0.9999999999999998,8of8,Others,same_ethnicity
6747544.053110686,0.9999999999999998,8of8,Others,same_ethnicity
7232633.896483534,0.9999999999999998,8of8,Others,same_ethnicity
7752597.488629464,0.9999999999999998,8of8,Others,same_ethnicity
8309941.949353387,0.9999999999999998,8of8,Others,same_ethnicity
8907354.63861044,0.9999999999999998,8of8,Others,same_ethnicity
9547716.114208067,0.9999999999999998,8of8,Others,same_ethnicity
10234114.021054527,0.9999999999999998,8of8,Others,same_ethnicity
10969857.97892384,0.9999999999999998,8of8,Others,same_ethnicity
11758495.540521558,0.9999999999999998,8of8,Others,same_ethnicity
12603829.296797274,0.9999999999999998,8of8,Others,same_ethnicity
13509935.211980252,0.9999999999999998,8of8,Others,same_ethnicity
14481182.27674533,0.9999999999999998,8of8,Others,same_ethnicity
15522253.57427048,0.9999999999999998,8of8,Others,same_ethnicity
16638168.860761274,0.9999999999999998,8of8,Others,same_ethnicity
17834308.769319095,0.9999999999999998,8of8,Others,same_ethnicity
19116440.753856998,0.9999999999999998,8of8,Others,same_ethnicity
20490746.89815846,0.9999999999999998,8of8,Others,same_ethnicity
21963853.72416547,0.9999999999999998,8of8,Others,same_ethnicity
23542864.143224154,0.9999999999999998,8of8,Others,same_ethnicity
25235391.70434766,0.9999999999999998,8of8,Others,same_ethnicity
27049597.304631315,0.9999999999999998,8of8,Others,same_ethnicity
28994228.538828753,0.9999999999999998,8of8,Others,same_ethnicity
31078661.877820138,0.9999999999999998,8of8,Others,same_ethnicity
33312947.879346702,0.9999999999999998,8of8,Others,same_ethnicity
35707859.64900462,0.9999999999999998,8of8,Others,same_ethnicity
38274944.785163075,0.9999999999999998,8of8,Others,same_ethnicity
41026581.0582719,0.9999999999999998,8of8,Others,same_ethnicity
43976036.09302721,0.9999999999999998,8of8,Others,same_ethnicity
47137531.34116719,0.9999999999999998,8of8,Others,same_ethnicity
50526310.6533568,0.9999999999999998,8of8,Others,same_ethnicity
54158713.78079465,0.9999999999999998,8of8,Others,same_ethnicity
58052255.160948955,0.9999999999999998,8of8,Others,same_ethnicity
62225708.36730231,0.9999999999999998,8of8,Others,same_ethnicity
66699196.63030115,0.9999999999999998,8of8,Others,same_ethnicity
71494289.86597577,0.9999999999999998,8of8,Others,same_ethnicity
76634108.68007447,0.9999999999999998,8of8,Others,same_ethnicity
82143435.84919421,0.9999999999999998,8of8,Others,same_ethnicity
88048835.81643465,0.9999999999999998,8of8,Others,same_ethnicity
94378782.77775371,0.9999999999999998,8of8,Others,same_ethnicity
101163797.9766207,0.9999999999999998,8of8,Others,same_ethnicity
108436596.86896087,0.9999999999999998,8of8,Others,same_ethnicity
116232246.86798495,0.9999999999999998,8of8,Others,same_ethnicity
124588336.42950082,0.9999999999999998,8of8,Others,same_ethnicity
133545156.29298975,0.9999999999999998,8of8,Others,same_ethnicity
143145893.75234815,0.9999999999999998,8of8,Others,same_ethnicity
153436840.89300132,0.9999999999999998,8of8,Others,same_ethnicity
164467617.79946628,0.9999999999999998,8of8,Others,same_ethnicity
176291411.80959442,0.9999999999999998,8of8,Others,same_ethnicity
188965233.96912038,0.9999999999999998,8of8,Others,same_ethnicity
202550193.92306665,0.9999999999999998,8of8,Others,same_ethnicity
217111794.56945008,0.9999999999999998,8of8,Others,same_ethnicity
232720247.8960412,0.9999999999999998,8of8,Others,same_ethnicity
249450813.52303165,0.9999999999999998,8of8,Others,same_ethnicity
267384161.5839944,0.9999999999999998,8of8,Others,same_ethnicity
286606761.69482446,0.9999999999999998,8of8,Others,same_ethnicity
307211299.8861747,0.9999999999999998,8of8,Others,same_ethnicity
329297125.5097148,0.9999999999999998,8of8,Others,same_ethnicity
352970730.27306575,0.9999999999999998,8of8,Others,same_ethnicity
378346261.7131933,0.9999999999999998,8of8,Others,same_ethnicity
405546073.5840828,0.9999999999999998,8of8,Others,same_ethnicity
434701315.8125017,0.9999999999999998,8of8,Others,same_ethnicity
465952566.86646676,0.9999999999999998,8of8,Others,same_ethnicity
499450511.585514,0.9999999999999998,8of8,Others,same_ethnicity
535356667.7410719,0.9999999999999998,8of8,Others,same_ethnicity
573844164.8302405,0.9999999999999998,8of8,Others,same_ethnicity
615098578.8580505,0.9999999999999998,8of8,Others,same_ethnicity
659318827.1333542,0.9999999999999998,8of8,Others,same_ethnicity
706718127.3927476,0.9999999999999998,8of8,Others,same_ethnicity
757525025.8771889,0.9999999999999998,8of8,Others,same_ethnicity
811984499.3184009,0.9999999999999998,8of8,Others,same_ethnicity
870359136.1485183,0.9999999999999998,8of8,Others,same_ethnicity
932930402.6284696,0.9999999999999998,8of8,Others,same_ethnicity
1000000000.0,0.9999999999999998,8of8,Others,same_ethnicity
1000.0,0.11840622970174255,8of8,Others,cross_ethnic
1071.8913192051275,0.12318139047449475,8of8,Others,cross_ethnic
1148.9510001873086,0.12806972171869335,8of8,Others,cross_ethnic
1231.550603292826,0.13306996457559733,8of8,Others,cross_ethnic
1320.088400831418,0.13818077228921896,8of8,Others,cross_ethnic
1414.991297434576,0.14340073581727053,8of8,Others,cross_ethnic
1516.7168884709226,0.14872840621113328,8of8,Others,cross_ethnic
1625.7556664437934,0.15416231241119244,8of8,Others,cross_ethnic
1742.6333860096508,0.1597009733150256,8of8,Others,cross_ethnic
1867.9135990207828,0.16534290324800077,8of8,Others,cross_ethnic
2002.2003718155845,0.1710866103102648,8of8,Others,cross_ethnic
2146.1411978584038,0.17693058749844467,8of8,Others,cross_ethnic
2300.430119772917,0.18287329699652294,8of8,Others,cross_ethnic
2465.811075822604,0.18891314856539282,8of8,Others,cross_ethnic
2643.0814869741057,0.19504847347514742,8of8,Others,cross_ethnic
2833.096101839324,0.2012774958404285,8of8,Others,cross_ethnic
3036.771118035457,0.2075983034581832,8of8,Others,cross_ethnic
3255.0885998350564,0.21400882025060503,8of8,Others,cross_ethnic
3489.1012134067737,0.22050678216591174,8of8,Others,cross_ethnic
3739.937302478798,0.2270897179192097,8of8,Others,cross_ethnic
4008.8063288984645,0.2337549353468418,8of8,Others,cross_ethnic
4297.00470432084,0.2404995135137115,8of8,Others,cross_ethnic
4605.922041145103,0.2473203001716574,8of8,Others,cross_ethnic
4937.047852839004,0.2542139138095042,8of8,Others,cross_ethnic
5291.978735958442,0.2611767494038173,8of8,Others,cross_ethnic
5672.426068491977,0.2682049870569559,8of8,Others,cross_ethnic
6080.224261649421,0.2752946029292332,8of8,Others,cross_ethnic
6517.339604882421,0.28244138214231984,8of8,Others,cross_ethnic
6985.879746785249,0.2896409335628861,8of8,Others,cross_ethnic
7488.103857590023,0.2968887065102274,8of8,Others,cross_ethnic
8026.4335222571735,0.30418000945332463,8of8,Others,cross_ethnic
8603.464416684501,0.311510030694859,8of8,Others,cross_ethnic
9221.978823334322,0.31887386092815423,8of8,Others,cross_ethnic
9884.959046625587,0.3262665174444045,8of8,Others,cross_ethnic
10595.601792776148,0.33368296969030775,8of8,Others,cross_ethnic
11357.333583431051,0.34111816583194565,8of8,Others,cross_ethnic
12173.82727739662,0.3485670599470689,8of8,Others,cross_ethnic
13049.019780144015,0.3560246394107913,8of8,Others,cross_ethnic
13987.131026472387,0.3634859519294374,8of8,Others,cross_ethnic
14992.684327860472,0.3709461315041772,8of8,Others,cross_ethnic
16070.528182616385,0.37840042238947835,8of8,Others,cross_ethnic
17225.859653987874,0.3858441999004924,8of8,Others,cross_ethnic
18464.249428955427,0.39327298678740547,8of8,Others,cross_ethnic
19791.668678535574,0.40068246390354334,8of8,Others,cross_ethnic
21214.517849106276,0.40806847409498687,8of8,Others,cross_ethnic
22739.657523579273,0.4154270186373375,8of8,Others,cross_ethnic
24374.441501222216,0.4227542460937474,8of8,Others,cross_ethnic
26126.752255633266,0.4300464340791407,8of8,Others,cross_ethnic
28005.03894183631,0.43729996498299945,8of8,Others,cross_ethnic
30018.35813575592,0.44451129713632703,8of8,Others,cross_ethnic
32176.417502507353,0.45167693315857393,8of8,Others,cross_ethnic
34489.6226040576,0.4587933872919031,8of8,Others,cross_ethnic
36969.12707195024,0.46585715347215007,8of8,Others,cross_ethnic
39626.88638701478,0.47286467576667657,8of8,Others,cross_ethnic
42475.71552536894,0.4798123226873825,8of8,Others,cross_ethnic
45529.35074866948,0.48669636678870054,8of8,Others,cross_ethnic
48802.515836544335,0.4935129708733724,8of8,Others,cross_ethnic
52310.993080562585,0.5002581820129488,8of8,Others,cross_ethnic
56071.69938205458,0.5069279343963298,8of8,Others,cross_ethnic
60102.76782070388,0.5135180617109721,8of8,Others,cross_ethnic
64423.635087213705,0.5200243193250588,8of8,Others,cross_ethnic
69055.13520162331,0.5264424159910696,8of8,Others,cross_ethnic
74019.59996915638,0.5327680541732567,8of8,Others,cross_ethnic
79340.96665797492,0.5389969774734957,8of8,Others,cross_ethnic
85044.89341802668,0.5451250230631647,8of8,Others,cross_ethnic
91158.88299750819,0.5511481765981336,8of8,Others,cross_ethnic
97712.41535346501,0.5570626268683341,8of8,Others,cross_ethnic
104737.08979594486,0.5628648174619875,8of8,Others,cross_ethnic
112266.77735108136,0.5685514930222547,8of8,Others,cross_ethnic
120337.78407775905,0.5741197382102298,8of8,Others,cross_ethnic
128989.02612533081,0.5795670081857688,8of8,Others,cross_ethnic
138262.21737646536,0.5848911501656812,8of8,Others,cross_ethnic
148202.070579886,0.5900904162970889,8of8,Others,cross_ethnic
158856.51294280528,0.5951634685916428,8of8,Others,cross_ethnic
170276.91722258978,0.6001093769463706,8of8,Others,cross_ethnic
182518.34943190424,0.6049276113256347,8of8,Others,cross_ethnic
195639.8343517065,0.6096180290417481,8of8,Others,cross_ethnic
209704.64013232305,0.6141808578276287,8of8,Others,cross_ethnic
224780.58335487253,0.6186166751330336,8of8,Others,cross_ethnic
240940.35602395269,0.6229263838761898,8of8,Others,cross_ethnic
258261.87606826748,0.6271111847991274,8of8,Others,cross_ethnic
276828.6630392061,0.6311725456261972,8of8,Others,cross_ethnic
296730.24081888725,0.6351121673909427,8of8,Others,cross_ethnic
318062.5692794119,0.6389319485230506,8of8,Others,cross_ethnic
340928.50697468076,0.6426339475014714,8of8,Others,cross_ethnic
365438.30709572544,0.6462203450115445,8of8,Others,cross_ethnic
391710.1490809261,0.6496934065493221,8of8,Others,cross_ethnic
419870.70844439056,0.6530554462959813,8of8,Others,cross_ethnic
450055.76757004973,0.6563087928873766,8of8,Others,cross_ethnic
482410.8704165374,0.659455757508519,8of8,Others,cross_ethnic
517092.0242896755,0.662498604632112,8of8,Others,cross_ethnic
554266.4520663096,0.6654395257451232,8of8,Others,cross_ethnic
594113.3984965039,0.6682806165641053,8of8,Others,cross_ethnic
636824.9944718586,0.6710238584670286,8of8,Others,cross_ethnic
682607.1834272379,0.6736711050649686,8of8,Others,cross_ethnic
731680.7143427192,0.6762240748914231,8of8,Others,cross_ethnic
784282.2061337682,0.6786843510180529,8of8,Others,cross_ethnic
840665.2885618317,0.6810533879853808,8of8,Others,cross_ethnic
901101.8251665018,0.6833325258038763,8of8,Others,cross_ethnic
965883.2241158709,0.6855230100343119,8of8,Others,cross_ethnic
1035321.8432956616,0.6876260162369364,8of8,Others,cross_ethnic
1109752.496412072,0.6896426765386634,8of8,Others,cross_ethnic
1189534.0673703207,0.6915741058350114,8of8,Others,cross_ethnic
1275051.2407130129,0.6934214252934483,8of8,Others,cross_ethnic
1366716.3564620046,0.6951857813555072,8of8,Others,cross_ethnic
1464971.3983072848,0.6968683592638126,8of8,Others,cross_ethnic
1570290.1247293775,0.6984703911171473,8of8,Others,cross_ethnic
1683180.353330955,0.6999931593967347,8of8,Others,cross_ethnic
1804186.409392072,0.7014379976308543,8of8,Others,cross_ethnic
1933891.750455232,0.702806290239342,8of8,Others,cross_ethnic
2072921.77959537,0.704099473564578,8of8,Others,cross_ethnic
2221946.8609395237,0.7053190396733354,8of8,Others,cross_ethnic
2381685.5519761606,0.7064665437984344,8of8,Others,cross_ethnic
2552908.0682395166,0.7075436154221855,8of8,Others,cross_ethnic
2736439.9970746664,0.7085519721441303,8of8,Others,cross_ethnic
2933166.2783900425,0.7094934347705103,8of8,Others,cross_ethnic
3144035.4715915,0.7103699416235238,8of8,Others,cross_ethnic
3370064.3292719247,0.7111835599551382,8of8,Others,cross_ethnic
3612342.6997094303,0.7119364925663362,8of8,Others,cross_ethnic
3872038.781812557,0.7126310782277356,8of8,Others,cross_ethnic
4150404.7578504723,0.713269785179081,8of8,Others,cross_ethnic
4448782.831127585,0.713855197737657,8of8,Others,cross_ethnic
4768611.697714474,0.7143899967527924,8of8,Others,cross_ethnic
5111433.483440165,0.7148769352090995,8of8,Others,cross_ethnic
5478901.179593934,0.7153188106440121,8of8,Others,cross_ethnic
5872786.613189477,0.7157184361857536,8of8,Others,cross_ethnic
6294988.990221888,0.7160786119537625,8of8,Others,cross_ethnic
6747544.053110686,0.7164020983387377,8of8,Others,cross_ethnic
7232633.896483534,0.7166915923497557,8of8,Others,cross_ethnic
7752597.488629464,0.7169497078363143,8of8,Others,cross_ethnic
8309941.949353387,0.7171789600087655,8of8,Others,cross_ethnic
8907354.63861044,0.7173817543233926,8of8,Others,cross_ethnic
9547716.114208067,0.7175603794882123,8of8,Others,cross_ethnic
10234114.021054527,0.717717004093937,8of8,Others,cross_ethnic
10969857.97892384,0.7178536761886783,8of8,Others,cross_ethnic
11758495.540521558,0.7179723250007405,8of8,Others,cross_ethnic
12603829.296797274,0.7180747639763031,8of8,Others,cross_ethnic
13509935.211980252,0.7181626943404994,8of8,Others,cross_ethnic
14481182.27674533,0.7182377085085854,8of8,Others,cross_ethnic
15522253.57427048,0.7183012928574608,8of8,Others,cross_ethnic
16638168.860761274,0.7183548295961021,8of8,Others,cross_ethnic
17834308.769319095,0.7183995977175072,8of8,Others,cross_ethnic
19116440.753856998,0.7184367732412229,8of8,Others,cross_ethnic
20490746.89815846,0.7184674291324972,8of8,Others,cross_ethnic
21963853.72416547,0.7184925353870772,8of8,Others,cross_ethnic
23542864.143224154,0.718512959787338,8of8,Others,cross_ethnic
25235391.70434766,0.71852946976778,8of8,Others,cross_ethnic
27049597.304631315,0.7185427356917745,8of8,Others,cross_ethnic
28994228.538828753,0.718553335662723,8of8,Others,cross_ethnic
31078661.877820138,0.7185617618027722,8of8,Others,cross_ethnic
33312947.879346702,0.7185684277613512,8of8,Others,cross_ethnic
35707859.64900462,0.7185736770886314,8of8,Others,cross_ethnic
38274944.785163075,0.7185777920403088,8of8,Others,cross_ethnic
41026581.0582719,0.7185810023732312,8of8,Others,cross_ethnic
43976036.09302721,0.7185834937389587,8of8,Others,cross_ethnic
47137531.34116719,0.7185854153689937,8of8,Others,cross_ethnic
50526310.6533568,0.7185868868519243,8of8,Others,cross_ethnic
54158713.78079465,0.7185880039102632,8of8,Others,cross_ethnic
58052255.160948955,0.7185888431784905,8of8,Others,cross_ethnic
62225708.36730231,0.7185894660546907,8of8,Others,cross_ethnic
66699196.63030115,0.7185899217432267,8of8,Others,cross_ethnic
71494289.86597577,0.7185902496269356,8of8,Others,cross_ethnic
76634108.68007447,0.718590481109087,8of8,Others,cross_ethnic
82143435.84919421,0.7185906410536261,8of8,Others,cross_ethnic
88048835.81643465,0.7185907489324477,8of8,Others,cross_ethnic
94378782.77775371,0.7185908197650693,8of8,Others,cross_ethnic
101163797.9766207,0.7185908649123787,8of8,Others,cross_ethnic
108436596.86896087,0.7185908927644646,8of8,Others,cross_ethnic
116232246.86798495,0.71859090934464,8of8,Others,cross_ethnic
124588336.42950082,0.7185909188387163,8of8,Others,cross_ethnic
133545156.29298975,0.7185909240508819,8of8,Others,cross_ethnic
143145893.75234815,0.7185909267848379,8of8,Others,cross_ethnic
153436840.89300132,0.718590928150072,8of8,Others,cross_ethnic
164467617.79946628,0.7185909287966477,8of8,Others,cross_ethnic
176291411.80959442,0.7185909290859107,8of8,Others,cross_ethnic
188965233.96912038,0.7185909292076402,8of8,Others,cross_ethnic
202550193.92306665,0.718590929255612,8of8,Others,cross_ethnic
217111794.56945008,0.7185909292732319,8of8,Others,cross_ethnic
232720247.8960412,0.7185909292792334,8of8,Others,cross_ethnic
249450813.52303165,0.7185909292811189,8of8,Others,cross_ethnic
267384161.5839944,0.7185909292816622,8of8,Others,cross_ethnic
286606761.69482446,0.718590929281805,8of8,Others,cross_ethnic
307211299.8861747,0.718590929281839,8of8,Others,cross_ethnic
329297125.5097148,0.7185909292818462,8of8,Others,cross_ethnic
352970730.27306575,0.7185909292818475,8of8,Others,cross_ethnic
378346261.7131933,0.7185909292818479,8of8,Others,cross_ethnic
405546073.5840828,0.7185909292818479,8of8,Others,cross_ethnic
434701315.8125017,0.7185909292818479,8of8,Others,cross_ethnic
465952566.86646676,0.7185909292818479,8of8,Others,cross_ethnic
499450511.585514,0.7185909292818479,8of8,Others,cross_ethnic
535356667.7410719,0.7185909292818479,8of8,Others,cross_ethnic
573844164.8302405,0.7185909292818479,8of8,Others,cross_ethnic
615098578.8580505,0.7185909292818479,8of8,Others,cross_ethnic
659318827.1333542,0.7185909292818479,8of8,Others,cross_ethnic
706718127.3927476,0.7185909292818479,8of8,Others,cross_ethnic
757525025.8771889,0.7185909292818479,8of8,Others,cross_ethnic
811984499.3184009,0.7185909292818479,8of8,Others,cross_ethnic
870359136.1485183,0.7185909292818479,8of8,Others,cross_ethnic
932930402.6284696,0.7185909292818479,8of8,Others,cross_ethnic
1000000000.0,0.7185909292818479,8of8,Others,cross_ethnic
1000.0,0.25238812073300937,8of8,Combined,same_ethnicity
1071.8913192051275,0.26159550979859264,8of8,Combined,same_ethnicity
1148.9510001873086,0.27097014659200025,8of8,Combined,same_ethnicity
1231.550603292826,0.2805067369008831,8of8,Combined,same_ethnicity
1320.088400831418,0.2901998019551678,8of8,Combined,same_ethnicity
1414.991297434576,0.30004372871908186,8of8,Combined,same_ethnicity
1516.7168884709226,0.31003280864689925,8of8,Combined,same_ethnicity
1625.7556664437934,0.32016126381874616,8of8,Combined,same_ethnicity
1742.6333860096508,0.3304232602998089,8of8,Combined,same_ethnicity
1867.9135990207828,0.34081290930457236,8of8,Combined,same_ethnicity
2002.2003718155845,0.35132425729201433,8of8,Combined,same_ethnicity
2146.1411978584038,0.36195126650499265,8of8,Combined,same_ethnicity
2300.430119772917,0.3726877877549481,8of8,Combined,same_ethnicity
2465.811075822604,0.3835275274952174,8of8,Combined,same_ethnicity
2643.0814869741057,0.3944640114532396,8of8,Combined,same_ethnicity
2833.096101839324,0.4054905473016095,8of8,Combined,same_ethnicity
3036.771118035457,0.41660018900763535,8of8,Combined,same_ethnicity
3255.0885998350564,0.42778570555922063,8of8,Combined,same_ethnicity
3489.1012134067737,0.4390395566678006,8of8,Combined,same_ethnicity
3739.937302478798,0.4503538777581595,8of8,Combined,same_ethnicity
4008.8063288984645,0.46172047606025574,8of8,Combined,same_ethnicity
4297.00470432084,0.47313083894462576,8of8,Combined,same_ethnicity
4605.922041145103,0.4845761548476509,8of8,Combined,same_ethnicity
4937.047852839004,0.496047346293864,8of8,Combined,same_ethnicity
5291.978735958442,0.507535113721737,8of8,Combined,same_ethnicity
5672.426068491977,0.5190299881272546,8of8,Combined,same_ethnicity
6080.224261649421,0.5305223900039734,8of8,Combined,same_ethnicity
6517.339604882421,0.542002691703402,8of8,Combined,same_ethnicity
6985.879746785249,0.5534612801716187,8of8,Combined,same_ethnicity
7488.103857590023,0.5648886170339658,8of8,Combined,same_ethnicity
8026.4335222571735,0.5762752931932995,8of8,Combined,same_ethnicity
8603.464416684501,0.5876120754702313,8of8,Combined,same_ethnicity
9221.978823334322,0.5988899433319478,8of8,Combined,same_ethnicity
9884.959046625587,0.610100114404982,8of8,Combined,same_ethnicity
10595.601792776148,0.6212340582099963,8of8,Combined,same_ethnicity
11357.333583431051,0.6322834983470286,8of8,Combined,same_ethnicity
12173.82727739662,0.6432404041472153,8of8,Combined,same_ethnicity
13049.019780144015,0.654096973541483,8of8,Combined,same_ethnicity
13987.131026472387,0.6648456095293306,8of8,Combined,same_ethnicity
14992.684327860472,0.675478893113654,8of8,Combined,same_ethnicity
16070.528182616385,0.6859895558540097,8of8,Combined,same_ethnicity
17225.859653987874,0.6963704552410688,8of8,Combined,same_ethnicity
18464.249428955427,0.7066145558872624,8of8,Combined,same_ethnicity
19791.668678535574,0.7167149190697276,8of8,Combined,same_ethnicity
21214.517849106276,0.7266647024937288,8of8,Combined,same_ethnicity
22739.657523579273,0.736457171340748,8of8,Combined,same_ethnicity
24374.441501222216,0.7460857208150291,8of8,Combined,same_ethnicity
26126.752255633266,0.7555439095921556,8of8,Combined,same_ethnicity
28005.03894183631,0.7648255028693404,8of8,Combined,same_ethnicity
30018.35813575592,0.7739245231558777,8of8,Combined,same_ethnicity
32176.417502507353,0.7828353065315524,8of8,Combined,same_ethnicity
34489.6226040576,0.7915525618299166,8of8,Combined,same_ethnicity
36969.12707195024,0.800071430055432,8of8,Combined,same_ethnicity
39626.88638701478,0.8083875413061946,8of8,Combined,same_ethnicity
42475.71552536894,0.8164970665434391,8of8,Combined,same_ethnicity
45529.35074866948,0.824396761728616,8of8,Combined,same_ethnicity
48802.515836544335,0.8320840021431326,8of8,Combined,same_ethnicity
52310.993080562585,0.8395568051151646,8of8,Combined,same_ethnicity
56071.69938205458,0.8468138398936511,8of8,Combined,same_ethnicity
60102.76782070388,0.8538544240127475,8of8,Combined,same_ethnicity
64423.635087213705,0.8606785061514446,8of8,Combined,same_ethnicity
69055.13520162331,0.8672866361753364,8of8,Combined,same_ethnicity
74019.59996915638,0.8736799237072717,8of8,Combined,same_ethnicity
79340.96665797492,0.8798599871650183,8of8,Combined,same_ethnicity
85044.89341802668,0.8858288956827998,8of8,Combined,same_ethnicity
91158.88299750819,0.8915891066619585,8of8,Combined,same_ethnicity
97712.41535346501,0.8971434018479749,8of8,Combined,same_ethnicity
104737.08979594486,0.9024948247963632,8of8,Combined,same_ethnicity
112266.77735108136,0.9076466223754559,8of8,Combined,same_ethnicity
120337.78407775905,0.912602192582522,8of8,Combined,same_ethnicity
128989.02612533081,0.9173650404551126,8of8,Combined,same_ethnicity
138262.21737646536,0.9219387432820648,8of8,Combined,same_ethnicity
148202.070579886,0.9263269256996305,8of8,Combined,same_ethnicity
158856.51294280528,0.9305332446376354,8of8,Combined,same_ethnicity
170276.91722258978,0.9345613834957441,8of8,Combined,same_ethnicity
182518.34943190424,0.9384150544148488,8of8,Combined,same_ethnicity
195639.8343517065,0.9420980070926319,8of8,Combined,same_ethnicity
209704.64013232305,0.9456140422973716,8of8,Combined,same_ethnicity
224780.58335487253,0.9489670280721516,8of8,Combined,same_ethnicity
240940.35602395269,0.9521609165937941,8of8,Combined,same_ethnicity
258261.87606826748,0.9551997597483836,8of8,Combined,same_ethnicity
276828.6630392061,0.9580877216927931,8of8,Combined,same_ethnicity
296730.24081888725,0.9608290869705381,8of8,Combined,same_ethnicity
318062.5692794119,0.9634282631204782,8of8,Combined,same_ethnicity
340928.50697468076,0.9658897771369853,8of8,Combined,same_ethnicity
365438.30709572544,0.9682182655858964,8of8,Combined,same_ethnicity
391710.1490809261,0.9704184586242063,8of8,Combined,same_ethnicity
419870.70844439056,0.9724951585827359,8of8,Combined,same_ethnicity
450055.76757004973,0.9744532141206351,8of8,Combined,same_ethnicity
482410.8704165374,0.9762974912245577,8of8,Combined,same_ethnicity
517092.0242896755,0.9780328424889926,8of8,Combined,same_ethnicity
554266.4520663096,0.9796640761735794,8of8,Combined,same_ethnicity
594113.3984965039,0.9811959264942443,8of8,Combined,same_ethnicity
636824.9944718586,0.9826330264802515,8of8,Combined,same_ethnicity
682607.1834272379,0.9839798845346722,8of8,Combined,same_ethnicity
731680.7143427192,0.9852408655875137,8of8,Combined,same_ethnicity
784282.2061337682,0.9864201774441123,8of8,Combined,same_ethnicity
840665.2885618317,0.9875218626208353,8of8,Combined,same_ethnicity
901101.8251665018,0.9885497956404147,8of8,Combined,same_ethnicity
965883.2241158709,0.9895076854466414,8of8,Combined,same_ethnicity
1035321.8432956616,0.9903990823108397,8of8,Combined,same_ethnicity
1109752.496412072,0.991227388359865,8of8,Combined,same_ethnicity
1189534.0673703207,0.99199587067565,8of8,Combined,same_ethnicity
1275051.2407130129,0.9927076758139922,8of8,Combined,same_ethnicity
1366716.3564620046,0.9933658445730374,8of8,Combined,same_ethnicity
1464971.3983072848,0.9939733259089104,8of8,Combined,same_ethnicity
1570290.1247293775,0.994532989037691,8of8,Combined,same_ethnicity
1683180.353330955,0.9950476329629623,8of8,Combined,same_ethnicity
1804186.409392072,0.9955199929059058,8of8,Combined,same_ethnicity
1933891.750455232,0.9959527433691497,8of8,Combined,same_ethnicity
2072921.77959537,0.9963484978169252,8of8,Combined,same_ethnicity
2221946.8609395237,0.9967098051869298,8of8,Combined,same_ethnicity
2381685.5519761606,0.9970391436517927,8of8,Combined,same_ethnicity
2552908.0682395166,0.9973389122117668,8of8,Combined,same_ethnicity
2736439.9970746664,0.9976114208193422,8of8,Combined,same_ethnicity
2933166.2783900425,0.9978588798069855,8of8,Combined,same_ethnicity
3144035.4715915,0.9980833894092667,8of8,Combined,same_ethnicity
3370064.3292719247,0.9982869301408035,8of8,Combined,same_ethnicity
3612342.6997094303,0.9984713547151585,8of8,Combined,same_ethnicity
3872038.781812557,0.9986383820734519,8of8,Combined,same_ethnicity
4150404.7578504723,0.998789593943973,8of8,Combined,same_ethnicity
4448782.831127585,0.9989264341859824,8of8,Combined,same_ethnicity
4768611.697714474,0.9990502109935145,8of8,Combined,same_ethnicity
5111433.483440165,0.999162101859379,8of8,Combined,same_ethnicity
5478901.179593934,0.9992631610364143,8of8,Combined,same_ethnicity
5872786.613189477,0.9993543290923704,8of8,Combined,same_ethnicity
6294988.990221888,0.9994364440456835,8of8,Combined,same_ethnicity
6747544.053110686,0.9995102534995006,8of8,Combined,same_ethnicity
7232633.896483534,0.9995764271656236,8of8,Combined,same_ethnicity
7752597.488629464,0.9996355691898471,8of8,Combined,same_ethnicity
8309941.949353387,0.9996882297520724,8of8,Combined,same_ethnicity
8907354.63861044,0.9997349155105324,8of8,Combined,same_ethnicity
9547716.114208067,0.9997760985777411,8of8,Combined,same_ethnicity
10234114.021054527,0.9998122238429258,8of8,Combined,same_ethnicity
10969857.97892384,0.9998437145787877,8of8,Combined,same_ethnicity
11758495.540521558,0.9998709763790367,8of8,Combined,same_ethnicity
12603829.296797274,0.9998943995606622,8of8,Combined,same_ethnicity
13509935.211980252,0.9999143602286639,8of8,Combined,same_ethnicity
14481182.27674533,0.9999312202416836,8of8,Combined,same_ethnicity
15522253.57427048,0.9999453263375009,8of8,Combined,same_ethnicity
16638168.860761274,0.9999570086813889,8of8,Combined,same_ethnicity
17834308.769319095,0.9999665790913944,8of8,Combined,same_ethnicity
19116440.753856998,0.9999743291755407,8of8,Combined,same_ethnicity
20490746.89815846,0.9999805285887331,8of8,Combined,same_ethnicity
21963853.72416547,0.9999854235832675,8of8,Combined,same_ethnicity
23542864.143224154,0.999989235987638,8of8,Combined,same_ethnicity
25235391.70434766,0.9999921627054176,8of8,Combined,same_ethnicity
27049597.304631315,0.9999943757813712,8of8,Combined,same_ethnicity
28994228.538828753,0.9999960230380868,8of8,Combined,same_ethnicity
31078661.877820138,0.9999972292458764,8of8,Combined,same_ethnicity
33312947.879346702,0.9999980977540724,8of8,Combined,same_ethnicity
35707859.64900462,0.9999987124852633,8of8,Combined,same_ethnicity
38274944.785163075,0.9999991401770367,8of8,Combined,same_ethnicity
41026581.0582719,0.999999432749199,8of8,Combined,same_ethnicity
43976036.09302721,0.9999996296780651,8of8,Combined,same_ethnicity
47137531.34116719,0.999999760272234,8of8,Combined,same_ethnicity
50526310.6533568,0.9999998457643391,8of8,Combined,same_ethnicity
54158713.78079465,0.9999999011580158,8of8,Combined,same_ethnicity
58052255.160948955,0.9999999367957977,8of8,Combined,same_ethnicity
62225708.36730231,0.9999999596388821,8of8,Combined,same_ethnicity
66699196.63030115,0.9999999742712146,8of8,Combined,same_ethnicity
71494289.86597577,0.9999999836563471,8of8,Combined,same_ethnicity
76634108.68007447,0.9999999896853036,8of8,Combined,same_ethnicity
82143435.84919421,0.9999999935574021,8of8,Combined,same_ethnicity
88048835.81643465,0.9999999960346766,8of8,Combined,same_ethnicity
94378782.77775371,0.999999997605691,8of8,Combined,same_ethnicity
101163797.9766207,0.999999998587788,8of8,Combined,same_ethnicity
108436596.86896087,0.9999999991896247,8of8,Combined,same_ethnicity
116232246.86798495,0.9999999995492792,8of8,Combined,same_ethnicity
124588336.42950082,0.9999999997578807,8of8,Combined,same_ethnicity
133545156.29298975,0.9999999998748078,8of8,Combined,same_ethnicity
143145893.75234815,0.9999999999378996,8of8,Combined,same_ethnicity
153436840.89300132,0.9999999999705484,8of8,Combined,same_ethnicity
164467617.79946628,0.9999999999866926,8of8,Combined,same_ethnicity
176291411.80959442,0.9999999999942926,8of8,Combined,same_ethnicity
188965233.96912038,0.9999999999976856,8of8,Combined,same_ethnicity
202550193.92306665,0.9999999999991164,8of8,Combined,same_ethnicity
217111794.56945008,0.9999999999996838,8of8,Combined,same_ethnicity
232720247.8960412,0.9999999999998945,8of8,Combined,same_ethnicity
249450813.52303165,0.9999999999999675,8of8,Combined,same_ethnicity
267384161.5839944,0.9999999999999908,8of8,Combined,same_ethnicity
286606761.69482446,0.9999999999999977,8of8,Combined,same_ethnicity
307211299.8861747,0.9999999999999996,8of8,Combined,same_ethnicity
329297125.5097148,1.0,8of8,Combined,same_ethnicity
352970730.27306575,1.0,8of8,Combined,same_ethnicity
378346261.7131933,1.0,8of8,Combined,same_ethnicity
405546073.5840828,1.0,8of8,Combined,same_ethnicity
434701315.8125017,1.0,8of8,Combined,same_ethnicity
465952566.86646676,1.0,8of8,Combined,same_ethnicity
499450511.585514,1.0,8of8,Combined,same_ethnicity
535356667.7410719,1.0,8of8,Combined,same_ethnicity
573844164.8302405,1.0,8of8,Combined,same_ethnicity
615098578.8580505,1.0,8of8,Combined,same_ethnicity
659318827.1333542,1.0,8of8,Combined,same_ethnicity
706718127.3927476,1.0,8of8,Combined,same_ethnicity
757525025.8771889,1.0,8of8,Combined,same_ethnicity
811984499.3184009,1.0,8of8,Combined,same_ethnicity
870359136.1485183,1.0,8of8,Combined,same_ethnicity
932930402.6284696,1.0,8of8,Combined,same_ethnicity
1000000000.0,1.0,8of8,Combined,same_ethnicity
1000.0,0.3880781405252364,10of10,Chinese,same_ethnicity
1071.8913192051275,0.4002055235558642,10of10,Chinese,same_ethnicity
1148.9510001873086,0.41245559822495687,10of10,Chinese,same_ethnicity
1231.550603292826,0.42481888047994165,10of10,Chinese,same_ethnicity
1320.088400831418,0.4372855318527451,10of10,Chinese,same_ethnicity
1414.991297434576,0.4498453421020264,10of10,Chinese,same_ethnicity
1516.7168884709226,0.4624877158548887,10of10,Chinese,same_ethnicity
1625.7556664437934,0.47520166546224657,10of10,Chinese,same_ethnicity
1742.6333860096508,0.4879758118268498,10of10,Chinese,same_ethnicity
1867.9135990207828,0.5007983945149592,10of10,Chinese,same_ethnicity
2002.2003718155845,0.5136572920692996,10of10,Chinese,same_ethnicity
2146.1411978584038,0.5265400531100061,10of10,Chinese,same_ethnicity
2300.430119772917,0.5394339385143919,10of10,Chinese,same_ethnicity
2465.811075822604,0.5523259746569907,10of10,Chinese,same_ethnicity
2643.0814869741057,0.5652030173183011,10of10,Chinese,same_ethnicity
2833.096101839324,0.5780518253988158,10of10,Chinese,same_ethnicity
3036.771118035457,0.5908591429954041,10of10,Chinese,same_ethnicity
3255.0885998350564,0.6036117877304108,10of10,Chinese,same_ethnicity
3489.1012134067737,0.6162967425176139,10of10,Chinese,same_ethnicity
3739.937302478798,0.6289012472725202,10of10,Chinese,same_ethnicity
4008.8063288984645,0.6414128865121665,10of10,Chinese,same_ethnicity
4297.00470432084,0.6538196684353649,10of10,Chinese,same_ethnicity
4605.922041145103,0.6661100910223363,10of10,Chinese,same_ethnicity
4937.047852839004,0.6782731910233482,10of10,Chinese,same_ethnicity
5291.978735958442,0.6902985724668141,10of10,Chinese,same_ethnicity
5672.426068491977,0.702176412502588,10of10,Chinese,same_ethnicity
6080.224261649421,0.7138974439330918,10of10,Chinese,same_ethnicity
6517.339604882421,0.7254529155354952,10of10,Chinese,same_ethnicity
6985.879746785249,0.736834533058956,10of10,Chinese,same_ethnicity
7488.103857590023,0.7480343853971261,10of10,Chinese,same_ethnicity
8026.4335222571735,0.7590448617178016,10of10,Chinese,same_ethnicity
8603.464416684501,0.7698585661600825,10of10,Chinese,same_ethnicity
9221.978823334322,0.780468237026159,10of10,Chinese,same_ethnicity
9884.959046625587,0.7908666771934705,10of10,Chinese,same_ethnicity
10595.601792776148,0.8010467017836281,10of10,Chinese,same_ethnicity
11357.333583431051,0.8110011079997212,10of10,Chinese,same_ethnicity
12173.82727739662,0.8207226705533873,10of10,Chinese,same_ethnicity
13049.019780144015,0.8302041643376585,10of10,Chinese,same_ethnicity
13987.131026472387,0.8394384140776324,10of10,Chinese,same_ethnicity
14992.684327860472,0.8484183687523418,10of10,Chinese,same_ethnicity
16070.528182616385,0.8571371967905086,10of10,Chinese,same_ethnicity
17225.859653987874,0.8655883965635025,10of10,Chinese,same_ethnicity
18464.249428955427,0.8737659156713249,10of10,Chinese,same_ethnicity
19791.668678535574,0.8816642720369925,10of10,Chinese,same_ethnicity
21214.517849106276,0.8892786699253868,10of10,Chinese,same_ethnicity
22739.657523579273,0.8966051046519954,10of10,Chinese,same_ethnicity
24374.441501222216,0.9036404508508457,10of10,Chinese,same_ethnicity
26126.752255633266,0.9103825305877659,10of10,Chinese,same_ethnicity
28005.03894183631,0.9168301591667076,10of10,Chinese,same_ethnicity
30018.35813575592,0.9229831680129262,10of10,Chinese,same_ethnicity
32176.417502507353,0.9288424053798351,10of10,Chinese,same_ethnicity
34489.6226040576,0.9344097167124313,10of10,Chinese,same_ethnicity
36969.12707195024,0.9396879072618322,10of10,Chinese,same_ethnicity
39626.88638701478,0.9446806899923545,10of10,Chinese,same_ethnicity
42475.71552536894,0.9493926220095866,10of10,Chinese,same_ethnicity
45529.35074866948,0.9538290327431398,10of10,Chinese,same_ethnicity
48802.515836544335,0.9579959470160194,10of10,Chinese,same_ethnicity
52310.993080562585,0.9619000059733065,10of10,Chinese,same_ethnicity
56071.69938205458,0.9655483886390599,10of10,Chinese,same_ethnicity
60102.76782070388,0.9689487366028142,10of10,Chinese,same_ethnicity
64423.635087213705,0.9721090839715905,10of10,Chinese,same_ethnicity
69055.13520162331,0.9750377942342995,10of10,Chinese,same_ethnicity
74019.59996915638,0.9777435050755465,10of10,Chinese,same_ethnicity
79340.96665797492,0.9802350814844274,10of10,Chinese,same_ethnicity
85044.89341802668,0.9825215768002187,10of10,Chinese,same_ethnicity
91158.88299750819,0.98461220070219,10of10,Chinese,same_ethnicity
97712.41535346501,0.9865162926563906,10of10,Chinese,same_ethnicity
104737.08979594486,0.988243299022068,10of10,Chinese,same_ethnicity
112266.77735108136,0.9898027519035555,10of10,Chinese,same_ethnicity
120337.78407775905,0.9912042478884516,10of10,Chinese,same_ethnicity
128989.02612533081,0.9924574249995204,10of10,Chinese,same_ethnicity
138262.21737646536,0.9935719364620802,10of10,Chinese,same_ethnicity
148202.070579886,0.9945574202155598,10of10,Chinese,same_ethnicity
158856.51294280528,0.9954234634573124,10of10,Chinese,same_ethnicity
170276.91722258978,0.9961795618930095,10of10,Chinese,same_ethnicity
182518.34943190424,0.9968350737828653,10of10,Chinese,same_ethnicity
195639.8343517065,0.9973991693165751,10of10,Chinese,same_ethnicity
209704.64013232305,0.9978807763113375,10of10,Chinese,same_ethnicity
224780.58335487253,0.9982885236802174,10of10,Chinese,same_ethnicity
240940.35602395269,0.998630684521357,10of10,Chinese,same_ethnicity
258261.87606826748,0.998915120983188,10of10,Chinese,same_ethnicity
276828.6630392061,0.9991492332203022,10of10,Chinese,same_ethnicity
296730.24081888725,0.9993399147357971,10of10,Chinese,same_ethnicity
318062.5692794119,0.9994935161971967,10of10,Chinese,same_ethnicity
340928.50697468076,0.9996158194282397,10of10,Chinese,same_ethnicity
365438.30709572544,0.9997120227549785,10of10,Chinese,same_ethnicity
391710.1490809261,0.9997867382750832,10of10,Chinese,same_ethnicity
419870.70844439056,0.9998440009836452,10of10,Chinese,same_ethnicity
450055.76757004973,0.9998872890830692,10of10,Chinese,same_ethnicity
482410.8704165374,0.99991955427338,10of10,Chinese,same_ethnicity
517092.0242896755,0.9999432603922992,10of10,Chinese,same_ethnicity
554266.4520663096,0.9999604284678905,10of10,Chinese,same_ethnicity
594113.3984965039,0.9999726860665532,10of10,Chinese,same_ethnicity
636824.9944718586,0.9999813187661138,10of10,Chinese,same_ethnicity
682607.1834272379,0.9999873216549391,10of10,Chinese,same_ethnicity
731680.7143427192,0.9999914489472167,10of10,Chinese,same_ethnicity
784282.2061337682,0.999994260099713,10of10,Chinese,same_ethnicity
840665.2885618317,0.9999961611954526,10of10,Chinese,same_ethnicity
901101.8251665018,0.9999974407935648,10of10,Chinese,same_ethnicity
965883.2241158709,0.9999982998921869,10of10,Chinese,same_ethnicity
1035321.8432956616,0.9999988760695129,10of10,Chinese,same_ethnicity
1109752.496412072,0.99999926221729,10of10,Chinese,same_ethnicity
1189534.0673703207,0.9999995205326828,10of10,Chinese,same_ethnicity
1275051.2407130129,0.9999996925756311,10of10,Chinese,same_ethnicity
1366716.3564620046,0.9999998062338745,10of10,Chinese,same_ethnicity
1464971.3983072848,0.9999998803854584,10of10,Chinese,same_ethnicity
1570290.1247293775,0.9999999279366034,10of10,Chinese,same_ethnicity
1683180.353330955,0.9999999577716615,10of10,Chinese,same_ethnicity
1804186.409392072,0.9999999760083744,10of10,Chinese,same_ethnicity
1933891.750455232,0.9999999868251698,10of10,Chinese,same_ethnicity
2072921.77959537,0.9999999930280974,10of10,Chinese,same_ethnicity
2221946.8609395237,0.9999999964553965,10of10,Chinese,same_ethnicity
2381685.5519761606,0.9999999982739558,10of10,Chinese,same_ethnicity
2552908.0682395166,0.9999999991975749,10of10,Chinese,same_ethnicity
2736439.9970746664,0.9999999996450675,10of10,Chinese,same_ethnicity
2933166.2783900425,0.9999999998511675,10of10,Chinese,same_ethnicity
3144035.4715915,0.9999999999410658,10of10,Chinese,same_ethnicity
3370064.3292719247,0.9999999999780551,10of10,Chinese,same_ethnicity
3612342.6997094303,0.9999999999923505,10of10,Chinese,same_ethnicity
3872038.781812557,0.999999999997516,10of10,Chinese,same_ethnicity
4150404.7578504723,0.9999999999992526,10of10,Chinese,same_ethnicity
4448782.831127585,0.9999999999997928,10of10,Chinese,same_ethnicity
4768611.697714474,0.9999999999999476,10of10,Chinese,same_ethnicity
5111433.483440165,0.999999999999988,10of10,Chinese,same_ethnicity
5478901.179593934,0.9999999999999977,10of10,Chinese,same_ethnicity
5872786.613189477,0.9999999999999998,10of10,Chinese,same_ethnicity
6294988.990221888,1.0,10of10,Chinese,same_ethnicity
6747544.053110686,1.0,10of10,Chinese,same_ethnicity
7232633.896483534,1.0,10of10,Chinese,same_ethnicity
7752597.488629464,1.0,10of10,Chinese,same_ethnicity
8309941.949353387,1.0,10of10,Chinese,same_ethnicity
8907354.63861044,1.0,10of10,Chinese,same_ethnicity
9547716.114208067,1.0,10of10,Chinese,same_ethnicity
10234114.021054527,1.0,10of10,Chinese,same_ethnicity
10969857.97892384,1.0,10of10,Chinese,same_ethnicity
11758495.540521558,1.0,10of10,Chinese,same_ethnicity
12603829.296797274,1.0,10of10,Chinese,same_ethnicity
13509935.211980252,1.0,10of10,Chinese,same_ethnicity
14481182.27674533,1.0,10of10,Chinese,same_ethnicity
15522253.57427048,1.0,10of10,Chinese,same_ethnicity
16638168.860761274,1.0,10of10,Chinese,same_ethnicity
17834308.769319095,1.0,10of10,Chinese,same_ethnicity
19116440.753856998,1.0,10of10,Chinese,same_ethnicity
20490746.89815846,1.0,10of10,Chinese,same_ethnicity
21963853.72416547,1.0,10of10,Chinese,same_ethnicity
23542864.143224154,1.0,10of10,Chinese,same_ethnicity
25235391.70434766,1.0,10of10,Chinese,same_ethnicity
27049597.304631315,1.0,10of10,Chinese,same_ethnicity
28994228.538828753,1.0,10of10,Chinese,same_ethnicity
31078661.877820138,1.0,10of10,Chinese,same_ethnicity
33312947.879346702,1.0,10of10,Chinese,same_ethnicity
35707859.64900462,1.0,10of10,Chinese,same_ethnicity
38274944.785163075,1.0,10of10,Chinese,same_ethnicity
41026581.0582719,1.0,10of10,Chinese,same_ethnicity
43976036.09302721,1.0,10of10,Chinese,same_ethnicity
47137531.34116719,1.0,10of10,Chinese,same_ethnicity
50526310.6533568,1.0,10of10,Chinese,same_ethnicity
54158713.78079465,1.0,10of10,Chinese,same_ethnicity
58052255.160948955,1.0,10of10,Chinese,same_ethnicity
62225708.36730231,1.0,10of10,Chinese,same_ethnicity
66699196.63030115,1.0,10of10,Chinese,same_ethnicity
71494289.86597577,1.0,10of10,Chinese,same_ethnicity
76634108.68007447,1.0,10of10,Chinese,same_ethnicity
82143435.84919421,1.0,10of10,Chinese,same_ethnicity
88048835.81643465,1.0,10of10,Chinese,same_ethnicity
94378782.77775371,1.0,10of10,Chinese,same_ethnicity
101163797.9766207,1.0,10of10,Chinese,same_ethnicity
108436596.86896087,1.0,10of10,Chinese,same_ethnicity
116232246.86798495,1.0,10of10,Chinese,same_ethnicity
124588336.42950082,1.0,10of10,Chinese,same_ethnicity
133545156.29298975,1.0,10of10,Chinese,same_ethnicity
143145893.75234815,1.0,10of10,Chinese,same_ethnicity
153436840.89300132,1.0,10of10,Chinese,same_ethnicity
164467617.79946628,1.0,10of10,Chinese,same_ethnicity
176291411.80959442,1.0,10of10,Chinese,same_ethnicity
188965233.96912038,1.0,10of10,Chinese,same_ethnicity
202550193.92306665,1.0,10of10,Chinese,same_ethnicity
217111794.56945008,1.0,10of10,Chinese,same_ethnicity
232720247.8960412,1.0,10of10,Chinese,same_ethnicity
249450813.52303165,1.0,10of10,Chinese,same_ethnicity
267384161.5839944,1.0,10of10,Chinese,same_ethnicity
286606761.69482446,1.0,10of10,Chinese,same_ethnicity
307211299.8861747,1.0,10of10,Chinese,same_ethnicity
329297125.5097148,1.0,10of10,Chinese,same_ethnicity
352970730.27306575,1.0,10of10,Chinese,same_ethnicity
378346261.7131933,1.0,10of10,Chinese,same_ethnicity
405546073.5840828,1.0,10of10,Chinese,same_ethnicity
434701315.8125017,1.0,10of10,Chinese,same_ethnicity
465952566.86646676,1.0,10of10,Chinese,same_ethnicity
499450511.585514,1.0,10of10,Chinese,same_ethnicity
535356667.7410719,1.0,10of10,Chinese,same_ethnicity
573844164.8302405,1.0,10of10,Chinese,same_ethnicity
615098578.8580505,1.0,10of10,Chinese,same_ethnicity
659318827.1333542,1.0,10of10,Chinese,same_ethnicity
706718127.3927476,1.0,10of10,Chinese,same_ethnicity
757525025.8771889,1.0,10of10,Chinese,same_ethnicity
811984499.3184009,1.0,10of10,Chinese,same_ethnicity
870359136.1485183,1.0,10of10,Chinese,same_ethnicity
932930402.6284696,1.0,10of10,Chinese,same_ethnicity
1000000000.0,1.0,10of10,Chinese,same_ethnicity
1000.0,0.318682498780613,10of10,Chinese,cross_ethnic
1071.8913192051275,0.32980114220927553,10of10,Chinese,cross_ethnic
1148.9510001873086,0.34108687524723696,10of10,Chinese,cross_ethnic
1231.550603292826,0.3525310104699102,10of10,Chinese,cross_ethnic
1320.088400831418,0.36412463582738414,10of10,Chinese,cross_ethnic
1414.991297434576,0.3758586821432744,10of10,Chinese,cross_ethnic
1516.7168884709226,0.38772397341245063,10of10,Chinese,cross_ethnic
1625.7556664437934,0.39971125906501004,10of10,Chinese,cross_ethnic
1742.6333860096508,0.4118112287826621,10of10,Chinese,cross_ethnic
1867.9135990207828,0.4240145115494325,10of10,Chinese,cross_ethnic
2002.2003718155845,0.4363116613659391,10of10,Chinese,cross_ethnic
2146.1411978584038,0.44869313249351245,10of10,Chinese,cross_ethnic
2300.430119772917,0.4611492473002098,10of10,Chinese,cross_ethnic
2465.811075822604,0.47367015984759314,10of10,Chinese,cross_ethnic
2643.0814869741057,0.486245818364847,10of10,Chinese,cross_ethnic
2833.096101839324,0.4988659297535389,10of10,Chinese,cross_ethnic
3036.771118035457,0.5115199292591179,10of10,Chinese,cross_ethnic
3255.0885998350564,0.5241969584006394,10of10,Chinese,cross_ethnic
3489.1012134067737,0.5368858541041353,10of10,Chinese,cross_ethnic
3739.937302478798,0.5495751516611546,10of10,Chinese,cross_ethnic
4008.8063288984645,0.5622531035669294,10of10,Chinese,cross_ethnic
4297.00470432084,0.5749077154519858,10of10,Chinese,cross_ethnic
4605.922041145103,0.587526799228599,10of10,Chinese,cross_ethnic
4937.047852839004,0.6000980423075398,10of10,Chinese,cross_ethnic
5291.978735958442,0.6126090904249213,10of10,Chinese,cross_ethnic
5672.426068491977,0.6250476403997408,10of10,Chinese,cross_ethnic
6080.224261649421,0.6374015381607773,10of10,Chinese,cross_ethnic
6517.339604882421,0.6496588767484973,10of10,Chinese,cross_ethnic
6985.879746785249,0.6618080887815784,10of10,Chinese,cross_ethnic
7488.103857590023,0.6738380280987611,10of10,Chinese,cross_ethnic
8026.4335222571735,0.6857380359209899,10of10,Chinese,cross_ethnic
8603.464416684501,0.6974979878657268,10of10,Chinese,cross_ethnic
9221.978823334322,0.709108319397758,10of10,Chinese,cross_ethnic
9884.959046625587,0.7205600287157706,10of10,Chinese,cross_ethnic
10595.601792776148,0.7318446575446889,10of10,Chinese,cross_ethnic
11357.333583431051,0.7429542517313634,10of10,Chinese,cross_ethnic
12173.82727739662,0.7538813048432986,10of10,Chinese,cross_ethnic
13049.019780144015,0.7646186890828082,10of10,Chinese,cross_ethnic
13987.131026472387,0.7751595787015327,10of10,Chinese,cross_ethnic
14992.684327860472,0.7854973716860623,10of10,Chinese,cross_ethnic
16070.528182616385,0.7956256157358073,10of10,Chinese,cross_ethnic
17225.859653987874,0.8055379444214965,10of10,Chinese,cross_ethnic
18464.249428955427,0.8152280288636777,10of10,Chinese,cross_ethnic
19791.668678535574,0.8246895493064721,10of10,Chinese,cross_ethnic
21214.517849106276,0.8339161896336951,10of10,Chinese,cross_ethnic
22739.657523579273,0.842901656287415,10of10,Chinese,cross_ethnic
24374.441501222216,0.8516397213496677,10of10,Chinese,cross_ethnic
26126.752255633266,0.860124287899752,10of10,Chinese,cross_ethnic
28005.03894183631,0.8683494743125618,10of10,Chinese,cross_ethnic
30018.35813575592,0.8763097130304117,10of10,Chinese,cross_ethnic
32176.417502507353,0.8839998585839319,10of10,Chinese,cross_ethnic
34489.6226040576,0.8914152992691267,10of10,Chinese,cross_ethnic
36969.12707195024,0.8985520668815953,10of10,Chinese,cross_ethnic
39626.88638701478,0.9054069392162691,10of10,Chinese,cross_ethnic
42475.71552536894,0.9119775306039714,10of10,Chinese,cross_ethnic
45529.35074866948,0.9182623665166533,10of10,Chinese,cross_ethnic
48802.515836544335,0.9242609391763035,10of10,Chinese,cross_ethnic
52310.993080562585,0.9299737420965102,10of10,Chinese,cross_ethnic
56071.69938205458,0.9354022825210835,10of10,Chinese,cross_ethnic
60102.76782070388,0.9405490717544497,10of10,Chinese,cross_ethnic
64423.635087213705,0.9454175943610252,10of10,Chinese,cross_ethnic
69055.13520162331,0.9500122581080458,10of10,Chinese,cross_ethnic
74019.59996915638,0.9543383273063615,10of10,Chinese,cross_ethnic
79340.96665797492,0.9584018428383416,10of10,Chinese,cross_ethnic
85044.89341802668,0.9622095326247393,10of10,Chinese,cross_ethnic
91158.88299750819,0.9657687165471428,10of10,Chinese,cross_ethnic
97712.41535346501,0.9690872098858503,10of10,Chinese,cross_ethnic
104737.08979594486,0.9721732291392085,10of10,Chinese,cross_ethnic
112266.77735108136,0.9750353036600684,10of10,Chinese,cross_ethnic
120337.78407775905,0.9776821959011353,10of10,Chinese,cross_ethnic
128989.02612533081,0.9801228322513662,10of10,Chinese,cross_ethnic
138262.21737646536,0.9823662455386548,10of10,Chinese,cross_ethnic
148202.070579886,0.9844215293494232,10of10,Chinese,cross_ethnic
158856.51294280528,0.9862978034522829,10of10,Chinese,cross_ethnic
170276.91722258978,0.9880041888775971,10of10,Chinese,cross_ethnic
182518.34943190424,0.9895497906450981,10of10,Chinese,cross_ethnic
195639.8343517065,0.9909436857726975,10of10,Chinese,cross_ethnic
209704.64013232305,0.9921949140451228,10of10,Chinese,cross_ethnic
224780.58335487253,0.9933124690584072,10of10,Chinese,cross_ethnic
240940.35602395269,0.9943052872626903,10of10,Chinese,cross_ethnic
258261.87606826748,0.9951822330743157,10of10,Chinese,cross_ethnic
276828.6630392061,0.9959520785921154,10of10,Chinese,cross_ethnic
296730.24081888725,0.9966234770068823,10of10,Chinese,cross_ethnic
318062.5692794119,0.9972049294117561,10of10,Chinese,cross_ethnic
340928.50697468076,0.9977047453746106,10of10,Chinese,cross_ethnic
365438.30709572544,0.998130998283,10of10,Chinese,cross_ethnic
391710.1490809261,0.9984914770693498,10of10,Chinese,cross_ethnic
419870.70844439056,0.9987936364136846,10of10,Chinese,cross_ethnic
450055.76757004973,0.9990445478492636,10of10,Chinese,cross_ethnic
482410.8704165374,0.9992508543211605,10of10,Chinese,cross_ethnic
517092.0242896755,0.9994187306494793,10of10,Chinese,cross_ethnic
554266.4520663096,0.999553852036425,10of10,Chinese,cross_ethnic
594113.3984965039,0.9996613722669307,10of10,Chinese,cross_ethnic
636824.9944718586,0.9997459126444451,10of10,Chinese,cross_ethnic
682607.1834272379,0.9998115620454288,10of10,Chinese,cross_ethnic
731680.7143427192,0.9998618878343576,10of10,Chinese,cross_ethnic
784282.2061337682,0.9998999568091878,10of10,Chinese,cross_ethnic
840665.2885618317,0.9999283648808333,10of10,Chinese,cross_ethnic
901101.8251665018,0.999949273846322,10of10,Chinese,cross_ethnic
965883.2241158709,0.999964453396932,10of10,Chinese,cross_ethnic
1035321.8432956616,0.9999753264044503,10of10,Chinese,cross_ethnic
1109752.496412072,0.9999830155424887,10of10,Chinese,cross_ethnic
1189534.0673703207,0.9999883894167052,10of10,Chinese,cross_ethnic
1275051.2407130129,0.9999921065879329,10of10,Chinese,cross_ethnic
1366716.3564620046,0.9999946561619714,10of10,Chinese,cross_ethnic
1464971.3983072848,0.9999963939690903,10of10,Chinese,cross_ethnic
1570290.1247293775,0.9999975737375764,10of10,Chinese,cross_ethnic
1683180.353330955,0.9999983730458384,10of10,Chinese,cross_ethnic
1804186.409392072,0.9999989141823471,10of10,Chinese,cross_ethnic
1933891.750455232,0.9999992803223043,10of10,Chinese,cross_ethnic
2072921.77959537,0.9999995276245713,10of10,Chinese,cross_ethnic
2221946.8609395237,0.9999996939550995,10of10,Chinese,cross_ethnic
2381685.5519761606,0.9999998049602592,10of10,Chinese,cross_ethnic
2552908.0682395166,0.999999878161916,10of10,Chinese,cross_ethnic
2736439.9970746664,0.9999999256488638,10of10,Chinese,cross_ethnic
2933166.2783900425,0.9999999558203709,10of10,Chinese,cross_ethnic
3144035.4715915,0.999999974517974,10of10,Chinese,cross_ethnic
3370064.3292719247,0.9999999857761286,10of10,Chinese,cross_ethnic
3612342.6997094303,0.9999999923388816,10of10,Chinese,cross_ethnic
3872038.781812557,0.9999999960301524,10of10,Chinese,cross_ethnic
4150404.7578504723,0.9999999980268832,10of10,Chinese,cross_ethnic
4448782.831127585,0.9999999990622879,10of10,Chinese,cross_ethnic
4768611.697714474,0.9999999995752872,10of10,Chinese,cross_ethnic
5111433.483440165,0.9999999998173097,10of10,Chinese,cross_ethnic
5478901.179593934,0.9999999999256441,10of10,Chinese,cross_ethnic
5872786.613189477,0.9999999999714789,10of10,Chinese,cross_ethnic
6294988.990221888,0.9999999999897338,10of10,Chinese,cross_ethnic
6747544.053110686,0.9999999999965481,10of10,Chinese,cross_ethnic
7232633.896483534,0.9999999999989212,10of10,Chinese,cross_ethnic
7752597.488629464,0.9999999999996884,10of10,Chinese,cross_ethnic
8309941.949353387,0.9999999999999174,10of10,Chinese,cross_ethnic
8907354.63861044,0.9999999999999801,10of10,Chinese,cross_ethnic
9547716.114208067,0.9999999999999958,10of10,Chinese,cross_ethnic
10234114.021054527,0.9999999999999993,10of10,Chinese,cross_ethnic
10969857.97892384,1.0,10of10,Chinese,cross_ethnic
11758495.540521558,1.0,10of10,Chinese,cross_ethnic
12603829.296797274,1.0,10of10,Chinese,cross_ethnic
13509935.211980252,1.0,10of10,Chinese,cross_ethnic
14481182.27674533,1.0,10of10,Chinese,cross_ethnic
15522253.57427048,1.0,10of10,Chinese,cross_ethnic
16638168.860761274,1.0,10of10,Chinese,cross_ethnic
17834308.769319095,1.0,10of10,Chinese,cross_ethnic
19116440.753856998,1.0,10of10,Chinese,cross_ethnic
20490746.89815846,1.0,10of10,Chinese,cross_ethnic
21963853.72416547,1.0,10of10,Chinese,cross_ethnic
23542864.143224154,1.0,10of10,Chinese,cross_ethnic
25235391.70434766,1.0,10of10,Chinese,cross_ethnic
27049597.304631315,1.0,10of10,Chinese,cross_ethnic
28994228.538828753,1.0,10of10,Chinese,cross_ethnic
31078661.877820138,1.0,10of10,Chinese,cross_ethnic
33312947.879346702,1.0,10of10,Chinese,cross_ethnic
35707859.64900462,1.0,10of10,Chinese,cross_ethnic
38274944.785163075,1.0,10of10,Chinese,cross_ethnic
41026581.0582719,1.0,10of10,Chinese,cross_ethnic
43976036.09302721,1.0,10of10,Chinese,cross_ethnic
47137531.34116719,1.0,10of10,Chinese,cross_ethnic
50526310.6533568,1.0,10of10,Chinese,cross_ethnic
54158713.78079465,1.0,10of10,Chinese,cross_ethnic
58052255.160948955,1.0,10of10,Chinese,cross_ethnic
62225708.36730231,1.0,10of10,Chinese,cross_ethnic
66699196.63030115,1.0,10of10,Chinese,cross_ethnic
71494289.86597577,1.0,10of10,Chinese,cross_ethnic
76634108.68007447,1.0,10of10,Chinese,cross_ethnic
82143435.84919421,1.0,10of10,Chinese,cross_ethnic
88048835.81643465,1.0,10of10,Chinese,cross_ethnic
94378782.77775371,1.0,10of10,Chinese,cross_ethnic
101163797.9766207,1.0,10of10,Chinese,cross_ethnic
108436596.86896087,1.0,10of10,Chinese,cross_ethnic
116232246.86798495,1.0,10of10,Chinese,cross_ethnic
124588336.42950082,1.0,10of10,Chinese,cross_ethnic
133545156.29298975,1.0,10of10,Chinese,cross_ethnic
143145893.75234815,1.0,10of10,Chinese,cross_ethnic
153436840.89300132,1.0,10of10,Chinese,cross_ethnic
164467617.79946628,1.0,10of10,Chinese,cross_ethnic
176291411.80959442,1.0,10of10,Chinese,cross_ethnic
188965233.96912038,1.0,10of10,Chinese,cross_ethnic
202550193.92306665,1.0,10of10,Chinese,cross_ethnic
217111794.56945008,1.0,10of10,Chinese,cross_ethnic
232720247.8960412,1.0,10of10,Chinese,cross_ethnic
249450813.52303165,1.0,10of10,Chinese,cross_ethnic
267384161.5839944,1.0,10of10,Chinese,cross_ethnic
286606761.69482446,1.0,10of10,Chinese,cross_ethnic
307211299.8861747,1.0,10of10,Chinese,cross_ethnic
329297125.5097148,1.0,10of10,Chinese,cross_ethnic
352970730.27306575,1.0,10of10,Chinese,cross_ethnic
378346261.7131933,1.0,10of10,Chinese,cross_ethnic
405546073.5840828,1.0,10of10,Chinese,cross_ethnic
434701315.8125017,1.0,10of10,Chinese,cross_ethnic
465952566.86646676,1.0,10of10,Chinese,cross_ethnic
499450511.585514,1.0,10of10,Chinese,cross_ethnic
535356667.7410719,1.0,10of10,Chinese,cross_ethnic
573844164.8302405,1.0,10of10,Chinese,cross_ethnic
615098578.8580505,1.0,10of10,Chinese,cross_ethnic
659318827.1333542,1.0,10of10,Chinese,cross_ethnic
706718127.3927476,1.0,10of10,Chinese,cross_ethnic
757525025.8771889,1.0,10of10,Chinese,cross_ethnic
811984499.3184009,1.0,10of10,Chinese,cross_ethnic
870359136.1485183,1.0,10of10,Chinese,cross_ethnic
932930402.6284696,1.0,10of10,Chinese,cross_ethnic
1000000000.0,1.0,10of10,Chinese,cross_ethnic
1000.0,0.40727923416321915,10of10,Malay,same_ethnicity
1071.8913192051275,0.4200564599137411,10of10,Malay,same_ethnicity
1148.9510001873086,0.4329412499993993,10of10,Malay,same_ethnicity
1231.550603292826,0.44592594087731785,10of10,Malay,same_ethnicity
1320.088400831418,0.45900188395240615,10of10,Malay,same_ethnicity
1414.991297434576,0.4721593374571529,10of10,Malay,same_ethnicity
1516.7168884709226,0.4853874026972783,10of10,Malay,same_ethnicity
1625.7556664437934,0.4986740062692042,10of10,Malay,same_ethnicity
1742.6333860096508,0.512005926966787,10of10,Malay,same_ethnicity
1867.9135990207828,0.5253688635023337,10of10,Malay,same_ethnicity
2002.2003718155845,0.5387475370744481,10of10,Malay,same_ethnicity
2146.1411978584038,0.5521258213871321,10of10,Malay,same_ethnicity
2300.430119772917,0.5654868920637629,10of10,Malay,same_ethnicity
2465.811075822604,0.5788133875255029,10of10,Malay,same_ethnicity
2643.0814869741057,0.5920875742387717,10of10,Malay,same_ethnicity
2833.096101839324,0.6052915106099779,10of10,Malay,same_ethnicity
3036.771118035457,0.6184072054794211,10of10,Malay,same_ethnicity
3255.0885998350564,0.6314167688772029,10of10,Malay,same_ethnicity
3489.1012134067737,0.6443025542137915,10of10,Malay,same_ethnicity
3739.937302478798,0.6570472922143462,10of10,Malay,same_ethnicity
4008.8063288984645,0.669634217585032,10of10,Malay,same_ethnicity
4297.00470432084,0.6820471896242338,10of10,Malay,same_ethnicity
4605.922041145103,0.6942708078311433,10of10,Malay,same_ethnicity
4937.047852839004,0.7062905231238018,10of10,Malay,same_ethnicity
5291.978735958442,0.7180927446697128,10of10,Malay,same_ethnicity
5672.426068491977,0.7296649416505178,10of10,Malay,same_ethnicity
6080.224261649421,0.7409957385984264,10of10,Malay,same_ethnicity
6517.339604882421,0.7520750023019928,10of10,Malay,same_ethnicity
6985.879746785249,0.7628939177122449,10of10,Malay,same_ethnicity
7488.103857590023,0.7734450498134592,10of10,Malay,same_ethnicity
8026.4335222571735,0.7837223880905599,10of10,Malay,same_ethnicity
8603.464416684501,0.7937213700768179,10of10,Malay,same_ethnicity
9221.978823334322,0.8034388805644055,10of10,Malay,same_ethnicity
9884.959046625587,0.8128732234725284,10of10,Malay,same_ethnicity
10595.601792776148,0.8220240641441369,10of10,Malay,same_ethnicity
11357.333583431051,0.8308923409983874,10of10,Malay,same_ethnicity
12173.82727739662,0.8394801469668307,10of10,Malay,same_ethnicity
13049.019780144015,0.8477905828955101,10of10,Malay,same_ethnicity
13987.131026472387,0.8558275869622554,10of10,Malay,same_ethnicity
14992.684327860472,0.8635957459667397,10of10,Malay,same_ethnicity
16070.528182616385,0.8711000959200709,10of10,Malay,same_ethnicity
17225.859653987874,0.8783459205243697,10of10,Malay,same_ethnicity
18464.249428955427,0.8853385567554971,10of10,Malay,same_ethnicity
19791.668678535574,0.8920832167508546,10of10,Malay,same_ethnicity
21214.517849106276,0.8985848345165532,10of10,Malay,same_ethnicity
22739.657523579273,0.9048479446189766,10of10,Malay,same_ethnicity
24374.441501222216,0.9108765980926172,10of10,Malay,same_ethnicity
26126.752255633266,0.9166743184220604,10of10,Malay,same_ethnicity
28005.03894183631,0.9222440978429749,10of10,Malay,same_ethnicity
30018.35813575592,0.9275884315972893,10of10,Malay,same_ethnicity
32176.417502507353,0.9327093854237278,10of10,Malay,same_ethnicity
34489.6226040576,0.9376086896918423,10of10,Malay,same_ethnicity
36969.12707195024,0.9422878523586993,10of10,Malay,same_ethnicity
39626.88638701478,0.9467482824195518,10of10,Malay,same_ethnicity
42475.71552536894,0.9509914157214866,10of10,Malay,same_ethnicity
45529.35074866948,0.9550188358151175,10of10,Malay,same_ethnicity
48802.515836544335,0.9588323837799428,10of10,Malay,same_ethnicity
52310.993080562585,0.9624342524938431,10of10,Malay,same_ethnicity
56071.69938205458,0.9658270624482622,10of10,Malay,same_ethnicity
60102.76782070388,0.9690139177826688,10of10,Malay,same_ethnicity
64423.635087213705,0.971998442603918,10of10,Malay,same_ethnicity
69055.13520162331,0.97478479878437,10of10,Malay,same_ethnicity
74019.59996915638,0.9773776872491579,10of10,Malay,same_ethnicity
79340.96665797492,0.9797823352525297,10of10,Malay,same_ethnicity
85044.89341802668,0.982004472319992,10of10,Malay,same_ethnicity
91158.88299750819,0.9840502974380169,10of10,Malay,same_ethnicity
97712.41535346501,0.9859264397695394,10of10,Malay,same_ethnicity
104737.08979594486,0.987639914740071,10of10,Malay,same_ethnicity
112266.77735108136,0.9891980768601076,10of10,Malay,same_ethnicity
120337.78407775905,0.9906085702025491,10of10,Malay,same_ethnicity
128989.02612533081,0.9918792770991681,10of10,Malay,same_ethnicity
138262.21737646536,0.9930182653917049,10of10,Malay,same_ethnicity
148202.070579886,0.9940337344751675,10of10,Malay,same_ethnicity
158856.51294280528,0.9949339603810389,10of10,Malay,same_ethnicity
170276.91722258978,0.9957272402259648,10of10,Malay,same_ethnicity
182518.34943190424,0.9964218364515682,10of10,Malay,same_ethnicity
195639.8343517065,0.9970259213656023,10of10,Malay,same_ethnicity
209704.64013232305,0.997547522543918,10of10,Malay,same_ethnicity
224780.58335487253,0.997994469668406,10of10,Malay,same_ethnicity
240940.35602395269,0.9983743433775174,10of10,Malay,same_ethnicity
258261.87606826748,0.9986944267201949,10of10,Malay,same_ethnicity
276828.6630392061,0.9989616598531458,10of10,Malay,same_ethnicity
296730.24081888725,0.9991825987116306,10of10,Malay,same_ethnicity
318062.5692794119,0.9993633785006651,10of10,Malay,same_ethnicity
340928.50697468076,0.9995096829631216,10of10,Malay,same_ethnicity
365438.30709572544,0.999626720439914,10of10,Malay,same_ethnicity
391710.1490809261,0.9997192077035311,10of10,Malay,same_ethnicity
419870.70844439056,0.9997913623917989,10of10,Malay,same_ethnicity
450055.76757004973,0.9998469045876461,10of10,Malay,same_ethnicity
482410.8704165374,0.9998890676999954,10of10,Malay,same_ethnicity
517092.0242896755,0.9999206183375047,10of10,Malay,same_ethnicity
554266.4520663096,0.9999438843799128,10of10,Malay,same_ethnicity
594113.3984965039,0.9999607899942754,10of10,Malay,same_ethnicity
636824.9944718586,0.9999728959651124,10of10,Malay,same_ethnicity
682607.1834272379,0.99998144344907,10of10,Malay,same_ethnicity
731680.7143427192,0.9999873991537347,10of10,Malay,same_ethnicity
784282.2061337682,0.9999914999883809,10of10,Malay,same_ethnicity
840665.2885618317,0.9999942954355466,10of10,Malay,same_ethnicity
901101.8251665018,0.9999961862222231,10of10,Malay,same_ethnicity
965883.2241158709,0.9999974582881341,10of10,Malay,same_ethnicity
1035321.8432956616,0.999998311505478,10of10,Malay,same_ethnicity
1109752.496412072,0.9999988830460936,10of10,Malay,same_ethnicity
1189534.0673703207,0.9999992656705909,10of10,Malay,same_ethnicity
1275051.2407130129,0.9999995214953317,10of10,Malay,same_ethnicity
1366716.3564620046,0.9999996919613062,10of10,Malay,same_ethnicity
1464971.3983072848,0.9999998047869179,10of10,Malay,same_ethnicity
1570290.1247293775,0.9999998786531155,10of10,Malay,same_ethnicity
1683180.353330955,0.9999999262724634,10of10,Malay,same_ethnicity
1804186.409392072,0.9999999563643758,10of10,Malay,same_ethnicity
1933891.750455232,0.9999999749239868,10of10,Malay,same_ethnicity
2072921.77959537,0.9999999860514843,10of10,Malay,same_ethnicity
2221946.8609395237,0.9999999925127633,10of10,Malay,same_ethnicity
2381685.5519761606,0.9999999961335944,10of10,Malay,same_ethnicity
2552908.0682395166,0.999999998085208,10of10,Malay,same_ethnicity
2736439.9970746664,0.9999999990935531,10of10,Malay,same_ethnicity
2933166.2783900425,0.9999999995912401,10of10,Malay,same_ethnicity
3144035.4715915,0.9999999998250553,10of10,Malay,same_ethnicity
3370064.3292719247,0.999999999929217,10of10,Malay,same_ethnicity
3612342.6997094303,0.99999999997304,10of10,Malay,same_ethnicity
3872038.781812557,0.999999999990377,10of10,Malay,same_ethnicity
4150404.7578504723,0.9999999999967968,10of10,Malay,same_ethnicity
4448782.831127585,0.9999999999990108,10of10,Malay,same_ethnicity
4768611.697714474,0.9999999999997181,10of10,Malay,same_ethnicity
5111433.483440165,0.9999999999999263,10of10,Malay,same_ethnicity
5478901.179593934,0.9999999999999825,10of10,Malay,same_ethnicity
5872786.613189477,0.9999999999999962,10of10,Malay,same_ethnicity
6294988.990221888,0.9999999999999992,10of10,Malay,same_ethnicity
6747544.053110686,0.9999999999999999,10of10,Malay,same_ethnicity
7232633.896483534,1.0,10of10,Malay,same_ethnicity
7752597.488629464,1.0,10of10,Malay,same_ethnicity
8309941.949353387,1.0,10of10,Malay,same_ethnicity
8907354.63861044,1.0,10of10,Malay,same_ethnicity
9547716.114208067,1.0,10of10,Malay,same_ethnicity
10234114.021054527,1.0,10of10,Malay,same_ethnicity
10969857.97892384,1.0,10of10,Malay,same_ethnicity
11758495.540521558,1.0,10of10,Malay,same_ethnicity
12603829.296797274,1.0,10of10,Malay,same_ethnicity
13509935.211980252,1.0,10of10,Malay,same_ethnicity
14481182.27674533,1.0,10of10,Malay,same_ethnicity
15522253.57427048,1.0,10of10,Malay,same_ethnicity
16638168.860761274,1.0,10of10,Malay,same_ethnicity
17834308.769319095,1.0,10of10,Malay,same_ethnicity
19116440.753856998,1.0,10of10,Malay,same_ethnicity
20490746.89815846,1.0,10of10,Malay,same_ethnicity
21963853.72416547,1.0,10of10,Malay,same_ethnicity
23542864.143224154,1.0,10of10,Malay,same_ethnicity
25235391.70434766,1.0,10of10,Malay,same_ethnicity
27049597.304631315,1.0,10of10,Malay,same_ethnicity
28994228.538828753,1.0,10of10,Malay,same_ethnicity
31078661.877820138,1.0,10of10,Malay,same_ethnicity
33312947.879346702,1.0,10of10,Malay,same_ethnicity
35707859.64900462,1.0,10of10,Malay,same_ethnicity
38274944.785163075,1.0,10of10,Malay,same_ethnicity
41026581.0582719,1.0,10of10,Malay,same_ethnicity
43976036.09302721,1.0,10of10,Malay,same_ethnicity
47137531.34116719,1.0,10of10,Malay,same_ethnicity
50526310.6533568,1.0,10of10,Malay,same_ethnicity
54158713.78079465,1.0,10of10,Malay,same_ethnicity
58052255.160948955,1.0,10of10,Malay,same_ethnicity
62225708.36730231,1.0,10of10,Malay,same_ethnicity
66699196.63030115,1.0,10of10,Malay,same_ethnicity
71494289.86597577,1.0,10of10,Malay,same_ethnicity
76634108.68007447,1.0,10of10,Malay,same_ethnicity
82143435.84919421,1.0,10of10,Malay,same_ethnicity
88048835.81643465,1.0,10of10,Malay,same_ethnicity
94378782.77775371,1.0,10of10,Malay,same_ethnicity
101163797.9766207,1.0,10of10,Malay,same_ethnicity
108436596.86896087,1.0,10of10,Malay,same_ethnicity
116232246.86798495,1.0,10of10,Malay,same_ethnicity
124588336.42950082,1.0,10of10,Malay,same_ethnicity
133545156.29298975,1.0,10of10,Malay,same_ethnicity
143145893.75234815,1.0,10of10,Malay,same_ethnicity
153436840.89300132,1.0,10of10,Malay,same_ethnicity
164467617.79946628,1.0,10of10,Malay,same_ethnicity
176291411.80959442,1.0,10of10,Malay,same_ethnicity
188965233.96912038,1.0,10of10,Malay,same_ethnicity
202550193.92306665,1.0,10of10,Malay,same_ethnicity
217111794.56945008,1.0,10of10,Malay,same_ethnicity
232720247.8960412,1.0,10of10,Malay,same_ethnicity
249450813.52303165,1.0,10of10,Malay,same_ethnicity
267384161.5839944,1.0,10of10,Malay,same_ethnicity
286606761.69482446,1.0,10of10,Malay,same_ethnicity
307211299.8861747,1.0,10of10,Malay,same_ethnicity
329297125.5097148,1.0,10of10,Malay,same_ethnicity
352970730.27306575,1.0,10of10,Malay,same_ethnicity
378346261.7131933,1.0,10of10,Malay,same_ethnicity
405546073.5840828,1.0,10of10,Malay,same_ethnicity
434701315.8125017,1.0,10of10,Malay,same_ethnicity
465952566.86646676,1.0,10of10,Malay,same_ethnicity
499450511.585514,1.0,10of10,Malay,same_ethnicity
535356667.7410719,1.0,10of10,Malay,same_ethnicity
573844164.8302405,1.0,10of10,Malay,same_ethnicity
615098578.8580505,1.0,10of10,Malay,same_ethnicity
659318827.1333542,1.0,10of10,Malay,same_ethnicity
706718127.3927476,1.0,10of10,Malay,same_ethnicity
757525025.8771889,1.0,10of10,Malay,same_ethnicity
811984499.3184009,1.0,10of10,Malay,same_ethnicity
870359136.1485183,1.0,10of10,Malay,same_ethnicity
932930402.6284696,1.0,10of10,Malay,same_ethnicity
1000000000.0,1.0,10of10,Malay,same_ethnicity
1000.0,0.10877850245347577,10of10,Malay,cross_ethnic
1071.8913192051275,0.11364914664176043,10of10,Malay,cross_ethnic
1148.9510001873086,0.11867298831680255,10of10,Malay,cross_ethnic
1231.550603292826,0.12385110821027,10of10,Malay,cross_ethnic
1320.088400831418,0.1291844538017033,10of10,Malay,cross_ethnic
1414.991297434576,0.13467385703571874,10of10,Malay,cross_ethnic
1516.7168884709226,0.1403200501680649,10of10,Malay,cross_ethnic
1625.7556664437934,0.14612367818310365,10of10,Malay,cross_ethnic
1742.6333860096508,0.15208530641335394,10of10,Malay,cross_ethnic
1867.9135990207828,0.15820542226464357,10of10,Malay,cross_ethnic
2002.2003718155845,0.16448443032127247,10of10,Malay,cross_ethnic
2146.1411978584038,0.17092264058958578,10of10,Malay,cross_ethnic
2300.430119772917,0.17752025023634965,10of10,Malay,cross_ethnic
2465.811075822604,0.18427731985992954,10of10,Malay,cross_ethnic
2643.0814869741057,0.19119374602627717,10of10,Malay,cross_ethnic
2833.096101839324,0.19826923240003883,10of10,Malay,cross_ethnic
3036.771118035457,0.20550326217822054,10of10,Malay,cross_ethnic
3255.0885998350564,0.21289507457812454,10of10,Malay,cross_ethnic
3489.1012134067737,0.2204436477789681,10of10,Malay,cross_ethnic
3739.937302478798,0.22814768997807575,10of10,Malay,cross_ethnic
4008.8063288984645,0.23600563919079778,10of10,Malay,cross_ethnic
4297.00470432084,0.24401567126028298,10of10,Malay,cross_ethnic
4605.922041145103,0.25217571444591586,10of10,Malay,cross_ethnic
4937.047852839004,0.26048346811425127,10of10,Malay,cross_ethnic
5291.978735958442,0.2689364225960976,10of10,Malay,cross_ethnic
5672.426068491977,0.27753187724711503,10of10,Malay,cross_ethnic
6080.224261649421,0.28626695411730785,10of10,Malay,cross_ethnic
6517.339604882421,0.29513860528864416,10of10,Malay,cross_ethnic
6985.879746785249,0.30414361274049717,10of10,Malay,cross_ethnic
7488.103857590023,0.31327858042266377,10of10,Malay,cross_ethnic
8026.4335222571735,0.3225399189731193,10of10,Malay,cross_ethnic
8603.464416684501,0.3319238241855217,10of10,Malay,cross_ethnic
9221.978823334322,0.34142625092386186,10of10,Malay,cross_ethnic
9884.959046625587,0.3510428847209696,10of10,Malay,cross_ethnic
10595.601792776148,0.36076911377877624,10of10,Malay,cross_ethnic
11357.333583431051,0.3706000044563783,10of10,Malay,cross_ethnic
12173.82727739662,0.38053028348503204,10of10,Malay,cross_ethnic
13049.019780144015,0.39055432996791734,10of10,Malay,cross_ethnic
13987.131026472387,0.40066617961687806,10of10,Malay,cross_ethnic
14992.684327860472,0.41085954263484065,10of10,Malay,cross_ethnic
16070.528182616385,0.4211278352624561,10of10,Malay,cross_ethnic
17225.859653987874,0.4314642234641026,10of10,Malay,cross_ethnic
18464.249428955427,0.44186167579084745,10of10,Malay,cross_ethnic
19791.668678535574,0.4523130213895663,10of10,Malay,cross_ethnic
21214.517849106276,0.46281100862682323,10of10,Malay,cross_ethnic
22739.657523579273,0.47334835994320457,10of10,Malay,cross_ethnic
24374.441501222216,0.48391781928779903,10of10,Malay,cross_ethnic
26126.752255633266,0.4945121896214992,10of10,Malay,cross_ethnic
28005.03894183631,0.5051243592729482,10of10,Malay,cross_ethnic
30018.35813575592,0.51574731713842,10of10,Malay,cross_ethnic
32176.417502507353,0.526374157661979,10of10,Malay,cross_ethnic
34489.6226040576,0.5369980771449603,10of10,Malay,cross_ethnic
36969.12707195024,0.5476123632459239,10of10,Malay,cross_ethnic
39626.88638701478,0.5582103796404225,10of10,Malay,cross_ethnic
42475.71552536894,0.5687855478223612,10of10,Malay,cross_ethnic
45529.35074866948,0.5793313280175166,10of10,Malay,cross_ethnic
48802.515836544335,0.5898412011557542,10of10,Malay,cross_ethnic
52310.993080562585,0.600308653766963,10of10,Malay,cross_ethnic
56071.69938205458,0.6107271674560294,10of10,Malay,cross_ethnic
60102.76782070388,0.6210902142185334,10of10,Malay,cross_ethnic
64423.635087213705,0.6313912582745378,10of10,Malay,cross_ethnic
69055.13520162331,0.6416237643801349,10of10,Malay,cross_ethnic
74019.59996915638,0.6517812118376141,10of10,Malay,cross_ethnic
79340.96665797492,0.6618571128031453,10of10,Malay,cross_ethnic
85044.89341802668,0.6718450331105871,10of10,Malay,cross_ethnic
91158.88299750819,0.6817386137679542,10of10,Malay,cross_ethnic
97712.41535346501,0.6915315915457482,10of10,Malay,cross_ethnic
104737.08979594486,0.7012178175979814,10of10,Malay,cross_ethnic
112266.77735108136,0.7107912737153282,10of10,Malay,cross_ethnic
120337.78407775905,0.7202460864567705,10of10,Malay,cross_ethnic
128989.02612533081,0.7295765399015343,10of10,Malay,cross_ethnic
138262.21737646536,0.738777088008925,10of10,Malay,cross_ethnic
148202.070579886,0.7478423675368154,10of10,Malay,cross_ethnic
158856.51294280528,0.7567672121895,10of10,Malay,cross_ethnic
170276.91722258978,0.765546668243027,10of10,Malay,cross_ethnic
182518.34943190424,0.7741760114636963,10of10,Malay,cross_ethnic
195639.8343517065,0.782650764818024,10of10,Malay,cross_ethnic
209704.64013232305,0.7909667163478249,10of10,Malay,cross_ethnic
224780.58335487253,0.7991199366583396,10of10,Malay,cross_ethnic
240940.35602395269,0.8071067956751025,10of10,Malay,cross_ethnic
258261.87606826748,0.8149239785554555,10of10,Malay,cross_ethnic
276828.6630392061,0.8225685007791604,10of10,Malay,cross_ethnic
296730.24081888725,0.8300377224157752,10of10,Malay,cross_ethnic
318062.5692794119,0.8373293613680857,10of10,Malay,cross_ethnic
340928.50697468076,0.8444415050831643,10of10,Malay,cross_ethnic
365438.30709572544,0.8513726199115728,10of10,Malay,cross_ethnic
391710.1490809261,0.8581215570906126,10of10,Malay,cross_ethnic
419870.70844439056,0.8646875543038223,10of10,Malay,cross_ethnic
450055.76757004973,0.871070231941619,10of10,Malay,cross_ethnic
482410.8704165374,0.8772695835136232,10of10,Malay,cross_ethnic
517092.0242896755,0.8832859600611932,10of10,Malay,cross_ethnic
554266.4520663096,0.8891200488048897,10of10,Malay,cross_ethnic
594113.3984965039,0.8947728465793092,10of10,Malay,cross_ethnic
636824.9944718586,0.900245628843367,10of10,Malay,cross_ethnic
682607.1834272379,0.9055399152316852,10of10,Malay,cross_ethnic
731680.7143427192,0.9106574327713783,10of10,Malay,cross_ethnic
784282.2061337682,0.9156000780535497,10of10,Malay,cross_ethnic
840665.2885618317,0.9203698798112856,10of10,Malay,cross_ethnic
901101.8251665018,0.9249689634705425,10of10,Malay,cross_ethnic
965883.2241158709,0.9293995192431993,10of10,Malay,cross_ethnic
1035321.8432956616,0.9336637751701647,10of10,Malay,cross_ethnic
1109752.496412072,0.9377639761833285,10of10,Malay,cross_ethnic
1189534.0673703207,0.941702369776789,10of10,Malay,cross_ethnic
1275051.2407130129,0.9454811983415898,10of10,Malay,cross_ethnic
1366716.3564620046,0.9491026977226599,10of10,Malay,cross_ethnic
1464971.3983072848,0.9525691011850208,10of10,Malay,cross_ethnic
1570290.1247293775,0.9558826477719493,10of10,Malay,cross_ethnic
1683180.353330955,0.959045593996063,10of10,Malay,cross_ethnic
1804186.409392072,0.9620602278823139,10of10,Malay,cross_ethnic
1933891.750455232,0.964928884519222,10of10,Malay,cross_ethnic
2072921.77959537,0.9676539624160584,10of10,Malay,cross_ethnic
2221946.8609395237,0.9702379400739839,10of10,Malay,cross_ethnic
2381685.5519761606,0.9726833922481042,10of10,Malay,cross_ethnic
2552908.0682395166,0.9749930054143432,10of10,Malay,cross_ethnic
2736439.9970746664,0.9771695919787022,10of10,Malay,cross_ethnic
2933166.2783900425,0.9792161027950587,10of10,Malay,cross_ethnic
3144035.4715915,0.9811356376024013,10of10,Malay,cross_ethnic
3370064.3292719247,0.9829314530560027,10of10,Malay,cross_ethnic
3612342.6997094303,0.9846069681054717,10of10,Malay,cross_ethnic
3872038.781812557,0.9861657665584309,10of10,Malay,cross_ethnic
4150404.7578504723,0.9876115967533318,10of10,Malay,cross_ethnic
4448782.831127585,0.9889483683408231,10of10,Malay,cross_ethnic
4768611.697714474,0.9901801462336624,10of10,Malay,cross_ethnic
5111433.483440165,0.991311141826265,10of10,Malay,cross_ethnic
5478901.179593934,0.9923457016065472,10of10,Malay,cross_ethnic
5872786.613189477,0.9932882932900712,10of10,Malay,cross_ethnic
6294988.990221888,0.9941434896102911,10of10,Malay,cross_ethnic
6747544.053110686,0.9949159499119163,10of10,Malay,cross_ethnic
7232633.896483534,0.9956103997272284,10of10,Malay,cross_ethnic
7752597.488629464,0.996231608569476,10of10,Malay,cross_ethnic
8309941.949353387,0.996784366243875,10of10,Malay,cross_ethnic
8907354.63861044,0.9972734580367315,10of10,Malay,cross_ethnic
9547716.114208067,0.9977036391758989,10of10,Malay,cross_ethnic
10234114.021054527,0.9980796089473545,10of10,Malay,cross_ethnic
10969857.97892384,0.9984059848041136,10of10,Malay,cross_ethnic
11758495.540521558,0.9986872767330519,10of10,Malay,cross_ethnic
12603829.296797274,0.9989278620828518,10of10,Malay,cross_ethnic
13509935.211980252,0.999131961034201,10of10,Malay,cross_ethnic
14481182.27674533,0.9993036129328265,10of10,Malay,cross_ethnic
15522253.57427048,0.9994466538080861,10of10,Malay,cross_ethnic
16638168.860761274,0.9995646955433949,10of10,Malay,cross_ethnic
17834308.769319095,0.9996611073113123,10of10,Malay,cross_ethnic
19116440.753856998,0.9997389999916171,10of10,Malay,cross_ethnic
20490746.89815846,0.9998012143184489,10of10,Malay,cross_ethnic
21963853.72416547,0.9998503134332766,10of10,Malay,cross_ethnic
23542864.143224154,0.9998885803562917,10of10,Malay,cross_ethnic
25235391.70434766,0.9999180206505549,10of10,Malay,cross_ethnic
27049597.304631315,0.9999403702726808,10of10,Malay,cross_ethnic
28994228.538828753,0.9999571083149906,10of10,Malay,cross_ethnic
31078661.877820138,0.9999694740761569,10of10,Malay,cross_ethnic
33312947.879346702,0.9999784876720328,10of10,Malay,cross_ethnic
35707859.64900462,0.999984973230188,10of10,Malay,cross_ethnic
38274944.785163075,0.9999895836104491,10of10,Malay,cross_ethnic
41026581.0582719,0.9999928255661266,10of10,Malay,cross_ethnic
43976036.09302721,0.999995084309846,10of10,Malay,cross_ethnic
47137531.34116719,0.9999966465717202,10of10,Malay,cross_ethnic
50526310.6533568,0.9999977214257325,10of10,Malay,cross_ethnic
54158713.78079465,0.9999984583934189,10of10,Malay,cross_ethnic
58052255.160948955,0.9999989625855846,10of10,Malay,cross_ethnic
62225708.36730231,0.9999993068831093,10of10,Malay,cross_ethnic
66699196.63030115,0.9999995413597194,10of10,Malay,cross_ethnic
71494289.86597577,0.9999997002936506,10of10,Malay,cross_ethnic
76634108.68007447,0.9999998071934119,10of10,Malay,cross_ethnic
82143435.84919421,0.9999998782789795,10of10,Malay,cross_ethnic
88048835.81643465,0.9999999248265673,10of10,Malay,cross_ethnic
94378782.77775371,0.9999999547204724,10of10,Malay,cross_ethnic
101163797.9766207,0.9999999734777126,10of10,Malay,cross_ethnic
108436596.86896087,0.9999999849352749,10of10,Malay,cross_ethnic
116232246.86798495,0.9999999917255892,10of10,Malay,cross_ethnic
124588336.42950082,0.9999999956175992,10of10,Malay,cross_ethnic
133545156.29298975,0.9999999977683683,10of10,Malay,cross_ethnic
143145893.75234815,0.999999998910712,10of10,Malay,cross_ethnic
153436840.89300132,0.9999999994919997,10of10,Malay,cross_ethnic
164467617.79946628,0.9999999997744327,10of10,Malay,cross_ethnic
176291411.80959442,0.9999999999049933,10of10,Malay,cross_ethnic
188965233.96912038,0.9999999999621952,10of10,Malay,cross_ethnic
202550193.92306665,0.9999999999858498,10of10,Malay,cross_ethnic
217111794.56945008,0.9999999999950412,10of10,Malay,cross_ethnic
232720247.8960412,0.9999999999983811,10of10,Malay,cross_ethnic
249450813.52303165,0.9999999999995103,10of10,Malay,cross_ethnic
267384161.5839944,0.9999999999998636,10of10,Malay,cross_ethnic
286606761.69482446,0.9999999999999651,10of10,Malay,cross_ethnic
307211299.8861747,0.9999999999999919,10of10,Malay,cross_ethnic
329297125.5097148,0.9999999999999982,10of10,Malay,cross_ethnic
352970730.27306575,0.9999999999999997,10of10,Malay,cross_ethnic
378346261.7131933,0.9999999999999999,10of10,Malay,cross_ethnic
405546073.5840828,1.0,10of10,Malay,cross_ethnic
434701315.8125017,1.0,10of10,Malay,cross_ethnic
465952566.86646676,1.0,10of10,Malay,cross_ethnic
499450511.585514,1.0,10of10,Malay,cross_ethnic
535356667.7410719,1.0,10of10,Malay,cross_ethnic
573844164.8302405,1.0,10of10,Malay,cross_ethnic
615098578.8580505,1.0,10of10,Malay,cross_ethnic
659318827.1333542,1.0,10of10,Malay,cross_ethnic
706718127.3927476,1.0,10of10,Malay,cross_ethnic
757525025.8771889,1.0,10of10,Malay,cross_ethnic
811984499.3184009,1.0,10of10,Malay,cross_ethnic
870359136.1485183,1.0,10of10,Malay,cross_ethnic
932930402.6284696,1.0,10of10,Malay,cross_ethnic
1000000000.0,1.0,10of10,Malay,cross_ethnic
1000.0,0.3165933280966031,10of10,Indian,same_ethnicity
1071.8913192051275,0.32840417707892644,10of10,Indian,same_ethnicity
1148.9510001873086,0.3404328266864881,10of10,Indian,same_ethnicity
1231.550603292826,0.3526697200151876,10of10,Indian,same_ethnicity
1320.088400831418,0.36510441836532653,10of10,Indian,same_ethnicity
1414.991297434576,0.37772565766331406,10of10,Indian,same_ethnicity
1516.7168884709226,0.39052141262963075,10of10,Indian,same_ethnicity
1625.7556664437934,0.40347896784835524,10of10,Indian,same_ethnicity
1742.6333860096508,0.4165849949059769,10of10,Indian,same_ethnicity
1867.9135990207828,0.4298256346053576,10of10,Indian,same_ethnicity
2002.2003718155845,0.44318658301107755,10of10,Indian,same_ethnicity
2146.1411978584038,0.45665317986622594,10of10,Indian,same_ethnicity
2300.430119772917,0.47021049784675256,10of10,Indian,same_ethnicity
2465.811075822604,0.4838434312388533,10of10,Indian,same_ethnicity
2643.0814869741057,0.4975367829052628,10of10,Indian,same_ethnicity
2833.096101839324,0.511275348737461,10of10,Indian,same_ethnicity
3036.771118035457,0.5250439990214991,10of10,Indian,same_ethnicity
3255.0885998350564,0.5388277561398844,10of10,Indian,same_ethnicity
3489.1012134067737,0.5526118677256955,10of10,Indian,same_ethnicity
3739.937302478798,0.5663818738155508,10of10,Indian,same_ethnicity
4008.8063288984645,0.5801236658529492,10of10,Indian,same_ethnicity
4297.00470432084,0.5938235347741149,10of10,Indian,same_ethnicity
4605.922041145103,0.607468205073271,10of10,Indian,same_ethnicity
4937.047852839004,0.6210448518514147,10of10,Indian,same_ethnicity
5291.978735958442,0.634541098469945,10of10,Indian,same_ethnicity
5672.426068491977,0.6479449935212871,10of10,Indian,same_ethnicity
6080.224261649421,0.6612449672654016,10of10,Indian,same_ethnicity
6517.339604882421,0.6744297692786361,10of10,Indian,same_ethnicity
6985.879746785249,0.68748839061865,10of10,Indian,same_ethnicity
7488.103857590023,0.7004099751474778,10of10,Indian,same_ethnicity
8026.4335222571735,0.7131837256433502,10of10,Indian,same_ethnicity
8603.464416684501,0.7257988108958754,10of10,Indian,same_ethnicity
9221.978823334322,0.7382442800931792,10of10,Indian,same_ethnicity
9884.959046625587,0.7505089904825076,10of10,Indian,same_ethnicity
10595.601792776148,0.7625815535477932,10of10,Indian,same_ethnicity
11357.333583431051,0.7744503038456388,10of10,Indian,same_ethnicity
12173.82727739662,0.7861032932444346,10of10,Indian,same_ethnicity
13049.019780144015,0.7975283117224918,10of10,Indian,same_ethnicity
13987.131026472387,0.8087129342418489,10of10,Indian,same_ethnicity
14992.684327860472,0.8196445916979106,10of10,Indian,same_ethnicity
16070.528182616385,0.8303106627306045,10of10,Indian,same_ethnicity
17225.859653987874,0.8406985824170633,10of10,Indian,same_ethnicity
18464.249428955427,0.8507959636230589,10of10,Indian,same_ethnicity
19791.668678535574,0.8605907270440236,10of10,Indian,same_ethnicity
21214.517849106276,0.8700712365868258,10of10,Indian,same_ethnicity
22739.657523579273,0.8792264375249722,10of10,Indian,same_ethnicity
24374.441501222216,0.8880459955723441,10of10,Indian,same_ethnicity
26126.752255633266,0.8965204354701928,10of10,Indian,same_ethnicity
28005.03894183631,0.9046412777622027,10of10,Indian,same_ethnicity
30018.35813575592,0.9124011721482262,10of10,Indian,same_ethnicity
32176.417502507353,0.9197940252664851,10of10,Indian,same_ethnicity
34489.6226040576,0.9268151201287474,10of10,Indian,same_ethnicity
36969.12707195024,0.9334612239070276,10of10,Indian,same_ethnicity
39626.88638701478,0.9397306804901013,10of10,Indian,same_ethnicity
42475.71552536894,0.9456234842717419,10of10,Indian,same_ethnicity
45529.35074866948,0.9511413320038214,10of10,Indian,same_ethnicity
48802.515836544335,0.9562876501907577,10of10,Indian,same_ethnicity
52310.993080562585,0.9610675963297234,10of10,Indian,same_ethnicity
56071.69938205458,0.9654880332214467,10of10,Indian,same_ethnicity
60102.76782070388,0.9695574765115403,10of10,Indian,same_ethnicity
64423.635087213705,0.9732860165145307,10of10,Indian,same_ethnicity
69055.13520162331,0.9766852161797217,10of10,Indian,same_ethnicity
74019.59996915638,0.9797679877422218,10of10,Indian,same_ethnicity
79340.96665797492,0.9825484511237396,10of10,Indian,same_ethnicity
85044.89341802668,0.9850417774645001,10of10,Indian,same_ethnicity
91158.88299750819,0.9872640212487802,10of10,Indian,same_ethnicity
97712.41535346501,0.9892319443294861,10of10,Indian,same_ethnicity
104737.08979594486,0.9909628348040398,10of10,Indian,same_ethnicity
112266.77735108136,0.9924743232353352,10of10,Indian,same_ethnicity
120337.78407775905,0.9937841982739839,10of10,Indian,same_ethnicity
128989.02612533081,0.9949102234534322,10of10,Indian,same_ethnicity
138262.21737646536,0.9958699568978564,10of10,Indian,same_ethnicity
148202.070579886,0.996680575939064,10of10,Indian,same_ethnicity
158856.51294280528,0.9973587091363094,10of10,Indian,same_ethnicity
170276.91722258978,0.9979202788099448,10of10,Indian,same_ethnicity
182518.34943190424,0.9983803577666113,10of10,Indian,same_ethnicity
195639.8343517065,0.9987530442341593,10of10,Indian,same_ethnicity
209704.64013232305,0.9990513589982495,10of10,Indian,same_ethnicity
224780.58335487253,0.9992871682661826,10of10,Indian,same_ethnicity
240940.35602395269,0.9994711348838223,10of10,Indian,same_ethnicity
258261.87606826748,0.9996126992796712,10of10,Indian,same_ethnicity
276828.6630392061,0.9997200900406505,10of10,Indian,same_ethnicity
296730.24081888725,0.9998003624964277,10of10,Indian,same_ethnicity
318062.5692794119,0.9998594622604513,10of10,Indian,same_ethnicity
340928.50697468076,0.9999023094803287,10of10,Indian,same_ethnicity
365438.30709572544,0.9999328986868178,10of10,Indian,same_ethnicity
391710.1490809261,0.9999544086588803,10of10,Indian,same_ethnicity
419870.70844439056,0.9999693166622001,10of10,Indian,same_ethnicity
450055.76757004973,0.999979511754023,10of10,Indian,same_ethnicity
482410.8704165374,0.9999864025284773,10of10,Indian,same_ethnicity
517092.0242896755,0.9999910156250583,10of10,Indian,same_ethnicity
554266.4520663096,0.9999940824372242,10of10,Indian,same_ethnicity
594113.3984965039,0.9999961126234733,10of10,Indian,same_ethnicity
636824.9944718586,0.9999974541250392,10of10,Indian,same_ethnicity
682607.1834272379,0.999998340332093,10of10,Indian,same_ethnicity
731680.7143427192,0.9999989257420397,10of10,Indian,same_ethnicity
784282.2061337682,0.9999993118845485,10of10,Indian,same_ethnicity
840665.2885618317,0.9999995654539358,10of10,Indian,same_ethnicity
901101.8251665018,0.9999997305306815,10of10,Indian,same_ethnicity
965883.2241158709,0.9999998365537157,10of10,Indian,same_ethnicity
1035321.8432956616,0.9999999033955179,10of10,Indian,same_ethnicity
1109752.496412072,0.9999999445591314,10of10,Indian,same_ethnicity
1189534.0673703207,0.9999999692100041,10of10,Indian,same_ethnicity
1275051.2407130129,0.9999999835057747,10of10,Indian,same_ethnicity
1366716.3564620046,0.9999999915038397,10of10,Indian,same_ethnicity
1464971.3983072848,0.9999999958052392,10of10,Indian,same_ethnicity
1570290.1247293775,0.9999999980212921,10of10,Indian,same_ethnicity
1683180.353330955,0.9999999991112316,10of10,Indian,same_ethnicity
1804186.409392072,0.999999999621213,10of10,Indian,same_ethnicity
1933891.750455232,0.999999999847393,10of10,Indian,same_ethnicity
2072921.77959537,0.9999999999421116,10of10,Indian,same_ethnicity
2221946.8609395237,0.9999999999794132,10of10,Indian,same_ethnicity
2381685.5519761606,0.9999999999931677,10of10,Indian,same_ethnicity
2552908.0682395166,0.9999999999978944,10of10,Indian,same_ethnicity
2736439.9970746664,0.9999999999994005,10of10,Indian,same_ethnicity
2933166.2783900425,0.9999999999998431,10of10,Indian,same_ethnicity
3144035.4715915,0.9999999999999625,10of10,Indian,same_ethnicity
3370064.3292719247,0.9999999999999918,10of10,Indian,same_ethnicity
3612342.6997094303,0.9999999999999982,10of10,Indian,same_ethnicity
3872038.781812557,0.9999999999999996,10of10,Indian,same_ethnicity
4150404.7578504723,0.9999999999999998,10of10,Indian,same_ethnicity
4448782.831127585,0.9999999999999998,10of10,Indian,same_ethnicity
4768611.697714474,0.9999999999999998,10of10,Indian,same_ethnicity
5111433.483440165,0.9999999999999998,10of10,Indian,same_ethnicity
5478901.179593934,0.9999999999999998,10of10,Indian,same_ethnicity
5872786.613189477,0.9999999999999998,10of10,Indian,same_ethnicity
6294988.990221888,0.9999999999999998,10of10,Indian,same_ethnicity
6747544.053110686,0.9999999999999998,10of10,Indian,same_ethnicity
7232633.896483534,0.9999999999999998,10of10,Indian,same_ethnicity
7752597.488629464,0.9999999999999998,10of10,Indian,same_ethnicity
8309941.949353387,0.9999999999999998,10of10,Indian,same_ethnicity
8907354.63861044,0.9999999999999998,10of10,Indian,same_ethnicity
9547716.114208067,0.9999999999999998,10of10,Indian,same_ethnicity
10234114.021054527,0.9999999999999998,10of10,Indian,same_ethnicity
10969857.97892384,0.9999999999999998,10of10,Indian,same_ethnicity
11758495.540521558,0.9999999999999998,10of10,Indian,same_ethnicity
12603829.296797274,0.9999999999999998,10of10,Indian,same_ethnicity
13509935.211980252,0.9999999999999998,10of10,Indian,same_ethnicity
14481182.27674533,0.9999999999999998,10of10,Indian,same_ethnicity
15522253.57427048,0.9999999999999998,10of10,Indian,same_ethnicity
16638168.860761274,0.9999999999999998,10of10,Indian,same_ethnicity
17834308.769319095,0.9999999999999998,10of10,Indian,same_ethnicity
19116440.753856998,0.9999999999999998,10of10,Indian,same_ethnicity
20490746.89815846,0.9999999999999998,10of10,Indian,same_ethnicity
21963853.72416547,0.9999999999999998,10of10,Indian,same_ethnicity
23542864.143224154,0.9999999999999998,10of10,Indian,same_ethnicity
25235391.70434766,0.9999999999999998,10of10,Indian,same_ethnicity
27049597.304631315,0.9999999999999998,10of10,Indian,same_ethnicity
28994228.538828753,0.9999999999999998,10of10,Indian,same_ethnicity
31078661.877820138,0.9999999999999998,10of10,Indian,same_ethnicity
33312947.879346702,0.9999999999999998,10of10,Indian,same_ethnicity
35707859.64900462,0.9999999999999998,10of10,Indian,same_ethnicity
38274944.785163075,0.9999999999999998,10of10,Indian,same_ethnicity
41026581.0582719,0.9999999999999998,10of10,Indian,same_ethnicity
43976036.09302721,0.9999999999999998,10of10,Indian,same_ethnicity
47137531.34116719,0.9999999999999998,10of10,Indian,same_ethnicity
50526310.6533568,0.9999999999999998,10of10,Indian,same_ethnicity
54158713.78079465,0.9999999999999998,10of10,Indian,same_ethnicity
58052255.160948955,0.9999999999999998,10of10,Indian,same_ethnicity
62225708.36730231,0.9999999999999998,10of10,Indian,same_ethnicity
66699196.63030115,0.9999999999999998,10of10,Indian,same_ethnicity
71494289.86597577,0.9999999999999998,10of10,Indian,same_ethnicity
76634108.68007447,0.9999999999999998,10of10,Indian,same_ethnicity
82143435.84919421,0.9999999999999998,10of10,Indian,same_ethnicity
88048835.81643465,0.9999999999999998,10of10,Indian,same_ethnicity
94378782.77775371,0.9999999999999998,10of10,Indian,same_ethnicity
101163797.9766207,0.9999999999999998,10of10,Indian,same_ethnicity
108436596.86896087,0.9999999999999998,10of10,Indian,same_ethnicity
116232246.86798495,0.9999999999999998,10of10,Indian,same_ethnicity
124588336.42950082,0.9999999999999998,10of10,Indian,same_ethnicity
133545156.29298975,0.9999999999999998,10of10,Indian,same_ethnicity
143145893.75234815,0.9999999999999998,10of10,Indian,same_ethnicity
153436840.89300132,0.9999999999999998,10of10,Indian,same_ethnicity
164467617.79946628,0.9999999999999998,10of10,Indian,same_ethnicity
176291411.80959442,0.9999999999999998,10of10,Indian,same_ethnicity
188965233.96912038,0.9999999999999998,10of10,Indian,same_ethnicity
202550193.92306665,0.9999999999999998,10of10,Indian,same_ethnicity
217111794.56945008,0.9999999999999998,10of10,Indian,same_ethnicity
232720247.8960412,0.9999999999999998,10of10,Indian,same_ethnicity
249450813.52303165,0.9999999999999998,10of10,Indian,same_ethnicity
267384161.5839944,0.9999999999999998,10of10,Indian,same_ethnicity
286606761.69482446,0.9999999999999998,10of10,Indian,same_ethnicity
307211299.8861747,0.9999999999999998,10of10,Indian,same_ethnicity
329297125.5097148,0.9999999999999998,10of10,Indian,same_ethnicity
352970730.27306575,0.9999999999999998,10of10,Indian,same_ethnicity
378346261.7131933,0.9999999999999998,10of10,Indian,same_ethnicity
405546073.5840828,0.9999999999999998,10of10,Indian,same_ethnicity
434701315.8125017,0.9999999999999998,10of10,Indian,same_ethnicity
465952566.86646676,0.9999999999999998,10of10,Indian,same_ethnicity
499450511.585514,0.9999999999999998,10of10,Indian,same_ethnicity
535356667.7410719,0.9999999999999998,10of10,Indian,same_ethnicity
573844164.8302405,0.9999999999999998,10of10,Indian,same_ethnicity
615098578.8580505,0.9999999999999998,10of10,Indian,same_ethnicity
659318827.1333542,0.9999999999999998,10of10,Indian,same_ethnicity
706718127.3927476,0.9999999999999998,10of10,Indian,same_ethnicity
757525025.8771889,0.9999999999999998,10of10,Indian,same_ethnicity
811984499.3184009,0.9999999999999998,10of10,Indian,same_ethnicity
870359136.1485183,0.9999999999999998,10of10,Indian,same_ethnicity
932930402.6284696,0.9999999999999998,10of10,Indian,same_ethnicity
1000000000.0,0.9999999999999998,10of10,Indian,same_ethnicity
1000.0,0.061670650538179994,10of10,Indian,cross_ethnic
1071.8913192051275,0.06438671046719002,10of10,Indian,cross_ethnic
1148.9510001873086,0.06719156796676704,10of10,Indian,cross_ethnic
1231.550603292826,0.07008719210152879,10of10,Indian,cross_ethnic
1320.088400831418,0.07307556833724609,10of10,Indian,cross_ethnic
1414.991297434576,0.07615869494005983,10of10,Indian,cross_ethnic
1516.7168884709226,0.07933857930116164,10of10,Indian,cross_ethnic
1625.7556664437934,0.08261723386726995,10of10,Indian,cross_ethnic
1742.6333860096508,0.08599667117355017,10of10,Indian,cross_ethnic
1867.9135990207828,0.08947889731711638,10of10,Indian,cross_ethnic
2002.2003718155845,0.09306590313798369,10of10,Indian,cross_ethnic
2146.1411978584038,0.09675965245392044,10of10,Indian,cross_ethnic
2300.430119772917,0.10056206697120924,10of10,Indian,cross_ethnic
2465.811075822604,0.10447500797160258,10of10,Indian,cross_ethnic
2643.0814869741057,0.10850025551205021,10of10,Indian,cross_ethnic
2833.096101839324,0.11263948657129984,10of10,Indian,cross_ethnic
3036.771118035457,0.11689425420164415,10of10,Indian,cross_ethnic
3255.0885998350564,0.12126597014997274,10of10,Indian,cross_ethnic
3489.1012134067737,0.12575589347890123,10of10,Indian,cross_ethnic
3739.937302478798,0.13036512738112585,10of10,Indian,cross_ethnic
4008.8063288984645,0.13509462564964125,10of10,Indian,cross_ethnic
4297.00470432084,0.13994520923256443,10of10,Indian,cross_ethnic
4605.922041145103,0.14491759211374958,10of10,Indian,cross_ethnic
4937.047852839004,0.15001241459628006,10of10,Indian,cross_ethnic
5291.978735958442,0.15523028109186485,10of10,Indian,cross_ethnic
5672.426068491977,0.16057179885932488,10of10,Indian,cross_ethnic
6080.224261649421,0.16603761385422083,10of10,Indian,cross_ethnic
6517.339604882421,0.17162843995438057,10of10,Indian,cross_ethnic
6985.879746785249,0.1773450782728196,10of10,Indian,cross_ethnic
7488.103857590023,0.18318842399625396,10of10,Indian,cross_ethnic
8026.4335222571735,0.18915945912369697,10of10,Indian,cross_ethnic
8603.464416684501,0.19525923055772,10of10,Indian,cross_ethnic
9221.978823334322,0.20148881415405065,10of10,Indian,cross_ethnic
9884.959046625587,0.2078492664890995,10of10,Indian,cross_ethnic
10595.601792776148,0.2143415671696919,10of10,Indian,cross_ethnic
11357.333583431051,0.22096655537714244,10of10,Indian,cross_ethnic
12173.82727739662,0.22772486489279026,10of10,Indian,cross_ethnic
13049.019780144015,0.2346168619898196,10of10,Indian,cross_ethnic
13987.131026472387,0.24164259023038165,10of10,Indian,cross_ethnic
14992.684327860472,0.2488017253760455,10of10,Indian,cross_ethnic
16070.528182616385,0.2560935423837292,10of10,Indian,cross_ethnic
17225.859653987874,0.2635168949815851,10of10,Indian,cross_ethnic
18464.249428955427,0.27107020682535865,10of10,Indian,cross_ethnic
19791.668678535574,0.27875147197220745,10of10,Indian,cross_ethnic
21214.517849106276,0.28655826158992287,10of10,Indian,cross_ethnic
22739.657523579273,0.2944877335737774,10of10,Indian,cross_ethnic
24374.441501222216,0.3025366420795432,10of10,Indian,cross_ethnic
26126.752255633266,0.31070134478421957,10of10,Indian,cross_ethnic
28005.03894183631,0.3189778067464406,10of10,Indian,cross_ethnic
30018.35813575592,0.3273616008103937,10of10,Indian,cross_ethnic
32176.417502507353,0.33584790536351916,10of10,Indian,cross_ethnic
34489.6226040576,0.3444315007857524,10of10,Indian,cross_ethnic
36969.12707195024,0.353106766092239,10of10,Indian,cross_ethnic
39626.88638701478,0.361867677148328,10of10,Indian,cross_ethnic
42475.71552536894,0.3707078075648638,10of10,Indian,cross_ethnic
45529.35074866948,0.37962033311654286,10of10,Indian,cross_ethnic
48802.515836544335,0.38859804038690926,10of10,Indian,cross_ethnic
52310.993080562585,0.3976333403888707,10of10,Indian,cross_ethnic
56071.69938205458,0.4067182881274568,10of10,Indian,cross_ethnic
60102.76782070388,0.41584460939049944,10of10,Indian,cross_ethnic
64423.635087213705,0.4250037363653008,10of10,Indian,cross_ethnic
69055.13520162331,0.43418685386937195,10of10,Indian,cross_ethnic
74019.59996915638,0.4433849579533805,10of10,Indian,cross_ethnic
79340.96665797492,0.4525889283241806,10of10,Indian,cross_ethnic
85044.89341802668,0.4617896154304351,10of10,Indian,cross_ethnic
91158.88299750819,0.4709779421810707,10of10,Indian,cross_ethnic
97712.41535346501,0.4801450191874567,10of10,Indian,cross_ethnic
104737.08979594486,0.48928227121210077,10of10,Indian,cross_ethnic
112266.77735108136,0.49838157125704513,10of10,Indian,cross_ethnic
120337.78407775905,0.5074353775290928,10of10,Indian,cross_ethnic
128989.02612533081,0.5164368674845159,10of10,Indian,cross_ethnic
138262.21737646536,0.5253800624090372,10of10,Indian,cross_ethnic
148202.070579886,0.5342599356693111,10of10,Indian,cross_ethnic
158856.51294280528,0.5430724980127101,10of10,Indian,cross_ethnic
170276.91722258978,0.5518148541835813,10of10,Indian,cross_ethnic
182518.34943190424,0.5604852266738435,10of10,Indian,cross_ethnic
195639.8343517065,0.5690829445284626,10of10,Indian,cross_ethnic
209704.64013232305,0.5776083975588627,10of10,Indian,cross_ethnic
224780.58335487253,0.5860629587678376,10of10,Indian,cross_ethnic
240940.35602395269,0.5944488799147567,10of10,Indian,cross_ethnic
258261.87606826748,0.6027691666465598,10of10,Indian,cross_ethnic
276828.6630392061,0.611027440289844,10of10,Indian,cross_ethnic
296730.24081888725,0.6192277931892096,10of10,Indian,cross_ethnic
318062.5692794119,0.6273746434850748,10of10,Indian,cross_ethnic
340928.50697468076,0.6354725936720903,10of10,Indian,cross_ethnic
365438.30709572544,0.643526295461352,10of10,Indian,cross_ethnic
391710.1490809261,0.651540321693622,10of10,Indian,cross_ethnic
419870.70844439056,0.6595190445847833,10of10,Indian,cross_ethnic
450055.76757004973,0.6674665186203653,10of10,Indian,cross_ethnic
482410.8704165374,0.6753863660506695,10of10,Indian,cross_ethnic
517092.0242896755,0.6832816631750465,10of10,Indian,cross_ethnic
554266.4520663096,0.6911548263649561,10of10,Indian,cross_ethnic
594113.3984965039,0.6990074979206494,10of10,Indian,cross_ethnic
636824.9944718586,0.706840433207472,10of10,Indian,cross_ethnic
682607.1834272379,0.7146533918820732,10of10,Indian,cross_ethnic
731680.7143427192,0.7224450372106227,10of10,Indian,cross_ethnic
784282.2061337682,0.7302128483407213,10of10,Indian,cross_ethnic
840665.2885618317,0.7379530507964538,10of10,Indian,cross_ethnic
901101.8251665018,0.7456605703534013,10of10,Indian,cross_ethnic
965883.2241158709,0.7533290148070777,10of10,Indian,cross_ethnic
1035321.8432956616,0.7609506870263207,10of10,Indian,cross_ethnic
1109752.496412072,0.7685166311957468,10of10,Indian,cross_ethnic
1189534.0673703207,0.7760167124632427,10of10,Indian,cross_ethnic
1275051.2407130129,0.7834397285153762,10of10,Indian,cross_ethnic
1366716.3564620046,0.7907735501014883,10of10,Indian,cross_ethnic
1464971.3983072848,0.7980052863756584,10of10,Indian,cross_ethnic
1570290.1247293775,0.8051214702147302,10of10,Indian,cross_ethnic
1683180.353330955,0.8121082584012964,10of10,Indian,cross_ethnic
1804186.409392072,0.8189516416474015,10of10,Indian,cross_ethnic
1933891.750455232,0.825637659730778,10of10,Indian,cross_ethnic
2072921.77959537,0.8321526173545732,10of10,Indian,cross_ethnic
2221946.8609395237,0.8384832965855954,10of10,Indian,cross_ethnic
2381685.5519761606,0.8446171618026226,10of10,Indian,cross_ethnic
2552908.0682395166,0.8505425530057831,10of10,Indian,cross_ethnic
2736439.9970746664,0.856248863187194,10of10,Indian,cross_ethnic
2933166.2783900425,0.8617266953775267,10of10,Indian,cross_ethnic
3144035.4715915,0.8669679951091372,10of10,Indian,cross_ethnic
3370064.3292719247,0.8719661544921876,10of10,Indian,cross_ethnic
3612342.6997094303,0.8767160849470794,10of10,Indian,cross_ethnic
3872038.781812557,0.8812142568636296,10of10,Indian,cross_ethnic
4150404.7578504723,0.8854587059815223,10of10,Indian,cross_ethnic
4448782.831127585,0.889449007965358,10of10,Indian,cross_ethnic
4768611.697714474,0.8931862243022752,10of10,Indian,cross_ethnic
5111433.483440165,0.8966728240933056,10of10,Indian,cross_ethnic
5478901.179593934,0.899912587373612,10of10,Indian,cross_ethnic
5872786.613189477,0.9029104961576923,10of10,Indian,cross_ethnic
6294988.990221888,0.9056726193996865,10of10,Indian,cross_ethnic
6747544.053110686,0.908205997489266,10of10,Indian,cross_ethnic
7232633.896483534,0.9105185308379444,10of10,Indian,cross_ethnic
7752597.488629464,0.9126188756717591,10of10,Indian,cross_ethnic
8309941.949353387,0.9145163484972706,10of10,Indian,cross_ethnic
8907354.63861044,0.9162208390351478,10of10,Indian,cross_ethnic
9547716.114208067,0.9177427299100708,10of10,Indian,cross_ethnic
10234114.021054527,0.9190928202229929,10of10,Indian,cross_ethnic
10969857.97892384,0.9202822494524945,10of10,Indian,cross_ethnic
11758495.540521558,0.9213224180231632,10of10,Indian,cross_ethnic
12603829.296797274,0.9222249013598152,10of10,Indian,cross_ethnic
13509935.211980252,0.9230013552611578,10of10,Indian,cross_ethnic
14481182.27674533,0.9236634118477723,10of10,Indian,cross_ethnic
15522253.57427048,0.9242225669829369,10of10,Indian,cross_ethnic
16638168.860761274,0.9246900617148115,10of10,Indian,cross_ethnic
17834308.769319095,0.9250767617281982,10of10,Indian,cross_ethnic
19116440.753856998,0.9253930398370447,10of10,Indian,cross_ethnic
20490746.89815846,0.9256486670645598,10of10,Indian,cross_ethnic
21963853.72416547,0.9258527177869152,10of10,Indian,cross_ethnic
23542864.143224154,0.9260134937746722,10of10,Indian,cross_ethnic
25235391.70434766,0.926138470836773,10of10,Indian,cross_ethnic
27049597.304631315,0.9262342702909738,10of10,Indian,cross_ethnic
28994228.538828753,0.9263066558198585,10of10,Indian,cross_ethnic
31078661.877820138,0.9263605546009859,10of10,Indian,cross_ethnic
33312947.879346702,0.9264001000903134,10of10,Indian,cross_ethnic
35707859.64900462,0.9264286926280377,10of10,Indian,cross_ethnic
38274944.785163075,0.9264490732215618,10of10,Indian,cross_ethnic
41026581.0582719,0.9264634054880712,10of10,Indian,cross_ethnic
43976036.09302721,0.9264733608051334,10of10,Indian,cross_ethnic
47137531.34116719,0.9264802021720383,10of10,Indian,cross_ethnic
50526310.6533568,0.9264848630417126,10of10,Indian,cross_ethnic
54158713.78079465,0.9264880183348431,10of10,Indian,cross_ethnic
58052255.160948955,0.9264901458781039,10of10,Indian,cross_ethnic
62225708.36730231,0.926491577506583,10of10,Indian,cross_ethnic
66699196.63030115,0.9264925399437606,10of10,Indian,cross_ethnic
71494289.86597577,0.9264931862543362,10of10,Indian,cross_ethnic
76634108.68007447,0.92649361912121,10of10,Indian,cross_ethnic
82143435.84919421,0.9264939074260018,10of10,Indian,cross_ethnic
88048835.81643465,0.9264940976394538,10of10,Indian,cross_ethnic
94378782.77775371,0.9264942214016383,10of10,Indian,cross_ethnic
101163797.9766207,0.9264943004498811,10of10,Indian,cross_ethnic
108436596.86896087,0.926494349791413,10of10,Indian,cross_ethnic
116232246.86798495,0.9264943797642697,10of10,Indian,cross_ethnic
124588336.42950082,0.9264943974144204,10of10,Indian,cross_ethnic
133545156.29298975,0.926494407453431,10of10,Indian,cross_ethnic
143145893.75234815,0.9264944129493646,10of10,Indian,cross_ethnic
153436840.89300132,0.9264944158354583,10of10,Indian,cross_ethnic
164467617.79946628,0.9264944172842018,10of10,Indian,cross_ethnic
176291411.80959442,0.9264944179768724,10of10,Indian,cross_ethnic
188965233.96912038,0.9264944182911248,10of10,Indian,cross_ethnic
202550193.92306665,0.9264944184258682,10of10,Indian,cross_ethnic
217111794.56945008,0.9264944184802381,10of10,Indian,cross_ethnic
232720247.8960412,0.9264944185007895,10of10,Indian,cross_ethnic
249450813.52303165,0.9264944185080313,10of10,Indian,cross_ethnic
267384161.5839944,0.9264944185103975,10of10,Indian,cross_ethnic
286606761.69482446,0.9264944185111106,10of10,Indian,cross_ethnic
307211299.8861747,0.9264944185113075,10of10,Indian,cross_ethnic
329297125.5097148,0.926494418511357,10of10,Indian,cross_ethnic
352970730.27306575,0.9264944185113683,10of10,Indian,cross_ethnic
378346261.7131933,0.9264944185113706,10of10,Indian,cross_ethnic
405546073.5840828,0.926494418511371,10of10,Indian,cross_ethnic
434701315.8125017,0.926494418511371,10of10,Indian,cross_ethnic
465952566.86646676,0.926494418511371,10of10,Indian,cross_ethnic
499450511.585514,0.9264944185113712,10of10,Indian,cross_ethnic
535356667.7410719,0.9264944185113712,10of10,Indian,cross_ethnic
573844164.8302405,0.9264944185113712,10of10,Indian,cross_ethnic
615098578.8580505,0.9264944185113712,10of10,Indian,cross_ethnic
659318827.1333542,0.9264944185113712,10of10,Indian,cross_ethnic
706718127.3927476,0.9264944185113712,10of10,Indian,cross_ethnic
757525025.8771889,0.9264944185113712,10of10,Indian,cross_ethnic
811984499.3184009,0.9264944185113712,10of10,Indian,cross_ethnic
870359136.1485183,0.9264944185113712,10of10,Indian,cross_ethnic
932930402.6284696,0.9264944185113712,10of10,Indian,cross_ethnic
1000000000.0,0.9264944185113712,10of10,Indian,cross_ethnic
1000.0,0.33142180439165725,10of10,Others,same_ethnicity
1071.8913192051275,0.34495695530034076,10of10,Others,same_ethnicity
1148.9510001873086,0.35873621572393455,10of10,Others,same_ethnicity
1231.550603292826,0.37274790477168346,10of10,Others,same_ethnicity
1320.088400831418,0.38697951766129385,10of10,Others,same_ethnicity
1414.991297434576,0.4014176265856576,10of10,Others,same_ethnicity
1516.7168884709226,0.41604778108189944,10of10,Others,same_ethnicity
1625.7556664437934,0.43085441577343203,10of10,Others,same_ethnicity
1742.6333860096508,0.4458207730525178,10of10,Others,same_ethnicity
1867.9135990207828,0.4609288474206689,10of10,Others,same_ethnicity
2002.2003718155845,0.47615935697672507,10of10,Others,same_ethnicity
2146.1411978584038,0.4914917461412812,10of10,Others,same_ethnicity
2300.430119772917,0.5069042223176996,10of10,Others,same_ethnicity
2465.811075822604,0.5223738279360861,10of10,Others,same_ethnicity
2643.0814869741057,0.5378765482372916,10of10,Others,same_ethnicity
2833.096101839324,0.553387454170128,10of10,Others,same_ethnicity
3036.771118035457,0.568880878782874,10of10,Others,same_ethnicity
3255.0885998350564,0.5843306243769093,10of10,Others,same_ethnicity
3489.1012134067737,0.5997101964009802,10of10,Others,same_ethnicity
3739.937302478798,0.6149930586393267,10of10,Others,same_ethnicity
4008.8063288984645,0.630152902823014,10of10,Others,same_ethnicity
4297.00470432084,0.645163924570401,10of10,Others,same_ethnicity
4605.922041145103,0.6600010967401979,10of10,Others,same_ethnicity
4937.047852839004,0.6746404309980312,10of10,Others,same_ethnicity
5291.978735958442,0.6890592186912169,10of10,Others,same_ethnicity
5672.426068491977,0.7032362429262098,10of10,Others,same_ethnicity
6080.224261649421,0.717151954905849,10of10,Others,same_ethnicity
6517.339604882421,0.730788608950902,10of10,Others,same_ethnicity
6985.879746785249,0.7441303520869723,10of10,Others,same_ethnicity
7488.103857590023,0.7571632655852853,10of10,Others,same_ethnicity
8026.4335222571735,0.7698753574402304,10of10,Others,same_ethnicity
8603.464416684501,0.7822565065197571,10of10,Others,same_ethnicity
9221.978823334322,0.7942983610866408,10of10,Others,same_ethnicity
9884.959046625587,0.8059941965336888,10of10,Others,same_ethnicity
10595.601792776148,0.8173387393780157,10of10,Others,same_ethnicity
11357.333583431051,0.8283279666050583,10of10,Others,same_ethnicity
12173.82727739662,0.838958891089338,10of10,Others,same_ethnicity
13049.019780144015,0.8492293448181714,10of10,Others,same_ethnicity
13987.131026472387,0.859137771858977,10of10,Others,same_ethnicity
14992.684327860472,0.8686830424015638,10of10,Others,same_ethnicity
16070.528182616385,0.8778642978367863,10of10,Others,same_ethnicity
17225.859653987874,0.8866808348343196,10of10,Others,same_ethnicity
18464.249428955427,0.8951320339156096,10of10,Others,same_ethnicity
19791.668678535574,0.9032173352428667,10of10,Others,same_ethnicity
21214.517849106276,0.9109362614130341,10of10,Others,same_ethnicity
22739.657523579273,0.9182884841139562,10of10,Others,same_ethnicity
24374.441501222216,0.9252739287494621,10of10,Others,same_ethnicity
26126.752255633266,0.931892908782112,10of10,Others,same_ethnicity
28005.03894183631,0.9381462798000373,10of10,Others,same_ethnicity
30018.35813575592,0.9440356023792256,10of10,Others,same_ethnicity
32176.417502507353,0.9495633027906426,10of10,Others,same_ethnicity
34489.6226040576,0.9547328214696278,10of10,Others,same_ethnicity
36969.12707195024,0.9595487407592349,10of10,Others,same_ethnicity
39626.88638701478,0.9640168854841532,10of10,Others,same_ethnicity
42475.71552536894,0.9681443920844719,10of10,Others,same_ethnicity
45529.35074866948,0.9719397440469839,10of10,Others,same_ethnicity
48802.515836544335,0.9754127730220512,10of10,Others,same_ethnicity
52310.993080562585,0.9785746262433126,10of10,Others,same_ethnicity
56071.69938205458,0.9814377017328263,10of10,Others,same_ethnicity
60102.76782070388,0.984015553406392,10of10,Others,same_ethnicity
64423.635087213705,0.98632276873419,10of10,Others,same_ethnicity
69055.13520162331,0.9883748221581597,10of10,Others,same_ethnicity
74019.59996915638,0.9901879080457713,10of10,Others,same_ethnicity
79340.96665797492,0.9917787575295768,10of10,Others,same_ethnicity
85044.89341802668,0.9931644440665406,10of10,Others,same_ethnicity
91158.88299750819,0.9943621828769973,10of10,Others,same_ethnicity
97712.41535346501,0.9953891295496781,10of10,Others,same_ethnicity
104737.08979594486,0.9962621830296209,10of10,Others,same_ethnicity
112266.77735108136,0.996997797975332,10of10,Others,same_ethnicity
120337.78407775905,0.997611811124346,10of10,Others,same_ethnicity
128989.02612533081,0.998119285870956,10of10,Others,same_ethnicity
138262.21737646536,0.9985343787369882,10of10,Others,same_ethnicity
148202.070579886,0.998870230782751,10of10,Others,same_ethnicity
158856.51294280528,0.9991388862310355,10of10,Others,same_ethnicity
170276.91722258978,0.9993512396493074,10of10,Others,same_ethnicity
182518.34943190424,0.9995170119749825,10of10,Others,same_ethnicity
195639.8343517065,0.9996447545355431,10of10,Others,same_ethnicity
209704.64013232305,0.9997418790973361,10of10,Others,same_ethnicity
224780.58335487253,0.9998147109709258,10of10,Others,same_ethnicity
240940.35602395269,0.9998685613903715,10of10,Others,same_ethnicity
258261.87606826748,0.9999078148236425,10of10,Others,same_ethnicity
276828.6630392061,0.9999360265831165,10of10,Others,same_ethnicity
296730.24081888725,0.9999560260823475,10of10,Others,same_ethnicity
318062.5692794119,0.99997002130434,10of10,Others,same_ethnicity
340928.50697468076,0.9999797004762588,10of10,Others,same_ethnicity
365438.30709572544,0.9999863275516867,10of10,Others,same_ethnicity
391710.1490809261,0.999990828845777,10of10,Others,same_ethnicity
419870.70844439056,0.9999938690036879,10of10,Others,same_ethnicity
450055.76757004973,0.9999959153496067,10of10,Others,same_ethnicity
482410.8704165374,0.9999972904939166,10of10,Others,same_ethnicity
517092.0242896755,0.9999982137996744,10of10,Others,same_ethnicity
554266.4520663096,0.9999988328672853,10of10,Others,same_ethnicity
594113.3984965039,0.9999992465513741,10of10,Others,same_ethnicity
636824.9944718586,0.999999521169612,10of10,Others,same_ethnicity
682607.1834272379,0.9999997015230664,10of10,Others,same_ethnicity
731680.7143427192,0.9999998181680392,10of10,Others,same_ethnicity
784282.2061337682,0.9999998921183095,10of10,Others,same_ethnicity
840665.2885618317,0.9999999378706519,10of10,Others,same_ethnicity
901101.8251665018,0.9999999653802023,10of10,Others,same_ethnicity
965883.2241158709,0.9999999813933363,10of10,Others,same_ethnicity
1035321.8432956616,0.9999999903845664,10of10,Others,same_ethnicity
1109752.496412072,0.9999999952374433,10of10,Others,same_ethnicity
1189534.0673703207,0.9999999977465635,10of10,Others,same_ethnicity
1275051.2407130129,0.9999999989849836,10of10,Others,same_ethnicity
1366716.3564620046,0.9999999995663711,10of10,Others,same_ethnicity
1464971.3983072848,0.9999999998249889,10of10,Others,same_ethnicity
1570290.1247293775,0.9999999999335529,10of10,Others,same_ethnicity
1683180.353330955,0.9999999999763749,10of10,Others,same_ethnicity
1804186.409392072,0.9999999999921723,10of10,Others,same_ethnicity
1933891.750455232,0.9999999999975957,10of10,Others,same_ethnicity
2072921.77959537,0.9999999999993192,10of10,Others,same_ethnicity
2221946.8609395237,0.9999999999998233,10of10,Others,same_ethnicity
2381685.5519761606,0.9999999999999583,10of10,Others,same_ethnicity
2552908.0682395166,0.999999999999991,10of10,Others,same_ethnicity
2736439.9970746664,0.9999999999999982,10of10,Others,same_ethnicity
2933166.2783900425,0.9999999999999996,10of10,Others,same_ethnicity
3144035.4715915,0.9999999999999998,10of10,Others,same_ethnicity
3370064.3292719247,0.9999999999999999,10of10,Others,same_ethnicity
3612342.6997094303,0.9999999999999999,10of10,Others,same_ethnicity
3872038.781812557,0.9999999999999999,10of10,Others,same_ethnicity
4150404.7578504723,0.9999999999999999,10of10,Others,same_ethnicity
4448782.831127585,0.9999999999999999,10of10,Others,same_ethnicity
4768611.697714474,0.9999999999999999,10of10,Others,same_ethnicity
5111433.483440165,0.9999999999999999,10of10,Others,same_ethnicity
5478901.179593934,0.9999999999999999,10of10,Others,same_ethnicity
5872786.613189477,0.9999999999999999,10of10,Others,same_ethnicity
6294988.990221888,0.9999999999999999,10of10,Others,same_ethnicity
6747544.053110686,0.9999999999999999,10of10,Others,same_ethnicity
7232633.896483534,0.9999999999999999,10of10,Others,same_ethnicity
7752597.488629464,0.9999999999999999,10of10,Others,same_ethnicity
8309941.949353387,0.9999999999999999,10of10,Others,same_ethnicity
8907354.63861044,0.9999999999999999,10of10,Others,same_ethnicity
9547716.114208067,0.9999999999999999,10of10,Others,same_ethnicity
10234114.021054527,0.9999999999999999,10of10,Others,same_ethnicity
10969857.97892384,0.9999999999999999,10of10,Others,same_ethnicity
11758495.540521558,0.9999999999999999,10of10,Others,same_ethnicity
12603829.296797274,0.9999999999999999,10of10,Others,same_ethnicity
13509935.211980252,0.9999999999999999,10of10,Others,same_ethnicity
14481182.27674533,0.9999999999999999,10of10,Others,same_ethnicity
15522253.57427048,0.9999999999999999,10of10,Others,same_ethnicity
16638168.860761274,0.9999999999999999,10of10,Others,same_ethnicity
17834308.769319095,0.9999999999999999,10of10,Others,same_ethnicity
19116440.753856998,0.9999999999999999,10of10,Others,same_ethnicity
20490746.89815846,0.9999999999999999,10of10,Others,same_ethnicity
21963853.72416547,0.9999999999999999,10of10,Others,same_ethnicity
23542864.143224154,0.9999999999999999,10of10,Others,same_ethnicity
25235391.70434766,0.9999999999999999,10of10,Others,same_ethnicity
27049597.304631315,0.9999999999999999,10of10,Others,same_ethnicity
28994228.538828753,0.9999999999999999,10of10,Others,same_ethnicity
31078661.877820138,0.9999999999999999,10of10,Others,same_ethnicity
33312947.879346702,0.9999999999999999,10of10,Others,same_ethnicity
35707859.64900462,0.9999999999999999,10of10,Others,same_ethnicity
38274944.785163075,0.9999999999999999,10of10,Others,same_ethnicity
41026581.0582719,0.9999999999999999,10of10,Others,same_ethnicity
43976036.09302721,0.9999999999999999,10of10,Others,same_ethnicity
47137531.34116719,0.9999999999999999,10of10,Others,same_ethnicity
50526310.6533568,0.9999999999999999,10of10,Others,same_ethnicity
54158713.78079465,0.9999999999999999,10of10,Others,same_ethnicity
58052255.160948955,0.9999999999999999,10of10,Others,same_ethnicity
62225708.36730231,0.9999999999999999,10of10,Others,same_ethnicity
66699196.63030115,0.9999999999999999,10of10,Others,same_ethnicity
71494289.86597577,0.9999999999999999,10of10,Others,same_ethnicity
76634108.68007447,0.9999999999999999,10of10,Others,same_ethnicity
82143435.84919421,0.9999999999999999,10of10,Others,same_ethnicity
88048835.81643465,0.9999999999999999,10of10,Others,same_ethnicity
94378782.77775371,0.9999999999999999,10of10,Others,same_ethnicity
101163797.9766207,0.9999999999999999,10of10,Others,same_ethnicity
108436596.86896087,0.9999999999999999,10of10,Others,same_ethnicity
116232246.86798495,0.9999999999999999,10of10,Others,same_ethnicity
124588336.42950082,0.9999999999999999,10of10,Others,same_ethnicity
133545156.29298975,0.9999999999999999,10of10,Others,same_ethnicity
143145893.75234815,0.9999999999999999,10of10,Others,same_ethnicity
153436840.89300132,0.9999999999999999,10of10,Others,same_ethnicity
164467617.79946628,0.9999999999999999,10of10,Others,same_ethnicity
176291411.80959442,0.9999999999999999,10of10,Others,same_ethnicity
188965233.96912038,0.9999999999999999,10of10,Others,same_ethnicity
202550193.92306665,0.9999999999999999,10of10,Others,same_ethnicity
217111794.56945008,0.9999999999999999,10of10,Others,same_ethnicity
232720247.8960412,0.9999999999999999,10of10,Others,same_ethnicity
249450813.52303165,0.9999999999999999,10of10,Others,same_ethnicity
267384161.5839944,0.9999999999999999,10of10,Others,same_ethnicity
286606761.69482446,0.9999999999999999,10of10,Others,same_ethnicity
307211299.8861747,0.9999999999999999,10of10,Others,same_ethnicity
329297125.5097148,0.9999999999999999,10of10,Others,same_ethnicity
352970730.27306575,0.9999999999999999,10of10,Others,same_ethnicity
378346261.7131933,0.9999999999999999,10of10,Others,same_ethnicity
405546073.5840828,0.9999999999999999,10of10,Others,same_ethnicity
434701315.8125017,0.9999999999999999,10of10,Others,same_ethnicity
465952566.86646676,0.9999999999999999,10of10,Others,same_ethnicity
499450511.585514,0.9999999999999999,10of10,Others,same_ethnicity
535356667.7410719,0.9999999999999999,10of10,Others,same_ethnicity
573844164.8302405,0.9999999999999999,10of10,Others,same_ethnicity
615098578.8580505,0.9999999999999999,10of10,Others,same_ethnicity
659318827.1333542,0.9999999999999999,10of10,Others,same_ethnicity
706718127.3927476,0.9999999999999999,10of10,Others,same_ethnicity
757525025.8771889,0.9999999999999999,10of10,Others,same_ethnicity
811984499.3184009,0.9999999999999999,10of10,Others,same_ethnicity
870359136.1485183,0.9999999999999999,10of10,Others,same_ethnicity
932930402.6284696,0.9999999999999999,10of10,Others,same_ethnicity
1000000000.0,0.9999999999999999,10of10,Others,same_ethnicity
1000.0,0.110117017611445,10of10,Others,cross_ethnic
1071.8913192051275,0.11447374981331233,10of10,Others,cross_ethnic
1148.9510001873086,0.11893056812704458,10of10,Others,cross_ethnic
1231.550603292826,0.12348650357494828,10of10,Others,cross_ethnic
1320.088400831418,0.12814055943687033,10of10,Others,cross_ethnic
1414.991297434576,0.13289173866761153,10of10,Others,cross_ethnic
1516.7168884709226,0.1377390682264366,10of10,Others,cross_ethnic
1625.7556664437934,0.14268161891434844,10of10,Others,cross_ethnic
1742.6333860096508,0.14771851945992998,10of10,Others,cross_ethnic
1867.9135990207828,0.15284896379553428,10of10,Others,cross_ethnic
2002.2003718155845,0.15807221074186553,10of10,Others,cross_ethnic
2146.1411978584038,0.16338757568867815,10of10,Others,cross_ethnic
2300.430119772917,0.16879441432657852,10of10,Others,cross_ethnic
2465.811075822604,0.1742920990289457,10of10,Others,cross_ethnic
2643.0814869741057,0.1798799890537373,10of10,Others,cross_ethnic
2833.096101839324,0.1855573962582802,10of10,Others,cross_ethnic
3036.771118035457,0.19132354841251997,10of10,Others,cross_ethnic
3255.0885998350564,0.19717755238522788,10of10,Others,cross_ethnic
3489.1012134067737,0.20311835942233217,10of10,Others,cross_ethnic
3739.937302478798,0.20914473444091813,10of10,Others,cross_ethnic
4008.8063288984645,0.2152552307777444,10of10,Others,cross_ethnic
4297.00470432084,0.22144817124487054,10of10,Others,cross_ethnic
4605.922041145103,0.22772163575979038,10of10,Others,cross_ethnic
4937.047852839004,0.23407345532539742,10of10,Others,cross_ethnic
5291.978735958442,0.24050121179573447,10of10,Others,cross_ethnic
5672.426068491977,0.24700224269231189,10of10,Others,cross_ethnic
6080.224261649421,0.25357365030677764,10of10,Others,cross_ethnic
6517.339604882421,0.26021231438635545,10of10,Others,cross_ethnic
6985.879746785249,0.2669149077911956,10of10,Others,cross_ethnic
7488.103857590023,0.2736779145948401,10of10,Others,cross_ethnic
8026.4335222571735,0.28049765015326517,10of10,Others,cross_ethnic
8603.464416684501,0.28737028270163956,10of10,Others,cross_ethnic
9221.978823334322,0.29429185607097974,10of10,Others,cross_ethnic
9884.959046625587,0.3012583131658293,10of10,Others,cross_ethnic
10595.601792776148,0.30826551990872947,10of10,Others,cross_ethnic
11357.333583431051,0.3153092894159061,10of10,Others,cross_ethnic
12173.82727739662,0.3223854061838204,10of10,Others,cross_ethnic
13049.019780144015,0.32948964999900626,10of10,Others,cross_ethnic
13987.131026472387,0.33661781911064137,10of10,Others,cross_ethnic
14992.684327860472,0.343765751933647,10of10,Others,cross_ethnic
16070.528182616385,0.35092934622391303,10of10,Others,cross_ethnic
17225.859653987874,0.3581045743634309,10of10,Others,cross_ethnic
18464.249428955427,0.36528749320619613,10of10,Others,cross_ethnic
19791.668678535574,0.37247424695397374,10of10,Others,cross_ethnic
21214.517849106276,0.37966106181057696,10of10,Others,cross_ethnic
22739.657523579273,0.3868442317080075,10of10,Others,cross_ethnic
24374.441501222216,0.39402009515192105,10of10,Others,cross_ethnic
26126.752255633266,0.4011850040922618,10of10,Others,cross_ethnic
28005.03894183631,0.40833528655758,10of10,Others,cross_ethnic
30018.35813575592,0.4154672054758867,10of10,Others,cross_ethnic
32176.417502507353,0.4225769165537891,10of10,Others,cross_ethnic
34489.6226040576,0.42966042826284234,10of10,Others,cross_ethnic
36969.12707195024,0.43671356690061697,10of10,Others,cross_ethnic
39626.88638701478,0.4437319494006278,10of10,Others,cross_ethnic
42475.71552536894,0.45071096611888384,10of10,Others,cross_ethnic
45529.35074866948,0.45764577527855316,10of10,Others,cross_ethnic
48802.515836544335,0.46453131014716814,10of10,Others,cross_ethnic
52310.993080562585,0.47136229938035634,10of10,Others,cross_ethnic
56071.69938205458,0.4781333003161527,10of10,Others,cross_ethnic
60102.76782070388,0.48483874437279484,10of10,Others,cross_ethnic
64423.635087213705,0.49147299312526643,10of10,Others,cross_ethnic
69055.13520162331,0.4980304031484258,10of10,Others,cross_ethnic
74019.59996915638,0.5045053973471938,10of10,Others,cross_ethnic
79340.96665797492,0.5108925402619471,10of10,Others,cross_ethnic
85044.89341802668,0.5171866147365243,10of10,Others,cross_ethnic
91158.88299750819,0.523382697348664,10of10,Others,cross_ethnic
97712.41535346501,0.5294762301027616,10of10,Others,cross_ethnic
104737.08979594486,0.535463086050063,10of10,Others,cross_ethnic
112266.77735108136,0.5413396267189546,10of10,Others,cross_ethnic
120337.78407775905,0.5471027495063087,10of10,Others,cross_ethnic
128989.02612533081,0.5527499235049619,10of10,Others,cross_ethnic
138262.21737646536,0.5582792126261261,10of10,Others,cross_ethnic
148202.070579886,0.5636892853134754,10of10,Others,cross_ethnic
158856.51294280528,0.56897941061936,10of10,Others,cross_ethnic
170276.91722258978,0.5741494408933342,10of10,Others,cross_ethnic
182518.34943190424,0.579199781784789,10of10,Others,cross_ethnic
195639.8343517065,0.5841313506559171,10of10,Others,cross_ethnic
209704.64013232305,0.5889455248223271,10of10,Others,cross_ethnic
224780.58335487253,0.5936440812863352,10of10,Others,cross_ethnic
240940.35602395269,0.5982291298147798,10of10,Others,cross_ethnic
258261.87606826748,0.6027030413549403,10of10,Others,cross_ethnic
276828.6630392061,0.6070683738864768,10of10,Others,cross_ethnic
296730.24081888725,0.6113277978655433,10of10,Others,cross_ethnic
318062.5692794119,0.6154840234035651,10of10,Others,cross_ethnic
340928.50697468076,0.6195397312041803,10of10,Others,cross_ethnic
365438.30709572544,0.6234975090327499,10of10,Others,cross_ethnic
391710.1490809261,0.6273597951153159,10of10,Others,cross_ethnic
419870.70844439056,0.6311288293961003,10of10,Others,cross_ethnic
450055.76757004973,0.6348066130966146,10of10,Others,cross_ethnic
482410.8704165374,0.6383948766036568,10of10,Others,cross_ethnic
517092.0242896755,0.641895055446245,10of10,Others,cross_ethnic
554266.4520663096,0.6453082740444136,10of10,Others,cross_ethnic
594113.3984965039,0.6486353370141169,10of10,Others,cross_ethnic
636824.9944718586,0.6518767280274314,10of10,Others,cross_ethnic
682607.1834272379,0.6550326164551241,10of10,Others,cross_ethnic
731680.7143427192,0.6581028721509498,10of10,Others,cross_ethnic
784282.2061337682,0.6610870886878757,10of10,Others,cross_ethnic
840665.2885618317,0.6639846150860748,10of10,Others,cross_ethnic
901101.8251665018,0.6667945955986507,10of10,Others,cross_ethnic
965883.2241158709,0.6695160165161015,10of10,Others,cross_ethnic
1035321.8432956616,0.6721477583258864,10of10,Others,cross_ethnic
1109752.496412072,0.6746886510451412,10of10,Others,cross_ethnic
1189534.0673703207,0.6771375302443738,10of10,Others,cross_ethnic
1275051.2407130129,0.6794932912692807,10of10,Others,cross_ethnic
1366716.3564620046,0.6817549394599898,10of10,Others,cross_ethnic
1464971.3983072848,0.6839216347134309,10of10,Others,cross_ethnic
1570290.1247293775,0.6859927294357604,10of10,Others,cross_ethnic
1683180.353330955,0.6879677996611595,10of10,Others,cross_ethnic
1804186.409392072,0.6898466697460568,10of10,Others,cross_ethnic
1933891.750455232,0.6916294314873594,10of10,Others,cross_ethnic
2072921.77959537,0.693316458708518,10of10,Others,cross_ethnic
2221946.8609395237,0.6949084183072121,10of10,Others,cross_ethnic
2381685.5519761606,0.69640627850598,10of10,Others,cross_ethnic
2552908.0682395166,0.6978113146651186,10of10,Others,cross_ethnic
2736439.9970746664,0.6991251125925793,10of10,Others,cross_ethnic
2933166.2783900425,0.7003495689037855,10of10,Others,cross_ethnic
3144035.4715915,0.7014868877162804,10of10,Others,cross_ethnic
3370064.3292719247,0.702539572856731,10of10,Others,cross_ethnic
3612342.6997094303,0.7035104148278094,10of10,Others,cross_ethnic
3872038.781812557,0.7044024720153301,10of10,Others,cross_ethnic
4150404.7578504723,0.7052190459701919,10of10,Others,cross_ethnic
4448782.831127585,0.7059636510159878,10of10,Others,cross_ethnic
4768611.697714474,0.7066399788473701,10of10,Others,cross_ethnic
5111433.483440165,0.7072518591400402,10of10,Others,cross_ethnic
5478901.179593934,0.7078032174516534,10of10,Others,cross_ethnic
5872786.613189477,0.7082980318368288,10of10,Others,cross_ethnic
6294988.990221888,0.7087402896316299,10of10,Others,cross_ethnic
6747544.053110686,0.7091339457998569,10of10,Others,cross_ethnic
7232633.896483534,0.7094828840975008,10of10,Others,cross_ethnic
7752597.488629464,0.7097908821235441,10of10,Others,cross_ethnic
8309941.949353387,0.7100615811003871,10of10,Others,cross_ethnic
8907354.63861044,0.7102984609751694,10of10,Others,cross_ethnic
9547716.114208067,0.7105048211607974,10of10,Others,cross_ethnic
10234114.021054527,0.7106837669504057,10of10,Others,cross_ethnic
10969857.97892384,0.710838201354116,10of10,Others,cross_ethnic
11758495.540521558,0.7109708218419141,10of10,Others,cross_ethnic
12603829.296797274,0.7110841212562041,10of10,Others,cross_ethnic
13509935.211980252,0.7111803920081429,10of10,Others,cross_ethnic
14481182.27674533,0.7112617326138218,10of10,Others,cross_ethnic
15522253.57427048,0.7113300556686688,10of10,Others,cross_ethnic
16638168.860761274,0.7113870964941205,10of10,Others,cross_ethnic
17834308.769319095,0.7114344218965084,10of10,Others,cross_ethnic
19116440.753856998,0.7114734387186866,10of10,Others,cross_ethnic
20490746.89815846,0.7115054020994268,10of10,Others,cross_ethnic
21963853.72416547,0.7115314235462872,10of10,Others,cross_ethnic
23542864.143224154,0.7115524790472187,10of10,Others,cross_ethnic
25235391.70434766,0.711569417482481,10of10,Others,cross_ethnic
27049597.304631315,0.71158296955586,10of10,Others,cross_ethnic
28994228.538828753,0.7115937573613381,10of10,Others,cross_ethnic
31078661.877820138,0.7116023045663167,10of10,Others,cross_ethnic
33312947.879346702,0.7116090470562929,10of10,Others,cross_ethnic
35707859.64900462,0.7116143437762016,10of10,Others,cross_ethnic
38274944.785163075,0.7116184874394869,10of10,Others,cross_ethnic
41026581.0582719,0.7116217147650092,10of10,Others,cross_ethnic
43976036.09302721,0.7116242159403225,10of10,Others,cross_ethnic
47137531.34116719,0.711626143084922,10of10,Others,cross_ethnic
50526310.6533568,0.7116276175812831,10of10,Others,cross_ethnic
54158713.78079465,0.7116287362371231,10of10,Others,cross_ethnic
58052255.160948955,0.7116295763251111,10of10,Others,cross_ethnic
62225708.36730231,0.7116301996074705,10of10,Others,cross_ethnic
66699196.63030115,0.7116306554897336,10of10,Others,cross_ethnic
71494289.86597577,0.7116309834620911,10of10,Others,cross_ethnic
76634108.68007447,0.7116312149830051,10of10,Others,cross_ethnic
82143435.84919421,0.7116313749436666,10of10,Others,cross_ethnic
88048835.81643465,0.7116314828288335,10of10,Others,cross_ethnic
94378782.77775371,0.7116315536638054,10of10,Others,cross_ethnic
101163797.9766207,0.7116315988119288,10of10,Others,cross_ethnic
108436596.86896087,0.7116316266642768,10of10,Others,cross_ethnic
116232246.86798495,0.7116316432445299,10of10,Others,cross_ethnic
124588336.42950082,0.7116316527386274,10of10,Others,cross_ethnic
133545156.29298975,0.7116316579507983,10of10,Others,cross_ethnic
143145893.75234815,0.7116316606847555,10of10,Others,cross_ethnic
153436840.89300132,0.7116316620499898,10of10,Others,cross_ethnic
164467617.79946628,0.7116316626965653,10of10,Others,cross_ethnic
176291411.80959442,0.7116316629858287,10of10,Others,cross_ethnic
188965233.96912038,0.7116316631075582,10of10,Others,cross_ethnic
202550193.92306665,0.7116316631555298,10of10,Others,cross_ethnic
217111794.56945008,0.7116316631731497,10of10,Others,cross_ethnic
232720247.8960412,0.7116316631791514,10of10,Others,cross_ethnic
249450813.52303165,0.7116316631810369,10of10,Others,cross_ethnic
267384161.5839944,0.7116316631815802,10of10,Others,cross_ethnic
286606761.69482446,0.711631663181723,10of10,Others,cross_ethnic
307211299.8861747,0.7116316631817569,10of10,Others,cross_ethnic
329297125.5097148,0.7116316631817642,10of10,Others,cross_ethnic
352970730.27306575,0.7116316631817655,10of10,Others,cross_ethnic
378346261.7131933,0.7116316631817657,10of10,Others,cross_ethnic
405546073.5840828,0.7116316631817659,10of10,Others,cross_ethnic
434701315.8125017,0.7116316631817659,10of10,Others,cross_ethnic
465952566.86646676,0.7116316631817659,10of10,Others,cross_ethnic
499450511.585514,0.7116316631817659,10of10,Others,cross_ethnic
535356667.7410719,0.7116316631817659,10of10,Others,cross_ethnic
573844164.8302405,0.7116316631817659,10of10,Others,cross_ethnic
615098578.8580505,0.7116316631817659,10of10,Others,cross_ethnic
659318827.1333542,0.7116316631817659,10of10,Others,cross_ethnic
706718127.3927476,0.7116316631817659,10of10,Others,cross_ethnic
757525025.8771889,0.7116316631817659,10of10,Others,cross_ethnic
811984499.3184009,0.7116316631817659,10of10,Others,cross_ethnic
870359136.1485183,0.7116316631817659,10of10,Others,cross_ethnic
932930402.6284696,0.7116316631817659,10of10,Others,cross_ethnic
1000000000.0,0.7116316631817659,10of10,Others,cross_ethnic
1000.0,0.24974414861327976,10of10,Combined,same_ethnicity
1071.8913192051275,0.25884409841744055,10of10,Combined,same_ethnicity
1148.9510001873086,0.26810991515381394,10of10,Combined,same_ethnicity
1231.550603292826,0.2775365315079086,10of10,Combined,same_ethnicity
1320.088400831418,0.28711870119217425,10of10,Combined,same_ethnicity
1414.991297434576,0.29685104664755485,10of10,Combined,same_ethnicity
1516.7168884709226,0.3067280954399444,10of10,Combined,same_ethnicity
1625.7556664437934,0.3167443043245086,10of10,Combined,same_ethnicity
1742.6333860096508,0.32689407084372557,10of10,Combined,same_ethnicity
1867.9135990207828,0.3371717330286437,10of10,Combined,same_ethnicity
2002.2003718155845,0.34757155828566977,10of10,Combined,same_ethnicity
2146.1411978584038,0.35808772291497926,10of10,Combined,same_ethnicity
2300.430119772917,0.36871428398429734,10of10,Combined,same_ethnicity
2465.811075822604,0.3794451455320651,10of10,Combined,same_ethnicity
2643.0814869741057,0.3902740213302359,10of10,Combined,same_ethnicity
2833.096101839324,0.40119439669595447,10of10,Combined,same_ethnicity
3036.771118035457,0.41219949206431056,10of10,Combined,same_ethnicity
3255.0885998350564,0.4232822311584165,10of10,Combined,same_ethnicity
3489.1012134067737,0.4344352165496867,10of10,Combined,same_ethnicity
3739.937302478798,0.4456507151362464,10of10,Combined,same_ethnicity
4008.8063288984645,0.4569206555580937,10of10,Combined,same_ethnicity
4297.00470432084,0.4682366388324996,10of10,Combined,same_ethnicity
4605.922041145103,0.4795899625919262,10of10,Combined,same_ethnicity
4937.047852839004,0.4909716583301836,10of10,Combined,same_ethnicity
5291.978735958442,0.5023725401143161,10of10,Combined,same_ethnicity
5672.426068491977,0.5137832623966327,10of10,Combined,same_ethnicity
6080.224261649421,0.5251943839372446,10of10,Combined,same_ethnicity
6517.339604882421,0.5365964344657861,10of10,Combined,same_ethnicity
6985.879746785249,0.5479799805852571,10of10,Combined,same_ethnicity
7488.103857590023,0.559335687541622,10of10,Combined,same_ethnicity
8026.4335222571735,0.5706543738249837,10of10,Combined,same_ethnicity
8603.464416684501,0.5819270560971954,10of10,Combined,same_ethnicity
9221.978823334322,0.5931449826151529,10of10,Combined,same_ethnicity
9884.959046625587,0.6042996540918245,10of10,Combined,same_ethnicity
10595.601792776148,0.6153828317584911,10of10,Combined,same_ethnicity
11357.333583431051,0.6263865332128562,10of10,Combined,same_ethnicity
12173.82727739662,0.637303017414906,10of10,Combined,same_ethnicity
13049.019780144015,0.6481247608885142,10of10,Combined,same_ethnicity
13987.131026472387,0.65884442776875,10of10,Combined,same_ethnicity
14992.684327860472,0.6694548367690258,10of10,Combined,same_ethnicity
16070.528182616385,0.6799489283916608,10of10,Combined,same_ethnicity
17225.859653987874,0.6903197357332942,10of10,Combined,same_ethnicity
18464.249428955427,0.7005603620165493,10of10,Combined,same_ethnicity
19791.668678535574,0.7106639675089594,10of10,Combined,same_ethnicity
21214.517849106276,0.7206237678004105,10of10,Combined,same_ethnicity
22739.657523579273,0.730433044566043,10of10,Combined,same_ethnicity
24374.441501222216,0.7400851690303342,10of10,Combined,same_ethnicity
26126.752255633266,0.7495736374624858,10of10,Combined,same_ethnicity
28005.03894183631,0.7588921172515087,10of10,Combined,same_ethnicity
30018.35813575592,0.7680345014825135,10of10,Combined,same_ethnicity
32176.417502507353,0.7769949694837861,10of10,Combined,same_ethnicity
34489.6226040576,0.7857680505321616,10of10,Combined,same_ethnicity
36969.12707195024,0.7943486877730063,10of10,Combined,same_ethnicity
39626.88638701478,0.8027322994095574,10of10,Combined,same_ethnicity
42475.71552536894,0.8109148343289467,10of10,Combined,same_ethnicity
45529.35074866948,0.8188928195520835,10of10,Combined,same_ethnicity
48802.515836544335,0.8266633972209605,10of10,Combined,same_ethnicity
52310.993080562585,0.8342243492706529,10of10,Combined,same_ethnicity
56071.69938205458,0.8415741084707603,10of10,Combined,same_ethnicity
60102.76782070388,0.8487117551500554,10of10,Combined,same_ethnicity
64423.635087213705,0.8556369996149427,10of10,Combined,same_ethnicity
69055.13520162331,0.8623501510014427,10of10,Combined,same_ethnicity
74019.59996915638,0.8688520740162905,10of10,Combined,same_ethnicity
79340.96665797492,0.8751441356737891,10of10,Combined,same_ethnicity
85044.89341802668,0.8812281446691054,10of10,Combined,same_ethnicity
91158.88299750819,0.8871062863993198,10of10,Combined,same_ethnicity
97712.41535346501,0.8927810568166771,10of10,Combined,same_ethnicity
104737.08979594486,0.8982551982577762,10of10,Combined,same_ethnicity
112266.77735108136,0.9035316401423978,10of10,Combined,same_ethnicity
120337.78407775905,0.9086134470013266,10of10,Combined,same_ethnicity
128989.02612533081,0.9135037757152524,10of10,Combined,same_ethnicity
138262.21737646536,0.9182058431776734,10of10,Combined,same_ethnicity
148202.070579886,0.9227229048871258,10of10,Combined,same_ethnicity
158856.51294280528,0.9270582442778902,10of10,Combined,same_ethnicity
170276.91722258978,0.9312151719564933,10of10,Combined,same_ethnicity
182518.34943190424,0.9351970334586664,10of10,Combined,same_ethnicity
195639.8343517065,0.9390072237043989,10of10,Combined,same_ethnicity
209704.64013232305,0.9426492060255756,10of10,Combined,same_ethnicity
224780.58335487253,0.9461265334812324,10of10,Combined,same_ethnicity
240940.35602395269,0.949442870161101,10of10,Combined,same_ethnicity
258261.87606826748,0.9526020103027371,10of10,Combined,same_ethnicity
276828.6630392061,0.955607893298589,10of10,Combined,same_ethnicity
296730.24081888725,0.9584646130292838,10of10,Combined,same_ethnicity
318062.5692794119,0.9611764204059496,10of10,Combined,same_ethnicity
340928.50697468076,0.9637477185105108,10of10,Combined,same_ethnicity
365438.30709572544,0.9661830502561882,10of10,Combined,same_ethnicity
391710.1490809261,0.96848707901412,10of10,Combined,same_ethnicity
419870.70844439056,0.9706645631271344,10of10,Combined,same_ethnicity
450055.76757004973,0.9727203256220618,10of10,Combined,same_ethnicity
482410.8704165374,0.9746592207090324,10of10,Combined,same_ethnicity
517092.0242896755,0.97648609880378,10of10,Combined,same_ethnicity
554266.4520663096,0.9782057718251361,10of10,Combined,same_ethnicity
594113.3984965039,0.9798229804161923,10of10,Combined,same_ethnicity
636824.9944718586,0.9813423645356174,10of10,Combined,same_ethnicity
682607.1834272379,0.9827684385920568,10of10,Combined,same_ethnicity
731680.7143427192,0.9841055719764826,10of10,Combined,same_ethnicity
784282.2061337682,0.985357975508278,10of10,Combined,same_ethnicity
840665.2885618317,0.9865296939689515,10of10,Combined,same_ethnicity
901101.8251665018,0.987624604565949,10of10,Combined,same_ethnicity
965883.2241158709,0.9886464208584667,10of10,Combined,same_ethnicity
1035321.8432956616,0.9895987013978562,10of10,Combined,same_ethnicity
1109752.496412072,0.9904848620993916,10of10,Combined,same_ethnicity
1189534.0673703207,0.9913081911843167,10of10,Combined,same_ethnicity
1275051.2407130129,0.992071865425936,10of10,Combined,same_ethnicity
1366716.3564620046,0.9927789664125217,10of10,Combined,same_ethnicity
1464971.3983072848,0.993432495607844,10of10,Combined,same_ethnicity
1570290.1247293775,0.9940353871428267,10of10,Combined,same_ethnicity
1683180.353330955,0.9945905174956415,10of10,Combined,same_ethnicity
1804186.409392072,0.9951007114915751,10of10,Combined,same_ethnicity
1933891.750455232,0.9955687443534963,10of10,Combined,same_ethnicity
2072921.77959537,0.9959973398337038,10of10,Combined,same_ethnicity
2221946.8609395237,0.9963891647362193,10of10,Combined,same_ethnicity
2381685.5519761606,0.9967468203774327,10of10,Combined,same_ethnicity
2552908.0682395166,0.9970728317196292,10of10,Combined,same_ethnicity
2736439.9970746664,0.9973696350382116,10of10,Combined,same_ethnicity
2933166.2783900425,0.997639565045415,10of10,Combined,same_ethnicity
3144035.4715915,0.9978848423910895,10of10,Combined,same_ethnicity
3370064.3292719247,0.9981075623986123,10of10,Combined,same_ethnicity
3612342.6997094303,0.998309685778947,10of10,Combined,same_ethnicity
3872038.781812557,0.9984930319093857,10of10,Combined,same_ethnicity
4150404.7578504723,0.9986592750789801,10of10,Combined,same_ethnicity
4448782.831127585,0.9988099439043964,10of10,Combined,same_ethnicity
4768611.697714474,0.9989464239217016,10of10,Combined,same_ethnicity
5111433.483440165,0.9990699631734766,10of10,Combined,same_ethnicity
5478901.179593934,0.999181680446667,10of10,Combined,same_ethnicity
5872786.613189477,0.9992825756826696,10of10,Combined,same_ethnicity
6294988.990221888,0.9993735419835337,10of10,Combined,same_ethnicity
6747544.053110686,0.9994553785815516,10of10,Combined,same_ethnicity
7232633.896483534,0.9995288041266078,10of10,Combined,same_ethnicity
7752597.488629464,0.9995944696764687,10of10,Combined,same_ethnicity
8309941.949353387,0.9996529708461444,10of10,Combined,same_ethnicity
8907354.63861044,0.9997048586759408,10of10,Combined,same_ethnicity
9547716.114208067,0.9997506489028752,10of10,Combined,same_ethnicity
10234114.021054527,0.9997908294537012,10of10,Combined,same_ethnicity
10969857.97892384,0.9998258661069229,10of10,Combined,same_ethnicity
11758495.540521558,0.9998562063849974,10of10,Combined,same_ethnicity
12603829.296797274,0.9998822818292042,10of10,Combined,same_ethnicity
13509935.211980252,0.9999045088752898,10of10,Combined,same_ethnicity
14481182.27674533,0.9999232885886533,10of10,Combined,same_ethnicity
15522253.57427048,0.9999390055367753,10of10,Combined,same_ethnicity
16638168.860761274,0.9999520260781983,10of10,Combined,same_ethnicity
17834308.769319095,0.9999626963359358,10of10,Combined,same_ethnicity
19116440.753856998,0.9999713401020354,10of10,Combined,same_ethnicity
20490746.89815846,0.9999782568913154,10of10,Combined,same_ethnicity
21963853.72416547,0.9999837203273086,10of10,Combined,same_ethnicity
23542864.143224154,0.99998797700311,10of10,Combined,same_ethnicity
25235391.70434766,0.9999912459153428,10of10,Combined,same_ethnicity
27049597.304631315,0.9999937185225716,10of10,Combined,same_ethnicity
28994228.538828753,0.999995559432658,10of10,Combined,same_ethnicity
31078661.877820138,0.9999969076796246,10of10,Combined,same_ethnicity
33312947.879346702,0.9999978785124957,10of10,Combined,same_ethnicity
35707859.64900462,0.9999985655889303,10of10,Combined,same_ethnicity
38274944.785163075,0.9999990434471572,10of10,Combined,same_ethnicity
41026581.0582719,0.9999993701217944,10of10,Combined,same_ethnicity
43976036.09302721,0.999999589772557,10of10,Combined,same_ethnicity
47137531.34116719,0.999999735208509,10of10,Combined,same_ethnicity
50526310.6533568,0.9999998302123531,10of10,Combined,same_ethnicity
54158713.78079465,0.999999891596388,10of10,Combined,same_ethnicity
58052255.160948955,0.99999993095096,10of10,Combined,same_ethnicity
62225708.36730231,0.9999999560742123,10of10,Combined,same_ethnicity
66699196.63030115,0.9999999720959046,10of10,Combined,same_ethnicity
71494289.86597577,0.9999999823260646,10of10,Combined,same_ethnicity
76634108.68007447,0.9999999888703578,10of10,Combined,same_ethnicity
82143435.84919421,0.9999999930584794,10of10,Combined,same_ethnicity
88048835.81643465,0.9999999957306721,10of10,Combined,same_ethnicity
94378782.77775371,0.9999999974222741,10of10,Combined,same_ethnicity
101163797.9766207,0.9999999984788132,10of10,Combined,same_ethnicity
108436596.86896087,0.9999999991262057,10of10,Combined,same_ethnicity
116232246.86798495,0.9999999995133062,10of10,Combined,same_ethnicity
124588336.42950082,0.9999999997380812,10of10,Combined,same_ethnicity
133545156.29298975,0.9999999998642767,10of10,Combined,same_ethnicity
143145893.75234815,0.9999999999325073,10of10,Combined,same_ethnicity
153436840.89300132,0.9999999999679006,10of10,Combined,same_ethnicity
164467617.79946628,0.9999999999854503,10of10,Combined,same_ethnicity
176291411.80959442,0.9999999999937378,10of10,Combined,same_ethnicity
188965233.96912038,0.9999999999974506,10of10,Combined,same_ethnicity
202550193.92306665,0.9999999999990223,10of10,Combined,same_ethnicity
217111794.56945008,0.9999999999996483,10of10,Combined,same_ethnicity
232720247.8960412,0.9999999999998818,10of10,Combined,same_ethnicity
249450813.52303165,0.9999999999999629,10of10,Combined,same_ethnicity
267384161.5839944,0.9999999999999891,10of10,Combined,same_ethnicity
286606761.69482446,0.9999999999999969,10of10,Combined,same_ethnicity
307211299.8861747,0.999999999999999,10of10,Combined,same_ethnicity
329297125.5097148,0.9999999999999994,10of10,Combined,same_ethnicity
352970730.27306575,0.9999999999999996,10of10,Combined,same_ethnicity
378346261.7131933,0.9999999999999997,10of10,Combined,same_ethnicity
405546073.5840828,0.9999999999999997,10of10,Combined,same_ethnicity
434701315.8125017,0.9999999999999997,10of10,Combined,same_ethnicity
465952566.86646676,0.9999999999999997,10of10,Combined,same_ethnicity
499450511.585514,0.9999999999999997,10of10,Combined,same_ethnicity
535356667.7410719,0.9999999999999997,10of10,Combined,same_ethnicity
573844164.8302405,0.9999999999999997,10of10,Combined,same_ethnicity
615098578.8580505,0.9999999999999997,10of10,Combined,same_ethnicity
659318827.1333542,0.9999999999999997,10of10,Combined,same_ethnicity
706718127.3927476,0.9999999999999997,10of10,Combined,same_ethnicity
757525025.8771889,0.9999999999999997,10of10,Combined,same_ethnicity
811984499.3184009,0.9999999999999997,10of10,Combined,same_ethnicity
870359136.1485183,0.9999999999999997,10of10,Combined,same_ethnicity
932930402.6284696,0.9999999999999997,10of10,Combined,same_ethnicity
1000000000.0,0.9999999999999997,10of10,Combined,same_ethnicity
