ethnicity,locus,allele,count,total,frequency,pub_frequency,difference,flagged
Chinese,DQB1,-:,5.0,88800.0,5.630630630630631e-05,,,False
Chinese,DQB1,02:01,9723.0,88800.0,0.10949324324324325,0.1095397998737942,-4.655663055094794e-05,False
Chinese,DQB1,02:02,5.0,88800.0,5.630630630630631e-05,5.634183719462725e-05,-3.553088832094348e-08,False
Chinese,DQB1,02:75,1.0,88800.0,1.1261261261261261e-05,1.1268367438925448e-05,-7.1061776641866625e-09,False
Chinese,DQB1,03:01,20309.0,88800.0,0.22870495495495496,0.2287816641125034,-7.670915754842689e-05,False
Chinese,DQB1,03:02,6968.0,88800.0,0.07846846846846847,0.0784729108446768,-4.442376208321774e-06,False
Chinese,DQB1,03:03,13712.0,88800.0,0.15441441441441442,0.1544217073830343,-7.292968619870832e-06,False
Chinese,DQB1,03:03P,,,,1.1268367438925448e-05,,False
Chinese,DQB1,03:04,2.0,88800.0,2.2522522522522523e-05,2.2536734877850896e-05,-1.4212355328373325e-08,False
Chinese,DQB1,03:05,11.0,88800.0,0.00012387387387387388,0.0001239520418281,-7.816795422611032e-08,False
Chinese,DQB1,03:10,3.0,88800.0,3.3783783783783784e-05,3.380510231677635e-05,-2.1318532992563376e-08,False
Chinese,DQB1,03:108,1.0,88800.0,1.1261261261261261e-05,1.1268367438925448e-05,-7.1061776641866625e-09,False
Chinese,DQB1,03:13,49.0,88800.0,0.0005518018018018018,0.0005521500045073,-3.4820270549817e-07,False
Chinese,DQB1,03:17,9.0,88800.0,0.00010135135135135135,0.0001014153069503,-6.395559894866061e-08,False
Chinese,DQB1,03:258,2.0,88800.0,2.2522522522522523e-05,2.2536734877850896e-05,-1.4212355328373325e-08,False
Chinese,DQB1,03:26,8.0,88800.0,9.009009009009009e-05,9.014693951140358e-05,-5.68494213134933e-08,False
Chinese,DQB1,03:274,1.0,88800.0,1.1261261261261261e-05,1.1268367438925448e-05,-7.1061776641866625e-09,False
Chinese,DQB1,03:34,3.0,88800.0,3.3783783783783784e-05,3.380510231677635e-05,-2.1318532992563376e-08,False
Chinese,DQB1,03:57,1.0,88800.0,1.1261261261261261e-05,1.1268367438925448e-05,-7.1061776641866625e-09,False
Chinese,DQB1,03:BMSUA,2.0,88800.0,2.2522522522522523e-05,,,False
Chinese,DQB1,03:CAVTB,1.0,88800.0,1.1261261261261261e-05,,,False
Chinese,DQB1,03:CAVTC,3.0,88800.0,3.3783783783783784e-05,,,False
Chinese,DQB1,03:CVDNR,4.0,88800.0,4.5045045045045046e-05,,,False
Chinese,DQB1,04:01,5435.0,88800.0,0.061204954954954954,0.0612210402956819,-1.6085340726945674e-05,False
Chinese,DQB1,04:02,1361.0,88800.0,0.015326576576576576,0.0153362480843775,-9.671507800923865e-06,False
Chinese,DQB1,04:CEKBY,1.0,88800.0,1.1261261261261261e-05,,,False
Chinese,DQB1,04:CETHX,1.0,88800.0,1.1261261261261261e-05,,,False
Chinese,DQB1,05:01,2651.0,88800.0,0.029853603603603604,0.0298499053457135,3.698257890105e-06,False
Chinese,DQB1,05:02,8601.0,88800.0,0.0968581081081081,0.096885423239881,-2.7315131772898127e-05,False
Chinese,DQB1,05:02P,,,,1.1268367438925448e-05,,False
Chinese,DQB1,05:03,3654.0,88800.0,0.04114864864864865,0.0411633462543946,-1.4697605745947473e-05,False
Chinese,DQB1,05:04,3.0,88800.0,3.3783783783783784e-05,3.380510231677635e-05,-2.1318532992563376e-08,False
Chinese,DQB1,05:116,1.0,88800.0,1.1261261261261261e-05,1.1268367438925448e-05,-7.1061776641866625e-09,False
Chinese,DQB1,05:66,1.0,88800.0,1.1261261261261261e-05,1.1268367438925448e-05,-7.1061776641866625e-09,False
Chinese,DQB1,05:CEKCA,1.0,88800.0,1.1261261261261261e-05,,,False
Chinese,DQB1,06:01,10219.0,88800.0,0.11507882882882883,0.1151289101235013,-5.0081294672460475e-05,False
Chinese,DQB1,06:02,3159.0,88800.0,0.03557432432432432,0.0355742360046876,8.831963672212284e-08,False
Chinese,DQB1,06:03,421.0,88800.0,0.004740990990990991,0.0047327143243486,8.276666642391232e-06,False
Chinese,DQB1,06:04,207.0,88800.0,0.002331081081081081,0.0023212836924186,9.797388662481296e-06,False
Chinese,DQB1,06:07,1.0,88800.0,1.1261261261261261e-05,1.1268367438925448e-05,-7.1061776641866625e-09,False
Chinese,DQB1,06:09,1997.0,88800.0,0.022488738738738738,0.0224916614080951,-2.9226693563609574e-06,False
Chinese,DQB1,06:10,252.0,88800.0,0.002837837837837838,0.0028283602271702,9.477610667637908e-06,False
Chinese,DQB1,06:118,3.0,88800.0,3.3783783783783784e-05,3.380510231677635e-05,-2.1318532992563376e-08,False
Chinese,DQB1,06:174,1.0,88800.0,1.1261261261261261e-05,1.1268367438925448e-05,-7.1061776641866625e-09,False
Chinese,DQB1,06:214,1.0,88800.0,1.1261261261261261e-05,1.1268367438925448e-05,-7.1061776641866625e-09,False
Chinese,DQB1,06:48,1.0,88800.0,1.1261261261261261e-05,1.1268367438925448e-05,-7.1061776641866625e-09,False
Chinese,DQB1,06:74,1.0,88800.0,1.1261261261261261e-05,1.1268367438925448e-05,-7.1061776641866625e-09,False
Chinese,DQB1,06:BYFKE,2.0,88800.0,2.2522522522522523e-05,,,False
Chinese,DQB1,06:CAVTF,2.0,88800.0,2.2522522522522523e-05,,,False
Chinese,DRB1,01:01,385.0,88800.0,0.0043355855855855855,0.0043270530965473,8.532489038285893e-06,False
Chinese,DRB1,01:02,13.0,88800.0,0.0001463963963963964,0.000146488776706,-9.238030960361833e-08,False
Chinese,DRB1,03:01,7349.0,88800.0,0.08275900900900901,0.0827999639412242,-4.0954932215189754e-05,False
Chinese,DRB1,03:05,4.0,88800.0,4.5045045045045046e-05,4.507346975570179e-05,-2.842471065674665e-08,False
Chinese,DRB1,03:06,1.0,88800.0,1.1261261261261261e-05,1.1268367438925448e-05,-7.1061776641866625e-09,False
Chinese,DRB1,03:133,1.0,88800.0,1.1261261261261261e-05,1.1268367438925448e-05,-7.1061776641866625e-09,False
Chinese,DRB1,03:27,1.0,88800.0,1.1261261261261261e-05,1.1268367438925448e-05,-7.1061776641866625e-09,False
Chinese,DRB1,03:33,1.0,88800.0,1.1261261261261261e-05,1.1268367438925448e-05,-7.1061776641866625e-09,False
Chinese,DRB1,03:37,1.0,88800.0,1.1261261261261261e-05,1.1268367438925448e-05,-7.1061776641866625e-09,False
Chinese,DRB1,04:01,264.0,88800.0,0.002972972972972973,0.0029748490038763,-1.8760309033268203e-06,False
Chinese,DRB1,04:02,23.0,88800.0,0.000259009009009009,0.0002591724510952,-1.6344208619096991e-07,False
Chinese,DRB1,04:03,2650.0,88800.0,0.029842342342342343,0.0298386369782745,3.7053640678415267e-06,False
Chinese,DRB1,04:04,829.0,88800.0,0.009335585585585586,0.0093414766068691,-5.89102128351407e-06,False
Chinese,DRB1,04:05,6088.0,88800.0,0.06855855855855855,0.0685792842333002,-2.0725674741650657e-05,False
Chinese,DRB1,04:06,2736.0,88800.0,0.030810810810810812,0.0308077165780221,3.0942327887105436e-06,False
Chinese,DRB1,04:07,27.0,88800.0,0.00030405405405405404,0.0003042459208509,-1.918667968459683e-07,False
Chinese,DRB1,04:08,16.0,88800.0,0.00018018018018018018,0.0001802938790228,-1.1369884261980376e-07,False
Chinese,DRB1,04:09,1.0,88800.0,1.1261261261261261e-05,1.1268367438925448e-05,-7.1061776641866625e-09,False
Chinese,DRB1,04:10,161.0,88800.0,0.001813063063063063,0.0018142071576669,-1.1440946038369319e-06,False
Chinese,DRB1,04:183,1.0,88800.0,1.1261261261261261e-05,1.1268367438925448e-05,-7.1061776641866625e-09,False
Chinese,DRB1,04:80,2.0,88800.0,2.2522522522522523e-05,2.2536734877850896e-05,-1.4212355328373325e-08,False
Chinese,DRB1,04:95,2.0,88800.0,2.2522522522522523e-05,2.2536734877850896e-05,-1.4212355328373325e-08,False
Chinese,DRB1,04:AFZJW,1.0,88800.0,1.1261261261261261e-05,,,False
Chinese,DRB1,07:01,2682.0,88800.0,0.030202702702702703,0.0302104931037591,-7.790401056397e-06,False
Chinese,DRB1,07:13,1.0,88800.0,1.1261261261261261e-05,1.1268367438925448e-05,-7.1061776641866625e-09,False
Chinese,DRB1,08:01,6.0,88800.0,6.756756756756757e-05,6.76102046335527e-05,-4.263706598512675e-08,False
Chinese,DRB1,08:02,475.0,88800.0,0.005349099099099099,0.0053524745334895,-3.3754343904011594e-06,False
Chinese,DRB1,08:03,6571.0,88800.0,0.07399774774774774,0.0740106373388623,-1.2889591114562116e-05,False
Chinese,DRB1,08:04,7.0,88800.0,7.882882882882882e-05,7.887857207247813e-05,-4.9743243649310025e-08,False
Chinese,DRB1,08:09,615.0,88800.0,0.006925675675675676,0.0069187776075002,6.898068175475655e-06,False
Chinese,DRB1,08:12,1.0,88800.0,1.1261261261261261e-05,1.1268367438925448e-05,-7.1061776641866625e-09,False
Chinese,DRB1,08:14,2.0,88800.0,2.2522522522522523e-05,2.2536734877850896e-05,-1.4212355328373325e-08,False
Chinese,DRB1,08:19,1.0,88800.0,1.1261261261261261e-05,1.1268367438925448e-05,-7.1061776641866625e-09,False
Chinese,DRB1,08:30,1.0,88800.0,1.1261261261261261e-05,1.1268367438925448e-05,-7.1061776641866625e-09,False
Chinese,DRB1,08:32,1.0,88800.0,1.1261261261261261e-05,1.1268367438925448e-05,-7.1061776641866625e-09,False
Chinese,DRB1,08:35,2.0,88800.0,2.2522522522522523e-05,2.2536734877850896e-05,-1.4212355328373325e-08,False
Chinese,DRB1,08:FTZK,1.0,88800.0,1.1261261261261261e-05,,,False
Chinese,DRB1,09:01,13281.0,88800.0,0.14956081081081082,0.1495763093842964,-1.549857348556727e-05,False
Chinese,DRB1,09:04,10.0,88800.0,0.00011261261261261261,0.0001126836743892,-7.106177658739224e-08,False
Chinese,DRB1,09:DZUU,3.0,88800.0,3.3783783783783784e-05,,,False
Chinese,DRB1,10:01,1116.0,88800.0,0.012567567567567568,0.0125642296944018,3.337873165767946e-06,False
Chinese,DRB1,11:01,6667.0,88800.0,0.07507882882882883,0.0751036689804381,-2.4840151609278882e-05,False
Chinese,DRB1,11:03,9.0,88800.0,0.00010135135135135135,0.0001014153069503,-6.395559894866061e-08,False
Chinese,DRB1,11:04,126.0,88800.0,0.001418918918918919,0.0014198142973046,-8.953783856809668e-07,False
Chinese,DRB1,11:05,5.0,88800.0,5.630630630630631e-05,5.634183719462725e-05,-3.553088832094348e-08,False
Chinese,DRB1,11:06,172.0,88800.0,0.0019369369369369369,0.0019381591994951,-1.222262558163087e-06,False
Chinese,DRB1,11:08,1.0,88800.0,1.1261261261261261e-05,1.1268367438925448e-05,-7.1061776641866625e-09,False
Chinese,DRB1,11:106,1.0,88800.0,1.1261261261261261e-05,1.1268367438925448e-05,-7.1061776641866625e-09,False
Chinese,DRB1,11:19,1.0,88800.0,1.1261261261261261e-05,1.1268367438925448e-05,-7.1061776641866625e-09,False
Chinese,DRB1,11:37,2.0,88800.0,2.2522522522522523e-05,2.2536734877850896e-05,-1.4212355328373325e-08,False
Chinese,DRB1,11:45,2.0,88800.0,2.2522522522522523e-05,2.2536734877850896e-05,-1.4212355328373325e-08,False
Chinese,DRB1,11:54,2.0,88800.0,2.2522522522522523e-05,2.2536734877850896e-05,-1.4212355328373325e-08,False
Chinese,DRB1,12:01,3144.0,88800.0,0.035405405405405405,0.0354052104931037,1.9491230170143314e-07,False
Chinese,DRB1,12:02,9865.0,88800.0,0.11109234234234235,0.111083566212927,8.77612941534156e-06,False
Chinese,DRB1,12:08,3.0,88800.0,3.3783783783783784e-05,3.380510231677635e-05,-2.1318532992563376e-08,False
Chinese,DRB1,12:19,1.0,88800.0,1.1261261261261261e-05,1.1268367438925448e-05,-7.1061776641866625e-09,False
Chinese,DRB1,12:20,2.0,88800.0,2.2522522522522523e-05,2.2536734877850896e-05,-1.4212355328373325e-08,False
Chinese,DRB1,12:27,1.0,88800.0,1.1261261261261261e-05,1.1268367438925448e-05,-7.1061776641866625e-09,False
Chinese,DRB1,12:62,1.0,88800.0,1.1261261261261261e-05,1.1268367438925448e-05,-7.1061776641866625e-09,False
Chinese,DRB1,12:64,1.0,88800.0,1.1261261261261261e-05,1.1268367438925448e-05,-7.1061776641866625e-09,False
Chinese,DRB1,12:BZEBD,2.0,88800.0,2.2522522522522523e-05,,,False
Chinese,DRB1,12:JV,1.0,88800.0,1.1261261261261261e-05,,,False
Chinese,DRB1,13:01,412.0,88800.0,0.00463963963963964,0.0046312990173983,8.34062224133996e-06,False
Chinese,DRB1,13:02,2213.0,88800.0,0.02492117117117117,0.0249143604074641,6.810763707069262e-06,False
Chinese,DRB1,13:03,3.0,88800.0,3.3783783783783784e-05,3.380510231677635e-05,-2.1318532992563376e-08,False
Chinese,DRB1,13:05,4.0,88800.0,4.5045045045045046e-05,4.507346975570179e-05,-2.842471065674665e-08,False
Chinese,DRB1,13:07,28.0,88800.0,0.0003153153153153153,0.0003155142882899,-1.9897297458471757e-07,False
Chinese,DRB1,13:118,1.0,88800.0,1.1261261261261261e-05,1.1268367438925448e-05,-7.1061776641866625e-09,False
Chinese,DRB1,13:12,521.0,88800.0,0.005867117117117117,0.0058595510682412,7.566048875916852e-06,False
Chinese,DRB1,13:13,1.0,88800.0,1.1261261261261261e-05,1.1268367438925448e-05,-7.1061776641866625e-09,False
Chinese,DRB1,13:14,1.0,88800.0,1.1261261261261261e-05,1.1268367438925448e-05,-7.1061776641866625e-09,False
Chinese,DRB1,13:19,2.0,88800.0,2.2522522522522523e-05,2.2536734877850896e-05,-1.4212355328373325e-08,False
Chinese,DRB1,13:228,1.0,88800.0,1.1261261261261261e-05,1.1268367438925448e-05,-7.1061776641866625e-09,False
Chinese,DRB1,13:50,7.0,88800.0,7.882882882882882e-05,7.887857207247813e-05,-4.9743243649310025e-08,False
Chinese,DRB1,13:51,1.0,88800.0,1.1261261261261261e-05,1.1268367438925448e-05,-7.1061776641866625e-09,False
Chinese,DRB1,14:01,3088.0,88800.0,0.03477477477477477,0.0347967186514017,-2.194387662692726e-05,False
Chinese,DRB1,14:02,8.0,88800.0,9.009009009009009e-05,9.014693951140358e-05,-5.68494213134933e-08,False
Chinese,DRB1,14:03,163.0,88800.0,0.0018355855855855855,0.0018367438925448,-1.1583069592145754e-06,False
Chinese,DRB1,14:04,394.0,88800.0,0.004436936936936937,0.0044397367709366,-2.799833999663111e-06,False
Chinese,DRB1,14:05,1834.0,88800.0,0.020653153153153154,0.0206549175155503,-1.764362397144864e-06,False
Chinese,DRB1,14:06,1.0,88800.0,1.1261261261261261e-05,1.1268367438925448e-05,-7.1061776641866625e-09,False
Chinese,DRB1,14:07,47.0,88800.0,0.0005292792792792793,0.0005296132696294,-3.339903501207433e-07,False
Chinese,DRB1,14:10,14.0,88800.0,0.00015765765765765765,0.0001577571441449,-9.948648724234996e-08,False
Chinese,DRB1,14:100,1.0,88800.0,1.1261261261261261e-05,1.1268367438925448e-05,-7.1061776641866625e-09,False
Chinese,DRB1,14:12,8.0,88800.0,9.009009009009009e-05,9.014693951140358e-05,-5.68494213134933e-08,False
Chinese,DRB1,14:15,3.0,88800.0,3.3783783783783784e-05,3.380510231677635e-05,-2.1318532992563376e-08,False
Chinese,DRB1,14:18,156.0,88800.0,0.0017567567567567568,0.0017578653204723,-1.1085637155430934e-06,False
Chinese,DRB1,14:197N,1.0,88800.0,1.1261261261261261e-05,1.1268367438925448e-05,-7.1061776641866625e-09,False
Chinese,DRB1,14:25,10.0,88800.0,0.00011261261261261261,0.0001126836743892,-7.106177658739224e-08,False
Chinese,DRB1,14:44,1.0,88800.0,1.1261261261261261e-05,1.1268367438925448e-05,-7.1061776641866625e-09,False
Chinese,DRB1,14:54,20.0,88800.0,0.00022522522522522523,0.0002253673487785,-1.4212355327477503e-07,False
Chinese,DRB1,14:61,2.0,88800.0,2.2522522522522523e-05,2.2536734877850896e-05,-1.4212355328373325e-08,False
Chinese,DRB1,14:84,2.0,88800.0,2.2522522522522523e-05,2.2536734877850896e-05,-1.4212355328373325e-08,False
Chinese,DRB1,14:CEKCY,1.0,88800.0,1.1261261261261261e-05,,,False
Chinese,DRB1,15:01,7641.0,88800.0,0.08604729729729729,0.0860452537636347,2.0435336625934664e-06,False
Chinese,DRB1,15:01P,,,,2.2536734877850896e-05,,False
Chinese,DRB1,15:02,2460.0,88800.0,0.027702702702702704,0.0277201838997566,-1.748119705389725e-05,False
Chinese,DRB1,15:03,2.0,88800.0,2.2522522522522523e-05,2.2536734877850896e-05,-1.4212355328373325e-08,False
Chinese,DRB1,15:04,17.0,88800.0,0.00019144144144144144,0.0001915622464617,-1.208050202585625e-07,False
Chinese,DRB1,15:06,2.0,88800.0,2.2522522522522523e-05,2.2536734877850896e-05,-1.4212355328373325e-08,False
Chinese,DRB1,15:07,1.0,88800.0,1.1261261261261261e-05,1.1268367438925448e-05,-7.1061776641866625e-09,False
Chinese,DRB1,15:11,1.0,88800.0,1.1261261261261261e-05,1.1268367438925448e-05,-7.1061776641866625e-09,False
Chinese,DRB1,15:14,1.0,88800.0,1.1261261261261261e-05,1.1268367438925448e-05,-7.1061776641866625e-09,False
Chinese,DRB1,15:ADHVT,3.0,88800.0,3.3783783783783784e-05,,,False
Chinese,DRB1,15:BFBXD,1.0,88800.0,1.1261261261261261e-05,,,False
Chinese,DRB1,16:01,30.0,88800.0,0.00033783783783783786,0.0003380510231677,-2.131853298621266e-07,False
Chinese,DRB1,16:02,4344.0,88800.0,0.04891891891891892,0.0489272514198143,-8.332500895380512e-06,False
Chinese,DRB1,16:10,1.0,88800.0,1.1261261261261261e-05,1.1268367438925448e-05,-7.1061776641866625e-09,False
Chinese,DRB1,16:35,4.0,88800.0,4.5045045045045046e-05,4.507346975570179e-05,-2.842471065674665e-08,False
Chinese,DRB1,~:,1.0,88800.0,1.1261261261261261e-05,,,False
Chinese,HLA-A,01:01,601.0,88800.0,0.006768018018018018,0.0067722888307941,-4.270812776081476e-06,False
Chinese,HLA-A,01:03,11.0,88800.0,0.00012387387387387388,0.0001239520418281,-7.816795422611032e-08,False
Chinese,HLA-A,02:01,8398.0,88800.0,0.09457207207207208,0.094609213017218,-3.714094514592481e-05,False
Chinese,HLA-A,02:03,5949.0,88800.0,0.06699324324324324,0.0670242495267285,-3.100628348526313e-05,False
Chinese,HLA-A,02:05,35.0,88800.0,0.00039414414414414413,0.0003943928603623,-2.487162181558566e-07,False
Chinese,HLA-A,02:06,2516.0,88800.0,0.028333333333333332,0.0283061390065807,2.7194326752633113e-05,False
Chinese,HLA-A,02:07,9415.0,88800.0,0.10602477477477477,0.1060578743351663,-3.309956039151962e-05,False
Chinese,HLA-A,02:10,54.0,88800.0,0.0006081081081081081,0.0006084918417019,-3.837335937919e-07,False
Chinese,HLA-A,02:11,31.0,88800.0,0.0003490990990990991,0.0003493193906066,-2.2029150750091245e-07,False
Chinese,HLA-A,02:116,1.0,88800.0,1.1261261261261261e-05,1.1268367438925448e-05,-7.1061776641866625e-09,False
Chinese,HLA-A,02:16,1.0,88800.0,1.1261261261261261e-05,1.1268367438925448e-05,-7.1061776641866625e-09,False
Chinese,HLA-A,02:28,4.0,88800.0,4.5045045045045046e-05,4.507346975570179e-05,-2.842471065674665e-08,False
Chinese,HLA-A,02:46,3.0,88800.0,3.3783783783783784e-05,3.380510231677635e-05,-2.1318532992563376e-08,False
Chinese,HLA-A,02:48,2.0,88800.0,2.2522522522522523e-05,2.2536734877850896e-05,-1.4212355328373325e-08,False
Chinese,HLA-A,02:53,2.0,88800.0,2.2522522522522523e-05,2.2536734877850896e-05,-1.4212355328373325e-08,False
Chinese,HLA-A,02:53N,15.0,88800.0,0.00016891891891891893,0.0001690255115838,-1.0659266488108159e-07,False
Chinese,HLA-A,02:56,1.0,88800.0,1.1261261261261261e-05,1.1268367438925448e-05,-7.1061776641866625e-09,False
Chinese,HLA-A,02:611,1.0,88800.0,1.1261261261261261e-05,1.1268367438925448e-05,-7.1061776641866625e-09,False
Chinese,HLA-A,02:715N,1.0,88800.0,1.1261261261261261e-05,1.1268367438925448e-05,-7.1061776641866625e-09,False
Chinese,HLA-A,02:CAVH,1.0,88800.0,1.1261261261261261e-05,,,False
Chinese,HLA-A,02:CHJZW,2.0,88800.0,2.2522522522522523e-05,,,False
Chinese,HLA-A,03:01,569.0,88800.0,0.006407657657657657,0.0063891643378707,1.8493319786956966e-05,False
Chinese,HLA-A,03:02,18.0,88800.0,0.0002027027027027027,0.0002028306139006,-1.2791119789732123e-07,False
Chinese,HLA-A,03:12,2.0,88800.0,2.2522522522522523e-05,2.2536734877850896e-05,-1.4212355328373325e-08,False
Chinese,HLA-A,11:01,25095.0,88800.0,0.28260135135135134,0.2826782655728838,-7.691422153244254e-05,False
Chinese,HLA-A,11:02,4251.0,88800.0,0.04787162162162162,0.047901829982872,-3.0208361250380622e-05,False
Chinese,HLA-A,11:03,5.0,88800.0,5.630630630630631e-05,5.634183719462725e-05,-3.553088832094348e-08,False
Chinese,HLA-A,11:04,4.0,88800.0,4.5045045045045046e-05,4.507346975570179e-05,-2.842471065674665e-08,False
Chinese,HLA-A,11:242,1.0,88800.0,1.1261261261261261e-05,1.1268367438925448e-05,-7.1061776641866625e-09,False
Chinese,HLA-A,11:41,2.0,88800.0,2.2522522522522523e-05,2.2536734877850896e-05,-1.4212355328373325e-08,False
Chinese,HLA-A,11:56,2.0,88800.0,2.2522522522522523e-05,2.2536734877850896e-05,-1.4212355328373325e-08,False
Chinese,HLA-A,11:85,1.0,88800.0,1.1261261261261261e-05,1.1268367438925448e-05,-7.1061776641866625e-09,False
Chinese,HLA-A,11:CAVJD,1.0,88800.0,1.1261261261261261e-05,,,False
Chinese,HLA-A,11:CKYAB,1.0,88800.0,1.1261261261261261e-05,,,False
Chinese,HLA-A,11:CVHTA,1.0,88800.0,1.1261261261261261e-05,,,False
Chinese,HLA-A,11:CWKWR,1.0,88800.0,1.1261261261261261e-05,,,False
Chinese,HLA-A,23:01,49.0,88800.0,0.0005518018018018018,0.0005521500045073,-3.4820270549817e-07,False
Chinese,HLA-A,23:26,1.0,88800.0,1.1261261261261261e-05,1.1268367438925448e-05,-7.1061776641866625e-09,False
Chinese,HLA-A,24:02,13571.0,88800.0,0.15282657657657658,0.1528328675741458,-6.290997569213808e-06,False
Chinese,HLA-A,24:03,124.0,88800.0,0.0013963963963963964,0.0013972775624267,-8.811660303035401e-07,False
Chinese,HLA-A,24:04,2.0,88800.0,2.2522522522522523e-05,2.2536734877850896e-05,-1.4212355328373325e-08,False
Chinese,HLA-A,24:05,3.0,88800.0,3.3783783783783784e-05,3.380510231677635e-05,-2.1318532992563376e-08,False
Chinese,HLA-A,24:07,507.0,88800.0,0.005709459459459459,0.0056792571892184,3.020227024105957e-05,False
Chinese,HLA-A,24:08,12.0,88800.0,0.00013513513513513514,0.0001352204092671,-8.52741319648596e-08,False
Chinese,HLA-A,24:10,247.0,88800.0,0.0027815315315315317,0.0027832867574145,-1.7552258829681318e-06,False
Chinese,HLA-A,24:121,1.0,88800.0,1.1261261261261261e-05,1.1268367438925448e-05,-7.1061776641866625e-09,False
Chinese,HLA-A,24:128,2.0,88800.0,2.2522522522522523e-05,2.2536734877850896e-05,-1.4212355328373325e-08,False
Chinese,HLA-A,24:151,1.0,88800.0,1.1261261261261261e-05,1.1268367438925448e-05,-7.1061776641866625e-09,False
Chinese,HLA-A,24:17,1.0,88800.0,1.1261261261261261e-05,1.1268367438925448e-05,-7.1061776641866625e-09,False
Chinese,HLA-A,24:194,2.0,88800.0,2.2522522522522523e-05,2.2536734877850896e-05,-1.4212355328373325e-08,False
Chinese,HLA-A,24:20,120.0,88800.0,0.0013513513513513514,0.001352204092671,-8.527413196486502e-07,False
Chinese,HLA-A,24:255,1.0,88800.0,1.1261261261261261e-05,1.1268367438925448e-05,-7.1061776641866625e-09,False
Chinese,HLA-A,24:30,1.0,88800.0,1.1261261261261261e-05,1.1268367438925448e-05,-7.1061776641866625e-09,False
Chinese,HLA-A,24:59,1.0,88800.0,1.1261261261261261e-05,1.1268367438925448e-05,-7.1061776641866625e-09,False
Chinese,HLA-A,24:64,13.0,88800.0,0.0001463963963963964,0.000146488776706,-9.238030960361833e-08,False
Chinese,HLA-A,24:68,4.0,88800.0,4.5045045045045046e-05,4.507346975570179e-05,-2.842471065674665e-08,False
Chinese,HLA-A,24:85,1.0,88800.0,1.1261261261261261e-05,1.1268367438925448e-05,-7.1061776641866625e-09,False
Chinese,HLA-A,24:CAVJJ,1.0,88800.0,1.1261261261261261e-05,,,False
Chinese,HLA-A,24:CHJZX,5.0,88800.0,5.630630630630631e-05,,,False
Chinese,HLA-A,24:XX,1.0,88800.0,1.1261261261261261e-05,,,False
Chinese,HLA-A,25:01,2.0,88800.0,2.2522522522522523e-05,2.2536734877850896e-05,-1.4212355328373325e-08,False
Chinese,HLA-A,26:01,2090.0,88800.0,0.023536036036036035,0.0235508879473541,-1.4851911318065902e-05,False
Chinese,HLA-A,26:03,5.0,88800.0,5.630630630630631e-05,5.634183719462725e-05,-3.553088832094348e-08,False
Chinese,HLA-A,26:35,4.0,88800.0,4.5045045045045046e-05,4.507346975570179e-05,-2.842471065674665e-08,False
Chinese,HLA-A,26:46,2.0,88800.0,2.2522522522522523e-05,2.2536734877850896e-05,-1.4212355328373325e-08,False
Chinese,HLA-A,26:50,5.0,88800.0,5.630630630630631e-05,5.634183719462725e-05,-3.553088832094348e-08,False
Chinese,HLA-A,29:01,401.0,88800.0,0.004515765765765766,0.0044960786081312,1.9687157634565994e-05,False
Chinese,HLA-A,29:02,18.0,88800.0,0.0002027027027027027,0.0002028306139006,-1.2791119789732123e-07,False
Chinese,HLA-A,30:01,1395.0,88800.0,0.01570945945945946,0.015719372577301,-9.913117841542363e-06,False
Chinese,HLA-A,30:02,4.0,88800.0,4.5045045045045046e-05,4.507346975570179e-05,-2.842471065674665e-08,False
Chinese,HLA-A,30:04,6.0,88800.0,6.756756756756757e-05,6.76102046335527e-05,-4.263706598512675e-08,False
Chinese,HLA-A,30:16,2.0,88800.0,2.2522522522522523e-05,2.2536734877850896e-05,-1.4212355328373325e-08,False
Chinese,HLA-A,30:18,1.0,88800.0,1.1261261261261261e-05,1.1268367438925448e-05,-7.1061776641866625e-09,False
Chinese,HLA-A,31:01,1705.0,88800.0,0.019200450450450452,0.0192125664833678,-1.2116032917348918e-05,False
Chinese,HLA-A,31:13,3.0,88800.0,3.3783783783783784e-05,3.380510231677635e-05,-2.1318532992563376e-08,False
Chinese,HLA-A,31:CVHTM,1.0,88800.0,1.1261261261261261e-05,,,False
Chinese,HLA-A,32:01,324.0,88800.0,0.0036486486486486487,0.0036509510502118,-2.302401563151254e-06,False
Chinese,HLA-A,33:01,15.0,88800.0,0.00016891891891891893,0.0001690255115838,-1.0659266488108159e-07,False
Chinese,HLA-A,33:03,10602.0,88800.0,0.1193918918918919,0.1194559632200486,-6.407132815670902e-05,False
Chinese,HLA-A,33:AUTWN,1.0,88800.0,1.1261261261261261e-05,,,False
Chinese,HLA-A,33:CAUVS,3.0,88800.0,3.3783783783783784e-05,,,False
Chinese,HLA-A,33:XX,1.0,88800.0,1.1261261261261261e-05,,,False
Chinese,HLA-A,34:01,194.0,88800.0,0.0021846846846846845,0.0021860632831515,-1.378598466815397e-06,False
Chinese,HLA-A,34:05,1.0,88800.0,1.1261261261261261e-05,1.1268367438925448e-05,-7.1061776641866625e-09,False
Chinese,HLA-A,66:01,14.0,88800.0,0.00015765765765765765,0.0001577571441449,-9.948648724234996e-08,False
Chinese,HLA-A,68:01,173.0,88800.0,0.0019481981981981982,0.0019381591994951,1.0038998703098276e-05,False
Chinese,HLA-A,68:02,6.0,88800.0,6.756756756756757e-05,6.76102046335527e-05,-4.263706598512675e-08,False
Chinese,HLA-A,68:24,1.0,88800.0,1.1261261261261261e-05,1.1268367438925448e-05,-7.1061776641866625e-09,False
Chinese,HLA-A,69:01,10.0,88800.0,0.00011261261261261261,0.0001126836743892,-7.106177658739224e-08,False
Chinese,HLA-A,74:01,133.0,88800.0,0.0014977477477477478,0.001498692869377,-9.451216292520517e-07,False
Chinese,HLA-A,74:05,9.0,88800.0,0.00010135135135135135,0.0001014153069503,-6.395559894866061e-08,False
Chinese,HLA-B,07:02,207.0,88800.0,0.002331081081081081,0.0023325520598575,-1.4709787764187986e-06,False
Chinese,HLA-B,07:05,525.0,88800.0,0.0059121621621621625,0.0059046245379969,7.537624165262179e-06,False
Chinese,HLA-B,07:10,1.0,88800.0,1.1261261261261261e-05,1.1268367438925448e-05,-7.1061776641866625e-09,False
Chinese,HLA-B,07:18,1.0,88800.0,1.1261261261261261e-05,1.1268367438925448e-05,-7.1061776641866625e-09,False
Chinese,HLA-B,07:249,2.0,88800.0,2.2522522522522523e-05,2.2536734877850896e-05,-1.4212355328373325e-08,False
Chinese,HLA-B,07:317,1.0,88800.0,1.1261261261261261e-05,1.1268367438925448e-05,-7.1061776641866625e-09,False
Chinese,HLA-B,07:CEJTV,1.0,88800.0,1.1261261261261261e-05,,,False
Chinese,HLA-B,08:01,234.0,88800.0,0.002635135135135135,0.0026367979807085,-1.6628455733647303e-06,False
Chinese,HLA-B,13:01,6109.0,88800.0,0.06879504504504505,0.0687821148472009,1.2930197844152058e-05,False
Chinese,HLA-B,13:02,1511.0,88800.0,0.017015765765765765,0.0170265032002163,-1.0737434450534822e-05,False
Chinese,HLA-B,13:06,1.0,88800.0,1.1261261261261261e-05,1.1268367438925448e-05,-7.1061776641866625e-09,False
Chinese,HLA-B,14:01,1.0,88800.0,1.1261261261261261e-05,1.1268367438925448e-05,-7.1061776641866625e-09,False
Chinese,HLA-B,14:02,14.0,88800.0,0.00015765765765765765,0.0001577571441449,-9.948648724234996e-08,False
Chinese,HLA-B,15:01,3144.0,88800.0,0.035405405405405405,0.0354052104931037,1.9491230170143314e-07,False
Chinese,HLA-B,15:02,5252.0,88800.0,0.059144144144144144,0.0591589290543586,-1.4784910214456215e-05,False
Chinese,HLA-B,15:03,41.0,88800.0,0.0004617117117117117,0.0004620030649959,-2.913532841882817e-07,False
Chinese,HLA-B,15:05,11.0,88800.0,0.00012387387387387388,0.0001239520418281,-7.816795422611032e-08,False
Chinese,HLA-B,15:06,4.0,88800.0,4.5045045045045046e-05,4.507346975570179e-05,-2.842471065674665e-08,False
Chinese,HLA-B,15:07,63.0,88800.0,0.0007094594594594595,0.0007099071486523,-4.476891928404834e-07,False
Chinese,HLA-B,15:08,9.0,88800.0,0.00010135135135135135,0.0001014153069503,-6.395559894866061e-08,False
Chinese,HLA-B,15:10,7.0,88800.0,7.882882882882882e-05,7.887857207247813e-05,-4.9743243649310025e-08,False
Chinese,HLA-B,15:109,1.0,88800.0,1.1261261261261261e-05,1.1268367438925448e-05,-7.1061776641866625e-09,False
Chinese,HLA-B,15:11,527.0,88800.0,0.005934684684684685,0.0059384296403137,-3.744955629015126e-06,False
Chinese,HLA-B,15:12,398.0,88800.0,0.004481981981981982,0.0044848102406923,-2.828258710317784e-06,False
Chinese,HLA-B,15:13,125.0,88800.0,0.0014076576576576576,0.0014085459298656,-8.882722079424886e-07,False
Chinese,HLA-B,15:141,1.0,88800.0,1.1261261261261261e-05,1.1268367438925448e-05,-7.1061776641866625e-09,False
Chinese,HLA-B,15:15,2.0,88800.0,2.2522522522522523e-05,2.2536734877850896e-05,-1.4212355328373325e-08,False
Chinese,HLA-B,15:17,31.0,88800.0,0.0003490990990990991,0.0003493193906066,-2.2029150750091245e-07,False
Chinese,HLA-B,15:18,508.0,88800.0,0.00572072072072072,0.0057017939240962,1.8926796624520528e-05,False
Chinese,HLA-B,15:21,120.0,88800.0,0.0013513513513513514,0.001352204092671,-8.527413196486502e-07,False
Chinese,HLA-B,15:25,596.0,88800.0,0.006711711711711712,0.0067159469935995,-4.235281887788288e-06,False
Chinese,HLA-B,15:27,738.0,88800.0,0.008310810810810811,0.0083160551699269,-5.244359116089031e-06,False
Chinese,HLA-B,15:29,1.0,88800.0,1.1261261261261261e-05,1.1268367438925448e-05,-7.1061776641866625e-09,False
Chinese,HLA-B,15:316,1.0,88800.0,1.1261261261261261e-05,1.1268367438925448e-05,-7.1061776641866625e-09,False
Chinese,HLA-B,15:32,26.0,88800.0,0.0002927927927927928,0.000292977553412,-1.8476061920723666e-07,False
Chinese,HLA-B,15:325,2.0,88800.0,2.2522522522522523e-05,2.2536734877850896e-05,-1.4212355328373325e-08,False
Chinese,HLA-B,15:35,43.0,88800.0,0.0004842342342342342,0.0004845397998737,-3.0556563946579915e-07,False
Chinese,HLA-B,15:39,1.0,88800.0,1.1261261261261261e-05,1.1268367438925448e-05,-7.1061776641866625e-09,False
Chinese,HLA-B,15:425,2.0,88800.0,2.2522522522522523e-05,2.2536734877850896e-05,-1.4212355328373325e-08,False
Chinese,HLA-B,15:46,11.0,88800.0,0.00012387387387387388,0.0001239520418281,-7.816795422611032e-08,False
Chinese,HLA-B,15:58,24.0,88800.0,0.0002702702702702703,0.0002704408185342,-1.705482639297192e-07,False
Chinese,HLA-B,15:64,1.0,88800.0,1.1261261261261261e-05,1.1268367438925448e-05,-7.1061776641866625e-09,False
Chinese,HLA-B,15:66,3.0,88800.0,3.3783783783783784e-05,3.380510231677635e-05,-2.1318532992563376e-08,False
Chinese,HLA-B,15:86,1.0,88800.0,1.1261261261261261e-05,1.1268367438925448e-05,-7.1061776641866625e-09,False
Chinese,HLA-B,15:88,4.0,88800.0,4.5045045045045046e-05,4.507346975570179e-05,-2.842471065674665e-08,False
Chinese,HLA-B,15:CAVKW,1.0,88800.0,1.1261261261261261e-05,,,False
Chinese,HLA-B,15:XX,2.0,88800.0,2.2522522522522523e-05,,,False
Chinese,HLA-B,18:01,258.0,88800.0,0.0029054054054054052,0.0029072387992427,-1.8333938372949374e-06,False
Chinese,HLA-B,18:02,212.0,88800.0,0.0023873873873873873,0.0023888938970521,-1.5065096647128538e-06,False
Chinese,HLA-B,27:02,2.0,88800.0,2.2522522522522523e-05,2.2536734877850896e-05,-1.4212355328373325e-08,False
Chinese,HLA-B,27:04,2285.0,88800.0,0.025731981981981983,0.0257369512305057,-4.969248523715997e-06,False
Chinese,HLA-B,27:05,102.0,88800.0,0.0011486486486486486,0.0011493734787703,-7.248301216514468e-07,False
Chinese,HLA-B,27:06,100.0,88800.0,0.0011261261261261261,0.0011155683764536,1.0557749672526111e-05,False
Chinese,HLA-B,27:07,32.0,88800.0,0.00036036036036036037,0.0003605877580456,-2.2739768523960752e-07,False
Chinese,HLA-B,27:15,12.0,88800.0,0.00013513513513513514,0.0001352204092671,-8.52741319648596e-08,False
Chinese,HLA-B,27:18,1.0,88800.0,1.1261261261261261e-05,1.1268367438925448e-05,-7.1061776641866625e-09,False
Chinese,HLA-B,27:21,1.0,88800.0,1.1261261261261261e-05,1.1268367438925448e-05,-7.1061776641866625e-09,False
Chinese,HLA-B,27:86,1.0,88800.0,1.1261261261261261e-05,1.1268367438925448e-05,-7.1061776641866625e-09,False
Chinese,HLA-B,35:01,1963.0,88800.0,0.022105855855855856,0.0220972685477328,8.58730812305572e-06,False
Chinese,HLA-B,35:02,48.0,88800.0,0.0005405405405405405,0.0005296132696294,1.0927270911140511e-05,False
Chinese,HLA-B,35:03,443.0,88800.0,0.004988738738738739,0.004980618408005,8.120330733739356e-06,False
Chinese,HLA-B,35:05,451.0,88800.0,0.005078828828828829,0.0050707653475164,8.063481312429142e-06,False
Chinese,HLA-B,35:08,12.0,88800.0,0.00013513513513513514,0.0001352204092671,-8.52741319648596e-08,False
Chinese,HLA-B,35:11,5.0,88800.0,5.630630630630631e-05,5.634183719462725e-05,-3.553088832094348e-08,False
Chinese,HLA-B,35:137,1.0,88800.0,1.1261261261261261e-05,1.1268367438925448e-05,-7.1061776641866625e-09,False
Chinese,HLA-B,35:30,16.0,88800.0,0.00018018018018018018,0.0001802938790228,-1.1369884261980376e-07,False
Chinese,HLA-B,35:375,1.0,88800.0,1.1261261261261261e-05,1.1268367438925448e-05,-7.1061776641866625e-09,False
Chinese,HLA-B,35:51,2.0,88800.0,2.2522522522522523e-05,2.2536734877850896e-05,-1.4212355328373325e-08,False
Chinese,HLA-B,35:CAVME,1.0,88800.0,1.1261261261261261e-05,,,False
Chinese,HLA-B,35:CVHTV,1.0,88800.0,1.1261261261261261e-05,,,False
Chinese,HLA-B,37:01,353.0,88800.0,0.003975225225225225,0.0039777337059406,-2.508480715374649e-06,False
Chinese,HLA-B,37:04,2.0,88800.0,2.2522522522522523e-05,2.2536734877850896e-05,-1.4212355328373325e-08,False
Chinese,HLA-B,38:01,183.0,88800.0,0.002060810810810811,0.0020621112413233,-1.3004305124890252e-06,False
Chinese,HLA-B,38:02,3751.0,88800.0,0.04224099099099099,0.0422676462634093,-2.665527241831056e-05,False
Chinese,HLA-B,38:15,2.0,88800.0,2.2522522522522523e-05,2.2536734877850896e-05,-1.4212355328373325e-08,False
Chinese,HLA-B,39:01,1890.0,88800.0,0.021283783783783785,0.021297214459569,-1.3430675785214286e-05,False
Chinese,HLA-B,39:02,1.0,88800.0,1.1261261261261261e-05,1.1268367438925448e-05,-7.1061776641866625e-09,False
Chinese,HLA-B,39:05,123.0,88800.0,0.001385135135135135,0.0013860091949878,-8.740598526650253e-07,False
Chinese,HLA-B,39:06,1.0,88800.0,1.1261261261261261e-05,1.1268367438925448e-05,-7.1061776641866625e-09,False
Chinese,HLA-B,39:09,71.0,88800.0,0.0007995495495495495,0.0008000540881637,-5.045386141504802e-07,False
Chinese,HLA-B,39:10,1.0,88800.0,1.1261261261261261e-05,1.1268367438925448e-05,-7.1061776641866625e-09,False
Chinese,HLA-B,39:15,13.0,88800.0,0.0001463963963963964,0.000146488776706,-9.238030960361833e-08,False
Chinese,HLA-B,39:36,3.0,88800.0,3.3783783783783784e-05,3.380510231677635e-05,-2.1318532992563376e-08,False
Chinese,HLA-B,39:38Q,2.0,88800.0,2.2522522522522523e-05,2.2536734877850896e-05,-1.4212355328373325e-08,False
Chinese,HLA-B,40:01,17005.0,88800.0,0.19149774774774775,0.1915735148291715,-7.576708142376098e-05,False
Chinese,HLA-B,40:02,1367.0,88800.0,0.015394144144144145,0.0153925899215721,1.554222572044961e-06,False
Chinese,HLA-B,40:03,75.0,88800.0,0.0008445945945945946,0.0008451275579194,-5.329633248053701e-07,False
Chinese,HLA-B,40:06,968.0,88800.0,0.0109009009009009,0.010873974578563,2.6926322337901196e-05,False
Chinese,HLA-B,40:10,3.0,88800.0,3.3783783783783784e-05,3.380510231677635e-05,-2.1318532992563376e-08,False
Chinese,HLA-B,40:122,1.0,88800.0,1.1261261261261261e-05,1.1268367438925448e-05,-7.1061776641866625e-09,False
Chinese,HLA-B,40:306,1.0,88800.0,1.1261261261261261e-05,1.1268367438925448e-05,-7.1061776641866625e-09,False
Chinese,HLA-B,40:339,1.0,88800.0,1.1261261261261261e-05,1.1268367438925448e-05,-7.1061776641866625e-09,False
Chinese,HLA-B,40:40,9.0,88800.0,0.00010135135135135135,0.0001014153069503,-6.395559894866061e-08,False
Chinese,HLA-B,40:48,9.0,88800.0,0.00010135135135135135,0.0001014153069503,-6.395559894866061e-08,False
Chinese,HLA-B,40:62,2.0,88800.0,2.2522522522522523e-05,2.2536734877850896e-05,-1.4212355328373325e-08,False
Chinese,HLA-B,40:69,1.0,88800.0,1.1261261261261261e-05,1.1268367438925448e-05,-7.1061776641866625e-09,False
Chinese,HLA-B,40:76,4.0,88800.0,4.5045045045045046e-05,4.507346975570179e-05,-2.842471065674665e-08,False
Chinese,HLA-B,40:78,1.0,88800.0,1.1261261261261261e-05,1.1268367438925448e-05,-7.1061776641866625e-09,False
Chinese,HLA-B,40:CAVMH,1.0,88800.0,1.1261261261261261e-05,,,False
Chinese,HLA-B,40:CMVGM,1.0,88800.0,1.1261261261261261e-05,,,False
Chinese,HLA-B,40:CWKWX,4.0,88800.0,4.5045045045045046e-05,,,False
Chinese,HLA-B,41:01,12.0,88800.0,0.00013513513513513514,0.0001352204092671,-8.52741319648596e-08,False
Chinese,HLA-B,41:02,2.0,88800.0,2.2522522522522523e-05,2.2536734877850896e-05,-1.4212355328373325e-08,False
Chinese,HLA-B,44:02,183.0,88800.0,0.002060810810810811,0.0020621112413233,-1.3004305124890252e-06,False
Chinese,HLA-B,44:03,664.0,88800.0,0.007477477477477477,0.0074821959794464,-4.718501968922935e-06,False
Chinese,HLA-B,45:01,66.0,88800.0,0.0007432432432432432,0.000743712250969,-4.690077257567867e-07,False
Chinese,HLA-B,46:01,11461.0,88800.0,0.12906531531531532,0.1290904173803299,-2.5102065014576125e-05,False
Chinese,HLA-B,46:43,1.0,88800.0,1.1261261261261261e-05,1.1268367438925448e-05,-7.1061776641866625e-09,False
Chinese,HLA-B,46:62,1.0,88800.0,1.1261261261261261e-05,1.1268367438925448e-05,-7.1061776641866625e-09,False
Chinese,HLA-B,48:01,857.0,88800.0,0.009650900900900901,0.0096569908951591,-6.08999425819913e-06,False
Chinese,HLA-B,48:03,285.0,88800.0,0.0032094594594594596,0.0032114847200937,-2.0252606342404354e-06,False
Chinese,HLA-B,48:04,3.0,88800.0,3.3783783783783784e-05,3.380510231677635e-05,-2.1318532992563376e-08,False
Chinese,HLA-B,49:01,11.0,88800.0,0.00012387387387387388,0.0001239520418281,-7.816795422611032e-08,False
Chinese,HLA-B,50:01,92.0,88800.0,0.001036036036036036,0.0010366898043811,-6.537683450639868e-07,False
Chinese,HLA-B,51:01,3921.0,88800.0,0.044155405405405405,0.0441156585233931,3.97468820123037e-05,False
Chinese,HLA-B,51:01P,,,,3.380510231677635e-05,,False
Chinese,HLA-B,51:02,1212.0,88800.0,0.013648648648648648,0.0136234562336608,2.5192414987848175e-05,False
Chinese,HLA-B,51:02P,,,,3.380510231677635e-05,,False
Chinese,HLA-B,51:06,13.0,88800.0,0.0001463963963963964,0.000146488776706,-9.238030960361833e-08,False
Chinese,HLA-B,51:07,118.0,88800.0,0.001328828828828829,0.0013296673577932,-8.385289643711869e-07,False
Chinese,HLA-B,51:08,2.0,88800.0,2.2522522522522523e-05,2.2536734877850896e-05,-1.4212355328373325e-08,False
Chinese,HLA-B,51:36,1.0,88800.0,1.1261261261261261e-05,1.1268367438925448e-05,-7.1061776641866625e-09,False
Chinese,HLA-B,51:39,1.0,88800.0,1.1261261261261261e-05,1.1268367438925448e-05,-7.1061776641866625e-09,False
Chinese,HLA-B,51:AJPSD,1.0,88800.0,1.1261261261261261e-05,,,False
Chinese,HLA-B,51:AXDBR,1.0,88800.0,1.1261261261261261e-05,,,False
Chinese,HLA-B,52:01,834.0,88800.0,0.009391891891891891,0.0093978184440638,-5.926552171908739e-06,False
Chinese,HLA-B,53:01,8.0,88800.0,9.009009009009009e-05,9.014693951140358e-05,-5.68494213134933e-08,False
Chinese,HLA-B,54:01,2831.0,88800.0,0.03188063063063063,0.0318556747498422,2.495588078842842e-05,False
Chinese,HLA-B,54:01P,,,,1.1268367438925448e-05,,False
Chinese,HLA-B,54:10,1.0,88800.0,1.1261261261261261e-05,1.1268367438925448e-05,-7.1061776641866625e-09,False
Chinese,HLA-B,54:36,1.0,88800.0,1.1261261261261261e-05,1.1268367438925448e-05,-7.1061776641866625e-09,False
Chinese,HLA-B,55:01,46.0,88800.0,0.000518018018018018,0.0005183449021905,-3.268841724820117e-07,False
Chinese,HLA-B,55:02,2641.0,88800.0,0.029740990990990993,0.0297597584062021,-1.8767415211107946e-05,False
Chinese,HLA-B,55:04,67.0,88800.0,0.0007545045045045045,0.000754980618408,-4.761139034954818e-07,False
Chinese,HLA-B,55:07,8.0,88800.0,9.009009009009009e-05,9.014693951140358e-05,-5.68494213134933e-08,False
Chinese,HLA-B,55:12,33.0,88800.0,0.0003716216216216216,0.0003718561254845,-2.3450386287839336e-07,False
Chinese,HLA-B,55:34,1.0,88800.0,1.1261261261261261e-05,1.1268367438925448e-05,-7.1061776641866625e-09,False
Chinese,HLA-B,56:01,591.0,88800.0,0.006655405405405405,0.0066596051564049,-4.1997509994951e-06,False
Chinese,HLA-B,56:03,206.0,88800.0,0.00231981981981982,0.0023212836924186,-1.46387259877985e-06,False
Chinese,HLA-B,56:04,125.0,88800.0,0.0014076576576576576,0.0013972775624267,1.0380095230957606e-05,False
Chinese,HLA-B,56:10,9.0,88800.0,0.00010135135135135135,0.0001014153069503,-6.395559894866061e-08,False
Chinese,HLA-B,57:01,206.0,88800.0,0.00231981981981982,0.0023212836924186,-1.46387259877985e-06,False
Chinese,HLA-B,57:02,1.0,88800.0,1.1261261261261261e-05,1.1268367438925448e-05,-7.1061776641866625e-09,False
Chinese,HLA-B,58:01,9754.0,88800.0,0.10984234234234234,0.1098891192644009,-4.677692205855288e-05,False
Chinese,HLA-B,58:02,1.0,88800.0,1.1261261261261261e-05,1.1268367438925448e-05,-7.1061776641866625e-09,False
Chinese,HLA-B,58:41,1.0,88800.0,1.1261261261261261e-05,1.1268367438925448e-05,-7.1061776641866625e-09,False
Chinese,HLA-B,58:74,3.0,88800.0,3.3783783783783784e-05,3.380510231677635e-05,-2.1318532992563376e-08,False
Chinese,HLA-B,58:85,2.0,88800.0,2.2522522522522523e-05,2.2536734877850896e-05,-1.4212355328373325e-08,False
Chinese,HLA-B,58:CAVMX,1.0,88800.0,1.1261261261261261e-05,,,False
Chinese,HLA-B,59:01,5.0,88800.0,5.630630630630631e-05,5.634183719462725e-05,-3.553088832094348e-08,False
Chinese,HLA-B,59:08,1.0,88800.0,1.1261261261261261e-05,1.1268367438925448e-05,-7.1061776641866625e-09,False
Chinese,HLA-B,67:01,258.0,88800.0,0.0029054054054054052,0.0029072387992427,-1.8333938372949374e-06,False
Chinese,HLA-B,73:01,2.0,88800.0,2.2522522522522523e-05,2.2536734877850896e-05,-1.4212355328373325e-08,False
Chinese,HLA-B,81:01,147.0,88800.0,0.0016554054054054054,0.001656450013522,-1.044608116594582e-06,False
Chinese,HLA-C,01:02,16181.0,88800.0,0.18221846846846848,0.1822545749571802,-3.6106488711717954e-05,False
Chinese,HLA-C,01:02P,,,,2.2536734877850896e-05,,False
Chinese,HLA-C,01:03,355.0,88800.0,0.003997747747747748,0.0039890020733796,8.745674368147369e-06,False
Chinese,HLA-C,01:06,35.0,88800.0,0.00039414414414414413,0.0003943928603623,-2.487162181558566e-07,False
Chinese,HLA-C,01:08,96.0,88800.0,0.001081081081081081,0.0010817632741368,-6.821930557188768e-07,False
Chinese,HLA-C,01:12,1.0,88800.0,1.1261261261261261e-05,1.1268367438925448e-05,-7.1061776641866625e-09,False
Chinese,HLA-C,01:125,1.0,88800.0,1.1261261261261261e-05,1.1268367438925448e-05,-7.1061776641866625e-09,False
Chinese,HLA-C,01:134,1.0,88800.0,1.1261261261261261e-05,1.1268367438925448e-05,-7.1061776641866625e-09,False
Chinese,HLA-C,01:14,1.0,88800.0,1.1261261261261261e-05,1.1268367438925448e-05,-7.1061776641866625e-09,False
Chinese,HLA-C,01:54,1.0,88800.0,1.1261261261261261e-05,1.1268367438925448e-05,-7.1061776641866625e-09,False
Chinese,HLA-C,01:CWKXC,3.0,88800.0,3.3783783783783784e-05,,,False
Chinese,HLA-C,02:02,114.0,88800.0,0.0012837837837837837,0.0012845938880375,-8.10104253716297e-07,False
Chinese,HLA-C,03:02,9791.0,88800.0,0.110259009009009,0.1103060488596412,-4.703985063218841e-05,False
Chinese,HLA-C,03:03,3924.0,88800.0,0.04418918918918919,0.0442058054629045,-1.661627371531138e-05,False
Chinese,HLA-C,03:04,11166.0,88800.0,0.12574324324324324,0.1257662489858469,-2.3005742603665613e-05,False
Chinese,HLA-C,03:119,1.0,88800.0,1.1261261261261261e-05,1.1268367438925448e-05,-7.1061776641866625e-09,False
Chinese,HLA-C,03:128,1.0,88800.0,1.1261261261261261e-05,1.1268367438925448e-05,-7.1061776641866625e-09,False
Chinese,HLA-C,03:139,1.0,88800.0,1.1261261261261261e-05,1.1268367438925448e-05,-7.1061776641866625e-09,False
Chinese,HLA-C,03:17,47.0,88800.0,0.0005292792792792793,0.0005296132696294,-3.339903501207433e-07,False
Chinese,HLA-C,03:187,5.0,88800.0,5.630630630630631e-05,5.634183719462725e-05,-3.553088832094348e-08,False
Chinese,HLA-C,03:193,1.0,88800.0,1.1261261261261261e-05,1.1268367438925448e-05,-7.1061776641866625e-09,False
Chinese,HLA-C,03:21,20.0,88800.0,0.00022522522522522523,0.0002253673487785,-1.4212355327477503e-07,False
Chinese,HLA-C,03:258,5.0,88800.0,5.630630630630631e-05,5.634183719462725e-05,-3.553088832094348e-08,False
Chinese,HLA-C,03:32,3.0,88800.0,3.3783783783783784e-05,3.380510231677635e-05,-2.1318532992563376e-08,False
Chinese,HLA-C,03:326,1.0,88800.0,1.1261261261261261e-05,1.1268367438925448e-05,-7.1061776641866625e-09,False
Chinese,HLA-C,03:328,2.0,88800.0,2.2522522522522523e-05,2.2536734877850896e-05,-1.4212355328373325e-08,False
Chinese,HLA-C,03:329,1.0,88800.0,1.1261261261261261e-05,1.1268367438925448e-05,-7.1061776641866625e-09,False
Chinese,HLA-C,03:346,1.0,88800.0,1.1261261261261261e-05,1.1268367438925448e-05,-7.1061776641866625e-09,False
Chinese,HLA-C,03:349,1.0,88800.0,1.1261261261261261e-05,1.1268367438925448e-05,-7.1061776641866625e-09,False
Chinese,HLA-C,03:36,15.0,88800.0,0.00016891891891891893,0.0001690255115838,-1.0659266488108159e-07,False
Chinese,HLA-C,03:43,3.0,88800.0,3.3783783783783784e-05,3.380510231677635e-05,-2.1318532992563376e-08,False
Chinese,HLA-C,03:46,2.0,88800.0,2.2522522522522523e-05,2.2536734877850896e-05,-1.4212355328373325e-08,False
Chinese,HLA-C,03:48,1.0,88800.0,1.1261261261261261e-05,1.1268367438925448e-05,-7.1061776641866625e-09,False
Chinese,HLA-C,03:58,1.0,88800.0,1.1261261261261261e-05,1.1268367438925448e-05,-7.1061776641866625e-09,False
Chinese,HLA-C,03:76,1.0,88800.0,1.1261261261261261e-05,1.1268367438925448e-05,-7.1061776641866625e-09,False
Chinese,HLA-C,03:77,1.0,88800.0,1.1261261261261261e-05,1.1268367438925448e-05,-7.1061776641866625e-09,False
Chinese,HLA-C,03:85,13.0,88800.0,0.0001463963963963964,0.000146488776706,-9.238030960361833e-08,False
Chinese,HLA-C,03:CAVNF,1.0,88800.0,1.1261261261261261e-05,,,False
Chinese,HLA-C,03:CAVNN,1.0,88800.0,1.1261261261261261e-05,,,False
Chinese,HLA-C,03:CEJXD,1.0,88800.0,1.1261261261261261e-05,,,False
Chinese,HLA-C,03:CWKXH,4.0,88800.0,4.5045045045045046e-05,,,False
Chinese,HLA-C,03:XX,1.0,88800.0,1.1261261261261261e-05,,,False
Chinese,HLA-C,04:01,4106.0,88800.0,0.04623873873873874,0.0462679167042278,-2.9177965489061986e-05,False
Chinese,HLA-C,04:03,1543.0,88800.0,0.017376126126126126,0.0173870909582619,-1.0964832135775676e-05,False
Chinese,HLA-C,04:06,30.0,88800.0,0.00033783783783783786,0.0003380510231677,-2.131853298621266e-07,False
Chinese,HLA-C,04:10,1.0,88800.0,1.1261261261261261e-05,1.1268367438925448e-05,-7.1061776641866625e-09,False
Chinese,HLA-C,04:AKWXK,1.0,88800.0,1.1261261261261261e-05,,,False
Chinese,HLA-C,04:BEPTF,2.0,88800.0,2.2522522522522523e-05,,,False
Chinese,HLA-C,04:CVHVN,1.0,88800.0,1.1261261261261261e-05,,,False
Chinese,HLA-C,04:CWKXJ,1.0,88800.0,1.1261261261261261e-05,,,False
Chinese,HLA-C,04:JKTU,3.0,88800.0,3.3783783783783784e-05,,,False
Chinese,HLA-C,05:01,156.0,88800.0,0.0017567567567567568,0.0017578653204723,-1.1085637155430934e-06,False
Chinese,HLA-C,06:02,2202.0,88800.0,0.024797297297297297,0.0247227981610024,7.449913629489768e-05,False
Chinese,HLA-C,06:02P,,,,9.014693951140358e-05,,False
Chinese,HLA-C,06:30,1.0,88800.0,1.1261261261261261e-05,1.1268367438925448e-05,-7.1061776641866625e-09,False
Chinese,HLA-C,07:01,549.0,88800.0,0.006182432432432433,0.00618633372397,-3.901291537567256e-06,False
Chinese,HLA-C,07:02,17715.0,88800.0,0.19949324324324325,0.1995853240782475,-9.208083500425457e-05,False
Chinese,HLA-C,07:02P,,,,2.2536734877850896e-05,,False
Chinese,HLA-C,07:04,762.0,88800.0,0.008581081081081082,0.0085752276210222,5.853460058881724e-06,False
Chinese,HLA-C,07:15,1.0,88800.0,1.1261261261261261e-05,1.1268367438925448e-05,-7.1061776641866625e-09,False
Chinese,HLA-C,07:154,1.0,88800.0,1.1261261261261261e-05,1.1268367438925448e-05,-7.1061776641866625e-09,False
Chinese,HLA-C,07:26,1.0,88800.0,1.1261261261261261e-05,1.1268367438925448e-05,-7.1061776641866625e-09,False
Chinese,HLA-C,07:27,17.0,88800.0,0.00019144144144144144,0.0001915622464617,-1.208050202585625e-07,False
Chinese,HLA-C,07:346,1.0,88800.0,1.1261261261261261e-05,1.1268367438925448e-05,-7.1061776641866625e-09,False
Chinese,HLA-C,07:39,3.0,88800.0,3.3783783783783784e-05,3.380510231677635e-05,-2.1318532992563376e-08,False
Chinese,HLA-C,07:393N,3.0,88800.0,3.3783783783783784e-05,3.380510231677635e-05,-2.1318532992563376e-08,False
Chinese,HLA-C,07:43,15.0,88800.0,0.00016891891891891893,0.0001690255115838,-1.0659266488108159e-07,False
Chinese,HLA-C,07:465,1.0,88800.0,1.1261261261261261e-05,1.1268367438925448e-05,-7.1061776641866625e-09,False
Chinese,HLA-C,07:539,1.0,88800.0,1.1261261261261261e-05,1.1268367438925448e-05,-7.1061776641866625e-09,False
Chinese,HLA-C,07:56,17.0,88800.0,0.00019144144144144144,0.0001915622464617,-1.208050202585625e-07,False
Chinese,HLA-C,07:590,1.0,88800.0,1.1261261261261261e-05,1.1268367438925448e-05,-7.1061776641866625e-09,False
Chinese,HLA-C,07:63,2.0,88800.0,2.2522522522522523e-05,2.2536734877850896e-05,-1.4212355328373325e-08,False
Chinese,HLA-C,07:66,1.0,88800.0,1.1261261261261261e-05,1.1268367438925448e-05,-7.1061776641866625e-09,False
Chinese,HLA-C,07:BKSYS,1.0,88800.0,1.1261261261261261e-05,,,False
Chinese,HLA-C,07:CAVPF,2.0,88800.0,2.2522522522522523e-05,,,False
Chinese,HLA-C,07:CWKXT,2.0,88800.0,2.2522522522522523e-05,,,False
Chinese,HLA-C,08:01,7867.0,88800.0,0.08859234234234234,0.088569368069954,2.2974272388343042e-05,False
Chinese,HLA-C,08:01P,,,,1.1268367438925448e-05,,False
Chinese,HLA-C,08:02,15.0,88800.0,0.00016891891891891893,0.0001690255115838,-1.0659266488108159e-07,False
Chinese,HLA-C,08:03,263.0,88800.0,0.002961711711711712,0.0029635806364373,-1.8689247255881253e-06,False
Chinese,HLA-C,08:127N,3.0,88800.0,3.3783783783783784e-05,3.380510231677635e-05,-2.1318532992563376e-08,False
Chinese,HLA-C,08:153,1.0,88800.0,1.1261261261261261e-05,1.1268367438925448e-05,-7.1061776641866625e-09,False
Chinese,HLA-C,08:41,1.0,88800.0,1.1261261261261261e-05,1.1268367438925448e-05,-7.1061776641866625e-09,False
Chinese,HLA-C,08:CAVPJ,1.0,88800.0,1.1261261261261261e-05,,,False
Chinese,HLA-C,12:02,3233.0,88800.0,0.03640765765765766,0.0364080951951681,-4.37537510437902e-07,False
Chinese,HLA-C,12:02P,,,,2.2536734877850896e-05,,False
Chinese,HLA-C,12:03,1151.0,88800.0,0.012961711711711711,0.0128797439826917,8.196772902001152e-05,False
Chinese,HLA-C,12:03P,,,,9.014693951140358e-05,,False
Chinese,HLA-C,12:04,5.0,88800.0,5.630630630630631e-05,5.634183719462725e-05,-3.553088832094348e-08,False
Chinese,HLA-C,12:130,2.0,88800.0,2.2522522522522523e-05,2.2536734877850896e-05,-1.4212355328373325e-08,False
Chinese,HLA-C,12:18,2.0,88800.0,2.2522522522522523e-05,2.2536734877850896e-05,-1.4212355328373325e-08,False
Chinese,HLA-C,12:XX,1.0,88800.0,1.1261261261261261e-05,,,False
Chinese,HLA-C,14:02,3213.0,88800.0,0.03618243243243243,0.0361714594789506,1.0972953481833136e-05,False
Chinese,HLA-C,14:03,131.0,88800.0,0.0014752252252252251,0.0014761561344992,-9.309092739748052e-07,False
Chinese,HLA-C,14:24,1.0,88800.0,1.1261261261261261e-05,1.1268367438925448e-05,-7.1061776641866625e-09,False
Chinese,HLA-C,14:29,5.0,88800.0,5.630630630630631e-05,5.634183719462725e-05,-3.553088832094348e-08,False
Chinese,HLA-C,14:80,1.0,88800.0,1.1261261261261261e-05,1.1268367438925448e-05,-7.1061776641866625e-09,False
Chinese,HLA-C,15:02,3415.0,88800.0,0.03845720720720721,0.0384702064364914,-1.2999229284188507e-05,False
Chinese,HLA-C,15:04,8.0,88800.0,9.009009009009009e-05,9.014693951140358e-05,-5.68494213134933e-08,False
Chinese,HLA-C,15:05,379.0,88800.0,0.004268018018018018,0.0042594428919138,8.575126104217595e-06,False
Chinese,HLA-C,15:11,2.0,88800.0,2.2522522522522523e-05,2.2536734877850896e-05,-1.4212355328373325e-08,False
Chinese,HLA-C,15:79,1.0,88800.0,1.1261261261261261e-05,1.1268367438925448e-05,-7.1061776641866625e-09,False
Chinese,HLA-C,15:CWKYB,1.0,88800.0,1.1261261261261261e-05,,,False
Chinese,HLA-C,15:CZE,1.0,88800.0,1.1261261261261261e-05,,,False
Chinese,HLA-C,16:01,3.0,88800.0,3.3783783783783784e-05,3.380510231677635e-05,-2.1318532992563376e-08,False
Chinese,HLA-C,16:02,103.0,88800.0,0.00115990990990991,0.0011493734787703,1.0536431139609916e-05,False
Chinese,HLA-C,16:04,29.0,88800.0,0.0003265765765765766,0.0003267826557288,-2.0607915222339498e-07,False
Chinese,HLA-C,17:01,13.0,88800.0,0.0001463963963963964,0.000146488776706,-9.238030960361833e-08,False
Chinese,HLA-C,18:01,1.0,88800.0,1.1261261261261261e-05,1.1268367438925448e-05,-7.1061776641866625e-09,False
Indian,DQB1,-:,1.0,10980.0,9.107468123861566e-05,,,False
Indian,DQB1,02:01,1725.0,10980.0,0.15710382513661203,0.1571610787172011,-5.725358058908392e-05,False
Indian,DQB1,02:02,4.0,10980.0,0.00036429872495446266,0.0002733236151603,9.097510979416267e-05,False
Indian,DQB1,02:07,8.0,10980.0,0.0007285974499089253,0.0007288629737609,-2.6552385197465504e-07,False
Indian,DQB1,03:01,1358.0,10980.0,0.12367941712204007,0.1237244897959183,-4.507267387822422e-05,False
Indian,DQB1,03:02,1122.0,10980.0,0.10218579234972677,0.1021319241982507,5.3868151476066384e-05,False
Indian,DQB1,03:03,945.0,10980.0,0.0860655737704918,0.0860969387755102,-3.13650050183939e-05,False
Indian,DQB1,03:05,13.0,10980.0,0.0011839708561020036,0.0011844023323615,-4.314762594964227e-07,False
Indian,DQB1,03:11,3.0,10980.0,0.000273224043715847,0.0002733236151603,-9.95714444529958e-08,False
Indian,DQB1,03:228,1.0,10980.0,9.107468123861566e-05,9.110787172011662e-05,-3.319048150095185e-08,False
Indian,DQB1,04:01,31.0,10980.0,0.002823315118397086,0.0028243440233236,-1.028904926514071e-06,False
Indian,DQB1,04:02,156.0,10980.0,0.014207650273224045,0.0142128279883381,-5.177715114055084e-06,False
Indian,DQB1,05:01,1084.0,10980.0,0.09872495446265939,0.0987609329446064,-3.597848194701603e-05,False
Indian,DQB1,05:02,289.0,10980.0,0.026320582877959926,0.0263301749271137,-9.59204915377404e-06,False
Indian,DQB1,05:03,1070.0,10980.0,0.09744990892531877,0.0973943148688046,5.559405651417437e-05,False
Indian,DQB1,05:03P,,,,9.110787172011662e-05,,False
Indian,DQB1,05:04,11.0,10980.0,0.0010018214936247723,0.0010021865889212,-3.6509529642765083e-07,False
Indian,DQB1,05:10,1.0,10980.0,9.107468123861566e-05,9.110787172011662e-05,-3.319048150095185e-08,False
Indian,DQB1,05:115,1.0,10980.0,9.107468123861566e-05,9.110787172011662e-05,-3.319048150095185e-08,False
Indian,DQB1,05:23,5.0,10980.0,0.0004553734061930783,0.0004555393586005,-1.659524074216958e-07,False
Indian,DQB1,06:01,1894.0,10980.0,0.17249544626593807,0.1724672011661807,2.82450997573791e-05,False
Indian,DQB1,06:02,205.0,10980.0,0.018670309653916212,0.0186771137026239,-6.804048707686333e-06,False
Indian,DQB1,06:03,721.0,10980.0,0.0656648451730419,0.065688775510204,-2.393033716209525e-05,False
Indian,DQB1,06:04,129.0,10980.0,0.011748633879781421,0.011752915451895,-4.28157211357881e-06,False
Indian,DQB1,06:09,195.0,10980.0,0.017759562841530054,0.0177660349854227,-6.4721438926447494e-06,False
Indian,DQB1,06:48,7.0,10980.0,0.0006375227686703097,0.0006377551020408,-2.3233337049035924e-07,False
Indian,DQB1,06:92,1.0,10980.0,9.107468123861566e-05,9.110787172011662e-05,-3.319048150095185e-08,False
Indian,DRB1,01:01,269.0,10980.0,0.024499089253187615,0.0245080174927113,-8.928239523683934e-06,False
Indian,DRB1,01:02,6.0,10980.0,0.000546448087431694,0.0005466472303206,-1.991428889059916e-07,False
Indian,DRB1,03:01,698.0,10980.0,0.06357012750455374,0.0635932944606414,-2.3166956087658508e-05,False
Indian,DRB1,03:02,1.0,10980.0,9.107468123861566e-05,9.110787172011662e-05,-3.319048150095185e-08,False
Indian,DRB1,04:01,151.0,10980.0,0.013752276867030965,0.0137572886297376,-5.011762706634906e-06,False
Indian,DRB1,04:02,28.0,10980.0,0.0025500910746812386,0.0025510204081632,-9.29333481961437e-07,False
Indian,DRB1,04:03,775.0,10980.0,0.07058287795992714,0.0705174927113702,6.538524855694006e-05,False
Indian,DRB1,04:04,113.0,10980.0,0.01029143897996357,0.0102951895043731,-3.7505244095299706e-06,False
Indian,DRB1,04:05,91.0,10980.0,0.008287795992714026,0.0082908163265306,-3.0203338165744886e-06,False
Indian,DRB1,04:06,20.0,10980.0,0.0018214936247723133,0.0018221574344023,-6.638096299866735e-07,False
Indian,DRB1,04:07,22.0,10980.0,0.0020036429872495446,0.0020043731778425,-7.301905929554819e-07,False
Indian,DRB1,04:08,33.0,10980.0,0.003005464480874317,0.0030065597667638,-1.0952858894826625e-06,False
Indian,DRB1,04:09,1.0,10980.0,9.107468123861566e-05,9.110787172011662e-05,-3.319048150095185e-08,False
Indian,DRB1,04:10,51.0,10980.0,0.004644808743169399,0.0046465014577259,-1.6927145565009613e-06,False
Indian,DRB1,04:13,1.0,10980.0,9.107468123861566e-05,9.110787172011662e-05,-3.319048150095185e-08,False
Indian,DRB1,04:18,6.0,10980.0,0.000546448087431694,0.0005466472303206,-1.991428889059916e-07,False
Indian,DRB1,07:01,1873.0,10980.0,0.17058287795992713,0.1705539358600583,2.8942099868839444e-05,False
Indian,DRB1,07:03,17.0,10980.0,0.0015482695810564663,0.0015488338192419,-5.642381854336059e-07,False
Indian,DRB1,07:41,1.0,10980.0,9.107468123861566e-05,9.110787172011662e-05,-3.319048150095185e-08,False
Indian,DRB1,08:01,18.0,10980.0,0.001639344262295082,0.001639941690962,-5.974286669181185e-07,False
Indian,DRB1,08:02,62.0,10980.0,0.005646630236794172,0.0056486880466472,-2.057809853028142e-06,False
Indian,DRB1,08:03,179.0,10980.0,0.016302367941712203,0.0163083090379008,-5.941096188597644e-06,False
Indian,DRB1,08:04,5.0,10980.0,0.0004553734061930783,0.0004555393586005,-1.659524074216958e-07,False
Indian,DRB1,08:09,1.0,10980.0,9.107468123861566e-05,9.110787172011662e-05,-3.319048150095185e-08,False
Indian,DRB1,08:10,1.0,10980.0,9.107468123861566e-05,9.110787172011662e-05,-3.319048150095185e-08,False
Indian,DRB1,08:12,1.0,10980.0,9.107468123861566e-05,9.110787172011662e-05,-3.319048150095185e-08,False
Indian,DRB1,09:01,110.0,10980.0,0.010018214936247723,0.0100218658892128,-3.650952965077517e-06,False
Indian,DRB1,09:27,1.0,10980.0,9.107468123861566e-05,9.110787172011662e-05,-3.319048150095185e-08,False
Indian,DRB1,10:01,751.0,10980.0,0.06839708561020036,0.0684220116618075,-2.4926051607143673e-05,False
Indian,DRB1,10:02,2.0,10980.0,0.00018214936247723133,0.0001822157434402,-6.63809629686729e-08,False
Indian,DRB1,11:01,486.0,10980.0,0.04426229508196721,0.0442784256559766,-1.6130574009391718e-05,False
Indian,DRB1,11:03,2.0,10980.0,0.00018214936247723133,0.0001822157434402,-6.63809629686729e-08,False
Indian,DRB1,11:04,104.0,10980.0,0.00947176684881603,0.0094752186588921,-3.451810076070261e-06,False
Indian,DRB1,11:06,16.0,10980.0,0.0014571948998178506,0.0014577259475218,-5.310477039493101e-07,False
Indian,DRB1,11:08,4.0,10980.0,0.00036429872495446266,0.0003644314868804,-1.327619259373458e-07,False
Indian,DRB1,11:11,9.0,10980.0,0.000819672131147541,0.000819970845481,-2.9871433345905925e-07,False
Indian,DRB1,11:18,1.0,10980.0,9.107468123861566e-05,9.110787172011662e-05,-3.319048150095185e-08,False
Indian,DRB1,11:29,1.0,10980.0,9.107468123861566e-05,9.110787172011662e-05,-3.319048150095185e-08,False
Indian,DRB1,11:66,9.0,10980.0,0.000819672131147541,0.000819970845481,-2.9871433345905925e-07,False
Indian,DRB1,12:01,67.0,10980.0,0.006102003642987249,0.0061042274052478,-2.2237622605506685e-06,False
Indian,DRB1,12:02,446.0,10980.0,0.04061930783242259,0.040634110787172,-1.4802954749412733e-05,False
Indian,DRB1,13:01,705.0,10980.0,0.06420765027322405,0.0642310495626822,-2.3399289458159167e-05,False
Indian,DRB1,13:02,339.0,10980.0,0.03087431693989071,0.0308855685131195,-1.125157322879114e-05,False
Indian,DRB1,13:03,7.0,10980.0,0.0006375227686703097,0.0006377551020408,-2.3233337049035924e-07,False
Indian,DRB1,13:12,1.0,10980.0,9.107468123861566e-05,9.110787172011662e-05,-3.319048150095185e-08,False
Indian,DRB1,13:49,8.0,10980.0,0.0007285974499089253,0.0007288629737609,-2.6552385197465504e-07,False
Indian,DRB1,13:50,1.0,10980.0,9.107468123861566e-05,9.110787172011662e-05,-3.319048150095185e-08,False
Indian,DRB1,14:01,78.0,10980.0,0.007103825136612022,0.007106413994169,-2.5888575569781025e-06,False
Indian,DRB1,14:02,5.0,10980.0,0.0004553734061930783,0.0004555393586005,-1.659524074216958e-07,False
Indian,DRB1,14:03,2.0,10980.0,0.00018214936247723133,0.0001822157434402,-6.63809629686729e-08,False
Indian,DRB1,14:04,864.0,10980.0,0.07868852459016394,0.0787172011661807,-2.867657601675344e-05,False
Indian,DRB1,14:05,11.0,10980.0,0.0010018214936247723,0.0010021865889212,-3.6509529642765083e-07,False
Indian,DRB1,14:06,3.0,10980.0,0.000273224043715847,0.0002733236151603,-9.95714444529958e-08,False
Indian,DRB1,14:07,17.0,10980.0,0.0015482695810564663,0.0015488338192419,-5.642381854336059e-07,False
Indian,DRB1,14:10,13.0,10980.0,0.0011839708561020036,0.0011844023323615,-4.314762594964227e-07,False
Indian,DRB1,14:11,3.0,10980.0,0.000273224043715847,0.0002733236151603,-9.95714444529958e-08,False
Indian,DRB1,14:15,31.0,10980.0,0.002823315118397086,0.0028243440233236,-1.028904926514071e-06,False
Indian,DRB1,14:18,3.0,10980.0,0.000273224043715847,0.0002733236151603,-9.95714444529958e-08,False
Indian,DRB1,14:19,2.0,10980.0,0.00018214936247723133,0.0001822157434402,-6.63809629686729e-08,False
Indian,DRB1,14:28,1.0,10980.0,9.107468123861566e-05,9.110787172011662e-05,-3.319048150095185e-08,False
Indian,DRB1,14:33,1.0,10980.0,9.107468123861566e-05,9.110787172011662e-05,-3.319048150095185e-08,False
Indian,DRB1,15:01,1186.0,10980.0,0.10801457194899818,0.1079628279883381,5.174396066007225e-05,False
Indian,DRB1,15:02,1084.0,10980.0,0.09872495446265939,0.0986698250728863,5.512938977308979e-05,False
Indian,DRB1,15:04,25.0,10980.0,0.002276867030965392,0.0022776967930029,-8.297620375081159e-07,False
Indian,DRB1,15:06,100.0,10980.0,0.009107468123861567,0.0091107871720116,-3.3190481500324637e-06,False
Indian,DRB1,15:47,1.0,10980.0,9.107468123861566e-05,9.110787172011662e-05,-3.319048150095185e-08,False
Indian,DRB1,16:01,2.0,10980.0,0.00018214936247723133,0.0001822157434402,-6.63809629686729e-08,False
Indian,DRB1,16:02,48.0,10980.0,0.004371584699453552,0.0043731778425655,-1.5931431119478937e-06,False
Indian,DRB1,16:10,5.0,10980.0,0.0004553734061930783,0.0004555393586005,-1.659524074216958e-07,False
Indian,DRB1,16:38,1.0,10980.0,9.107468123861566e-05,9.110787172011662e-05,-3.319048150095185e-08,False
Indian,HLA-A,01:01,1521.0,10980.0,0.13852459016393442,0.1385750728862973,-5.0482722362882315e-05,False
Indian,HLA-A,01:12,1.0,10980.0,9.107468123861566e-05,9.110787172011662e-05,-3.319048150095185e-08,False
Indian,HLA-A,02:01,591.0,10980.0,0.05382513661202186,0.0538447521865889,-1.9615574567040384e-05,False
Indian,HLA-A,02:02,3.0,10980.0,0.000273224043715847,0.0002733236151603,-9.95714444529958e-08,False
Indian,HLA-A,02:03,128.0,10980.0,0.011657559198542805,0.0114795918367346,0.00017796736180820429,False
Indian,HLA-A,02:05,69.0,10980.0,0.006284153005464481,0.006286443148688,-2.29014322351926e-06,False
Indian,HLA-A,02:06,187.0,10980.0,0.01703096539162113,0.0170371720116618,-6.206620040669769e-06,False
Indian,HLA-A,02:07,30.0,10980.0,0.00273224043715847,0.0027332361516034,-9.957144449300286e-07,False
Indian,HLA-A,02:08,2.0,10980.0,0.00018214936247723133,0.0001822157434402,-6.63809629686729e-08,False
Indian,HLA-A,02:11,703.0,10980.0,0.06402550091074681,0.0640488338192419,-2.3332908495085625e-05,False
Indian,HLA-A,02:16,91.0,10980.0,0.008287795992714026,0.0082908163265306,-3.0203338165744886e-06,False
Indian,HLA-A,02:20,14.0,10980.0,0.0012750455373406193,0.0012755102040816,-4.646667409807185e-07,False
Indian,HLA-A,02:64,1.0,10980.0,9.107468123861566e-05,9.110787172011662e-05,-3.319048150095185e-08,False
Indian,HLA-A,03:01,678.0,10980.0,0.06174863387978142,0.061771137026239,-2.250314645758228e-05,False
Indian,HLA-A,03:02,72.0,10980.0,0.006557377049180328,0.0065597667638483,-2.3897146679717138e-06,False
Indian,HLA-A,03:76,2.0,10980.0,0.00018214936247723133,0.0001822157434402,-6.63809629686729e-08,False
Indian,HLA-A,11:01,1569.0,10980.0,0.142896174863388,0.1429482507288629,-5.2075865474926486e-05,False
Indian,HLA-A,11:02,14.0,10980.0,0.0012750455373406193,0.0012755102040816,-4.646667409807185e-07,False
Indian,HLA-A,11:03,6.0,10980.0,0.000546448087431694,0.0005466472303206,-1.991428889059916e-07,False
Indian,HLA-A,11:04,1.0,10980.0,9.107468123861566e-05,9.110787172011662e-05,-3.319048150095185e-08,False
Indian,HLA-A,11:19,1.0,10980.0,9.107468123861566e-05,9.110787172011662e-05,-3.319048150095185e-08,False
Indian,HLA-A,11:20,1.0,10980.0,9.107468123861566e-05,9.110787172011662e-05,-3.319048150095185e-08,False
Indian,HLA-A,11:233,1.0,10980.0,9.107468123861566e-05,9.110787172011662e-05,-3.319048150095185e-08,False
Indian,HLA-A,11:44,1.0,10980.0,9.107468123861566e-05,9.110787172011662e-05,-3.319048150095185e-08,False
Indian,HLA-A,11:58,1.0,10980.0,9.107468123861566e-05,9.110787172011662e-05,-3.319048150095185e-08,False
Indian,HLA-A,23:01,54.0,10980.0,0.004918032786885246,0.0049198250728862,-1.792286000953415e-06,False
Indian,HLA-A,24:02,1821.0,10980.0,0.16584699453551913,0.1659074344023323,-6.043986681317226e-05,False
Indian,HLA-A,24:03,34.0,10980.0,0.0030965391621129326,0.0030976676384839,-1.128476370967392e-06,False
Indian,HLA-A,24:07,244.0,10980.0,0.022222222222222223,0.0222303206997084,-8.09847748617712e-06,False
Indian,HLA-A,24:10,19.0,10980.0,0.0017304189435336976,0.0017310495626822,-6.306191485023777e-07,False
Indian,HLA-A,24:121,1.0,10980.0,9.107468123861566e-05,9.110787172011662e-05,-3.319048150095185e-08,False
Indian,HLA-A,24:17,35.0,10980.0,0.0031876138433515485,0.003188775510204,-1.1616668524516878e-06,False
Indian,HLA-A,24:37,1.0,10980.0,9.107468123861566e-05,9.110787172011662e-05,-3.319048150095185e-08,False
Indian,HLA-A,26:01,435.0,10980.0,0.03961748633879782,0.0396319241982507,-1.443785945288295e-05,False
Indian,HLA-A,29:01,95.0,10980.0,0.008652094717668488,0.008655247813411,-3.153095742511672e-06,False
Indian,HLA-A,29:02,4.0,10980.0,0.00036429872495446266,0.0003644314868804,-1.327619259373458e-07,False
Indian,HLA-A,30:01,165.0,10980.0,0.015027322404371584,0.0150327988338192,-5.476429447615408e-06,False
Indian,HLA-A,30:02,29.0,10980.0,0.0026411657559198545,0.0026421282798833,-9.62523963445299e-07,False
Indian,HLA-A,30:04,4.0,10980.0,0.00036429872495446266,0.0003644314868804,-1.327619259373458e-07,False
Indian,HLA-A,31:01,321.0,10980.0,0.029234972677595627,0.0292456268221574,-1.0654144561774576e-05,False
Indian,HLA-A,31:12,5.0,10980.0,0.0004553734061930783,0.0004555393586005,-1.659524074216958e-07,False
Indian,HLA-A,31:16,2.0,10980.0,0.00018214936247723133,0.0001822157434402,-6.63809629686729e-08,False
Indian,HLA-A,32:01,288.0,10980.0,0.02622950819672131,0.0262390670553935,-9.558858672188697e-06,False
Indian,HLA-A,32:11Q,1.0,10980.0,9.107468123861566e-05,9.110787172011662e-05,-3.319048150095185e-08,False
Indian,HLA-A,33:01,7.0,10980.0,0.0006375227686703097,0.0006377551020408,-2.3233337049035924e-07,False
Indian,HLA-A,33:03,1096.0,10980.0,0.09981785063752277,0.0997631195335276,5.473110399517589e-05,False
Indian,HLA-A,33:112,2.0,10980.0,0.00018214936247723133,0.0001822157434402,-6.63809629686729e-08,False
Indian,HLA-A,34:01,28.0,10980.0,0.0025500910746812386,0.0025510204081632,-9.29333481961437e-07,False
Indian,HLA-A,34:02,1.0,10980.0,9.107468123861566e-05,9.110787172011662e-05,-3.319048150095185e-08,False
Indian,HLA-A,66:01,1.0,10980.0,9.107468123861566e-05,9.110787172011662e-05,-3.319048150095185e-08,False
Indian,HLA-A,68:01,583.0,10980.0,0.05309653916211293,0.0529336734693877,0.0001628656927252295,False
Indian,HLA-A,68:01P,,,,9.110787172011662e-05,,False
Indian,HLA-A,68:02,2.0,10980.0,0.00018214936247723133,0.0001822157434402,-6.63809629686729e-08,False
Indian,HLA-A,68:50,1.0,10980.0,9.107468123861566e-05,9.110787172011662e-05,-3.319048150095185e-08,False
Indian,HLA-A,68:99,2.0,10980.0,0.00018214936247723133,0.0001822157434402,-6.63809629686729e-08,False
Indian,HLA-A,74:01,9.0,10980.0,0.000819672131147541,0.000819970845481,-2.9871433345905925e-07,False
Indian,HLA-A,74:03,2.0,10980.0,0.00018214936247723133,0.0001822157434402,-6.63809629686729e-08,False
Indian,HLA-B,07:02,431.0,10980.0,0.03925318761384335,0.0392674927113702,-1.4305097526846888e-05,False
Indian,HLA-B,07:05,434.0,10980.0,0.0395264116575592,0.0395408163265306,-1.440466897140169e-05,False
Indian,HLA-B,07:09,1.0,10980.0,9.107468123861566e-05,9.110787172011662e-05,-3.319048150095185e-08,False
Indian,HLA-B,08:01,316.0,10980.0,0.02877959927140255,0.0287900874635568,-1.0488192154250314e-05,False
Indian,HLA-B,13:01,186.0,10980.0,0.016939890710382512,0.0169460641399416,-6.173429559087895e-06,False
Indian,HLA-B,13:02,174.0,10980.0,0.015846994535519125,0.0158527696793002,-5.775143781073383e-06,False
Indian,HLA-B,14:02,6.0,10980.0,0.000546448087431694,0.0005466472303206,-1.991428889059916e-07,False
Indian,HLA-B,14:03,1.0,10980.0,9.107468123861566e-05,9.110787172011662e-05,-3.319048150095185e-08,False
Indian,HLA-B,15:01,181.0,10980.0,0.016484517304189435,0.0164905247813411,-6.007477151664248e-06,False
Indian,HLA-B,15:02,306.0,10980.0,0.027868852459016394,0.0277879008746355,8.095158438089362e-05,False
Indian,HLA-B,15:03,1.0,10980.0,9.107468123861566e-05,9.110787172011662e-05,-3.319048150095185e-08,False
Indian,HLA-B,15:04,4.0,10980.0,0.00036429872495446266,0.0003644314868804,-1.327619259373458e-07,False
Indian,HLA-B,15:05,95.0,10980.0,0.008652094717668488,0.008655247813411,-3.153095742511672e-06,False
Indian,HLA-B,15:08,25.0,10980.0,0.002276867030965392,0.0022776967930029,-8.297620375081159e-07,False
Indian,HLA-B,15:09,1.0,10980.0,9.107468123861566e-05,9.110787172011662e-05,-3.319048150095185e-08,False
Indian,HLA-B,15:10,5.0,10980.0,0.0004553734061930783,0.0004555393586005,-1.659524074216958e-07,False
Indian,HLA-B,15:11,1.0,10980.0,9.107468123861566e-05,9.110787172011662e-05,-3.319048150095185e-08,False
Indian,HLA-B,15:113,1.0,10980.0,9.107468123861566e-05,9.110787172011662e-05,-3.319048150095185e-08,False
Indian,HLA-B,15:12,3.0,10980.0,0.000273224043715847,0.0002733236151603,-9.95714444529958e-08,False
Indian,HLA-B,15:13,40.0,10980.0,0.0036429872495446266,0.0036443148688046,-1.327619259973347e-06,False
Indian,HLA-B,15:17,89.0,10980.0,0.008105646630236794,0.0081086005830903,-2.9539528535061504e-06,False
Indian,HLA-B,15:18,214.0,10980.0,0.019489981785063754,0.0194970845481049,-7.102763041146043e-06,False
Indian,HLA-B,15:21,22.0,10980.0,0.0020036429872495446,0.0020043731778425,-7.301905929554819e-07,False
Indian,HLA-B,15:25,65.0,10980.0,0.005919854280510018,0.0059220116618075,-2.157381297481463e-06,False
Indian,HLA-B,15:29,17.0,10980.0,0.0015482695810564663,0.0015488338192419,-5.642381854336059e-07,False
Indian,HLA-B,15:32,7.0,10980.0,0.0006375227686703097,0.0006377551020408,-2.3233337049035924e-07,False
Indian,HLA-B,15:35,4.0,10980.0,0.00036429872495446266,0.0003644314868804,-1.327619259373458e-07,False
Indian,HLA-B,15:38,1.0,10980.0,9.107468123861566e-05,9.110787172011662e-05,-3.319048150095185e-08,False
Indian,HLA-B,15:46,1.0,10980.0,9.107468123861566e-05,9.110787172011662e-05,-3.319048150095185e-08,False
Indian,HLA-B,15:75,3.0,10980.0,0.000273224043715847,0.0002733236151603,-9.95714444529958e-08,False
Indian,HLA-B,18:01,251.0,10980.0,0.022859744990892533,0.0228680758017492,-8.33081085666737e-06,False
Indian,HLA-B,18:02,19.0,10980.0,0.0017304189435336976,0.0017310495626822,-6.306191485023777e-07,False
Indian,HLA-B,18:116,1.0,10980.0,9.107468123861566e-05,9.110787172011662e-05,-3.319048150095185e-08,False
Indian,HLA-B,18:22,1.0,10980.0,9.107468123861566e-05,9.110787172011662e-05,-3.319048150095185e-08,False
Indian,HLA-B,27:02,6.0,10980.0,0.000546448087431694,0.0005466472303206,-1.991428889059916e-07,False
Indian,HLA-B,27:04,28.0,10980.0,0.0025500910746812386,0.0025510204081632,-9.29333481961437e-07,False
Indian,HLA-B,27:05,72.0,10980.0,0.006557377049180328,0.0065597667638483,-2.3897146679717138e-06,False
Indian,HLA-B,27:06,8.0,10980.0,0.0007285974499089253,0.0007288629737609,-2.6552385197465504e-07,False
Indian,HLA-B,27:07,27.0,10980.0,0.002459016393442623,0.0024599125364431,-8.961430004767075e-07,False
Indian,HLA-B,35:01,565.0,10980.0,0.05145719489981785,0.0513848396501457,7.235524967214718e-05,False
Indian,HLA-B,35:02,20.0,10980.0,0.0018214936247723133,0.0018221574344023,-6.638096299866735e-07,False
Indian,HLA-B,35:03,629.0,10980.0,0.05728597449908925,0.0573068513119533,-2.087681286404991e-05,False
Indian,HLA-B,35:05,32.0,10980.0,0.0029143897996357013,0.0029154518950437,-1.0620954079988004e-06,False
Indian,HLA-B,35:08,19.0,10980.0,0.0017304189435336976,0.0017310495626822,-6.306191485023777e-07,False
Indian,HLA-B,35:21,1.0,10980.0,9.107468123861566e-05,9.110787172011662e-05,-3.319048150095185e-08,False
Indian,HLA-B,35:30,2.0,10980.0,0.00018214936247723133,0.0001822157434402,-6.63809629686729e-08,False
Indian,HLA-B,35:310,1.0,10980.0,9.107468123861566e-05,9.110787172011662e-05,-3.319048150095185e-08,False
Indian,HLA-B,35:360,1.0,10980.0,9.107468123861566e-05,9.110787172011662e-05,-3.319048150095185e-08,False
Indian,HLA-B,37:01,400.0,10980.0,0.03642987249544627,0.0364431486880466,-1.3276192600331083e-05,False
Indian,HLA-B,37:04,3.0,10980.0,0.000273224043715847,0.0002733236151603,-9.95714444529958e-08,False
Indian,HLA-B,38:01,17.0,10980.0,0.0015482695810564663,0.0015488338192419,-5.642381854336059e-07,False
Indian,HLA-B,38:02,111.0,10980.0,0.010109289617486339,0.0101129737609329,-3.6841434465622463e-06,False
Indian,HLA-B,39:01,80.0,10980.0,0.007285974499089253,0.0072886297376093,-2.6552385200464407e-06,False
Indian,HLA-B,39:06,14.0,10980.0,0.0012750455373406193,0.0012755102040816,-4.646667409807185e-07,False
Indian,HLA-B,40:01,277.0,10980.0,0.02522768670309654,0.0252368804664723,-9.193763375762998e-06,False
Indian,HLA-B,40:02,42.0,10980.0,0.003825136612021858,0.0038265306122448,-1.3940002229419386e-06,False
Indian,HLA-B,40:03,1.0,10980.0,9.107468123861566e-05,9.110787172011662e-05,-3.319048150095185e-08,False
Indian,HLA-B,40:06,1106.0,10980.0,0.10072859744990892,0.1007653061224489,-3.670867253997845e-05,False
Indian,HLA-B,40:10,2.0,10980.0,0.00018214936247723133,0.0001822157434402,-6.63809629686729e-08,False
Indian,HLA-B,40:23,6.0,10980.0,0.000546448087431694,0.0005466472303206,-1.991428889059916e-07,False
Indian,HLA-B,40:26,3.0,10980.0,0.000273224043715847,0.0002733236151603,-9.95714444529958e-08,False
Indian,HLA-B,40:295,2.0,10980.0,0.00018214936247723133,0.0001822157434402,-6.63809629686729e-08,False
Indian,HLA-B,40:50,3.0,10980.0,0.000273224043715847,0.0002733236151603,-9.95714444529958e-08,False
Indian,HLA-B,41:01,31.0,10980.0,0.002823315118397086,0.0028243440233236,-1.028904926514071e-06,False
Indian,HLA-B,41:02,1.0,10980.0,9.107468123861566e-05,9.110787172011662e-05,-3.319048150095185e-08,False
Indian,HLA-B,42:01,1.0,10980.0,9.107468123861566e-05,9.110787172011662e-05,-3.319048150095185e-08,False
Indian,HLA-B,44:02,58.0,10980.0,0.005282331511839709,0.0052842565597667,-1.925047926991212e-06,False
Indian,HLA-B,44:03,672.0,10980.0,0.06120218579234973,0.0611333819241982,6.880386815152906e-05,False
Indian,HLA-B,44:06,2.0,10980.0,0.00018214936247723133,0.0001822157434402,-6.63809629686729e-08,False
Indian,HLA-B,45:01,7.0,10980.0,0.0006375227686703097,0.0006377551020408,-2.3233337049035924e-07,False
Indian,HLA-B,46:01,34.0,10980.0,0.0030965391621129326,0.0030976676384839,-1.128476370967392e-06,False
Indian,HLA-B,47:01,3.0,10980.0,0.000273224043715847,0.0002733236151603,-9.95714444529958e-08,False
Indian,HLA-B,48:01,27.0,10980.0,0.002459016393442623,0.0024599125364431,-8.961430004767075e-07,False
Indian,HLA-B,48:04,8.0,10980.0,0.0007285974499089253,0.0007288629737609,-2.6552385197465504e-07,False
Indian,HLA-B,49:01,61.0,10980.0,0.005555555555555556,0.0055575801749271,-2.02461937154428e-06,False
Indian,HLA-B,50:01,186.0,10980.0,0.016939890710382512,0.0169460641399416,-6.173429559087895e-06,False
Indian,HLA-B,51:01,766.0,10980.0,0.0697632058287796,0.0697886297376093,-2.542390882970258e-05,False
Indian,HLA-B,51:02,11.0,10980.0,0.0010018214936247723,0.0010021865889212,-3.6509529642765083e-07,False
Indian,HLA-B,51:06,107.0,10980.0,0.009744990892531877,0.0097485422740524,-3.5513815205227145e-06,False
Indian,HLA-B,51:07,23.0,10980.0,0.0020947176684881605,0.0020954810495626,-7.633810744393441e-07,False
Indian,HLA-B,51:08,12.0,10980.0,0.001092896174863388,0.0010932944606413,-3.982857779119466e-07,False
Indian,HLA-B,51:09,1.0,10980.0,9.107468123861566e-05,9.110787172011662e-05,-3.319048150095185e-08,False
Indian,HLA-B,51:19,8.0,10980.0,0.0007285974499089253,0.0007288629737609,-2.6552385197465504e-07,False
Indian,HLA-B,52:01,840.0,10980.0,0.07650273224043716,0.0764395043731778,6.322786725936058e-05,False
Indian,HLA-B,52:04,4.0,10980.0,0.00036429872495446266,0.0003644314868804,-1.327619259373458e-07,False
Indian,HLA-B,53:01,16.0,10980.0,0.0014571948998178506,0.0014577259475218,-5.310477039493101e-07,False
Indian,HLA-B,53:09,1.0,10980.0,9.107468123861566e-05,9.110787172011662e-05,-3.319048150095185e-08,False
Indian,HLA-B,54:01,9.0,10980.0,0.000819672131147541,0.000819970845481,-2.9871433345905925e-07,False
Indian,HLA-B,55:01,232.0,10980.0,0.021129326047358836,0.021137026239067,-7.700191708162607e-06,False
Indian,HLA-B,55:02,20.0,10980.0,0.0018214936247723133,0.0018221574344023,-6.638096299866735e-07,False
Indian,HLA-B,55:03,2.0,10980.0,0.00018214936247723133,0.0001822157434402,-6.63809629686729e-08,False
Indian,HLA-B,56:01,80.0,10980.0,0.007285974499089253,0.0072886297376093,-2.6552385200464407e-06,False
Indian,HLA-B,56:03,1.0,10980.0,9.107468123861566e-05,9.110787172011662e-05,-3.319048150095185e-08,False
Indian,HLA-B,56:04,1.0,10980.0,9.107468123861566e-05,9.110787172011662e-05,-3.319048150095185e-08,False
Indian,HLA-B,57:01,793.0,10980.0,0.07222222222222222,0.0722485422740524,-2.632005183018926e-05,False
Indian,HLA-B,57:03,2.0,10980.0,0.00018214936247723133,0.0001822157434402,-6.63809629686729e-08,False
Indian,HLA-B,58:01,574.0,10980.0,0.052276867030965395,0.0522959183673469,-1.905133638150508e-05,False
Indian,HLA-B,58:02,1.0,10980.0,9.107468123861566e-05,9.110787172011662e-05,-3.319048150095185e-08,False
Indian,HLA-C,01:02,471.0,10980.0,0.04289617486338798,0.0429118075801749,-1.563271678691608e-05,False
Indian,HLA-C,01:03,3.0,10980.0,0.000273224043715847,0.0002733236151603,-9.95714444529958e-08,False
Indian,HLA-C,01:17,3.0,10980.0,0.000273224043715847,0.0002733236151603,-9.95714444529958e-08,False
Indian,HLA-C,02:02,93.0,10980.0,0.008469945355191256,0.0084730320699708,-3.0867147795439476e-06,False
Indian,HLA-C,02:08,2.0,10980.0,0.00018214936247723133,0.0001822157434402,-6.63809629686729e-08,False
Indian,HLA-C,03:02,573.0,10980.0,0.05218579234972678,0.0522048104956268,-1.901814590002382e-05,False
Indian,HLA-C,03:03,207.0,10980.0,0.018852459016393444,0.0188593294460641,-6.870429670655792e-06,False
Indian,HLA-C,03:04,211.0,10980.0,0.019216757741347904,0.0192237609329446,-7.003191596695324e-06,False
Indian,HLA-C,03:88,3.0,10980.0,0.000273224043715847,0.0002733236151603,-9.95714444529958e-08,False
Indian,HLA-C,04:01,1221.0,10980.0,0.11120218579234972,0.1112427113702623,-4.052557791257849e-05,False
Indian,HLA-C,04:03,192.0,10980.0,0.017486338797814208,0.0174927113702623,-6.3725724480934165e-06,False
Indian,HLA-C,04:06,9.0,10980.0,0.000819672131147541,0.000819970845481,-2.9871433345905925e-07,False
Indian,HLA-C,04:10,14.0,10980.0,0.0012750455373406193,0.0012755102040816,-4.646667409807185e-07,False
Indian,HLA-C,04:147,1.0,10980.0,9.107468123861566e-05,9.110787172011662e-05,-3.319048150095185e-08,False
Indian,HLA-C,04:29,1.0,10980.0,9.107468123861566e-05,9.110787172011662e-05,-3.319048150095185e-08,False
Indian,HLA-C,04:AKWXK,1.0,10980.0,9.107468123861566e-05,,,False
Indian,HLA-C,05:01,71.0,10980.0,0.006466302367941712,0.0064686588921282,-2.3565241864878517e-06,False
Indian,HLA-C,06:02,1562.0,10980.0,0.14225865209471766,0.1395772594752186,0.002681392619499068,False
Indian,HLA-C,06:02P,,,,0.0027332361516034,,False
Indian,HLA-C,06:203,2.0,10980.0,0.00018214936247723133,0.0001822157434402,-6.63809629686729e-08,False
Indian,HLA-C,07:01,871.0,10980.0,0.07932604735883425,0.0792638483965014,6.219896233285171e-05,False
Indian,HLA-C,07:02,1351.0,10980.0,0.12304189435336976,0.1230867346938775,-4.484034050773744e-05,False
Indian,HLA-C,07:04,270.0,10980.0,0.02459016393442623,0.0245991253644314,-8.961430005172133e-06,False
Indian,HLA-C,07:13,3.0,10980.0,0.000273224043715847,0.0002733236151603,-9.95714444529958e-08,False
Indian,HLA-C,07:17,1.0,10980.0,9.107468123861566e-05,9.110787172011662e-05,-3.319048150095185e-08,False
Indian,HLA-C,07:26,55.0,10980.0,0.005009107468123861,0.0050109329446064,-1.8254764825387584e-06,False
Indian,HLA-C,07:29,7.0,10980.0,0.0006375227686703097,0.0006377551020408,-2.3233337049035924e-07,False
Indian,HLA-C,07:317,1.0,10980.0,9.107468123861566e-05,9.110787172011662e-05,-3.319048150095185e-08,False
Indian,HLA-C,08:01,366.0,10980.0,0.03333333333333333,0.0332543731778425,7.896015549083146e-05,False
Indian,HLA-C,08:02,7.0,10980.0,0.0006375227686703097,0.0006377551020408,-2.3233337049035924e-07,False
Indian,HLA-C,08:03,10.0,10980.0,0.0009107468123861566,0.0009110787172011,-3.3190481494335504e-07,False
Indian,HLA-C,12:02,923.0,10980.0,0.08406193078324226,0.0839103498542274,0.00015158092901484954,False
Indian,HLA-C,12:02P,,,,9.110787172011662e-05,,False
Indian,HLA-C,12:03,501.0,10980.0,0.04562841530054645,0.0429118075801749,0.00271660772037155,False
Indian,HLA-C,12:03P,,,,0.0027332361516034,,False
Indian,HLA-C,12:04,43.0,10980.0,0.003916211293260473,0.003917638483965,-1.4271907045268484e-06,False
Indian,HLA-C,12:05,1.0,10980.0,9.107468123861566e-05,9.110787172011662e-05,-3.319048150095185e-08,False
Indian,HLA-C,12:08,1.0,10980.0,9.107468123861566e-05,9.110787172011662e-05,-3.319048150095185e-08,False
Indian,HLA-C,12:09,2.0,10980.0,0.00018214936247723133,0.0001822157434402,-6.63809629686729e-08,False
Indian,HLA-C,12:132,1.0,10980.0,9.107468123861566e-05,9.110787172011662e-05,-3.319048150095185e-08,False
Indian,HLA-C,12:41,1.0,10980.0,9.107468123861566e-05,9.110787172011662e-05,-3.319048150095185e-08,False
Indian,HLA-C,14:02,478.0,10980.0,0.04353369763205829,0.0435495626822157,-1.58650501574098e-05,False
Indian,HLA-C,14:03,2.0,10980.0,0.00018214936247723133,0.0001822157434402,-6.63809629686729e-08,False
Indian,HLA-C,14:24,1.0,10980.0,9.107468123861566e-05,9.110787172011662e-05,-3.319048150095185e-08,False
Indian,HLA-C,15:02,1001.0,10980.0,0.09116575591985428,0.0911989795918367,-3.322367198242693e-05,False
Indian,HLA-C,15:04,12.0,10980.0,0.001092896174863388,0.0010932944606413,-3.982857779119466e-07,False
Indian,HLA-C,15:05,88.0,10980.0,0.008014571948998178,0.0080174927113702,-2.920762372021421e-06,False
Indian,HLA-C,15:07,40.0,10980.0,0.0036429872495446266,0.0036443148688046,-1.327619259973347e-06,False
Indian,HLA-C,15:33,1.0,10980.0,9.107468123861566e-05,9.110787172011662e-05,-3.319048150095185e-08,False
Indian,HLA-C,15:68,1.0,10980.0,9.107468123861566e-05,9.110787172011662e-05,-3.319048150095185e-08,False
Indian,HLA-C,16:01,5.0,10980.0,0.0004553734061930783,0.0004555393586005,-1.659524074216958e-07,False
Indian,HLA-C,16:02,256.0,10980.0,0.02331511839708561,0.0233236151603498,-8.496763264188162e-06,False
Indian,HLA-C,16:04,8.0,10980.0,0.0007285974499089253,0.0007288629737609,-2.6552385197465504e-07,False
Indian,HLA-C,16:104,1.0,10980.0,9.107468123861566e-05,9.110787172011662e-05,-3.319048150095185e-08,False
Indian,HLA-C,16:12,1.0,10980.0,9.107468123861566e-05,9.110787172011662e-05,-3.319048150095185e-08,False
Indian,HLA-C,16:19,1.0,10980.0,9.107468123861566e-05,9.110787172011662e-05,-3.319048150095185e-08,False
Indian,HLA-C,16:30N,2.0,10980.0,0.00018214936247723133,0.0001822157434402,-6.63809629686729e-08,False
Indian,HLA-C,17:01,27.0,10980.0,0.002459016393442623,0.0024599125364431,-8.961430004767075e-07,False
Malay,DQB1,02:01,1171.0,11156.0,0.10496593761204732,0.1050412630068173,-7.532539476998168e-05,False
Malay,DQB1,02:02,4.0,11156.0,0.00035855145213338117,0.0003588087549336,-2.5730280021885304e-07,False
Malay,DQB1,02:07,1.0,11156.0,8.963786303334529e-05,8.97021887334051e-05,-6.432570005980901e-08,False
Malay,DQB1,02:51,2.0,11156.0,0.00017927572606669058,0.0001794043774668,-1.2865140010942652e-07,False
Malay,DQB1,03:01,3945.0,11156.0,0.35362136966654717,0.3536060279870829,1.534167946426468e-05,False
Malay,DQB1,03:01P,,,,8.97021887334051e-05,,False
Malay,DQB1,03:02,304.0,11156.0,0.027249910362136965,0.0272694653749551,-1.9555012818136402e-05,False
Malay,DQB1,03:03,595.0,11156.0,0.053334528504840446,0.053372802296376,-3.827379153555077e-05,False
Malay,DQB1,03:BMSUA,1.0,11156.0,8.963786303334529e-05,,,False
Malay,DQB1,04:01,172.0,11156.0,0.01541771244173539,0.0154287764621456,-1.1064020410209846e-05,False
Malay,DQB1,04:02,167.0,11156.0,0.014969523126568662,0.0149802655184786,-1.0742391909937879e-05,False
Malay,DQB1,04:05,1.0,11156.0,8.963786303334529e-05,8.97021887334051e-05,-6.432570005980901e-08,False
Malay,DQB1,05:01,1396.0,11156.0,0.12513445679455001,0.1252242554718335,-8.979867728348134e-05,False
Malay,DQB1,05:02,1160.0,11156.0,0.10397992111868053,0.1040545389307499,-7.461781206936913e-05,False
Malay,DQB1,05:03,580.0,11156.0,0.05198996055934026,0.0517581628991747,0.00023179766016555997,False
Malay,DQB1,05:18,1.0,11156.0,8.963786303334529e-05,8.97021887334051e-05,-6.432570005980901e-08,False
Malay,DQB1,05:23,3.0,11156.0,0.00026891358910003586,0.0002691065662002,-1.9297710016411267e-07,False
Malay,DQB1,05:66,3.0,11156.0,0.00026891358910003586,0.0002691065662002,-1.9297710016411267e-07,False
Malay,DQB1,05:CAVTE,1.0,11156.0,8.963786303334529e-05,,,False
Malay,DQB1,06:01,1202.0,11156.0,0.10774471136608103,0.1077323286688195,1.2382697261531517e-05,False
Malay,DQB1,06:02,166.0,11156.0,0.014879885263535318,0.0148905633297452,-1.0678066209883139e-05,False
Malay,DQB1,06:03,125.0,11156.0,0.01120473287916816,0.0112127735916756,-8.04071250743929e-06,False
Malay,DQB1,06:04,27.0,11156.0,0.0024202223019003225,0.0024219590958019,-1.7367939015773028e-06,False
Malay,DQB1,06:09,125.0,11156.0,0.01120473287916816,0.0112127735916756,-8.04071250743929e-06,False
Malay,DQB1,06:10,2.0,11156.0,0.00017927572606669058,0.0001794043774668,-1.2865140010942652e-07,False
Malay,DQB1,06:132,1.0,11156.0,8.963786303334529e-05,8.97021887334051e-05,-6.432570005980901e-08,False
Malay,DQB1,06:48,1.0,11156.0,8.963786303334529e-05,8.97021887334051e-05,-6.432570005980901e-08,False
Malay,DRB1,01:01,54.0,11156.0,0.004840444603800645,0.0048439181916038,-3.4735878031546055e-06,False
Malay,DRB1,01:02,8.0,11156.0,0.0007171029042667623,0.0007176175098672,-5.146056004377061e-07,False
Malay,DRB1,03:01,440.0,11156.0,0.03944065973467192,0.0394689630426982,-2.830330802627845e-05,False
Malay,DRB1,04:01,19.0,11156.0,0.0017031193976335603,0.0017043415859346,-1.2221883010396332e-06,False
Malay,DRB1,04:02,7.0,11156.0,0.000627465041233417,0.0006279153211338,-4.5027990038307413e-07,False
Malay,DRB1,04:03,179.0,11156.0,0.016045177482968805,0.0160566917832795,-1.1514300310697112e-05,False
Malay,DRB1,04:04,23.0,11156.0,0.0020616708497669415,0.0020631503408683,-1.4794911013583413e-06,False
Malay,DRB1,04:05,356.0,11156.0,0.031911079239870924,0.0319339791890922,-2.2899949221277804e-05,False
Malay,DRB1,04:06,58.0,11156.0,0.0051989960559340265,0.0052027269465374,-3.730890603373567e-06,False
Malay,DRB1,04:07,1.0,11156.0,8.963786303334529e-05,8.97021887334051e-05,-6.432570005980901e-08,False
Malay,DRB1,04:08,3.0,11156.0,0.00026891358910003586,0.0002691065662002,-1.9297710016411267e-07,False
Malay,DRB1,04:10,7.0,11156.0,0.000627465041233417,0.0006279153211338,-4.5027990038307413e-07,False
Malay,DRB1,07:01,875.0,11156.0,0.07843313015417712,0.0784894151417294,-5.628498755227973e-05,False
Malay,DRB1,08:01,2.0,11156.0,0.00017927572606669058,0.0001794043774668,-1.2865140010942652e-07,False
Malay,DRB1,08:02,21.0,11156.0,0.001882395123700251,0.0018837459634015,-1.3508397012490774e-06,False
Malay,DRB1,08:03,291.0,11156.0,0.026084618142703478,0.0261033369214208,-1.8718778717320694e-05,False
Malay,DRB1,08:04,8.0,11156.0,0.0007171029042667623,0.0007176175098672,-5.146056004377061e-07,False
Malay,DRB1,08:09,11.0,11156.0,0.000986016493366798,0.0009867240760674,-7.075827006019272e-07,False
Malay,DRB1,08:12,15.0,11156.0,0.0013445679455001793,0.001345532831001,-9.648855008206718e-07,False
Malay,DRB1,08:19,2.0,11156.0,0.00017927572606669058,0.0001794043774668,-1.2865140010942652e-07,False
Malay,DRB1,09:01,439.0,11156.0,0.03935102187163858,0.0393792608539648,-2.823898232622024e-05,False
Malay,DRB1,10:01,149.0,11156.0,0.013356041591968447,0.0133656261212773,-9.584529308851938e-06,False
Malay,DRB1,11:01,242.0,11156.0,0.021692362854069558,0.021707929673484,-1.5566819414440658e-05,False
Malay,DRB1,11:02,1.0,11156.0,8.963786303334529e-05,8.97021887334051e-05,-6.432570005980901e-08,False
Malay,DRB1,11:04,12.0,11156.0,0.0010756543564001434,0.0010764262648008,-7.719084006564507e-07,False
Malay,DRB1,11:05,13.0,11156.0,0.0011652922194334888,0.0011661284535342,-8.362341007111911e-07,False
Malay,DRB1,11:06,27.0,11156.0,0.0024202223019003225,0.0024219590958019,-1.7367939015773028e-06,False
Malay,DRB1,11:11,1.0,11156.0,8.963786303334529e-05,8.97021887334051e-05,-6.432570005980901e-08,False
Malay,DRB1,11:12,2.0,11156.0,0.00017927572606669058,0.0001794043774668,-1.2865140010942652e-07,False
Malay,DRB1,11:66,1.0,11156.0,8.963786303334529e-05,8.97021887334051e-05,-6.432570005980901e-08,False
Malay,DRB1,12:01,42.0,11156.0,0.003764790247400502,0.003767491926803,-2.701679402498155e-06,False
Malay,DRB1,12:02,3898.0,11156.0,0.3494083901039799,0.3493003229278794,0.00010806717610051253,False
Malay,DRB1,13:01,121.0,11156.0,0.010846181427034779,0.010853964836742,-7.783409707220329e-06,False
Malay,DRB1,13:02,154.0,11156.0,0.013804230907135173,0.0138141370649443,-9.906157809127375e-06,False
Malay,DRB1,13:03,2.0,11156.0,0.00017927572606669058,0.0001794043774668,-1.2865140010942652e-07,False
Malay,DRB1,13:12,7.0,11156.0,0.000627465041233417,0.0006279153211338,-4.5027990038307413e-07,False
Malay,DRB1,13:49,1.0,11156.0,8.963786303334529e-05,8.97021887334051e-05,-6.432570005980901e-08,False
Malay,DRB1,14:01,85.0,11156.0,0.0076192183578343495,0.0076246860423394,-5.467684505050183e-06,False
Malay,DRB1,14:03,2.0,11156.0,0.00017927572606669058,0.0001794043774668,-1.2865140010942652e-07,False
Malay,DRB1,14:04,408.0,11156.0,0.03657224811760488,0.0364190886257624,0.0001531594918424764,False
Malay,DRB1,14:05,29.0,11156.0,0.0025994980279670133,0.0025116612845353,8.783674343171332e-05,False
Malay,DRB1,14:07,10.0,11156.0,0.0008963786303334528,0.000897021887334,-6.432570005471868e-07,False
Malay,DRB1,14:08,5.0,11156.0,0.0004481893151667264,0.000448510943667,-3.216285002735934e-07,False
Malay,DRB1,14:10,17.0,11156.0,0.0015238436715668698,0.0015249372084678,-1.0935369009301525e-06,False
Malay,DRB1,14:119,1.0,11156.0,8.963786303334529e-05,8.97021887334051e-05,-6.432570005980901e-08,False
Malay,DRB1,14:15,3.0,11156.0,0.00026891358910003586,0.0002691065662002,-1.9297710016411267e-07,False
Malay,DRB1,14:18,5.0,11156.0,0.0004481893151667264,0.000448510943667,-3.216285002735934e-07,False
Malay,DRB1,14:20,1.0,11156.0,8.963786303334529e-05,8.97021887334051e-05,-6.432570005980901e-08,False
Malay,DRB1,14:25,1.0,11156.0,8.963786303334529e-05,8.97021887334051e-05,-6.432570005980901e-08,False
Malay,DRB1,15:01,659.0,11156.0,0.05907135173897454,0.0590240401865805,4.73115523940415e-05,False
Malay,DRB1,15:02,2065.0,11156.0,0.185102187163858,0.1852350197344815,-0.0001328325706234923,False
Malay,DRB1,15:03,5.0,11156.0,0.0004481893151667264,0.000448510943667,-3.216285002735934e-07,False
Malay,DRB1,15:04,5.0,11156.0,0.0004481893151667264,0.000448510943667,-3.216285002735934e-07,False
Malay,DRB1,15:06,3.0,11156.0,0.00026891358910003586,0.0002691065662002,-1.9297710016411267e-07,False
Malay,DRB1,15:14,3.0,11156.0,0.00026891358910003586,0.0002691065662002,-1.9297710016411267e-07,False
Malay,DRB1,16:01,1.0,11156.0,8.963786303334529e-05,8.97021887334051e-05,-6.432570005980901e-08,False
Malay,DRB1,16:02,356.0,11156.0,0.031911079239870924,0.0319339791890922,-2.2899949221277804e-05,False
Malay,HLA-A,01:01,225.0,11156.0,0.02016851918250269,0.0201829924650161,-1.4473282513409458e-05,False
Malay,HLA-A,01:03,3.0,11156.0,0.00026891358910003586,0.0002691065662002,-1.9297710016411267e-07,False
Malay,HLA-A,01:188,1.0,11156.0,8.963786303334529e-05,8.97021887334051e-05,-6.432570005980901e-08,False
Malay,HLA-A,01:211,1.0,11156.0,8.963786303334529e-05,8.97021887334051e-05,-6.432570005980901e-08,False
Malay,HLA-A,02:01,893.0,11156.0,0.08004661168877734,0.0801040545389307,-5.744285015335526e-05,False
Malay,HLA-A,02:02,5.0,11156.0,0.0004481893151667264,0.000448510943667,-3.216285002735934e-07,False
Malay,HLA-A,02:03,481.0,11156.0,0.04311581211903908,0.0430570505920344,5.87615270046804e-05,False
Malay,HLA-A,02:05,20.0,11156.0,0.0017927572606669057,0.0017940437746681,-1.286514001194337e-06,False
Malay,HLA-A,02:06,217.0,11156.0,0.019451416278235927,0.0194653749551489,-1.3958676912975004e-05,False
Malay,HLA-A,02:07,167.0,11156.0,0.014969523126568662,0.0149802655184786,-1.0742391909937879e-05,False
Malay,HLA-A,02:10,1.0,11156.0,8.963786303334529e-05,8.97021887334051e-05,-6.432570005980901e-08,False
Malay,HLA-A,02:11,71.0,11156.0,0.006364288275367515,0.0063688554000717,-4.567124704184938e-06,False
Malay,HLA-A,02:16,3.0,11156.0,0.00026891358910003586,0.0002691065662002,-1.9297710016411267e-07,False
Malay,HLA-A,02:64,3.0,11156.0,0.00026891358910003586,0.0002691065662002,-1.9297710016411267e-07,False
Malay,HLA-A,02:92,1.0,11156.0,8.963786303334529e-05,8.97021887334051e-05,-6.432570005980901e-08,False
Malay,HLA-A,02:BKSXJ,1.0,11156.0,8.963786303334529e-05,,,False
Malay,HLA-A,03:01,122.0,11156.0,0.010935819290068125,0.0109436670254754,-7.84773540727507e-06,False
Malay,HLA-A,03:02,9.0,11156.0,0.0008067407673001076,0.0008073196986006,-5.789313004924464e-07,False
Malay,HLA-A,11:01,2011.0,11156.0,0.18026174256005736,0.1803911015428776,-0.00012935898282023794,False
Malay,HLA-A,11:02,49.0,11156.0,0.004392255288633919,0.0043954072479368,-3.1519593028809037e-06,False
Malay,HLA-A,11:03,4.0,11156.0,0.00035855145213338117,0.0003588087549336,-2.5730280021885304e-07,False
Malay,HLA-A,11:04,56.0,11156.0,0.005019720329867336,0.0050233225690706,-3.6022392032640863e-06,False
Malay,HLA-A,11:19,1.0,11156.0,8.963786303334529e-05,8.97021887334051e-05,-6.432570005980901e-08,False
Malay,HLA-A,11:CAVJD,1.0,11156.0,8.963786303334529e-05,,,False
Malay,HLA-A,11:GMDT,1.0,11156.0,8.963786303334529e-05,,,False
Malay,HLA-A,23:01,10.0,11156.0,0.0008963786303334528,0.000897021887334,-6.432570005471868e-07,False
Malay,HLA-A,24:02,1882.0,11156.0,0.16869845822875582,0.1686401148188016,5.834340995422571e-05,False
Malay,HLA-A,24:02P,,,,8.97021887334051e-05,,False
Malay,HLA-A,24:03,7.0,11156.0,0.000627465041233417,0.0006279153211338,-4.5027990038307413e-07,False
Malay,HLA-A,24:07,1966.0,11156.0,0.17622803872355683,0.176264800861141,-3.6762137584162025e-05,False
Malay,HLA-A,24:10,497.0,11156.0,0.044550017927572606,0.0445819878005023,-3.1969872929693555e-05,False
Malay,HLA-A,24:17,9.0,11156.0,0.0008067407673001076,0.0008073196986006,-5.789313004924464e-07,False
Malay,HLA-A,24:20,2.0,11156.0,0.00017927572606669058,0.0001794043774668,-1.2865140010942652e-07,False
Malay,HLA-A,24:234,2.0,11156.0,0.00017927572606669058,0.0001794043774668,-1.2865140010942652e-07,False
Malay,HLA-A,24:CJMPH,1.0,11156.0,8.963786303334529e-05,,,False
Malay,HLA-A,24:CMVTC,1.0,11156.0,8.963786303334529e-05,,,False
Malay,HLA-A,26:01,151.0,11156.0,0.013535317318035138,0.0135450304987441,-9.71318070896142e-06,False
Malay,HLA-A,29:01,57.0,11156.0,0.005109358192900681,0.005113024757804,-3.6665649033188266e-06,False
Malay,HLA-A,29:02,2.0,11156.0,0.00017927572606669058,0.0001794043774668,-1.2865140010942652e-07,False
Malay,HLA-A,29:10,3.0,11156.0,0.00026891358910003586,0.0002691065662002,-1.9297710016411267e-07,False
Malay,HLA-A,30:01,65.0,11156.0,0.005826461097167443,0.0058306422676713,-4.181170503856496e-06,False
Malay,HLA-A,30:02,9.0,11156.0,0.0008067407673001076,0.0008073196986006,-5.789313004924464e-07,False
Malay,HLA-A,30:04,2.0,11156.0,0.00017927572606669058,0.0001794043774668,-1.2865140010942652e-07,False
Malay,HLA-A,31:01,68.0,11156.0,0.006095374686267479,0.0060997488338715,-4.374147604020717e-06,False
Malay,HLA-A,31:12,1.0,11156.0,8.963786303334529e-05,8.97021887334051e-05,-6.432570005980901e-08,False
Malay,HLA-A,32:01,67.0,11156.0,0.006005736823234134,0.0060100466451381,-4.309821903965977e-06,False
Malay,HLA-A,33:01,2.0,11156.0,0.00017927572606669058,0.0001794043774668,-1.2865140010942652e-07,False
Malay,HLA-A,33:03,1133.0,11156.0,0.1015596988167802,0.1016325798349479,-7.288101816770032e-05,False
Malay,HLA-A,34:01,700.0,11156.0,0.0627465041233417,0.0627915321133835,-4.50279900417877e-05,False
Malay,HLA-A,34:02,1.0,11156.0,8.963786303334529e-05,8.97021887334051e-05,-6.432570005980901e-08,False
Malay,HLA-A,34:05,12.0,11156.0,0.0010756543564001434,0.0010764262648008,-7.719084006564507e-07,False
Malay,HLA-A,66:01,1.0,11156.0,8.963786303334529e-05,8.97021887334051e-05,-6.432570005980901e-08,False
Malay,HLA-A,68:01,69.0,11156.0,0.006185012549300825,0.0061894510226049,-4.438473304075458e-06,False
Malay,HLA-A,68:02,8.0,11156.0,0.0007171029042667623,0.0007176175098672,-5.146056004377061e-07,False
Malay,HLA-A,68:24,1.0,11156.0,8.963786303334529e-05,8.97021887334051e-05,-6.432570005980901e-08,False
Malay,HLA-A,69:01,2.0,11156.0,0.00017927572606669058,0.0001794043774668,-1.2865140010942652e-07,False
Malay,HLA-A,74:01,78.0,11156.0,0.006991753316600932,0.0069967707212055,-5.017404604568121e-06,False
Malay,HLA-B,07:02,81.0,11156.0,0.007260666905700968,0.0072658772874058,-5.2103817048320886e-06,False
Malay,HLA-B,07:05,211.0,11156.0,0.018913589100035856,0.0189271618227484,-1.3572722712542479e-05,False
Malay,HLA-B,07:105,1.0,11156.0,8.963786303334529e-05,8.97021887334051e-05,-6.432570005980901e-08,False
Malay,HLA-B,08:01,53.0,11156.0,0.0047508067407673,0.0047542160028704,-3.409262103099865e-06,False
Malay,HLA-B,13:01,391.0,11156.0,0.035048404446038,0.0349838536060279,6.455084001010664e-05,False
Malay,HLA-B,13:02,61.0,11156.0,0.005467909645034063,0.0054718335127377,-3.923867703637535e-06,False
Malay,HLA-B,14:01,1.0,11156.0,8.963786303334529e-05,8.97021887334051e-05,-6.432570005980901e-08,False
Malay,HLA-B,14:02,10.0,11156.0,0.0008963786303334528,0.000897021887334,-6.432570005471868e-07,False
Malay,HLA-B,15:01,58.0,11156.0,0.0051989960559340265,0.0052027269465374,-3.730890603373567e-06,False
Malay,HLA-B,15:02,1281.0,11156.0,0.1148261025457153,0.1148188015787585,7.3009669568080415e-06,False
Malay,HLA-B,15:03,3.0,11156.0,0.00026891358910003586,0.0002691065662002,-1.9297710016411267e-07,False
Malay,HLA-B,15:04,1.0,11156.0,8.963786303334529e-05,8.97021887334051e-05,-6.432570005980901e-08,False
Malay,HLA-B,15:05,5.0,11156.0,0.0004481893151667264,0.000448510943667,-3.216285002735934e-07,False
Malay,HLA-B,15:06,16.0,11156.0,0.0014342058085335247,0.0014352350197344,-1.0292112008754122e-06,False
Malay,HLA-B,15:08,12.0,11156.0,0.0010756543564001434,0.0010764262648008,-7.719084006564507e-07,False
Malay,HLA-B,15:10,4.0,11156.0,0.00035855145213338117,0.0003588087549336,-2.5730280021885304e-07,False
Malay,HLA-B,15:11,6.0,11156.0,0.0005378271782000717,0.0005382131324004,-3.8595420032822535e-07,False
Malay,HLA-B,15:12,54.0,11156.0,0.004840444603800645,0.0048439181916038,-3.4735878031546055e-06,False
Malay,HLA-B,15:13,886.0,11156.0,0.07941914664754392,0.0794761392177969,-5.699257025298943e-05,False
Malay,HLA-B,15:159,1.0,11156.0,8.963786303334529e-05,8.97021887334051e-05,-6.432570005980901e-08,False
Malay,HLA-B,15:17,20.0,11156.0,0.0017927572606669057,0.0017940437746681,-1.286514001194337e-06,False
Malay,HLA-B,15:18,31.0,11156.0,0.002778773754033704,0.0027807678507355,-1.9940967017958305e-06,False
Malay,HLA-B,15:21,562.0,11156.0,0.05037647902474005,0.0504126300681736,-3.615104343354658e-05,False
Malay,HLA-B,15:25,172.0,11156.0,0.01541771244173539,0.0154287764621456,-1.1064020410209846e-05,False
Malay,HLA-B,15:27,10.0,11156.0,0.0008963786303334528,0.000897021887334,-6.432570005471868e-07,False
Malay,HLA-B,15:29,1.0,11156.0,8.963786303334529e-05,8.97021887334051e-05,-6.432570005980901e-08,False
Malay,HLA-B,15:32,17.0,11156.0,0.0015238436715668698,0.0015249372084678,-1.0935369009301525e-06,False
Malay,HLA-B,15:35,24.0,11156.0,0.002151308712800287,0.0021528525296017,-1.5438168014130817e-06,False
Malay,HLA-B,15:38,3.0,11156.0,0.00026891358910003586,0.0002691065662002,-1.9297710016411267e-07,False
Malay,HLA-B,15:404,1.0,11156.0,8.963786303334529e-05,8.97021887334051e-05,-6.432570005980901e-08,False
Malay,HLA-B,15:46,1.0,11156.0,8.963786303334529e-05,8.97021887334051e-05,-6.432570005980901e-08,False
Malay,HLA-B,15:75,2.0,11156.0,0.00017927572606669058,0.0001794043774668,-1.2865140010942652e-07,False
Malay,HLA-B,15:CAVKY,1.0,11156.0,8.963786303334529e-05,,,False
Malay,HLA-B,18:01,927.0,11156.0,0.08309429903191108,0.0831539289558665,-5.962992395541766e-05,False
Malay,HLA-B,18:02,374.0,11156.0,0.033524560774471135,0.0335486185862935,-2.4057811822367214e-05,False
Malay,HLA-B,18:116,4.0,11156.0,0.00035855145213338117,0.0003588087549336,-2.5730280021885304e-07,False
Malay,HLA-B,18:22,5.0,11156.0,0.0004481893151667264,0.000448510943667,-3.216285002735934e-07,False
Malay,HLA-B,18:50,5.0,11156.0,0.0004481893151667264,0.000448510943667,-3.216285002735934e-07,False
Malay,HLA-B,18:GPPJ,1.0,11156.0,8.963786303334529e-05,,,False
Malay,HLA-B,18:GPPM,1.0,11156.0,8.963786303334529e-05,,,False
Malay,HLA-B,27:02,1.0,11156.0,8.963786303334529e-05,8.97021887334051e-05,-6.432570005980901e-08,False
Malay,HLA-B,27:04,25.0,11156.0,0.0022409465758336322,0.0022425547183351,-1.608142501467822e-06,False
Malay,HLA-B,27:05,16.0,11156.0,0.0014342058085335247,0.0014352350197344,-1.0292112008754122e-06,False
Malay,HLA-B,27:06,274.0,11156.0,0.02456077447113661,0.0245783997129529,-1.7625241816289494e-05,False
Malay,HLA-B,27:07,13.0,11156.0,0.0011652922194334888,0.0011661284535342,-8.362341007111911e-07,False
Malay,HLA-B,35:01,99.0,11156.0,0.008874148440301183,0.0088805166846071,-6.368244305917162e-06,False
Malay,HLA-B,35:02,11.0,11156.0,0.000986016493366798,0.0009867240760674,-7.075827006019272e-07,False
Malay,HLA-B,35:03,134.0,11156.0,0.012011473646468268,0.0120200932902762,-8.619643807931954e-06,False
Malay,HLA-B,35:05,791.0,11156.0,0.07090354965937612,0.0707750269106566,0.00012852274871952285,False
Malay,HLA-B,35:08,2.0,11156.0,0.00017927572606669058,0.0001794043774668,-1.2865140010942652e-07,False
Malay,HLA-B,35:30,145.0,11156.0,0.012997490139835066,0.0130068173663437,-9.327226508634712e-06,False
Malay,HLA-B,35:72,6.0,11156.0,0.0005378271782000717,0.0005382131324004,-3.8595420032822535e-07,False
Malay,HLA-B,37:01,46.0,11156.0,0.004123341699533883,0.0041263006817366,-2.9589822027166826e-06,False
Malay,HLA-B,37:54,5.0,11156.0,0.0004481893151667264,0.000448510943667,-3.216285002735934e-07,False
Malay,HLA-B,38:01,4.0,11156.0,0.00035855145213338117,0.0003588087549336,-2.5730280021885304e-07,False
Malay,HLA-B,38:02,613.0,11156.0,0.05494801003944066,0.0549874416935773,-3.943165413664018e-05,False
Malay,HLA-B,38:64,7.0,11156.0,0.000627465041233417,0.0006279153211338,-4.5027990038307413e-07,False
Malay,HLA-B,39:01,48.0,11156.0,0.004302617425600574,0.0043057050592034,-3.0876336028261633e-06,False
Malay,HLA-B,39:05,2.0,11156.0,0.00017927572606669058,0.0001794043774668,-1.2865140010942652e-07,False
Malay,HLA-B,39:09,4.0,11156.0,0.00035855145213338117,0.0003588087549336,-2.5730280021885304e-07,False
Malay,HLA-B,39:15,13.0,11156.0,0.0011652922194334888,0.0011661284535342,-8.362341007111911e-07,False
Malay,HLA-B,40:01,499.0,11156.0,0.0447292936536393,0.0447613921779691,-3.2098524329803035e-05,False
Malay,HLA-B,40:02,86.0,11156.0,0.007708856220867695,0.0077143882310728,-5.532010205104923e-06,False
Malay,HLA-B,40:06,218.0,11156.0,0.019541054141269273,0.0194653749551489,7.567918612037122e-05,False
Malay,HLA-B,40:10,30.0,11156.0,0.0026891358910003586,0.0026910656620021,-1.929771001741524e-06,False
Malay,HLA-B,40:12,1.0,11156.0,8.963786303334529e-05,8.97021887334051e-05,-6.432570005980901e-08,False
Malay,HLA-B,40:23,2.0,11156.0,0.00017927572606669058,0.0001794043774668,-1.2865140010942652e-07,False
Malay,HLA-B,40:95,1.0,11156.0,8.963786303334529e-05,8.97021887334051e-05,-6.432570005980901e-08,False
Malay,HLA-B,41:01,21.0,11156.0,0.001882395123700251,0.0018837459634015,-1.3508397012490774e-06,False
Malay,HLA-B,42:02,1.0,11156.0,8.963786303334529e-05,8.97021887334051e-05,-6.432570005980901e-08,False
Malay,HLA-B,44:02,11.0,11156.0,0.000986016493366798,0.0009867240760674,-7.075827006019272e-07,False
Malay,HLA-B,44:03,593.0,11156.0,0.053155252778773754,0.0531933979189092,-3.814514013544823e-05,False
Malay,HLA-B,45:01,6.0,11156.0,0.0005378271782000717,0.0005382131324004,-3.8595420032822535e-07,False
Malay,HLA-B,46:01,221.0,11156.0,0.019809967730369308,0.0198241837100825,-1.4215979713190496e-05,False
Malay,HLA-B,46:08,1.0,11156.0,8.963786303334529e-05,8.97021887334051e-05,-6.432570005980901e-08,False
Malay,HLA-B,48:01,38.0,11156.0,0.0034062387952671206,0.0034086831718693,-2.4443766021794468e-06,False
Malay,HLA-B,48:03,4.0,11156.0,0.00035855145213338117,0.0003588087549336,-2.5730280021885304e-07,False
Malay,HLA-B,48:04,9.0,11156.0,0.0008067407673001076,0.0008073196986006,-5.789313004924464e-07,False
Malay,HLA-B,49:01,14.0,11156.0,0.001254930082466834,0.0012558306422676,-9.005598007661483e-07,False
Malay,HLA-B,50:01,28.0,11156.0,0.002509860164933668,0.0025116612845353,-1.8011196016320431e-06,False
Malay,HLA-B,50:07,2.0,11156.0,0.00017927572606669058,0.0001794043774668,-1.2865140010942652e-07,False
Malay,HLA-B,51:01,356.0,11156.0,0.031911079239870924,0.031664872622892,0.0002462066169789251,False
Malay,HLA-B,51:01P,,,,0.0002691065662002,,False
Malay,HLA-B,51:02,264.0,11156.0,0.023664395840803154,0.0234122712594187,0.00025212458138445387,False
Malay,HLA-B,51:02P,,,,0.0002691065662002,,False
Malay,HLA-B,51:06,10.0,11156.0,0.0008963786303334528,0.000897021887334,-6.432570005471868e-07,False
Malay,HLA-B,51:07,5.0,11156.0,0.0004481893151667264,0.000448510943667,-3.216285002735934e-07,False
Malay,HLA-B,52:01,302.0,11156.0,0.027070634636070276,0.0270900609974883,-1.9426361418023452e-05,False
Malay,HLA-B,52:04,3.0,11156.0,0.00026891358910003586,0.0002691065662002,-1.9297710016411267e-07,False
Malay,HLA-B,53:01,8.0,11156.0,0.0007171029042667623,0.0007176175098672,-5.146056004377061e-07,False
Malay,HLA-B,54:01,37.0,11156.0,0.0033166009322337757,0.0033189809831359,-2.3800509021242727e-06,False
Malay,HLA-B,55:01,28.0,11156.0,0.002509860164933668,0.0025116612845353,-1.8011196016320431e-06,False
Malay,HLA-B,55:02,58.0,11156.0,0.0051989960559340265,0.0052027269465374,-3.730890603373567e-06,False
Malay,HLA-B,55:04,1.0,11156.0,8.963786303334529e-05,8.97021887334051e-05,-6.432570005980901e-08,False
Malay,HLA-B,55:12,4.0,11156.0,0.00035855145213338117,0.0003588087549336,-2.5730280021885304e-07,False
Malay,HLA-B,56:01,43.0,11156.0,0.0038544281104338474,0.0038571941155364,-2.7660051025524615e-06,False
Malay,HLA-B,56:02,2.0,11156.0,0.00017927572606669058,0.0001794043774668,-1.2865140010942652e-07,False
Malay,HLA-B,56:03,3.0,11156.0,0.00026891358910003586,0.0002691065662002,-1.9297710016411267e-07,False
Malay,HLA-B,56:04,53.0,11156.0,0.0047508067407673,0.0047542160028704,-3.409262103099865e-06,False
Malay,HLA-B,56:07,2.0,11156.0,0.00017927572606669058,0.0001794043774668,-1.2865140010942652e-07,False
Malay,HLA-B,57:01,121.0,11156.0,0.010846181427034779,0.010853964836742,-7.783409707220329e-06,False
Malay,HLA-B,58:01,497.0,11156.0,0.044550017927572606,0.0445819878005023,-3.1969872929693555e-05,False
Malay,HLA-B,58:02,2.0,11156.0,0.00017927572606669058,0.0001794043774668,-1.2865140010942652e-07,False
Malay,HLA-B,67:01,2.0,11156.0,0.00017927572606669058,0.0001794043774668,-1.2865140010942652e-07,False
Malay,HLA-B,73:01,10.0,11156.0,0.0008963786303334528,0.000897021887334,-6.432570005471868e-07,False
Malay,HLA-B,81:01,2.0,11156.0,0.00017927572606669058,0.0001794043774668,-1.2865140010942652e-07,False
Malay,HLA-C,01:02,429.0,11156.0,0.038454643241305125,0.0384822389666307,-2.7595725325575693e-05,False
Malay,HLA-C,01:03,10.0,11156.0,0.0008963786303334528,0.000897021887334,-6.432570005471868e-07,False
Malay,HLA-C,01:22,1.0,11156.0,8.963786303334529e-05,8.97021887334051e-05,-6.432570005980901e-08,False
Malay,HLA-C,02:02,16.0,11156.0,0.0014342058085335247,0.0014352350197344,-1.0292112008754122e-06,False
Malay,HLA-C,02:10,2.0,11156.0,0.00017927572606669058,0.0001794043774668,-1.2865140010942652e-07,False
Malay,HLA-C,03:02,493.0,11156.0,0.04419146647543923,0.0442231790455687,-3.171257012947459e-05,False
Malay,HLA-C,03:03,171.0,11156.0,0.015328074578702043,0.0153390742734122,-1.099969471015684e-05,False
Malay,HLA-C,03:04,555.0,11156.0,0.04974901398350663,0.0497847147470398,-3.570076353316687e-05,False
Malay,HLA-C,03:88,2.0,11156.0,0.00017927572606669058,0.0001794043774668,-1.2865140010942652e-07,False
Malay,HLA-C,03:94,5.0,11156.0,0.0004481893151667264,0.000448510943667,-3.216285002735934e-07,False
Malay,HLA-C,03:CAVNN,1.0,11156.0,8.963786303334529e-05,,,False
Malay,HLA-C,04:01,1372.0,11156.0,0.12298314808174973,0.1230714029422317,-8.825486048197329e-05,False
Malay,HLA-C,04:03,879.0,11156.0,0.0787916816063105,0.078848223896663,-5.654229035249869e-05,False
Malay,HLA-C,04:04,1.0,11156.0,8.963786303334529e-05,8.97021887334051e-05,-6.432570005980901e-08,False
Malay,HLA-C,04:06,124.0,11156.0,0.011115095016134816,0.0111230714029422,-7.97638680738455e-06,False
Malay,HLA-C,04:10,4.0,11156.0,0.00035855145213338117,0.0003588087549336,-2.5730280021885304e-07,False
Malay,HLA-C,04:AKWXK,2.0,11156.0,0.00017927572606669058,,,False
Malay,HLA-C,04:BCZH,1.0,11156.0,8.963786303334529e-05,,,False
Malay,HLA-C,05:01,17.0,11156.0,0.0015238436715668698,0.0015249372084678,-1.0935369009301525e-06,False
Malay,HLA-C,06:02,266.0,11156.0,0.023843671566869847,0.0238607822030857,-1.711063621585504e-05,False
Malay,HLA-C,06:195,1.0,11156.0,8.963786303334529e-05,8.97021887334051e-05,-6.432570005980901e-08,False
Malay,HLA-C,06:27,2.0,11156.0,0.00017927572606669058,0.0001794043774668,-1.2865140010942652e-07,False
Malay,HLA-C,07:01,751.0,11156.0,0.06731803513804231,0.0673663437387872,-4.83086007448813e-05,False
Malay,HLA-C,07:02,1326.0,11156.0,0.11885980638221585,0.1189451022604951,-8.529587827924012e-05,False
Malay,HLA-C,07:04,1153.0,11156.0,0.10335245607744711,0.103426623609616,-7.416753216889227e-05,False
Malay,HLA-C,07:199,5.0,11156.0,0.0004481893151667264,0.000448510943667,-3.216285002735934e-07,False
Malay,HLA-C,07:26,4.0,11156.0,0.00035855145213338117,0.0003588087549336,-2.5730280021885304e-07,False
Malay,HLA-C,07:27,1.0,11156.0,8.963786303334529e-05,8.97021887334051e-05,-6.432570005980901e-08,False
Malay,HLA-C,07:EMCY,1.0,11156.0,8.963786303334529e-05,,,False
Malay,HLA-C,07:GXFA,1.0,11156.0,8.963786303334529e-05,,,False
Malay,HLA-C,08:01,2240.0,11156.0,0.20078881319469344,0.200843200574094,-5.43873794005556e-05,False
Malay,HLA-C,08:02,11.0,11156.0,0.000986016493366798,0.0009867240760674,-7.075827006019272e-07,False
Malay,HLA-C,08:03,2.0,11156.0,0.00017927572606669058,0.0001794043774668,-1.2865140010942652e-07,False
Malay,HLA-C,08:16,1.0,11156.0,8.963786303334529e-05,8.97021887334051e-05,-6.432570005980901e-08,False
Malay,HLA-C,12:02,307.0,11156.0,0.027518823951237004,0.0275385719411553,-1.9747989918297154e-05,False
Malay,HLA-C,12:03,103.0,11156.0,0.009232699892434564,0.0092393254395407,-6.625547106136123e-06,False
Malay,HLA-C,12:04,6.0,11156.0,0.0005378271782000717,0.0005382131324004,-3.8595420032822535e-07,False
Malay,HLA-C,12:05,3.0,11156.0,0.00026891358910003586,0.0002691065662002,-1.9297710016411267e-07,False
Malay,HLA-C,14:02,490.0,11156.0,0.04392255288633919,0.0439540724793685,-3.15195930293069e-05,False
Malay,HLA-C,14:03,3.0,11156.0,0.00026891358910003586,0.0002691065662002,-1.9297710016411267e-07,False
Malay,HLA-C,15:02,258.0,11156.0,0.023126568662603084,0.0230534625044851,7.310615811798385e-05,False
Malay,HLA-C,15:04,8.0,11156.0,0.0007171029042667623,0.0007176175098672,-5.146056004377061e-07,False
Malay,HLA-C,15:05,59.0,11156.0,0.005288633918967372,0.0052924291352709,-3.795216303528054e-06,False
Malay,HLA-C,15:07,3.0,11156.0,0.00026891358910003586,0.0002691065662002,-1.9297710016411267e-07,False
Malay,HLA-C,15:09,2.0,11156.0,0.00017927572606669058,0.0001794043774668,-1.2865140010942652e-07,False
Malay,HLA-C,15:40,1.0,11156.0,8.963786303334529e-05,8.97021887334051e-05,-6.432570005980901e-08,False
Malay,HLA-C,16:01,6.0,11156.0,0.0005378271782000717,0.0005382131324004,-3.8595420032822535e-07,False
Malay,HLA-C,16:02,34.0,11156.0,0.0030476873431337396,0.0030498744169357,-2.1870738019604853e-06,False
Malay,HLA-C,16:04,2.0,11156.0,0.00017927572606669058,0.0001794043774668,-1.2865140010942652e-07,False
Malay,HLA-C,16:88,1.0,11156.0,8.963786303334529e-05,8.97021887334051e-05,-6.432570005980901e-08,False
Malay,HLA-C,17:01,20.0,11156.0,0.0017927572606669057,0.0017940437746681,-1.286514001194337e-06,False
Others,DQB1,02:01,1062.0,7534.0,0.1409609769046987,0.1415245202558635,-0.0005635433511648191,False
Others,DQB1,02:02,4.0,7534.0,0.0005309264666843643,0.0003997867803837,0.00013113968630066425,False
Others,DQB1,02:14,1.0,7534.0,0.00013273161667109106,0.0001332622601279,-5.306434568089365e-07,False
Others,DQB1,02:CAVTA,1.0,7534.0,0.00013273161667109106,,,False
Others,DQB1,03:01,1657.0,7534.0,0.21993628882399788,0.2201492537313432,-0.00021296490734531992,False
Others,DQB1,03:02,563.0,7534.0,0.07472790018582426,0.0746268656716417,0.00010103451418255749,False
Others,DQB1,03:03,583.0,7534.0,0.07738253251924608,0.0772921108742004,9.042164504567685e-05,False
Others,DQB1,03:04,2.0,7534.0,0.0002654632333421821,0.0002665245202558,-1.061286913617873e-06,False
Others,DQB1,03:05,5.0,7534.0,0.0006636580833554553,0.0006663113006396,-2.6532172841447e-06,False
Others,DQB1,03:11,1.0,7534.0,0.00013273161667109106,0.0001332622601279,-5.306434568089365e-07,False
Others,DQB1,03:26,1.0,7534.0,0.00013273161667109106,0.0001332622601279,-5.306434568089365e-07,False
Others,DQB1,03:72,1.0,7534.0,0.00013273161667109106,0.0001332622601279,-5.306434568089365e-07,False
Others,DQB1,03:CAVTB,2.0,7534.0,0.0002654632333421821,,,False
Others,DQB1,03:CAVTC,1.0,7534.0,0.00013273161667109106,,,False
Others,DQB1,04:01,181.0,7534.0,0.02402442261746748,0.0241204690831556,-9.604646568811895e-05,False
Others,DQB1,04:02,184.0,7534.0,0.024422617467480753,0.0245202558635394,-9.763839605864827e-05,False
Others,DQB1,05:01,747.0,7534.0,0.09915051765330501,0.0992803837953091,-0.00012986614200408142,False
Others,DQB1,05:02,758.0,7534.0,0.10061056543668702,0.1006130063965884,-2.44095990138693e-06,False
Others,DQB1,05:03,330.0,7534.0,0.04380143350146005,0.0437100213219616,9.141217949844987e-05,False
Others,DQB1,05:04,2.0,7534.0,0.0002654632333421821,0.0002665245202558,-1.061286913617873e-06,False
Others,DQB1,05:CAVTE,3.0,7534.0,0.00039819485001327314,,,False
Others,DQB1,06:01,607.0,7534.0,0.08056809131935228,0.0807569296375266,-0.00018883831817433083,False
Others,DQB1,06:02,359.0,7534.0,0.04765065038492169,0.0478411513859275,-0.0001905010010058092,False
Others,DQB1,06:03,223.0,7534.0,0.029599150517653303,0.0294509594882729,0.00014819102938040327,False
Others,DQB1,06:04,141.0,7534.0,0.01871515795062384,0.0187899786780383,-7.482072741446175e-05,False
Others,DQB1,06:09,101.0,7534.0,0.013405893283780196,0.0134594882729211,-5.3594989140903423e-05,False
Others,DQB1,06:10,11.0,7534.0,0.0014600477833820015,0.0014658848614072,-5.837078025198571e-06,False
Others,DQB1,06:74,2.0,7534.0,0.0002654632333421821,0.0002665245202558,-1.061286913617873e-06,False
Others,DQB1,06:BYFKE,1.0,7534.0,0.00013273161667109106,,,False
Others,DRB1,01:01,216.0,7534.0,0.02867002920095567,0.0286513859275053,1.864327345036873e-05,False
Others,DRB1,01:02,54.0,7534.0,0.007167507300238917,0.0071961620469083,-2.8654746669382926e-05,False
Others,DRB1,01:03,14.0,7534.0,0.0018582426333952748,0.001865671641791,-7.42900839572529e-06,False
Others,DRB1,03:01,555.0,7534.0,0.07366604725245554,0.0739605543710021,-0.00029450711854656086,False
Others,DRB1,03:02,9.0,7534.0,0.0011945845500398195,0.0011993603411513,-4.77579111148041e-06,False
Others,DRB1,04:01,182.0,7534.0,0.024157154234138573,0.0242537313432835,-9.65771091449262e-05,False
Others,DRB1,04:02,33.0,7534.0,0.004380143350146005,0.0043976545842217,-1.7511234075695027e-05,False
Others,DRB1,04:03,221.0,7534.0,0.029333687284311124,0.029184434968017,0.00014925231629412533,False
Others,DRB1,04:04,99.0,7534.0,0.013140430050438015,0.0131929637526652,-5.253370222718483e-05,False
Others,DRB1,04:05,310.0,7534.0,0.041146801168038226,0.0411780383795309,-3.1237211492674e-05,False
Others,DRB1,04:06,90.0,7534.0,0.011945845500398195,0.01159381663113,0.00035202886926819464,False
Others,DRB1,04:07,33.0,7534.0,0.004380143350146005,0.0043976545842217,-1.7511234075695027e-05,False
Others,DRB1,04:08,14.0,7534.0,0.0018582426333952748,0.001865671641791,-7.42900839572529e-06,False
Others,DRB1,04:10,14.0,7534.0,0.0018582426333952748,0.001865671641791,-7.42900839572529e-06,False
Others,DRB1,07:01,719.0,7534.0,0.09543403238651446,0.095682302771855,-0.00024827038534053214,False
Others,DRB1,07:BMSUC,1.0,7534.0,0.00013273161667109106,,,False
Others,DRB1,08:01,56.0,7534.0,0.007432970533581099,0.0074626865671641,-2.9716033583000907e-05,False
Others,DRB1,08:02,24.0,7534.0,0.003185558800106185,0.0031982942430703,-1.2735442964114871e-05,False
Others,DRB1,08:03,206.0,7534.0,0.027342713034244757,0.027318763326226,2.394970801875701e-05,False
Others,DRB1,08:04,11.0,7534.0,0.0014600477833820015,0.0014658848614072,-5.837078025198571e-06,False
Others,DRB1,08:06,3.0,7534.0,0.00039819485001327314,0.0003997867803837,-1.5919303704268637e-06,False
Others,DRB1,08:09,10.0,7534.0,0.0013273161667109105,0.0013326226012793,-5.306434568389581e-06,False
Others,DRB1,08:10,1.0,7534.0,0.00013273161667109106,0.0001332622601279,-5.306434568089365e-07,False
Others,DRB1,08:12,2.0,7534.0,0.0002654632333421821,0.0002665245202558,-1.061286913617873e-06,False
Others,DRB1,08:18,2.0,7534.0,0.0002654632333421821,0.0002665245202558,-1.061286913617873e-06,False
Others,DRB1,09:01,372.0,7534.0,0.04937616140164587,0.0491737739872068,0.00020238741443907166,False
Others,DRB1,09:DZUU,1.0,7534.0,0.00013273161667109106,,,False
Others,DRB1,10:01,154.0,7534.0,0.020440668967348023,0.0205223880597014,-8.171909235337588e-05,False
Others,DRB1,11:01,352.0,7534.0,0.04672152906822405,0.0466417910447761,7.973802344794778e-05,False
Others,DRB1,11:02,8.0,7534.0,0.0010618529333687285,0.0010660980810234,-4.245147654671419e-06,False
Others,DRB1,11:03,15.0,7534.0,0.001990974250066366,0.0019989339019189,-7.959651852533847e-06,False
Others,DRB1,11:04,76.0,7534.0,0.01008760286700292,0.0101279317697228,-4.032890271988068e-05,False
Others,DRB1,11:05,2.0,7534.0,0.0002654632333421821,0.0002665245202558,-1.061286913617873e-06,False
Others,DRB1,11:06,36.0,7534.0,0.004778338200159278,0.0047974413646055,-1.9103164446221746e-05,False
Others,DRB1,11:08,2.0,7534.0,0.0002654632333421821,0.0002665245202558,-1.061286913617873e-06,False
Others,DRB1,11:11,5.0,7534.0,0.0006636580833554553,0.0006663113006396,-2.6532172841447e-06,False
Others,DRB1,11:14,1.0,7534.0,0.00013273161667109106,0.0001332622601279,-5.306434568089365e-07,False
Others,DRB1,11:17,1.0,7534.0,0.00013273161667109106,0.0001332622601279,-5.306434568089365e-07,False
Others,DRB1,11:19,1.0,7534.0,0.00013273161667109106,0.0001332622601279,-5.306434568089365e-07,False
Others,DRB1,11:66,2.0,7534.0,0.0002654632333421821,0.0002665245202558,-1.061286913617873e-06,False
Others,DRB1,12:01,95.0,7534.0,0.01260950358375365,0.0126599147121535,-5.0411128399849986e-05,False
Others,DRB1,12:02,950.0,7534.0,0.1260950358375365,0.1261993603411514,-0.00010432450361488876,False
Others,DRB1,13:01,215.0,7534.0,0.028537297584284575,0.0283848614072494,0.00015243617703517356,False
Others,DRB1,13:02,246.0,7534.0,0.0326519777010884,0.0327825159914712,-0.00013053829038280063,False
Others,DRB1,13:03,23.0,7534.0,0.003052827183435094,0.0030650319829424,-1.220479950730588e-05,False
Others,DRB1,13:05,6.0,7534.0,0.0007963897000265463,0.0007995735607675,-3.183860740953691e-06,False
Others,DRB1,13:07,1.0,7534.0,0.00013273161667109106,0.0001332622601279,-5.306434568089365e-07,False
Others,DRB1,13:12,18.0,7534.0,0.002389169100079639,0.0023987206823027,-9.551582223061e-06,False
Others,DRB1,13:13,2.0,7534.0,0.0002654632333421821,0.0002665245202558,-1.061286913617873e-06,False
Others,DRB1,14:01,159.0,7534.0,0.02110432705070348,0.0211886993603411,-8.437230963762032e-05,False
Others,DRB1,14:02,3.0,7534.0,0.00039819485001327314,0.0003997867803837,-1.5919303704268637e-06,False
Others,DRB1,14:03,7.0,7534.0,0.0009291213166976374,0.0009328358208955,-3.714504197862645e-06,False
Others,DRB1,14:04,125.0,7534.0,0.01659145208388638,0.0165245202558635,6.693182802287867e-05,False
Others,DRB1,14:05,37.0,7534.0,0.004911069816830369,0.0049307036247334,-1.9633807903031604e-05,False
Others,DRB1,14:06,6.0,7534.0,0.0007963897000265463,0.0007995735607675,-3.183860740953691e-06,False
Others,DRB1,14:07,6.0,7534.0,0.0007963897000265463,0.0007995735607675,-3.183860740953691e-06,False
Others,DRB1,14:08,1.0,7534.0,0.00013273161667109106,0.0001332622601279,-5.306434568089365e-07,False
Others,DRB1,14:10,8.0,7534.0,0.0010618529333687285,0.0010660980810234,-4.245147654671419e-06,False
Others,DRB1,14:11,1.0,7534.0,0.00013273161667109106,0.0001332622601279,-5.306434568089365e-07,False
Others,DRB1,14:15,5.0,7534.0,0.0006636580833554553,0.0006663113006396,-2.6532172841447e-06,False
Others,DRB1,14:16,1.0,7534.0,0.00013273161667109106,0.0001332622601279,-5.306434568089365e-07,False
Others,DRB1,14:18,3.0,7534.0,0.00039819485001327314,0.0003997867803837,-1.5919303704268637e-06,False
Others,DRB1,14:19,2.0,7534.0,0.0002654632333421821,0.0002665245202558,-1.061286913617873e-06,False
Others,DRB1,14:54,2.0,7534.0,0.0002654632333421821,0.0001332622601279,0.00013220097321428213,False
Others,DRB1,15:01,598.0,7534.0,0.07937350676931244,0.0796908315565032,-0.00031732478719075086,False
Others,DRB1,15:02,914.0,7534.0,0.12131669763737722,0.1215351812366737,-0.00021848359929647898,False
Others,DRB1,15:03,6.0,7534.0,0.0007963897000265463,0.0007995735607675,-3.183860740953691e-06,False
Others,DRB1,15:04,15.0,7534.0,0.001990974250066366,0.0019989339019189,-7.959651852533847e-06,False
Others,DRB1,15:06,15.0,7534.0,0.001990974250066366,0.0019989339019189,-7.959651852533847e-06,False
Others,DRB1,15:14,6.0,7534.0,0.0007963897000265463,0.0007995735607675,-3.183860740953691e-06,False
Others,DRB1,15:BFBXD,3.0,7534.0,0.00039819485001327314,,,False
Others,DRB1,16:01,39.0,7534.0,0.0051765330501725515,0.0051972281449893,-2.0695094816748465e-05,False
Others,DRB1,16:02,109.0,7534.0,0.014467746217148926,0.0142590618336887,0.00020868438346022603,False
Others,HLA-A,01:01,565.0,7534.0,0.07499336341916644,0.0752931769722814,-0.0002998135531149526,False
Others,HLA-A,01:03,7.0,7534.0,0.0009291213166976374,0.0009328358208955,-3.714504197862645e-06,False
Others,HLA-A,02:01,916.0,7534.0,0.12158216087071941,0.1220682302771855,-0.00048606940646608865,False
Others,HLA-A,02:02,4.0,7534.0,0.0005309264666843643,0.0005330490405117,-2.1225738273357095e-06,False
Others,HLA-A,02:03,179.0,7534.0,0.023758959384125297,0.0238539445628997,-9.498517877440382e-05,False
Others,HLA-A,02:05,37.0,7534.0,0.004911069816830369,0.0049307036247334,-1.9633807903031604e-05,False
Others,HLA-A,02:06,173.0,7534.0,0.022962569684098752,0.0229211087420042,4.1460942094551784e-05,False
Others,HLA-A,02:07,207.0,7534.0,0.027475444650915847,0.0275852878464818,-0.00010984319556595415,False
Others,HLA-A,02:10,2.0,7534.0,0.0002654632333421821,0.0002665245202558,-1.061286913617873e-06,False
Others,HLA-A,02:11,68.0,7534.0,0.009025749933634192,0.0090618336886993,-3.608375506510865e-05,False
Others,HLA-A,02:16,5.0,7534.0,0.0006636580833554553,0.0006663113006396,-2.6532172841447e-06,False
Others,HLA-A,02:17,3.0,7534.0,0.00039819485001327314,0.0003997867803837,-1.5919303704268637e-06,False
Others,HLA-A,02:20,1.0,7534.0,0.00013273161667109106,0.0001332622601279,-5.306434568089365e-07,False
Others,HLA-A,02:205,1.0,7534.0,0.00013273161667109106,0.0001332622601279,-5.306434568089365e-07,False
Others,HLA-A,02:22,2.0,7534.0,0.0002654632333421821,0.0002665245202558,-1.061286913617873e-06,False
Others,HLA-A,02:380,1.0,7534.0,0.00013273161667109106,0.0001332622601279,-5.306434568089365e-07,False
Others,HLA-A,02:A,1.0,7534.0,0.00013273161667109106,,,False
Others,HLA-A,02:ACKBY,1.0,7534.0,0.00013273161667109106,,,False
Others,HLA-A,02:BKSXJ,1.0,7534.0,0.00013273161667109106,,,False
Others,HLA-A,02:CAVH,1.0,7534.0,0.00013273161667109106,,,False
Others,HLA-A,03:01,348.0,7534.0,0.04619060260153968,0.0459754797441364,0.0002151228574032854,False
Others,HLA-A,03:02,18.0,7534.0,0.002389169100079639,0.0023987206823027,-9.551582223061e-06,False
Others,HLA-A,11:01,1171.0,7534.0,0.15542872312184763,0.1551172707889125,0.0003114523329351415,False
Others,HLA-A,11:02,80.0,7534.0,0.010618529333687284,0.0106609808102345,-4.2451476547215525e-05,False
Others,HLA-A,11:03,13.0,7534.0,0.0017255110167241838,0.0017324093816631,-6.8983649389162995e-06,False
Others,HLA-A,11:04,8.0,7534.0,0.0010618529333687285,0.0010660980810234,-4.245147654671419e-06,False
Others,HLA-A,11:233,1.0,7534.0,0.00013273161667109106,0.0001332622601279,-5.306434568089365e-07,False
Others,HLA-A,11:XX,1.0,7534.0,0.00013273161667109106,,,False
Others,HLA-A,23:01,69.0,7534.0,0.009158481550305284,0.0091950959488272,-3.6614398521915906e-05,False
Others,HLA-A,24:02,1137.0,7534.0,0.15091584815503054,0.1508528784648187,6.296969021182819e-05,False
Others,HLA-A,24:03,35.0,7534.0,0.004645606583488187,0.0046641791044776,-1.8572520989413623e-05,False
Others,HLA-A,24:05,1.0,7534.0,0.00013273161667109106,0.0001332622601279,-5.306434568089365e-07,False
Others,HLA-A,24:07,469.0,7534.0,0.0622511282187417,0.0622334754797441,1.765273899759917e-05,False
Others,HLA-A,24:08,1.0,7534.0,0.00013273161667109106,0.0001332622601279,-5.306434568089365e-07,False
Others,HLA-A,24:10,58.0,7534.0,0.007698433766923281,0.00772921108742,-3.0777320496718635e-05,False
Others,HLA-A,24:17,6.0,7534.0,0.0007963897000265463,0.0007995735607675,-3.183860740953691e-06,False
Others,HLA-A,24:20,1.0,7534.0,0.00013273161667109106,0.0001332622601279,-5.306434568089365e-07,False
Others,HLA-A,24:33,1.0,7534.0,0.00013273161667109106,0.0001332622601279,-5.306434568089365e-07,False
Others,HLA-A,24:CAVJJ,3.0,7534.0,0.00039819485001327314,,,False
Others,HLA-A,25:01,44.0,7534.0,0.005840191133528006,0.0058635394456289,-2.3348312100894032e-05,False
Others,HLA-A,25:04,1.0,7534.0,0.00013273161667109106,0.0001332622601279,-5.306434568089365e-07,False
Others,HLA-A,26:01,212.0,7534.0,0.028139102734271303,0.0282515991471215,-0.0001124964128501986,False
Others,HLA-A,26:02,6.0,7534.0,0.0007963897000265463,0.0007995735607675,-3.183860740953691e-06,False
Others,HLA-A,26:03,7.0,7534.0,0.0009291213166976374,0.0009328358208955,-3.714504197862645e-06,False
Others,HLA-A,26:08,2.0,7534.0,0.0002654632333421821,0.0002665245202558,-1.061286913617873e-06,False
Others,HLA-A,29:01,52.0,7534.0,0.006902044066896735,0.0069296375266524,-2.7593459755665198e-05,False
Others,HLA-A,29:02,71.0,7534.0,0.009423944783647465,0.0094616204690831,-3.76756854356345e-05,False
Others,HLA-A,30:01,69.0,7534.0,0.009158481550305284,0.0091950959488272,-3.6614398521915906e-05,False
Others,HLA-A,30:02,31.0,7534.0,0.004114680116803823,0.0041311300639658,-1.64499471619773e-05,False
Others,HLA-A,30:04,9.0,7534.0,0.0011945845500398195,0.0011993603411513,-4.77579111148041e-06,False
Others,HLA-A,31:01,151.0,7534.0,0.02004247411733475,0.0201226012793176,-8.012716198285003e-05,False
Others,HLA-A,31:06,2.0,7534.0,0.0002654632333421821,0.0002665245202558,-1.061286913617873e-06,False
Others,HLA-A,31:12,1.0,7534.0,0.00013273161667109106,0.0001332622601279,-5.306434568089365e-07,False
Others,HLA-A,31:16,1.0,7534.0,0.00013273161667109106,0.0001332622601279,-5.306434568089365e-07,False
Others,HLA-A,32:01,125.0,7534.0,0.01659145208388638,0.0166577825159914,-6.63304321050183e-05,False
Others,HLA-A,32:04,1.0,7534.0,0.00013273161667109106,0.0001332622601279,-5.306434568089365e-07,False
Others,HLA-A,32:64,1.0,7534.0,0.00013273161667109106,0.0001332622601279,-5.306434568089365e-07,False
Others,HLA-A,33:01,28.0,7534.0,0.0037164852667905496,0.003731343283582,-1.485801679145058e-05,False
Others,HLA-A,33:03,579.0,7534.0,0.07685160605256172,0.0771588486140724,-0.0003072425615106844,False
Others,HLA-A,33:05,2.0,7534.0,0.0002654632333421821,0.0002665245202558,-1.061286913617873e-06,False
Others,HLA-A,33:65,1.0,7534.0,0.00013273161667109106,0.0001332622601279,-5.306434568089365e-07,False
Others,HLA-A,33:CAUVS,1.0,7534.0,0.00013273161667109106,,,False
Others,HLA-A,34:01,325.0,7534.0,0.043137775418104596,0.0431769722814498,-3.919686334520611e-05,False
Others,HLA-A,34:02,9.0,7534.0,0.0011945845500398195,0.0011993603411513,-4.77579111148041e-06,False
Others,HLA-A,34:05,10.0,7534.0,0.0013273161667109105,0.0013326226012793,-5.306434568389581e-06,False
Others,HLA-A,34:GWR,2.0,7534.0,0.0002654632333421821,,,False
Others,HLA-A,36:01,1.0,7534.0,0.00013273161667109106,0.0001332622601279,-5.306434568089365e-07,False
Others,HLA-A,66:01,16.0,7534.0,0.002123705866737457,0.0021321961620469,-8.490295309443018e-06,False
Others,HLA-A,68:01,123.0,7534.0,0.0163259888505442,0.0163912579957356,-6.526914519140031e-05,False
Others,HLA-A,68:02,28.0,7534.0,0.0037164852667905496,0.003731343283582,-1.485801679145058e-05,False
Others,HLA-A,68:03,1.0,7534.0,0.00013273161667109106,0.0001332622601279,-5.306434568089365e-07,False
Others,HLA-A,68:05,1.0,7534.0,0.00013273161667109106,0.0001332622601279,-5.306434568089365e-07,False
Others,HLA-A,68:172,2.0,7534.0,0.0002654632333421821,0.0002665245202558,-1.061286913617873e-06,False
Others,HLA-A,68:50,1.0,7534.0,0.00013273161667109106,0.0001332622601279,-5.306434568089365e-07,False
Others,HLA-A,69:01,4.0,7534.0,0.0005309264666843643,0.0005330490405117,-2.1225738273357095e-06,False
Others,HLA-A,74:01,16.0,7534.0,0.002123705866737457,0.0021321961620469,-8.490295309443018e-06,False
Others,HLA-A,74:05,1.0,7534.0,0.00013273161667109106,0.0001332622601279,-5.306434568089365e-07,False
Others,HLA-A,80:01,1.0,7534.0,0.00013273161667109106,0.0001332622601279,-5.306434568089365e-07,False
Others,HLA-B,07:02,352.0,7534.0,0.04672152906822405,0.0469083155650319,-0.00018678649680785309,False
Others,HLA-B,07:05,138.0,7534.0,0.018316963100610567,0.0183901918976545,-7.322879704393243e-05,False
Others,HLA-B,08:01,305.0,7534.0,0.040483143084682774,0.0406449893390191,-0.00016184625433632305,False
Others,HLA-B,13:01,204.0,7534.0,0.027077249800902575,0.027185501066098,-0.00010825126519542483,False
Others,HLA-B,13:02,88.0,7534.0,0.011680382267056012,0.01159381663113,8.656563592601176e-05,False
Others,HLA-B,14:01,25.0,7534.0,0.0033182904167772765,0.0033315565031982,-1.3266086420923428e-05,False
Others,HLA-B,14:02,72.0,7534.0,0.009556676400318556,0.009594882729211,-3.820632889244349e-05,False
Others,HLA-B,14:03,1.0,7534.0,0.00013273161667109106,0.0001332622601279,-5.306434568089365e-07,False
Others,HLA-B,15:01,214.0,7534.0,0.028404565967613486,0.0283848614072494,1.9704560364083856e-05,False
Others,HLA-B,15:02,386.0,7534.0,0.05123440403504115,0.0513059701492537,-7.156611421255121e-05,False
Others,HLA-B,15:03,6.0,7534.0,0.0007963897000265463,0.0007995735607675,-3.183860740953691e-06,False
Others,HLA-B,15:05,13.0,7534.0,0.0017255110167241838,0.0017324093816631,-6.8983649389162995e-06,False
Others,HLA-B,15:06,7.0,7534.0,0.0009291213166976374,0.0009328358208955,-3.714504197862645e-06,False
Others,HLA-B,15:07,10.0,7534.0,0.0013273161667109105,0.0013326226012793,-5.306434568389581e-06,False
Others,HLA-B,15:08,4.0,7534.0,0.0005309264666843643,0.0005330490405117,-2.1225738273357095e-06,False
Others,HLA-B,15:09,2.0,7534.0,0.0002654632333421821,0.0002665245202558,-1.061286913617873e-06,False
Others,HLA-B,15:10,6.0,7534.0,0.0007963897000265463,0.0007995735607675,-3.183860740953691e-06,False
Others,HLA-B,15:11,15.0,7534.0,0.001990974250066366,0.0019989339019189,-7.959651852533847e-06,False
Others,HLA-B,15:12,18.0,7534.0,0.002389169100079639,0.0023987206823027,-9.551582223061e-06,False
Others,HLA-B,15:13,120.0,7534.0,0.015927794000530928,0.0159914712153518,-6.367721482087099e-05,False
Others,HLA-B,15:141,2.0,7534.0,0.0002654632333421821,0.0002665245202558,-1.061286913617873e-06,False
Others,HLA-B,15:16,6.0,7534.0,0.0007963897000265463,0.0007995735607675,-3.183860740953691e-06,False
Others,HLA-B,15:17,36.0,7534.0,0.004778338200159278,0.0047974413646055,-1.9103164446221746e-05,False
Others,HLA-B,15:18,35.0,7534.0,0.004645606583488187,0.0046641791044776,-1.8572520989413623e-05,False
Others,HLA-B,15:21,152.0,7534.0,0.02017520573400584,0.0199893390191897,0.00018586671481614012,False
Others,HLA-B,15:24,1.0,7534.0,0.00013273161667109106,0.0001332622601279,-5.306434568089365e-07,False
Others,HLA-B,15:25,73.0,7534.0,0.009689408016989648,0.009728144989339,-3.8736972349353097e-05,False
Others,HLA-B,15:27,13.0,7534.0,0.0017255110167241838,0.0017324093816631,-6.8983649389162995e-06,False
Others,HLA-B,15:32,35.0,7534.0,0.004645606583488187,0.0046641791044776,-1.8572520989413623e-05,False
Others,HLA-B,15:35,135.0,7534.0,0.01791876825059729,0.0179904051172707,-7.163686667341004e-05,False
Others,HLA-B,15:38,1.0,7534.0,0.00013273161667109106,0.0001332622601279,-5.306434568089365e-07,False
Others,HLA-B,15:39,2.0,7534.0,0.0002654632333421821,0.0002665245202558,-1.061286913617873e-06,False
Others,HLA-B,15:56,1.0,7534.0,0.00013273161667109106,0.0001332622601279,-5.306434568089365e-07,False
Others,HLA-B,15:CAVKV,2.0,7534.0,0.0002654632333421821,,,False
Others,HLA-B,18:01,248.0,7534.0,0.03291744093443058,0.0329157782515991,1.662682831478357e-06,False
Others,HLA-B,18:02,38.0,7534.0,0.00504380143350146,0.0050639658848614,-2.016445135994034e-05,False
Others,HLA-B,18:05,1.0,7534.0,0.00013273161667109106,0.0001332622601279,-5.306434568089365e-07,False
Others,HLA-B,27:02,5.0,7534.0,0.0006636580833554553,0.0006663113006396,-2.6532172841447e-06,False
Others,HLA-B,27:04,57.0,7534.0,0.00756570215025219,0.0075959488272921,-3.0246677039910512e-05,False
Others,HLA-B,27:05,88.0,7534.0,0.011680382267056012,0.0117270788912579,-4.6696624201886944e-05,False
Others,HLA-B,27:06,75.0,7534.0,0.009954871250331829,0.0099946695095948,-3.979825926297108e-05,False
Others,HLA-B,27:07,6.0,7534.0,0.0007963897000265463,0.0007995735607675,-3.183860740953691e-06,False
Others,HLA-B,35:01,230.0,7534.0,0.03052827183435094,0.0303837953091684,0.00014447652518254084,False
Others,HLA-B,35:02,26.0,7534.0,0.0034510220334483675,0.0034648187633262,-1.3796729877832599e-05,False
Others,HLA-B,35:03,141.0,7534.0,0.01871515795062384,0.0185234541577825,0.00019170379284133912,False
Others,HLA-B,35:05,253.0,7534.0,0.03358109901778604,0.0334488272921108,0.00013227172567523843,False
Others,HLA-B,35:08,16.0,7534.0,0.002123705866737457,0.0021321961620469,-8.490295309443018e-06,False
Others,HLA-B,35:12,1.0,7534.0,0.00013273161667109106,0.0001332622601279,-5.306434568089365e-07,False
Others,HLA-B,35:20,2.0,7534.0,0.0002654632333421821,0.0002665245202558,-1.061286913617873e-06,False
Others,HLA-B,35:24,1.0,7534.0,0.00013273161667109106,0.0001332622601279,-5.306434568089365e-07,False
Others,HLA-B,35:30,20.0,7534.0,0.002654632333421821,0.0026652452025586,-1.0612869136779161e-05,False
Others,HLA-B,35:43,1.0,7534.0,0.00013273161667109106,0.0001332622601279,-5.306434568089365e-07,False
Others,HLA-B,37:01,82.0,7534.0,0.010883992567029467,0.0109275053304904,-4.3512763460932385e-05,False
Others,HLA-B,37:54,2.0,7534.0,0.0002654632333421821,0.0002665245202558,-1.061286913617873e-06,False
Others,HLA-B,38:01,54.0,7534.0,0.007167507300238917,0.0071961620469083,-2.8654746669382926e-05,False
Others,HLA-B,38:02,305.0,7534.0,0.040483143084682774,0.0403784648187633,0.00010467826591947088,False
Others,HLA-B,38:64,1.0,7534.0,0.00013273161667109106,0.0001332622601279,-5.306434568089365e-07,False
Others,HLA-B,38:CAVM,1.0,7534.0,0.00013273161667109106,,,False
Others,HLA-B,39:01,63.0,7534.0,0.008362091850278737,0.0083955223880597,-3.343053778096308e-05,False
Others,HLA-B,39:04,1.0,7534.0,0.00013273161667109106,0.0001332622601279,-5.306434568089365e-07,False
Others,HLA-B,39:05,3.0,7534.0,0.00039819485001327314,0.0003997867803837,-1.5919303704268637e-06,False
Others,HLA-B,39:06,13.0,7534.0,0.0017255110167241838,0.0017324093816631,-6.8983649389162995e-06,False
Others,HLA-B,39:09,8.0,7534.0,0.0010618529333687285,0.0010660980810234,-4.245147654671419e-06,False
Others,HLA-B,39:10,1.0,7534.0,0.00013273161667109106,0.0001332622601279,-5.306434568089365e-07,False
Others,HLA-B,39:15,5.0,7534.0,0.0006636580833554553,0.0006663113006396,-2.6532172841447e-06,False
Others,HLA-B,39:23,1.0,7534.0,0.00013273161667109106,0.0001332622601279,-5.306434568089365e-07,False
Others,HLA-B,39:24,3.0,7534.0,0.00039819485001327314,0.0003997867803837,-1.5919303704268637e-06,False
Others,HLA-B,40:01,510.0,7534.0,0.06769312450225644,0.0672974413646055,0.0003956831376509401,False
Others,HLA-B,40:02,158.0,7534.0,0.020971595434032386,0.0209221748400852,4.942059394718451e-05,False
Others,HLA-B,40:03,1.0,7534.0,0.00013273161667109106,0.0001332622601279,-5.306434568089365e-07,False
Others,HLA-B,40:06,132.0,7534.0,0.01752057340058402,0.0175906183368869,-7.004493630288072e-05,False
Others,HLA-B,40:10,11.0,7534.0,0.0014600477833820015,0.0014658848614072,-5.837078025198571e-06,False
Others,HLA-B,40:11,1.0,7534.0,0.00013273161667109106,0.0001332622601279,-5.306434568089365e-07,False
Others,HLA-B,40:12,1.0,7534.0,0.00013273161667109106,0.0001332622601279,-5.306434568089365e-07,False
Others,HLA-B,40:23,1.0,7534.0,0.00013273161667109106,0.0001332622601279,-5.306434568089365e-07,False
Others,HLA-B,40:26,1.0,7534.0,0.00013273161667109106,0.0001332622601279,-5.306434568089365e-07,False
Others,HLA-B,40:50,1.0,7534.0,0.00013273161667109106,0.0001332622601279,-5.306434568089365e-07,False
Others,HLA-B,40:CAVMH,1.0,7534.0,0.00013273161667109106,,,False
Others,HLA-B,40:CAVMJ,1.0,7534.0,0.00013273161667109106,,,False
Others,HLA-B,41:01,24.0,7534.0,0.003185558800106185,0.0031982942430703,-1.2735442964114871e-05,False
Others,HLA-B,41:02,14.0,7534.0,0.0018582426333952748,0.001865671641791,-7.42900839572529e-06,False
Others,HLA-B,42:01,4.0,7534.0,0.0005309264666843643,0.0005330490405117,-2.1225738273357095e-06,False
Others,HLA-B,42:02,2.0,7534.0,0.0002654632333421821,0.0002665245202558,-1.061286913617873e-06,False
Others,HLA-B,44:02,193.0,7534.0,0.025617202017520574,0.0257196162046908,-0.00010241418717022582,False
Others,HLA-B,44:03,316.0,7534.0,0.04194319086806477,0.0421108742004264,-0.00016768333236162614,False
Others,HLA-B,44:05,4.0,7534.0,0.0005309264666843643,0.0005330490405117,-2.1225738273357095e-06,False
Others,HLA-B,44:29,2.0,7534.0,0.0002654632333421821,0.0002665245202558,-1.061286913617873e-06,False
Others,HLA-B,44:BZEGX,1.0,7534.0,0.00013273161667109106,,,False
Others,HLA-B,45:01,16.0,7534.0,0.002123705866737457,0.0021321961620469,-8.490295309443018e-06,False
Others,HLA-B,46:01,228.0,7534.0,0.03026280860100876,0.0301172707889125,0.00014553781209625943,False
Others,HLA-B,47:01,4.0,7534.0,0.0005309264666843643,0.0005330490405117,-2.1225738273357095e-06,False
Others,HLA-B,48:01,79.0,7534.0,0.010485797717016193,0.0105277185501066,-4.1920833090406534e-05,False
Others,HLA-B,48:03,5.0,7534.0,0.0006636580833554553,0.0006663113006396,-2.6532172841447e-06,False
Others,HLA-B,48:04,1.0,7534.0,0.00013273161667109106,0.0001332622601279,-5.306434568089365e-07,False
Others,HLA-B,49:01,40.0,7534.0,0.005309264666843642,0.0053304904051172,-2.1225738273558323e-05,False
Others,HLA-B,50:01,61.0,7534.0,0.008096628616936554,0.0081289978678038,-3.236925086724622e-05,False
Others,HLA-B,50:02,1.0,7534.0,0.00013273161667109106,0.0001332622601279,-5.306434568089365e-07,False
Others,HLA-B,51:01,374.0,7534.0,0.04964162463498806,0.0497068230277185,-6.519839273044087e-05,False
Others,HLA-B,51:02,64.0,7534.0,0.008494823466949828,0.0085287846481876,-3.396118123777207e-05,False
Others,HLA-B,51:06,38.0,7534.0,0.00504380143350146,0.0050639658848614,-2.016445135994034e-05,False
Others,HLA-B,51:07,3.0,7534.0,0.00039819485001327314,0.0003997867803837,-1.5919303704268637e-06,False
Others,HLA-B,51:08,4.0,7534.0,0.0005309264666843643,0.0005330490405117,-2.1225738273357095e-06,False
Others,HLA-B,51:19,1.0,7534.0,0.00013273161667109106,0.0001332622601279,-5.306434568089365e-07,False
Others,HLA-B,51:BCZHE,1.0,7534.0,0.00013273161667109106,,,False
Others,HLA-B,52:01,199.0,7534.0,0.02641359171754712,0.0265191897654584,-0.000105598047911281,False
Others,HLA-B,53:01,21.0,7534.0,0.002787363950092912,0.0027985074626865,-1.1143512593588152e-05,False
Others,HLA-B,54:01,72.0,7534.0,0.009556676400318556,0.009594882729211,-3.820632889244349e-05,False
Others,HLA-B,55:01,94.0,7534.0,0.01247677196708256,0.0125266524520255,-4.988048494294038e-05,False
Others,HLA-B,55:02,65.0,7534.0,0.008627555083620918,0.0086620469083155,-3.44918246945828e-05,False
Others,HLA-B,55:04,1.0,7534.0,0.00013273161667109106,0.0001332622601279,-5.306434568089365e-07,False
Others,HLA-B,55:12,1.0,7534.0,0.00013273161667109106,0.0001332622601279,-5.306434568089365e-07,False
Others,HLA-B,56:01,42.0,7534.0,0.005574727900185824,0.0055970149253731,-2.228702518727605e-05,False
Others,HLA-B,56:03,1.0,7534.0,0.00013273161667109106,0.0001332622601279,-5.306434568089365e-07,False
Others,HLA-B,56:04,14.0,7534.0,0.0018582426333952748,0.001865671641791,-7.42900839572529e-06,False
Others,HLA-B,57:01,175.0,7534.0,0.023228032917440935,0.023320895522388,-9.286260494706378e-05,False
Others,HLA-B,57:02,1.0,7534.0,0.00013273161667109106,0.0001332622601279,-5.306434568089365e-07,False
Others,HLA-B,57:03,2.0,7534.0,0.0002654632333421821,0.0002665245202558,-1.061286913617873e-06,False
Others,HLA-B,57:04,1.0,7534.0,0.00013273161667109106,0.0001332622601279,-5.306434568089365e-07,False
Others,HLA-B,58:01,289.0,7534.0,0.03835943721794532,0.0385127931769722,-0.0001533559590268796,False
Others,HLA-B,58:02,2.0,7534.0,0.0002654632333421821,0.0002665245202558,-1.061286913617873e-06,False
Others,HLA-B,59:01,7.0,7534.0,0.0009291213166976374,0.0009328358208955,-3.714504197862645e-06,False
Others,HLA-B,67:01,7.0,7534.0,0.0009291213166976374,0.0009328358208955,-3.714504197862645e-06,False
Others,HLA-B,73:01,6.0,7534.0,0.0007963897000265463,0.0007995735607675,-3.183860740953691e-06,False
Others,HLA-B,81:01,3.0,7534.0,0.00039819485001327314,0.0003997867803837,-1.5919303704268637e-06,False
Others,HLA-C,01:02,493.0,7534.0,0.06543668701884789,0.0655650319829424,-0.000128344964094515,False
Others,HLA-C,01:03,9.0,7534.0,0.0011945845500398195,0.0010660980810234,0.0001284864690164196,False
Others,HLA-C,01:06,1.0,7534.0,0.00013273161667109106,0.0001332622601279,-5.306434568089365e-07,False
Others,HLA-C,02:02,104.0,7534.0,0.01380408813379347,0.0138592750533049,-5.5186919511429275e-05,False
Others,HLA-C,02:10,4.0,7534.0,0.0005309264666843643,0.0005330490405117,-2.1225738273357095e-06,False
Others,HLA-C,03:02,287.0,7534.0,0.03809397398460313,0.0382462686567164,-0.00015229467211327202,False
Others,HLA-C,03:03,293.0,7534.0,0.03889036368462968,0.039045842217484,-0.00015547853285432373,False
Others,HLA-C,03:04,483.0,7534.0,0.06410937085213698,0.0642324093816631,-0.00012303852952610939,False
Others,HLA-C,03:05,3.0,7534.0,0.00039819485001327314,0.0003997867803837,-1.5919303704268637e-06,False
Others,HLA-C,03:17,1.0,7534.0,0.00013273161667109106,0.0001332622601279,-5.306434568089365e-07,False
Others,HLA-C,03:193,1.0,7534.0,0.00013273161667109106,0.0001332622601279,-5.306434568089365e-07,False
Others,HLA-C,03:258,1.0,7534.0,0.00013273161667109106,0.0001332622601279,-5.306434568089365e-07,False
Others,HLA-C,03:310,1.0,7534.0,0.00013273161667109106,0.0001332622601279,-5.306434568089365e-07,False
Others,HLA-C,03:37,1.0,7534.0,0.00013273161667109106,0.0001332622601279,-5.306434568089365e-07,False
Others,HLA-C,03:38,1.0,7534.0,0.00013273161667109106,0.0001332622601279,-5.306434568089365e-07,False
Others,HLA-C,03:85,1.0,7534.0,0.00013273161667109106,0.0001332622601279,-5.306434568089365e-07,False
Others,HLA-C,03:CAVNN,1.0,7534.0,0.00013273161667109106,,,False
Others,HLA-C,04:01,845.0,7534.0,0.11215821608707194,0.1124733475479744,-0.00031513146090246524,False
Others,HLA-C,04:03,263.0,7534.0,0.03490841518449695,0.035047974413646,-0.00013955922914905133,False
Others,HLA-C,04:04,1.0,7534.0,0.00013273161667109106,0.0001332622601279,-5.306434568089365e-07,False
Others,HLA-C,04:06,42.0,7534.0,0.005574727900185824,0.0055970149253731,-2.228702518727605e-05,False
Others,HLA-C,04:10,3.0,7534.0,0.00039819485001327314,0.0003997867803837,-1.5919303704268637e-06,False
Others,HLA-C,04:AKWXK,3.0,7534.0,0.00039819485001327314,,,False
Others,HLA-C,04:BCZH,2.0,7534.0,0.0002654632333421821,,,False
Others,HLA-C,04:BCZHN,3.0,7534.0,0.00039819485001327314,,,False
Others,HLA-C,04:CAVNU,2.0,7534.0,0.0002654632333421821,,,False
Others,HLA-C,04:JKTU,3.0,7534.0,0.00039819485001327314,,,False
Others,HLA-C,05:01,200.0,7534.0,0.026546323334218212,0.0266524520255863,-0.00010612869136808825,False
Others,HLA-C,06:02,429.0,7534.0,0.056941863551898064,0.056503198294243,0.00043866525765506176,False
Others,HLA-C,06:02P,,,,0.0005330490405117,,False
Others,HLA-C,06:86,1.0,7534.0,0.00013273161667109106,0.0001332622601279,-5.306434568089365e-07,False
Others,HLA-C,07:01,574.0,7534.0,0.07618794796920626,0.0764925373134328,-0.00030458934422654405,False
Others,HLA-C,07:02,1260.0,7534.0,0.16724183700557474,0.1673773987206823,-0.00013556171510756276,False
Others,HLA-C,07:04,193.0,7534.0,0.025617202017520574,0.0257196162046908,-0.00010241418717022582,False
Others,HLA-C,07:06,1.0,7534.0,0.00013273161667109106,0.0001332622601279,-5.306434568089365e-07,False
Others,HLA-C,07:26,2.0,7534.0,0.0002654632333421821,0.0002665245202558,-1.061286913617873e-06,False
Others,HLA-C,07:27,10.0,7534.0,0.0013273161667109105,0.0013326226012793,-5.306434568389581e-06,False
Others,HLA-C,07:CAVPC,1.0,7534.0,0.00013273161667109106,,,False
Others,HLA-C,07:CAVPF,2.0,7534.0,0.0002654632333421821,,,False
Others,HLA-C,07:XX,1.0,7534.0,0.00013273161667109106,,,False
Others,HLA-C,08:01,635.0,7534.0,0.08428457658614281,0.0844882729211087,-0.00020369633496589157,False
Others,HLA-C,08:02,98.0,7534.0,0.013007698433766923,0.0130597014925373,-5.200305877037757e-05,False
Others,HLA-C,08:03,12.0,7534.0,0.0015927794000530925,0.0015991471215351,-6.367721482007562e-06,False
Others,HLA-C,08:06,1.0,7534.0,0.00013273161667109106,0.0001332622601279,-5.306434568089365e-07,False
Others,HLA-C,08:16,1.0,7534.0,0.00013273161667109106,0.0001332622601279,-5.306434568089365e-07,False
Others,HLA-C,12:02,251.0,7534.0,0.03331563578444385,0.0334488272921108,-0.00013319150766694793,False
Others,HLA-C,12:03,221.0,7534.0,0.029333687284311124,0.0289179104477611,0.00041577683655002334,False
Others,HLA-C,12:03P,,,,0.0005330490405117,,False
Others,HLA-C,12:04,33.0,7534.0,0.004380143350146005,0.0043976545842217,-1.7511234075695027e-05,False
Others,HLA-C,12:05,2.0,7534.0,0.0002654632333421821,0.0002665245202558,-1.061286913617873e-06,False
Others,HLA-C,12:09,2.0,7534.0,0.0002654632333421821,0.0002665245202558,-1.061286913617873e-06,False
Others,HLA-C,12:64,1.0,7534.0,0.00013273161667109106,0.0001332622601279,-5.306434568089365e-07,False
Others,HLA-C,14:02,202.0,7534.0,0.02681178656756039,0.0267857142857142,2.607228184619073e-05,False
Others,HLA-C,14:03,26.0,7534.0,0.0034510220334483675,0.0034648187633262,-1.3796729877832599e-05,False
Others,HLA-C,15:02,289.0,7534.0,0.03835943721794532,0.0383795309168443,-2.0093698898979162e-05,False
Others,HLA-C,15:04,4.0,7534.0,0.0005309264666843643,0.0005330490405117,-2.1225738273357095e-06,False
Others,HLA-C,15:05,57.0,7534.0,0.00756570215025219,0.0075959488272921,-3.0246677039910512e-05,False
Others,HLA-C,15:07,2.0,7534.0,0.0002654632333421821,0.0002665245202558,-1.061286913617873e-06,False
Others,HLA-C,16:01,74.0,7534.0,0.009822139633660737,0.0098614072494669,-3.926761580616209e-05,False
Others,HLA-C,16:02,47.0,7534.0,0.00623838598354128,0.0062633262260127,-2.494024247142075e-05,False
Others,HLA-C,16:04,6.0,7534.0,0.0007963897000265463,0.0007995735607675,-3.183860740953691e-06,False
Others,HLA-C,17:01,40.0,7534.0,0.005309264666843642,0.0053304904051172,-2.1225738273558323e-05,False
Others,HLA-C,18:01,4.0,7534.0,0.0005309264666843643,0.0005330490405117,-2.1225738273357095e-06,False
