N,coverage,match_level,ethnicity,model_variant
1000.0,0.3893735931236599,8of8,Chinese,same_ethnicity
1047.3708979594498,0.4012758651220764,8of8,Chinese,same_ethnicity
1096.985797892384,0.4133497096387489,8of8,Chinese,same_ethnicity
1148.9510001873086,0.42558631205522424,8of8,Chinese,same_ethnicity
1203.3778407775892,0.43797622680983445,8of8,Chinese,same_ethnicity
1260.3829296797273,0.45050938369374166,8of8,Chinese,same_ethnicity
1320.088400831418,0.46317509716477073,8of8,Chinese,same_ethnicity
1382.6221737646563,0.4759620788715174,8of8,Chinese,same_ethnicity
1448.118227674533,0.48885845357834834,8of8,Chinese,same_ethnicity
1516.7168884709226,0.5018517786728756,8of8,Chinese,same_ethnicity
1588.5651294280526,0.5149290674200748,8of8,Chinese,same_ethnicity
1663.816886076129,0.5280768161006064,8of8,Chinese,same_ethnicity
1742.6333860096508,0.5412810351347377,8of8,Chinese,same_ethnicity
1825.1834943190424,0.5545272842478418,8of8,Chinese,same_ethnicity
1911.6440753857016,0.5678007116796543,8of8,Chinese,same_ethnicity
2002.2003718155845,0.5810860973788126,8of8,Chinese,same_ethnicity
2097.0464013232327,0.5943679000588259,8of8,Chinese,same_ethnicity
2196.385372416547,0.6076303079239599,8of8,Chinese,same_ethnicity
2300.430119772917,0.6208572928063982,8of8,Chinese,same_ethnicity
2409.4035602395243,0.6340326673921911,8of8,Chinese,same_ethnicity
2523.5391704347658,0.6471401451555195,8of8,Chinese,same_ethnicity
2643.0814869741057,0.6601634025708734,8of8,Chinese,same_ethnicity
2768.2866303920664,0.6730861431324235,8of8,Chinese,same_ethnicity
2899.422853882875,0.6858921626801218,8of8,Chinese,same_ethnicity
3036.771118035457,0.6985654155130951,8of8,Chinese,same_ethnicity
3180.625692794119,0.711090080762304,8of8,Chinese,same_ethnicity
3331.2947879346734,0.7234506284953692,8of8,Chinese,same_ethnicity
3489.1012134067737,0.7356318850356931,8of8,Chinese,same_ethnicity
3654.3830709572544,0.7476190969942806,8of8,Chinese,same_ethnicity
3827.494478516311,0.7593979935348092,8of8,Chinese,same_ethnicity
4008.8063288984645,0.7709548464195479,8of8,Chinese,same_ethnicity
4198.70708444391,0.7822765274150675,8of8,Chinese,same_ethnicity
4397.603609302721,0.793350562671915,8of8,Chinese,same_ethnicity
4605.922041145103,0.8041651837313762,8of8,Chinese,same_ethnicity
4824.108704165369,0.814709374854925,8of8,Chinese,same_ethnicity
5052.6310653356795,0.8249729164175911,8of8,Chinese,same_ethnicity
5291.978735958442,0.8349464241546064,8of8,Chinese,same_ethnicity
5542.664520663107,0.8446213841001219,8of8,Chinese,same_ethnicity
5805.225516094895,0.8539901831059431,8of8,Chinese,same_ethnicity
6080.224261649427,0.863046134875076,8of8,Chinese,same_ethnicity
6368.249944718586,0.8717835014871471,8of8,Chinese,same_ethnicity
6669.919663030122,0.8801975104282785,8of8,Chinese,same_ethnicity
6985.879746785249,0.8882843671647453,8of8,Chinese,same_ethnicity
7316.807143427192,0.8960412633164263,8of8,Chinese,same_ethnicity
7663.410868007462,0.9034663804919743,8of8,Chinese,same_ethnicity
8026.4335222571735,0.9105588898430778,8of8,Chinese,same_ethnicity
8406.652885618325,0.9173189473812908,8of8,Chinese,same_ethnicity
8804.883581643464,0.9237476850795674,8of8,Chinese,same_ethnicity
9221.978823334322,0.9298471977544555,8of8,Chinese,same_ethnicity
9658.832241158709,0.9356205256967902,8of8,Chinese,same_ethnicity
10116.37979766207,0.9410716329918286,8of8,Chinese,same_ethnicity
10595.601792776148,0.946205381447226,8of8,Chinese,same_ethnicity
11097.524964120721,0.9510275000319657,8of8,Chinese,same_ethnicity
11623.224686798518,0.9555445497240153,8of8,Chinese,same_ethnicity
12173.82727739662,0.9597638836713454,8of8,Chinese,same_ethnicity
12750.512407130129,0.9636936025919108,8of8,Chinese,same_ethnicity
13354.515629298974,0.9673425053746648,8of8,Chinese,same_ethnicity
13987.131026472387,0.9707200348965044,8of8,Chinese,same_ethnicity
14649.713983072848,0.9738362191395042,8of8,Chinese,same_ethnicity
15343.684089300132,0.976701607778338,8of8,Chinese,same_ethnicity
16070.528182616385,0.9793272045080652,8of8,Chinese,same_ethnicity
16831.80353330955,0.9817243954951063,8of8,Chinese,same_ethnicity
17629.14118095948,0.9839048744558343,8of8,Chinese,same_ethnicity
18464.249428955427,0.9858805649933229,8of8,Chinese,same_ethnicity
19338.917504552322,0.9876635409479736,8of8,Chinese,same_ethnicity
20255.019392306665,0.9892659456358027,8of8,Chinese,same_ethnicity
21214.517849106276,0.9906999109524295,8of8,Chinese,same_ethnicity
22219.468609395237,0.9919774774045169,8of8,Chinese,same_ethnicity
23272.024789604075,0.993110516187282,8of8,Chinese,same_ethnicity
24374.441501222216,0.9941106544512945,8of8,Chinese,same_ethnicity
25529.080682395164,0.9949892048901617,8of8,Chinese,same_ethnicity
26738.41615839944,0.9957571007306759,8of8,Chinese,same_ethnicity
28005.03894183631,0.9964248371185209,8of8,Chinese,same_ethnicity
29331.662783900425,0.9970024197677625,8of8,Chinese,same_ethnicity
30721.12998861759,0.9974993215852967,8of8,Chinese,same_ethnicity
32176.417502507353,0.9979244477981655,8of8,Chinese,same_ethnicity
33700.64329271925,0.9982861099096008,8of8,Chinese,same_ethnicity
35297.0730273065,0.9985920085971286,8of8,Chinese,same_ethnicity
36969.12707195032,0.9988492254517491,8of8,Chinese,same_ethnicity
38720.38781812557,0.9990642232496612,8of8,Chinese,same_ethnicity
40554.60735840828,0.9992428542551379,8of8,Chinese,same_ethnicity
42475.71552536894,0.9993903758819443,8of8,Chinese,same_ethnicity
44487.82831127585,0.9995114728967598,8of8,Chinese,same_ethnicity
46595.25668664687,0.9996102852356552,8of8,Chinese,same_ethnicity
48802.515836544335,0.9996904404264616,8of8,Chinese,same_ethnicity
51114.334834401656,0.9997550895669607,8of8,Chinese,same_ethnicity
53535.66677410719,0.9998069458009826,8of8,Chinese,same_ethnicity
56071.69938205458,0.9998483242599601,8of8,Chinese,same_ethnicity
58727.86613189489,0.9998811824934752,8of8,Chinese,same_ethnicity
61509.857885805046,0.9999071604949016,8of8,Chinese,same_ethnicity
64423.635087213705,0.9999276195326676,8of8,Chinese,same_ethnicity
67475.44053110685,0.9999436791185647,8of8,Chinese,same_ethnicity
70671.81273927492,0.9999562515761173,8of8,Chinese,same_ethnicity
74019.59996915652,0.9999660738083607,8of8,Chinese,same_ethnicity
77525.97488629464,0.9999737359996108,8of8,Chinese,same_ethnicity
81198.44993184009,0.9999797071145323,8of8,Chinese,same_ethnicity
85044.89341802668,0.9999843571752269,8of8,Chinese,same_ethnicity
89073.5463861044,0.9999879763993533,8of8,Chinese,same_ethnicity
93293.04026284696,0.9999907913666382,8of8,Chinese,same_ethnicity
97712.41535346501,0.9999929784459793,8of8,Chinese,same_ethnicity
102341.14021054527,0.9999946747602685,8of8,Chinese,same_ethnicity
107189.13192051265,0.9999959869917878,8of8,Chinese,same_ethnicity
112266.77735108136,0.9999969983392603,8of8,Chinese,same_ethnicity
117584.95540521582,0.9999977739307877,8of8,Chinese,same_ethnicity
123155.06032928261,0.9999983649779993,8of8,Chinese,same_ethnicity
128989.02612533081,0.99999881192895,8of8,Chinese,same_ethnicity
135099.3521198025,0.9999991468439651,8of8,Chinese,same_ethnicity
141499.1297434576,0.9999993951827295,8of8,Chinese,same_ethnicity
148202.070579886,0.9999995771551744,8of8,Chinese,same_ethnicity
155222.5357427048,0.9999997087552263,8of8,Chinese,same_ethnicity
162575.56664437935,0.9999998025668091,8of8,Chinese,same_ethnicity
170276.91722258978,0.999999868406535,8of8,Chinese,same_ethnicity
178343.08769319093,0.9999999138476172,8of8,Chinese,same_ethnicity
186791.35990207846,0.9999999446545489,8of8,Chinese,same_ethnicity
195639.8343517065,0.9999999651474922,8of8,Chinese,same_ethnicity
204907.4689815846,0.9999999785083752,8of8,Chinese,same_ethnicity
214614.11978584016,0.9999999870365618,8of8,Chinese,same_ethnicity
224780.58335487253,0.999999992359816,8of8,Chinese,same_ethnicity
235428.64143224203,0.9999999956054044,8of8,Chinese,same_ethnicity
246581.1075822604,0.9999999975359812,8of8,Chinese,same_ethnicity
258261.87606826748,0.9999999986549597,8of8,Chinese,same_ethnicity
270495.97304631316,0.9999999992861206,8of8,Chinese,same_ethnicity
283309.6101839324,0.9999999996321093,8of8,Chinese,same_ethnicity
296730.24081888725,0.9999999998161787,8of8,Chinese,same_ethnicity
310786.6187782014,0.9999999999110787,8of8,Chinese,same_ethnicity
325508.8599835056,0.9999999999584217,8of8,Chinese,same_ethnicity
340928.50697468076,0.9999999999812386,8of8,Chinese,same_ethnicity
357078.59649004624,0.9999999999918443,8of8,Chinese,same_ethnicity
373993.73024788016,0.9999999999965907,8of8,Chinese,same_ethnicity
391710.1490809261,0.9999999999986321,8of8,Chinese,same_ethnicity
410265.81058271904,0.9999999999994743,8of8,Chinese,same_ethnicity
429700.47043208353,0.9999999999998068,8of8,Chinese,same_ethnicity
450055.76757004973,0.9999999999999323,8of8,Chinese,same_ethnicity
471375.3134116729,0.9999999999999775,8of8,Chinese,same_ethnicity
493704.7852839004,0.9999999999999929,8of8,Chinese,same_ethnicity
517092.0242896755,0.9999999999999979,8of8,Chinese,same_ethnicity
541587.1378079465,0.9999999999999994,8of8,Chinese,same_ethnicity
567242.6068491978,0.9999999999999999,8of8,Chinese,same_ethnicity
594113.3984965039,1.0,8of8,Chinese,same_ethnicity
622257.0836730232,1.0,8of8,Chinese,same_ethnicity
651733.960488242,1.0,8of8,Chinese,same_ethnicity
682607.1834272379,1.0,8of8,Chinese,same_ethnicity
714942.8986597577,1.0,8of8,Chinese,same_ethnicity
748810.385759003,1.0,8of8,Chinese,same_ethnicity
784282.2061337682,1.0,8of8,Chinese,same_ethnicity
821434.3584919422,1.0,8of8,Chinese,same_ethnicity
860346.4416684492,1.0,8of8,Chinese,same_ethnicity
901101.8251665018,1.0,8of8,Chinese,same_ethnicity
943787.8277775391,1.0,8of8,Chinese,same_ethnicity
988495.9046625586,1.0,8of8,Chinese,same_ethnicity
1035321.8432956616,1.0,8of8,Chinese,same_ethnicity
1084365.968689611,1.0,8of8,Chinese,same_ethnicity
1135733.358343105,1.0,8of8,Chinese,same_ethnicity
1189534.0673703207,1.0,8of8,Chinese,same_ethnicity
1245883.3642950081,1.0,8of8,Chinese,same_ethnicity
1304901.9780144016,1.0,8of8,Chinese,same_ethnicity
1366716.3564620074,1.0,8of8,Chinese,same_ethnicity
1431458.9375234786,1.0,8of8,Chinese,same_ethnicity
1499268.4327860472,1.0,8of8,Chinese,same_ethnicity
1570290.1247293775,1.0,8of8,Chinese,same_ethnicity
1644676.1779946627,1.0,8of8,Chinese,same_ethnicity
1722585.9653987875,1.0,8of8,Chinese,same_ethnicity
1804186.409392072,1.0,8of8,Chinese,same_ethnicity
1889652.3396912115,1.0,8of8,Chinese,same_ethnicity
1979166.8678535575,1.0,8of8,Chinese,same_ethnicity
2072921.77959537,1.0,8of8,Chinese,same_ethnicity
2171117.9456945052,1.0,8of8,Chinese,same_ethnicity
2273965.7523579276,1.0,8of8,Chinese,same_ethnicity
2381685.5519761606,1.0,8of8,Chinese,same_ethnicity
2494508.135230317,1.0,8of8,Chinese,same_ethnicity
2612675.2255633264,1.0,8of8,Chinese,same_ethnicity
2736439.997074672,1.0,8of8,Chinese,same_ethnicity
2866067.61694825,1.0,8of8,Chinese,same_ethnicity
3001835.813575592,1.0,8of8,Chinese,same_ethnicity
3144035.4715915,1.0,8of8,Chinese,same_ethnicity
3292971.255097148,1.0,8of8,Chinese,same_ethnicity
3448962.26040576,1.0,8of8,Chinese,same_ethnicity
3612342.6997094303,1.0,8of8,Chinese,same_ethnicity
3783462.6171319326,1.0,8of8,Chinese,same_ethnicity
3962688.638701478,1.0,8of8,Chinese,same_ethnicity
4150404.7578504723,1.0,8of8,Chinese,same_ethnicity
4347013.158125026,1.0,8of8,Chinese,same_ethnicity
4552935.074866948,1.0,8of8,Chinese,same_ethnicity
4768611.697714474,1.0,8of8,Chinese,same_ethnicity
4994505.11585514,1.0,8of8,Chinese,same_ethnicity
5231099.308056259,1.0,8of8,Chinese,same_ethnicity
5478901.179593945,1.0,8of8,Chinese,same_ethnicity
5738441.648302393,1.0,8of8,Chinese,same_ethnicity
6010276.782070388,1.0,8of8,Chinese,same_ethnicity
6294988.990221888,1.0,8of8,Chinese,same_ethnicity
6593188.271333542,1.0,8of8,Chinese,same_ethnicity
6905513.520162331,1.0,8of8,Chinese,same_ethnicity
7232633.896483534,1.0,8of8,Chinese,same_ethnicity
7575250.258771921,1.0,8of8,Chinese,same_ethnicity
7934096.665797492,1.0,8of8,Chinese,same_ethnicity
8309941.949353387,1.0,8of8,Chinese,same_ethnicity
8703591.361485166,1.0,8of8,Chinese,same_ethnicity
9115888.299750837,1.0,8of8,Chinese,same_ethnicity
9547716.114208067,1.0,8of8,Chinese,same_ethnicity
10000000.0,1.0,8of8,Chinese,same_ethnicity
1000.0,0.27367975799840855,8of8,Chinese,cross_ethnic
1047.3708979594498,0.28324205439879585,8of8,Chinese,cross_ethnic
1096.985797892384,0.29302345148691145,8of8,Chinese,cross_ethnic
1148.9510001873086,0.30302137574568544,8of8,Chinese,cross_ethnic
1203.3778407775892,0.3132327045234795,8of8,Chinese,cross_ethnic
1260.3829296797273,0.32365374992697743,8of8,Chinese,cross_ethnic
1320.088400831418,0.3342802440995597,8of8,Chinese,cross_ethnic
1382.6221737646563,0.34510732602954103,8of8,Chinese,cross_ethnic
1448.118227674533,0.3561295300433951,8of8,Chinese,cross_ethnic
1516.7168884709226,0.36734077615178873,8of8,Chinese,cross_ethnic
1588.5651294280526,0.3787343624304724,8of8,Chinese,cross_ethnic
1663.816886076129,0.3903029596331232,8of8,Chinese,cross_ethnic
1742.6333860096508,0.402038608248073,8of8,Chinese,cross_ethnic
1825.1834943190424,0.4139327182242623,8of8,Chinese,cross_ethnic
1911.6440753857016,0.42597607160218287,8of8,Chinese,cross_ethnic
2002.2003718155845,0.438158828291391,8of8,Chinese,cross_ethnic
2097.0464013232327,0.450470535235658,8of8,Chinese,cross_ethnic
2196.385372416547,0.46290013919831774,8of8,Chinese,cross_ethnic
2300.430119772917,0.4754360033824792,8of8,Chinese,cross_ethnic
2409.4035602395243,0.48806592807242016,8of8,Chinese,cross_ethnic
2523.5391704347658,0.5007771754431494,8of8,Chinese,cross_ethnic
2643.0814869741057,0.5135564986349795,8of8,Chinese,cross_ethnic
2768.2866303920664,0.5263901751298186,8of8,Chinese,cross_ethnic
2899.422853882875,0.5392640443974586,8of8,Chinese,cross_ethnic
3036.771118035457,0.552163549705764,8of8,Chinese,cross_ethnic
3180.625692794119,0.5650737839113343,8of8,Chinese,cross_ethnic
3331.2947879346734,0.5779795389703786,8of8,Chinese,cross_ethnic
3489.1012134067737,0.5908653588367362,8of8,Chinese,cross_ethnic
3654.3830709572544,0.6037155953487336,8of8,Chinese,cross_ethnic
3827.494478516311,0.6165144666519031,8of8,Chinese,cross_ethnic
4008.8063288984645,0.6292461176628827,8of8,Chinese,cross_ethnic
4198.70708444391,0.6418946820525581,8of8,Chinese,cross_ethnic
4397.603609302721,0.6544443452141054,8of8,Chinese,cross_ethnic
4605.922041145103,0.6668794076835192,8of8,Chinese,cross_ethnic
4824.108704165369,0.6791843484949495,8of8,Chinese,cross_ethnic
5052.6310653356795,0.6913438879785404,8of8,Chinese,cross_ethnic
5291.978735958442,0.703343049541875,8of8,Chinese,cross_ethnic
5542.664520663107,0.7151672200148491,8of8,Chinese,cross_ethnic
5805.225516094895,0.7268022081793762,8of8,Chinese,cross_ethnic
6080.224261649427,0.7382343011476784,8of8,Chinese,cross_ethnic
6368.249944718586,0.7494503182945772,8of8,Chinese,cross_ethnic
6669.919663030122,0.7604376624893421,8of8,Chinese,cross_ethnic
6985.879746785249,0.7711843684108379,8of8,Chinese,cross_ethnic
7316.807143427192,0.7816791477659982,8of8,Chinese,cross_ethnic
7663.410868007462,0.7919114312660196,8of8,Chinese,cross_ethnic
8026.4335222571735,0.8018714072470735,8of8,Chinese,cross_ethnic
8406.652885618325,0.8115500568524,8of8,Chinese,cross_ethnic
8804.883581643464,0.820939185719563,8of8,Chinese,cross_ethnic
9221.978823334322,0.8300314521393575,8of8,Chinese,cross_ethnic
9658.832241158709,0.8388203916699916,8of8,Chinese,cross_ethnic
10116.37979766207,0.8473004382004632,8of8,Chinese,cross_ethnic
10595.601792776148,0.8554669414595133,8of8,Chinese,cross_ethnic
11097.524964120721,0.8633161809606441,8of8,Chinese,cross_ethnic
11623.224686798518,0.8708453763597215,8of8,Chinese,cross_ethnic
12173.82727739662,0.8780526941805494,8of8,Chinese,cross_ethnic
12750.512407130129,0.8849372508372186,8of8,Chinese,cross_ethnic
13354.515629298974,0.8914991118522229,8of8,Chinese,cross_ethnic
13987.131026472387,0.8977392871388552,8of8,Chinese,cross_ethnic
14649.713983072848,0.9036597221879512,8of8,Chinese,cross_ethnic
15343.684089300132,0.9092632849752555,8of8,Chinese,cross_ethnic
16070.528182616385,0.9145537483889641,8of8,Chinese,cross_ethnic
16831.80353330955,0.919535767969589,8of8,Chinese,cross_ethnic
17629.14118095948,0.924214854758139,8of8,Chinese,cross_ethnic
18464.249428955427,0.9285973430655466,8of8,Chinese,cross_ethnic
19338.917504552322,0.9326903530078732,8of8,Chinese,cross_ethnic
20255.019392306665,0.9365017476994242,8of8,Chinese,cross_ethnic
21214.517849106276,0.9400400850604251,8of8,Chinese,cross_ethnic
22219.468609395237,0.94331456427757,8of8,Chinese,cross_ethnic
23272.024789604075,0.9463349670539528,8of8,Chinese,cross_ethnic
24374.441501222216,0.9491115938978159,8of8,Chinese,cross_ethnic
25529.080682395164,0.9516551958241861,8of8,Chinese,cross_ethnic
26738.41615839944,0.9539769019755111,8of8,Chinese,cross_ethnic
28005.03894183631,0.9560881438014329,8of8,Chinese,cross_ethnic
29331.662783900425,0.9580005765676622,8of8,Chinese,cross_ethnic
30721.12998861759,0.9597259990829214,8of8,Chinese,cross_ethnic
32176.417502507353,0.9612762726346256,8of8,Chinese,cross_ethnic
33700.64329271925,0.9626632402024708,8of8,Chinese,cross_ethnic
35297.0730273065,0.9638986470694753,8of8,Chinese,cross_ethnic
36969.12707195032,0.9649940639687601,8of8,Chinese,cross_ethnic
38720.38781812557,0.9659608138894802,8of8,Chinese,cross_ethnic
40554.60735840828,0.9668099036164766,8of8,Chinese,cross_ethnic
42475.71552536894,0.9675519609967149,8of8,Chinese,cross_ethnic
44487.82831127585,0.968197178814097,8of8,Chinese,cross_ethnic
46595.25668664687,0.9687552660166721,8of8,Chinese,cross_ethnic
48802.515836544335,0.9692354068814643,8of8,Chinese,cross_ethnic
51114.334834401656,0.9696462285274798,8of8,Chinese,cross_ethnic
53535.66677410719,0.9699957770027288,8of8,Chinese,cross_ethnic
56071.69938205458,0.9702915019821424,8of8,Chinese,cross_ethnic
58727.86613189489,0.9705402499259006,8of8,Chinese,cross_ethnic
61509.857885805046,0.9707482653674782,8of8,Chinese,cross_ethnic
64423.635087213705,0.970921199832974,8of8,Chinese,cross_ethnic
67475.44053110685,0.9710641277429086,8of8,Chinese,cross_ethnic
70671.81273927492,0.9711815685190698,8of8,Chinese,cross_ethnic
74019.59996915652,0.9712775140159416,8of8,Chinese,cross_ethnic
77525.97488629464,0.9713554603217867,8of8,Chinese,cross_ethnic
81198.44993184009,0.9714184429306477,8of8,Chinese,cross_ethnic
85044.89341802668,0.9714690742743592,8of8,Chinese,cross_ethnic
89073.5463861044,0.9715095826228989,8of8,Chinese,cross_ethnic
93293.04026284696,0.9715418514105165,8of8,Chinese,cross_ethnic
97712.41535346501,0.9715674581212407,8of8,Chinese,cross_ethnic
102341.14021054527,0.9715877119665752,8of8,Chinese,cross_ethnic
107189.13192051265,0.9716036897053816,8of8,Chinese,cross_ethnic
112266.77735108136,0.9716162690852723,8of8,Chinese,cross_ethnic
117584.95540521582,0.9716261595200487,8of8,Chinese,cross_ethnic
123155.06032928261,0.9716339297523996,8of8,Chinese,cross_ethnic
128989.02612533081,0.971640032379266,8of8,Chinese,cross_ethnic
135099.3521198025,0.9716448252336394,8of8,Chinese,cross_ethnic
141499.1297434576,0.9716485897168888,8of8,Chinese,cross_ethnic
148202.070579886,0.971651546257106,8of8,Chinese,cross_ethnic
155222.5357427048,0.9716538671299089,8of8,Chinese,cross_ethnic
162575.56664437935,0.9716556869186405,8of8,Chinese,cross_ethnic
170276.91722258978,0.9716571109121259,8of8,Chinese,cross_ethnic
178343.08769319093,0.9716582217423444,8of8,Chinese,cross_ethnic
186791.35990207846,0.9716590845544882,8of8,Chinese,cross_ethnic
195639.8343517065,0.9716597509811968,8of8,Chinese,cross_ethnic
204907.4689815846,0.9716602621646341,8of8,Chinese,cross_ethnic
214614.11978584016,0.971660651037676,8of8,Chinese,cross_ethnic
224780.58335487253,0.9716609440415256,8of8,Chinese,cross_ethnic
235428.64143224203,0.971661162423843,8of8,Chinese,cross_ethnic
246581.1075822604,0.9716613232306421,8of8,Chinese,cross_ethnic
258261.87606826748,0.97166144007792,8of8,Chinese,cross_ethnic
270495.97304631316,0.9716615237658957,8of8,Chinese,cross_ethnic
283309.6101839324,0.9716615827800439,8of8,Chinese,cross_ethnic
296730.24081888725,0.9716616237086969,8of8,Chinese,cross_ethnic
310786.6187782014,0.9716616515964425,8of8,Chinese,cross_ethnic
325508.8599835056,0.9716616702453216,8of8,Chinese,cross_ethnic
340928.50697468076,0.971661682471257,8of8,Chinese,cross_ethnic
357078.59649004624,0.9716616903205768,8of8,Chinese,cross_ethnic
373993.73024788016,0.971661695250308,8of8,Chinese,cross_ethnic
391710.1490809261,0.9716616982755717,8of8,Chinese,cross_ethnic
410265.81058271904,0.9716617000875096,8of8,Chinese,cross_ethnic
429700.47043208353,0.9716617011453887,8of8,Chinese,cross_ethnic
450055.76757004973,0.9716617017466909,8of8,Chinese,cross_ethnic
471375.3134116729,0.9716617020789992,8of8,Chinese,cross_ethnic
493704.7852839004,0.9716617022573127,8of8,Chinese,cross_ethnic
517092.0242896755,0.9716617023500806,8of8,Chinese,cross_ethnic
541587.1378079465,0.9716617023968035,8of8,Chinese,cross_ethnic
567242.6068491978,0.971661702419549,8of8,Chinese,cross_ethnic
594113.3984965039,0.9716617024302341,8of8,Chinese,cross_ethnic
622257.0836730232,0.9716617024350696,8of8,Chinese,cross_ethnic
651733.960488242,0.9716617024371736,8of8,Chinese,cross_ethnic
682607.1834272379,0.9716617024380525,8of8,Chinese,cross_ethnic
714942.8986597577,0.971661702438404,8of8,Chinese,cross_ethnic
748810.385759003,0.9716617024385386,8of8,Chinese,cross_ethnic
784282.2061337682,0.9716617024385876,8of8,Chinese,cross_ethnic
821434.3584919422,0.9716617024386046,8of8,Chinese,cross_ethnic
860346.4416684492,0.9716617024386102,8of8,Chinese,cross_ethnic
901101.8251665018,0.9716617024386119,8of8,Chinese,cross_ethnic
943787.8277775391,0.9716617024386125,8of8,Chinese,cross_ethnic
988495.9046625586,0.9716617024386126,8of8,Chinese,cross_ethnic
1035321.8432956616,0.9716617024386127,8of8,Chinese,cross_ethnic
1084365.968689611,0.9716617024386127,8of8,Chinese,cross_ethnic
1135733.358343105,0.9716617024386127,8of8,Chinese,cross_ethnic
1189534.0673703207,0.9716617024386127,8of8,Chinese,cross_ethnic
1245883.3642950081,0.9716617024386127,8of8,Chinese,cross_ethnic
1304901.9780144016,0.9716617024386127,8of8,Chinese,cross_ethnic
1366716.3564620074,0.9716617024386127,8of8,Chinese,cross_ethnic
1431458.9375234786,0.9716617024386127,8of8,Chinese,cross_ethnic
1499268.4327860472,0.9716617024386127,8of8,Chinese,cross_ethnic
1570290.1247293775,0.9716617024386127,8of8,Chinese,cross_ethnic
1644676.1779946627,0.9716617024386127,8of8,Chinese,cross_ethnic
1722585.9653987875,0.9716617024386127,8of8,Chinese,cross_ethnic
1804186.409392072,0.9716617024386127,8of8,Chinese,cross_ethnic
1889652.3396912115,0.9716617024386127,8of8,Chinese,cross_ethnic
1979166.8678535575,0.9716617024386127,8of8,Chinese,cross_ethnic
2072921.77959537,0.9716617024386127,8of8,Chinese,cross_ethnic
2171117.9456945052,0.9716617024386127,8of8,Chinese,cross_ethnic
2273965.7523579276,0.9716617024386127,8of8,Chinese,cross_ethnic
2381685.5519761606,0.9716617024386127,8of8,Chinese,cross_ethnic
2494508.135230317,0.9716617024386127,8of8,Chinese,cross_ethnic
2612675.2255633264,0.9716617024386127,8of8,Chinese,cross_ethnic
2736439.997074672,0.9716617024386127,8of8,Chinese,cross_ethnic
2866067.61694825,0.9716617024386127,8of8,Chinese,cross_ethnic
3001835.813575592,0.9716617024386127,8of8,Chinese,cross_ethnic
3144035.4715915,0.9716617024386127,8of8,Chinese,cross_ethnic
3292971.255097148,0.9716617024386127,8of8,Chinese,cross_ethnic
3448962.26040576,0.9716617024386127,8of8,Chinese,cross_ethnic
3612342.6997094303,0.9716617024386127,8of8,Chinese,cross_ethnic
3783462.6171319326,0.9716617024386127,8of8,Chinese,cross_ethnic
3962688.638701478,0.9716617024386127,8of8,Chinese,cross_ethnic
4150404.7578504723,0.9716617024386127,8of8,Chinese,cross_ethnic
4347013.158125026,0.9716617024386127,8of8,Chinese,cross_ethnic
4552935.074866948,0.9716617024386127,8of8,Chinese,cross_ethnic
4768611.697714474,0.9716617024386127,8of8,Chinese,cross_ethnic
4994505.11585514,0.9716617024386127,8of8,Chinese,cross_ethnic
5231099.308056259,0.9716617024386127,8of8,Chinese,cross_ethnic
5478901.179593945,0.9716617024386127,8of8,Chinese,cross_ethnic
5738441.648302393,0.9716617024386127,8of8,Chinese,cross_ethnic
6010276.782070388,0.9716617024386127,8of8,Chinese,cross_ethnic
6294988.990221888,0.9716617024386127,8of8,Chinese,cross_ethnic
6593188.271333542,0.9716617024386127,8of8,Chinese,cross_ethnic
6905513.520162331,0.9716617024386127,8of8,Chinese,cross_ethnic
7232633.896483534,0.9716617024386127,8of8,Chinese,cross_ethnic
7575250.258771921,0.9716617024386127,8of8,Chinese,cross_ethnic
7934096.665797492,0.9716617024386127,8of8,Chinese,cross_ethnic
8309941.949353387,0.9716617024386127,8of8,Chinese,cross_ethnic
8703591.361485166,0.9716617024386127,8of8,Chinese,cross_ethnic
9115888.299750837,0.9716617024386127,8of8,Chinese,cross_ethnic
9547716.114208067,0.9716617024386127,8of8,Chinese,cross_ethnic
10000000.0,0.9716617024386127,8of8,Chinese,cross_ethnic
1000.0,0.2990747455343318,8of8,Malay,same_ethnicity
1047.3708979594498,0.3090475649151878,8of8,Malay,same_ethnicity
1096.985797892384,0.31922463707945486,8of8,Malay,same_ethnicity
1148.9510001873086,0.32960240380900324,8of8,Malay,same_ethnicity
1203.3778407775892,0.34017679859440486,8of8,Malay,same_ethnicity
1260.3829296797273,0.3509432351911712,8of8,Malay,same_ethnicity
1320.088400831418,0.36189659729994406,8of8,Malay,same_ethnicity
1382.6221737646563,0.373031229558719,8of8,Malay,same_ethnicity
1448.118227674533,0.38434093006825787,8of8,Malay,same_ethnicity
1516.7168884709226,0.3958189447045462,8of8,Malay,same_ethnicity
1588.5651294280526,0.4074579635023118,8of8,Malay,same_ethnicity
1663.816886076129,0.4192501194188194,8of8,Malay,same_ethnicity
1742.6333860096508,0.431186989804763,8of8,Malay,same_ethnicity
1825.1834943190424,0.4432596009164689,8of8,Malay,same_ethnicity
1911.6440753857016,0.4554584357983029,8of8,Malay,same_ethnicity
2002.2003718155845,0.4677734458440089,8of8,Malay,same_ethnicity
2097.0464013232327,0.4801940663091211,8of8,Malay,same_ethnicity
2196.385372416547,0.4927092359927311,8of8,Malay,same_ethnicity
2300.430119772917,0.5053074212358372,8of8,Malay,same_ethnicity
2409.4035602395243,0.5179766442963785,8of8,Malay,same_ethnicity
2523.5391704347658,0.5307045160600288,8of8,Malay,same_ethnicity
2643.0814869741057,0.543478272934223,8of8,Malay,same_ethnicity
2768.2866303920664,0.5562848176549677,8of8,Malay,same_ethnicity
2899.422853882875,0.569110763616873,8of8,Malay,same_ethnicity
3036.771118035457,0.5819424822222452,8of8,Malay,same_ethnicity
3180.625692794119,0.5947661526409922,8of8,Malay,same_ethnicity
3331.2947879346734,0.607567813285489,8of8,Malay,same_ethnicity
3489.1012134067737,0.6203334142389667,8of8,Malay,same_ethnicity
3654.3830709572544,0.633048869837247,8of8,Malay,same_ethnicity
3827.494478516311,0.6457001105954554,8of8,Malay,same_ethnicity
4008.8063288984645,0.6582731336960383,8of8,Malay,same_ethnicity
4198.70708444391,0.6707540513127646,8of8,Malay,same_ethnicity
4397.603609302721,0.6831291361363659,8of8,Malay,same_ethnicity
4605.922041145103,0.6953848635883491,8of8,Malay,same_ethnicity
4824.108704165369,0.7075079503556932,8of8,Malay,same_ethnicity
5052.6310653356795,0.719485389044571,8of8,Malay,same_ethnicity
5291.978735958442,0.7313044789284343,8of8,Malay,same_ethnicity
5542.664520663107,0.7429528529463393,8of8,Malay,same_ethnicity
5805.225516094895,0.75441850128236,8of8,Malay,same_ethnicity
6080.224261649427,0.7656897920173293,8of8,Malay,same_ethnicity
6368.249944718586,0.7767554894814825,8of8,Malay,same_ethnicity
6669.919663030122,0.7876047710433896,8of8,Malay,same_ethnicity
6985.879746785249,0.7982272431407038,8of8,Malay,same_ethnicity
7316.807143427192,0.8086129573875214,8of8,Malay,same_ethnicity
7663.410868007462,0.8187524275791223,8of8,Malay,same_ethnicity
8026.4335222571735,0.8286366483573364,8of8,Malay,same_ethnicity
8406.652885618325,0.8382571162005173,8of8,Malay,same_ethnicity
8804.883581643464,0.8476058532646499,8of8,Malay,same_ethnicity
9221.978823334322,0.8566754344318342,8of8,Malay,same_ethnicity
9658.832241158709,0.8654590177257515,8of8,Malay,same_ethnicity
10116.37979766207,0.8739503780384665,8of8,Malay,same_ethnicity
10595.601792776148,0.8821439438874822,8of8,Malay,same_ethnicity
11097.524964120721,0.8900348366951584,8of8,Malay,same_ethnicity
11623.224686798518,0.8976189118636885,8of8,Malay,same_ethnicity
12173.82727739662,0.9048928007167291,8of8,Malay,same_ethnicity
12750.512407130129,0.9118539522022335,8of8,Malay,same_ethnicity
13354.515629298974,0.9185006731080883,8of8,Malay,same_ethnicity
13987.131026472387,0.9248321654397427,8of8,Malay,same_ethnicity
14649.713983072848,0.930848559552926,8of8,Malay,same_ethnicity
15343.684089300132,0.9365509416287373,8of8,Malay,same_ethnicity
16070.528182616385,0.9419413741250986,8of8,Malay,same_ethnicity
16831.80353330955,0.9470229079378245,8of8,Malay,same_ethnicity
17629.14118095948,0.9517995851543157,8of8,Malay,same_ethnicity
18464.249428955427,0.9562764314789862,8of8,Malay,same_ethnicity
19338.917504552322,0.9604594376458074,8of8,Malay,same_ethnicity
20255.019392306665,0.9643555294020072,8of8,Malay,same_ethnicity
21214.517849106276,0.9679725259388278,8of8,Malay,same_ethnicity
22219.468609395237,0.9713190869501798,8of8,Malay,same_ethnicity
23272.024789604075,0.9744046488074155,8of8,Malay,same_ethnicity
24374.441501222216,0.9772393506374724,8of8,Malay,same_ethnicity
25529.080682395164,0.9798339513718104,8of8,Malay,same_ethnicity
26738.41615839944,0.9821997390850656,8of8,Malay,same_ethnicity
28005.03894183631,0.9843484341562387,8of8,Malay,same_ethnicity
29331.662783900425,0.9862920879540567,8of8,Malay,same_ethnicity
30721.12998861759,0.9880429788659353,8of8,Malay,same_ethnicity
32176.417502507353,0.9896135075527166,8of8,Malay,same_ethnicity
33700.64329271925,0.9910160933172069,8of8,Malay,same_ethnicity
35297.0730273065,0.9922630734238327,8of8,Malay,same_ethnicity
36969.12707195032,0.9933666071021968,8of8,Malay,same_ethnicity
38720.38781812557,0.9943385858138141,8of8,Malay,same_ethnicity
40554.60735840828,0.9951905511656948,8of8,Malay,same_ethnicity
42475.71552536894,0.9959336216251409,8of8,Malay,same_ethnicity
44487.82831127585,0.9965784289365724,8of8,Malay,same_ethnicity
46595.25668664687,0.9971350648734445,8of8,Malay,same_ethnicity
48802.515836544335,0.9976130386862491,8of8,Malay,same_ethnicity
51114.334834401656,0.9980212453406307,8of8,Malay,same_ethnicity
53535.66677410719,0.9983679443862102,8of8,Malay,same_ethnicity
56071.69938205458,0.9986607490639714,8of8,Malay,same_ethnicity
58727.86613189489,0.9989066250538541,8of8,Malay,same_ethnicity
61509.857885805046,0.999111898088823,8of8,Malay,same_ethnicity
64423.635087213705,0.9992822695201391,8of8,Malay,same_ethnicity
67475.44053110685,0.9994228388124854,8of8,Malay,same_ethnicity
70671.81273927492,0.9995381318774172,8of8,Malay,same_ethnicity
74019.59996915652,0.9996321341186754,8of8,Malay,same_ethnicity
77525.97488629464,0.9997083270615171,8of8,Malay,same_ethnicity
81198.44993184009,0.9997697274678055,8of8,Malay,same_ethnicity
85044.89341802668,0.9998189278957119,8of8,Malay,same_ethnicity
89073.5463861044,0.9998581377434539,8of8,Malay,same_ethnicity
93293.04026284696,0.9998892239158469,8of8,Malay,same_ethnicity
97712.41535346501,0.9999137503656458,8of8,Malay,same_ethnicity
102341.14021054527,0.9999330158836104,8of8,Malay,same_ethnicity
107189.13192051265,0.9999480896369951,8of8,Malay,same_ethnicity
112266.77735108136,0.999959844081117,8of8,Malay,same_ethnicity
117584.95540521582,0.9999689849887248,8of8,Malay,same_ethnicity
123155.06032928261,0.9999760784536202,8of8,Malay,same_ethnicity
128989.02612533081,0.9999815748256965,8of8,Malay,same_ethnicity
135099.3521198025,0.9999858296222708,8of8,Malay,same_ethnicity
141499.1297434576,0.9999891215341057,8of8,Malay,same_ethnicity
148202.070579886,0.9999916677032119,8of8,Malay,same_ethnicity
155222.5357427048,0.999993636493449,8of8,Malay,same_ethnicity
162575.56664437935,0.9999951580045586,8of8,Malay,same_ethnicity
170276.91722258978,0.9999963325965251,8of8,Malay,same_ethnicity
178343.08769319093,0.9999972376953601,8of8,Malay,same_ethnicity
186791.35990207846,0.9999979331451492,8of8,Malay,same_ethnicity
195639.8343517065,0.9999984653563191,8of8,Malay,same_ethnicity
204907.4689815846,0.9999988704786207,8of8,Malay,same_ethnicity
214614.11978584016,0.9999991768013093,8of8,Malay,same_ethnicity
224780.58335487253,0.9999994065545357,8of8,Malay,same_ethnicity
235428.64143224203,0.999999577256879,8of8,Malay,same_ethnicity
246581.1075822604,0.9999997027259323,8of8,Malay,same_ethnicity
258261.87606826748,0.9999997938431505,8of8,Malay,same_ethnicity
270495.97304631316,0.9999998591417033,8of8,Malay,same_ethnicity
283309.6101839324,0.9999999052673216,8of8,Malay,same_ethnicity
296730.24081888725,0.9999999373472045,8of8,Malay,same_ethnicity
310786.6187782014,0.9999999592907567,8of8,Malay,same_ethnicity
325508.8599835056,0.999999974037841,8of8,Malay,same_ethnicity
340928.50697468076,0.9999999837647799,8of8,Malay,same_ethnicity
357078.59649004624,0.999999990054939,8of8,Malay,same_ethnicity
373993.73024788016,0.9999999940387702,8of8,Malay,same_ethnicity
391710.1490809261,0.9999999965072066,8of8,Malay,same_ethnicity
410265.81058271904,0.9999999980018515,8of8,Malay,same_ethnicity
429700.47043208353,0.9999999988852246,8of8,Malay,same_ethnicity
450055.76757004973,0.9999999993942211,8of8,Malay,same_ethnicity
471375.3134116729,0.999999999679783,8of8,Malay,same_ethnicity
493704.7852839004,0.9999999998355681,8of8,Malay,same_ethnicity
517092.0242896755,0.9999999999180934,8of8,Malay,same_ethnicity
541587.1378079465,0.9999999999604824,8of8,Malay,same_ethnicity
567242.6068491978,0.9999999999815619,8of8,Malay,same_ethnicity
594113.3984965039,0.9999999999916942,8of8,Malay,same_ethnicity
622257.0836730232,0.9999999999963939,8of8,Malay,same_ethnicity
651733.960488242,0.9999999999984938,8of8,Malay,same_ethnicity
682607.1834272379,0.9999999999993958,8of8,Malay,same_ethnicity
714942.8986597577,0.9999999999997677,8of8,Malay,same_ethnicity
748810.385759003,0.9999999999999146,8of8,Malay,same_ethnicity
784282.2061337682,0.99999999999997,8of8,Malay,same_ethnicity
821434.3584919422,0.9999999999999899,8of8,Malay,same_ethnicity
860346.4416684492,0.9999999999999968,8of8,Malay,same_ethnicity
901101.8251665018,0.999999999999999,8of8,Malay,same_ethnicity
943787.8277775391,0.9999999999999997,8of8,Malay,same_ethnicity
988495.9046625586,0.9999999999999998,8of8,Malay,same_ethnicity
1035321.8432956616,0.9999999999999999,8of8,Malay,same_ethnicity
1084365.968689611,0.9999999999999999,8of8,Malay,same_ethnicity
1135733.358343105,0.9999999999999999,8of8,Malay,same_ethnicity
1189534.0673703207,0.9999999999999999,8of8,Malay,same_ethnicity
1245883.3642950081,0.9999999999999999,8of8,Malay,same_ethnicity
1304901.9780144016,0.9999999999999999,8of8,Malay,same_ethnicity
1366716.3564620074,0.9999999999999999,8of8,Malay,same_ethnicity
1431458.9375234786,0.9999999999999999,8of8,Malay,same_ethnicity
1499268.4327860472,0.9999999999999999,8of8,Malay,same_ethnicity
1570290.1247293775,0.9999999999999999,8of8,Malay,same_ethnicity
1644676.1779946627,0.9999999999999999,8of8,Malay,same_ethnicity
1722585.9653987875,0.9999999999999999,8of8,Malay,same_ethnicity
1804186.409392072,0.9999999999999999,8of8,Malay,same_ethnicity
1889652.3396912115,0.9999999999999999,8of8,Malay,same_ethnicity
1979166.8678535575,0.9999999999999999,8of8,Malay,same_ethnicity
2072921.77959537,0.9999999999999999,8of8,Malay,same_ethnicity
2171117.9456945052,0.9999999999999999,8of8,Malay,same_ethnicity
2273965.7523579276,0.9999999999999999,8of8,Malay,same_ethnicity
2381685.5519761606,0.9999999999999999,8of8,Malay,same_ethnicity
2494508.135230317,0.9999999999999999,8of8,Malay,same_ethnicity
2612675.2255633264,0.9999999999999999,8of8,Malay,same_ethnicity
2736439.997074672,0.9999999999999999,8of8,Malay,same_ethnicity
2866067.61694825,0.9999999999999999,8of8,Malay,same_ethnicity
3001835.813575592,0.9999999999999999,8of8,Malay,same_ethnicity
3144035.4715915,0.9999999999999999,8of8,Malay,same_ethnicity
3292971.255097148,0.9999999999999999,8of8,Malay,same_ethnicity
3448962.26040576,0.9999999999999999,8of8,Malay,same_ethnicity
3612342.6997094303,0.9999999999999999,8of8,Malay,same_ethnicity
3783462.6171319326,0.9999999999999999,8of8,Malay,same_ethnicity
3962688.638701478,0.9999999999999999,8of8,Malay,same_ethnicity
4150404.7578504723,0.9999999999999999,8of8,Malay,same_ethnicity
4347013.158125026,0.9999999999999999,8of8,Malay,same_ethnicity
4552935.074866948,0.9999999999999999,8of8,Malay,same_ethnicity
4768611.697714474,0.9999999999999999,8of8,Malay,same_ethnicity
4994505.11585514,0.9999999999999999,8of8,Malay,same_ethnicity
5231099.308056259,0.9999999999999999,8of8,Malay,same_ethnicity
5478901.179593945,0.9999999999999999,8of8,Malay,same_ethnicity
5738441.648302393,0.9999999999999999,8of8,Malay,same_ethnicity
6010276.782070388,0.9999999999999999,8of8,Malay,same_ethnicity
6294988.990221888,0.9999999999999999,8of8,Malay,same_ethnicity
6593188.271333542,0.9999999999999999,8of8,Malay,same_ethnicity
6905513.520162331,0.9999999999999999,8of8,Malay,same_ethnicity
7232633.896483534,0.9999999999999999,8of8,Malay,same_ethnicity
7575250.258771921,0.9999999999999999,8of8,Malay,same_ethnicity
7934096.665797492,0.9999999999999999,8of8,Malay,same_ethnicity
8309941.949353387,0.9999999999999999,8of8,Malay,same_ethnicity
8703591.361485166,0.9999999999999999,8of8,Malay,same_ethnicity
9115888.299750837,0.9999999999999999,8of8,Malay,same_ethnicity
9547716.114208067,0.9999999999999999,8of8,Malay,same_ethnicity
10000000.0,0.9999999999999999,8of8,Malay,same_ethnicity
1000.0,0.01316626877295599,8of8,Malay,cross_ethnic
1047.3708979594498,0.013714610267198044,8of8,Malay,cross_ethnic
1096.985797892384,0.01428304079946468,8of8,Malay,cross_ethnic
1148.9510001873086,0.014872109537709228,8of8,Malay,cross_ethnic
1203.3778407775892,0.015482370652322516,8of8,Malay,cross_ethnic
1260.3829296797273,0.016114383133523206,8of8,Malay,cross_ethnic
1320.088400831418,0.016768710657405077,8of8,Malay,cross_ethnic
1382.6221737646563,0.01744592150749731,8of8,Malay,cross_ethnic
1448.118227674533,0.01814658855830676,8of8,Malay,cross_ethnic
1516.7168884709226,0.018871289326736335,8of8,Malay,cross_ethnic
1588.5651294280526,0.019620606096503963,8of8,Malay,cross_ethnic
1663.816886076129,0.020395126119721572,8of8,Malay,cross_ethnic
1742.6333860096508,0.0211954418986362,8of8,Malay,cross_ethnic
1825.1834943190424,0.022022151549201202,8of8,Malay,cross_ethnic
1911.6440753857016,0.022875859246656048,8of8,Malay,cross_ethnic
2002.2003718155845,0.02375717575167881,8of8,Malay,cross_ethnic
2097.0464013232327,0.02466671901398038,8of8,Malay,cross_ethnic
2196.385372416547,0.025605114848479764,8of8,Malay,cross_ethnic
2300.430119772917,0.02657299767749799,8of8,Malay,cross_ethnic
2409.4035602395243,0.027571011330795373,8of8,Malay,cross_ethnic
2523.5391704347658,0.028599809893823356,8of8,Malay,cross_ethnic
2643.0814869741057,0.02966005859333622,8of8,Malay,cross_ethnic
2768.2866303920664,0.030752434708574087,8of8,Malay,cross_ethnic
2899.422853882875,0.031877628495644614,8of8,Malay,cross_ethnic
3036.771118035457,0.03303634411254087,8of8,Malay,cross_ethnic
3180.625692794119,0.034229300532461635,8of8,Malay,cross_ethnic
3331.2947879346734,0.035457232433752955,8of8,Malay,cross_ethnic
3489.1012134067737,0.03672089105583931,8of8,Malay,cross_ethnic
3654.3830709572544,0.03802104501190763,8of8,Malay,cross_ethnic
3827.494478516311,0.03935848105075935,8of8,Malay,cross_ethnic
4008.8063288984645,0.04073400476203832,8of8,Malay,cross_ethnic
4198.70708444391,0.04214844122083135,8of8,Malay,cross_ethnic
4397.603609302721,0.043602635569250515,8of8,Malay,cross_ethnic
4605.922041145103,0.045097453533864754,8of8,Malay,cross_ethnic
4824.108704165369,0.04663378187855912,8of8,Malay,cross_ethnic
5052.6310653356795,0.048212528792390116,8of8,Malay,cross_ethnic
5291.978735958442,0.04983462421111908,8of8,Malay,cross_ethnic
5542.664520663107,0.051501020069230435,8of8,Malay,cross_ethnic
5805.225516094895,0.05321269047632395,8of8,Malay,cross_ethnic
6080.224261649427,0.05497063180783031,8of8,Malay,cross_ethnic
6368.249944718586,0.056775862695139886,8of8,Malay,cross_ethnic
6669.919663030122,0.058629423894667305,8of8,Malay,cross_ethnic
6985.879746785249,0.06053237800939419,8of8,Malay,cross_ethnic
7316.807143427192,0.062485809030457876,8of8,Malay,cross_ethnic
7663.410868007462,0.06449082166086423,8of8,Malay,cross_ethnic
8026.4335222571735,0.06654854037896689,8of8,Malay,cross_ethnic
8406.652885618325,0.06866010819656457,8of8,Malay,cross_ethnic
8804.883581643464,0.07082668506589722,8of8,Malay,cross_ethnic
9221.978823334322,0.0730494458920099,8of8,Malay,cross_ethnic
9658.832241158709,0.07532957811228183,8of8,Malay,cross_ethnic
10116.37979766207,0.07766827881362445,8of8,Malay,cross_ethnic
10595.601792776148,0.0800667513699174,8of8,Malay,cross_ethnic
11097.524964120721,0.08252620159738323,8of8,Malay,cross_ethnic
11623.224686798518,0.08504783344322846,8of8,Malay,cross_ethnic
12173.82727739662,0.08763284424212438,8of8,Malay,cross_ethnic
12750.512407130129,0.09028241959485173,8of8,Malay,cross_ethnic
13354.515629298974,0.09299772794242679,8of8,Malay,cross_ethnic
13987.131026472387,0.09577991492590189,8of8,Malay,cross_ethnic
14649.713983072848,0.09863009763554054,8of8,Malay,cross_ethnic
15343.684089300132,0.10154935886212313,8of8,Malay,cross_ethnic
16070.528182616385,0.10453874146699127,8of8,Malay,cross_ethnic
16831.80353330955,0.10759924298577235,8of8,Malay,cross_ethnic
17629.14118095948,0.11073181057365412,8of8,Malay,cross_ethnic
18464.249428955427,0.11393733638823211,8of8,Malay,cross_ethnic
19338.917504552322,0.11721665349033648,8of8,Malay,cross_ethnic
20255.019392306665,0.1205705323251893,8of8,Malay,cross_ethnic
21214.517849106276,0.12399967782725696,8of8,Malay,cross_ethnic
22219.468609395237,0.12750472717372077,8of8,Malay,cross_ethnic
23272.024789604075,0.1310862481949562,8of8,Malay,cross_ethnic
24374.441501222216,0.13474473843680396,8of8,Malay,cross_ethnic
25529.080682395164,0.13848062485936397,8of8,Malay,cross_ethnic
26738.41615839944,0.1422942641507016,8of8,Malay,cross_ethnic
28005.03894183631,0.1461859436308759,8of8,Malay,cross_ethnic
29331.662783900425,0.1501558827213177,8of8,Malay,cross_ethnic
30721.12998861759,0.15420423495566607,8of8,Malay,cross_ethnic
32176.417502507353,0.15833109050934302,8of8,Malay,cross_ethnic
33700.64329271925,0.16253647922498995,8of8,Malay,cross_ethnic
35297.0730273065,0.16682037410800488,8of8,Malay,cross_ethnic
36969.12707195032,0.17118269525969254,8of8,Malay,cross_ethnic
38720.38781812557,0.17562331420416796,8of8,Malay,cross_ethnic
40554.60735840828,0.18014205854881088,8of8,Malay,cross_ethnic
42475.71552536894,0.18473871689695745,8of8,Malay,cross_ethnic
44487.82831127585,0.18941304390637317,8of8,Malay,cross_ethnic
46595.25668664687,0.1941647653591328,8of8,Malay,cross_ethnic
48802.515836544335,0.19899358307958093,8of8,Malay,cross_ethnic
51114.334834401656,0.20389917950913658,8of8,Malay,cross_ethnic
53535.66677410719,0.20888122172217197,8of8,Malay,cross_ethnic
56071.69938205458,0.21393936464846275,8of8,Malay,cross_ethnic
58727.86613189489,0.21907325325707738,8of8,Malay,cross_ethnic
61509.857885805046,0.22428252345614078,8of8,Malay,cross_ethnic
64423.635087213705,0.22956680147427985,8of8,Malay,cross_ethnic
67475.44053110685,0.23492570151378683,8of8,Malay,cross_ethnic
70671.81273927492,0.24035882150295093,8of8,Malay,cross_ethnic
74019.59996915652,0.24586573682513552,8of8,Malay,cross_ethnic
77525.97488629464,0.2514459919637603,8of8,Malay,cross_ethnic
81198.44993184009,0.257099090073331,8of8,Malay,cross_ethnic
85044.89341802668,0.2628244805643396,8of8,Malay,cross_ethnic
89073.5463861044,0.2686215448710018,8of8,Malay,cross_ethnic
93293.04026284696,0.27448958065181833,8of8,Malay,cross_ethnic
97712.41535346501,0.28042778475013236,8of8,Malay,cross_ethnic
102341.14021054527,0.2864352353115221,8of8,Malay,cross_ethnic
107189.13192051265,0.2925108735135698,8of8,Malay,cross_ethnic
112266.77735108136,0.2986534854082392,8of8,Malay,cross_ethnic
117584.95540521582,0.30486168440520106,8of8,Malay,cross_ethnic
123155.06032928261,0.31113389493407256,8of8,Malay,cross_ethnic
128989.02612533081,0.31746833781346623,8of8,Malay,cross_ethnic
135099.3521198025,0.32386301782455795,8of8,Malay,cross_ethnic
141499.1297434576,0.3303157139370308,8of8,Malay,cross_ethnic
148202.070579886,0.33682397256700963,8of8,Malay,cross_ethnic
155222.5357427048,0.34338510416217843,8of8,Malay,cross_ethnic
162575.56664437935,0.34999618331161925,8of8,Malay,cross_ethnic
170276.91722258978,0.3566540524707302,8of8,Malay,cross_ethnic
178343.08769319093,0.3633553292790763,8of8,Malay,cross_ethnic
186791.35990207846,0.3700964173356895,8of8,Malay,cross_ethnic
195639.8343517065,0.3768735201867388,8of8,Malay,cross_ethnic
204907.4689815846,0.38368265817895897,8of8,Malay,cross_ethnic
214614.11978584016,0.3905196877426407,8of8,Malay,cross_ethnic
224780.58335487253,0.3973803225935846,8of8,Malay,cross_ethnic
235428.64143224203,0.4042601562866221,8of8,Malay,cross_ethnic
246581.1075822604,0.4111546855157552,8of8,Malay,cross_ethnic
258261.87606826748,0.41805933353841673,8of8,Malay,cross_ethnic
270495.97304631316,0.42496947310388394,8of8,Malay,cross_ethnic
283309.6101839324,0.43188044828790095,8of8,Malay,cross_ethnic
296730.24081888725,0.4387875946759976,8of8,Malay,cross_ethnic
310786.6187782014,0.4456862573953755,8of8,Malay,cross_ethnic
325508.8599835056,0.45257180656778256,8of8,Malay,cross_ethnic
340928.50697468076,0.45943964984149754,8of8,Malay,cross_ethnic
357078.59649004624,0.4662852417571364,8of8,Malay,cross_ethnic
373993.73024788016,0.47310408980692054,8of8,Malay,cross_ethnic
391710.1490809261,0.4798917571575465,8of8,Malay,cross_ethnic
410265.81058271904,0.4866438621197247,8of8,Malay,cross_ethnic
429700.47043208353,0.4933560745594385,8of8,Malay,cross_ethnic
450055.76757004973,0.5000241095533763,8of8,Malay,cross_ethnic
471375.3134116729,0.5066437186900191,8of8,Malay,cross_ethnic
493704.7852839004,0.5132106795047928,8of8,Malay,cross_ethnic
517092.0242896755,0.5197207836089404,8of8,Malay,cross_ethnic
541587.1378079465,0.5261698241242512,8of8,Malay,cross_ethnic
567242.6068491978,0.5325535830670527,8of8,Malay,cross_ethnic
594113.3984965039,0.5388678193333569,8of8,Malay,cross_ethnic
622257.0836730232,0.5451082579222875,8of8,Malay,cross_ethnic
651733.960488242,0.5512705809975178,8of8,Malay,cross_ethnic
682607.1834272379,0.557350421328313,8of8,Malay,cross_ethnic
714942.8986597577,0.5633433585758343,8of8,Malay,cross_ethnic
748810.385759003,0.5692449188005742,8of8,Malay,cross_ethnic
784282.2061337682,0.5750505774677845,8of8,Malay,cross_ethnic
821434.3584919422,0.5807557661246011,8of8,Malay,cross_ethnic
860346.4416684492,0.586355882820314,8of8,Malay,cross_ethnic
901101.8251665018,0.591846306244682,8of8,Malay,cross_ethnic
943787.8277775391,0.5972224134723286,8of8,Malay,cross_ethnic
988495.9046625586,0.6024796011271684,8of8,Malay,cross_ethnic
1035321.8432956616,0.6076133097212054,8of8,Malay,cross_ethnic
1084365.968689611,0.6126190508773282,8of8,Malay,cross_ethnic
1135733.358343105,0.6174924371148139,8of8,Malay,cross_ethnic
1189534.0673703207,0.622229213856852,8of8,Malay,cross_ethnic
1245883.3642950081,0.6268252933080825,8of8,Malay,cross_ethnic
1304901.9780144016,0.6312767898429091,8of8,Malay,cross_ethnic
1366716.3564620074,0.6355800565378127,8of8,Malay,cross_ethnic
1431458.9375234786,0.6397317224690389,8of8,Malay,cross_ethnic
1499268.4327860472,0.6437287303774342,8of8,Malay,cross_ethnic
1570290.1247293775,0.6475683742726469,8of8,Malay,cross_ethnic
1644676.1779946627,0.6512483365086281,8of8,Malay,cross_ethnic
1722585.9653987875,0.654766723812293,8of8,Malay,cross_ethnic
1804186.409392072,0.6581221016900309,8of8,Malay,cross_ethnic
1889652.3396912115,0.6613135265768276,8of8,Malay,cross_ethnic
1979166.8678535575,0.6643405750357749,8of8,Malay,cross_ethnic
2072921.77959537,0.6672033692683976,8of8,Malay,cross_ethnic
2171117.9456945052,0.669902598165518,8of8,Malay,cross_ethnic
2273965.7523579276,0.6724395331212106,8of8,Malay,cross_ethnic
2381685.5519761606,0.6748160378547203,8of8,Malay,cross_ethnic
2494508.135230317,0.6770345715415649,8of8,Malay,cross_ethnic
2612675.2255633264,0.6790981846480616,8of8,Malay,cross_ethnic
2736439.997074672,0.681010506993468,8of8,Malay,cross_ethnic
2866067.61694825,0.6827757277287385,8of8,Malay,cross_ethnic
3001835.813575592,0.6843985671159812,8of8,Malay,cross_ethnic
3144035.4715915,0.6858842402113182,8of8,Malay,cross_ethnic
3292971.255097148,0.6872384127873832,8of8,Malay,cross_ethnic
3448962.26040576,0.6884671500702091,8of8,Malay,cross_ethnic
3612342.6997094303,0.6895768590980483,8of8,Malay,cross_ethnic
3783462.6171319326,0.6905742257258757,8of8,Malay,cross_ethnic
3962688.638701478,0.6914661474885878,8of8,Malay,cross_ethnic
4150404.7578504723,0.6922596636888966,8of8,Malay,cross_ethnic
4347013.158125026,0.6929618841848457,8of8,Malay,cross_ethnic
4552935.074866948,0.69357991841097,8of8,Malay,cross_ethnic
4768611.697714474,0.6941208061728077,8of8,Malay,cross_ethnic
4994505.11585514,0.694591451705736,8of8,Malay,cross_ethnic
5231099.308056259,0.6949985623873084,8of8,Malay,cross_ethnic
5478901.179593945,0.6953485933413887,8of8,Malay,cross_ethnic
5738441.648302393,0.695647698978497,8of8,Malay,cross_ethnic
6010276.782070388,0.6959016922881063,8of8,Malay,cross_ethnic
6294988.990221888,0.6961160124448449,8of8,Malay,cross_ethnic
6593188.271333542,0.6962957010225871,8of8,Malay,cross_ethnic
6905513.520162331,0.6964453868397023,8of8,Malay,cross_ethnic
7232633.896483534,0.69656927919683,8of8,Malay,cross_ethnic
7575250.258771921,0.6966711690264491,8of8,Malay,cross_ethnic
7934096.665797492,0.6967544372610809,8of8,Malay,cross_ethnic
8309941.949353387,0.6968220695524904,8of8,Malay,cross_ethnic
8703591.361485166,0.6968766763438331,8of8,Malay,cross_ethnic
9115888.299750837,0.6969205172140966,8of8,Malay,cross_ethnic
9547716.114208067,0.6969555283804518,8of8,Malay,cross_ethnic
10000000.0,0.6969833522577119,8of8,Malay,cross_ethnic
1000.0,0.6522536951110016,8of8,Indian,same_ethnicity
1047.3708979594498,0.6666696885095481,8of8,Indian,same_ethnicity
1096.985797892384,0.6809651554278336,8of8,Indian,same_ethnicity
1148.9510001873086,0.6951166802578987,8of8,Indian,same_ethnicity
1203.3778407775892,0.7091010235758785,8of8,Indian,same_ethnicity
1260.3829296797273,0.7228952498560649,8of8,Indian,same_ethnicity
1320.088400831418,0.7364768568971649,8of8,Indian,same_ethnicity
1382.6221737646563,0.7498239058294149,8of8,Indian,same_ethnicity
1448.118227674533,0.7629151505071059,8of8,Indian,same_ethnicity
1516.7168884709226,0.7757301650383166,8of8,Indian,same_ethnicity
1588.5651294280526,0.7882494681646143,8of8,Indian,same_ethnicity
1663.816886076129,0.8004546431805595,8of8,Indian,same_ethnicity
1742.6333860096508,0.8123284520783068,8of8,Indian,same_ethnicity
1825.1834943190424,0.8238549426184885,8of8,Indian,same_ethnicity
1911.6440753857016,0.835019547066487,8of8,Indian,same_ethnicity
2002.2003718155845,0.845809171394184,8of8,Indian,same_ethnicity
2097.0464013232327,0.8562122738316311,8of8,Indian,same_ethnicity
2196.385372416547,0.8662189317602988,8of8,Indian,same_ethnicity
2300.430119772917,0.8758208960682866,8of8,Indian,same_ethnicity
2409.4035602395243,0.8850116322358625,8of8,Indian,same_ethnicity
2523.5391704347658,0.8937863475839241,8of8,Indian,same_ethnicity
2643.0814869741057,0.9021420042947007,8of8,Indian,same_ethnicity
2768.2866303920664,0.9100773179989731,8of8,Indian,same_ethnicity
2899.422853882875,0.9175927419126728,8of8,Indian,same_ethnicity
3036.771118035457,0.9246904366932478,8of8,Indian,same_ethnicity
3180.625692794119,0.9313742263680698,8of8,Indian,same_ethnicity
3331.2947879346734,0.9376495408593247,8of8,Indian,same_ethnicity
3489.1012134067737,0.9435233457887395,8of8,Indian,same_ethnicity
3654.3830709572544,0.9490040603886264,8of8,Indian,same_ethnicity
3827.494478516311,0.954101464471383,8of8,Indian,same_ethnicity
4008.8063288984645,0.9588265955173171,8of8,Indian,same_ethnicity
4198.70708444391,0.9631916370308832,8of8,Indian,same_ethnicity
4397.603609302721,0.9672097993895105,8of8,Indian,same_ethnicity
4605.922041145103,0.9708951944690758,8of8,Indian,same_ethnicity
4824.108704165369,0.9742627053780026,8of8,Indian,same_ethnicity
5052.6310653356795,0.9773278526700182,8of8,Indian,same_ethnicity
5291.978735958442,0.9801066584355097,8of8,Indian,same_ethnicity
5542.664520663107,0.9826155096940301,8of8,Indian,same_ethnicity
5805.225516094895,0.9848710225257913,8of8,Indian,same_ethnicity
6080.224261649427,0.9868899083867548,8of8,Indian,same_ethnicity
6368.249944718586,0.9886888440480563,8of8,Indian,same_ethnicity
6669.919663030122,0.9902843465829555,8of8,Indian,same_ethnicity
6985.879746785249,0.9916926547897236,8of8,Indian,same_ethnicity
7316.807143427192,0.9929296183831109,8of8,Indian,same_ethnicity
7663.410868007462,0.9940105962066983,8of8,Indian,same_ethnicity
8026.4335222571735,0.9949503646105835,8of8,Indian,same_ethnicity
8406.652885618325,0.99576303700148,8of8,Indian,same_ethnicity
8804.883581643464,0.9964619954047451,8of8,Indian,same_ethnicity
9221.978823334322,0.9970598346810211,8of8,Indian,same_ethnicity
9658.832241158709,0.9975683198166936,8of8,Indian,same_ethnicity
10116.37979766207,0.9979983564618051,8of8,Indian,same_ethnicity
10595.601792776148,0.9983599746276937,8of8,Indian,same_ethnicity
11097.524964120721,0.9986623251874346,8of8,Indian,same_ethnicity
11623.224686798518,0.9989136885544726,8of8,Indian,same_ethnicity
12173.82727739662,0.9991214946587957,8of8,Indian,same_ethnicity
12750.512407130129,0.9992923531061593,8of8,Indian,same_ethnicity
13354.515629298974,0.9994320922043926,8of8,Indian,same_ethnicity
13987.131026472387,0.999545805380889,8of8,Indian,same_ethnicity
14649.713983072848,0.9996379034045269,8of8,Indian,same_ethnicity
15343.684089300132,0.9997121707688118,8of8,Indian,same_ethnicity
16070.528182616385,0.999771824593619,8of8,Indian,same_ethnicity
16831.80353330955,0.9998195744603021,8of8,Indian,same_ethnicity
17629.14118095948,0.9998576817058512,8of8,Indian,same_ethnicity
18464.249428955427,0.9998880168600877,8of8,Indian,same_ethnicity
19338.917504552322,0.9999121141068332,8of8,Indian,same_ethnicity
20255.019392306665,0.9999312218747999,8of8,Indian,same_ethnicity
21214.517849106276,0.9999463489043496,8of8,Indian,same_ethnicity
22219.468609395237,0.9999583053794211,8of8,Indian,same_ethnicity
23272.024789604075,0.9999677389471979,8of8,Indian,same_ethnicity
24374.441501222216,0.9999751656600205,8of8,Indian,same_ethnicity
25529.080682395164,0.9999809960551642,8of8,Indian,same_ethnicity
26738.41615839944,0.9999855567316251,8of8,Indian,same_ethnicity
28005.03894183631,0.9999891078852629,8of8,Indian,same_ethnicity
29331.662783900425,0.9999918573241914,8of8,Indian,same_ethnicity
30721.12998861759,0.9999939715077989,8of8,Indian,same_ethnicity
32176.417502507353,0.9999955841405135,8of8,Indian,same_ethnicity
33700.64329271925,0.9999968028125118,8of8,Indian,same_ethnicity
35297.0730273065,0.9999977141220657,8of8,Indian,same_ethnicity
36969.12707195032,0.9999983876463168,8of8,Indian,same_ethnicity
38720.38781812557,0.9999988790563759,8of8,Indian,same_ethnicity
40554.60735840828,0.9999992326048821,8of8,Indian,same_ethnicity
42475.71552536894,0.9999994831539228,8of8,Indian,same_ethnicity
44487.82831127585,0.9999996578611681,8of8,Indian,same_ethnicity
46595.25668664687,0.9999997776031542,8of8,Indian,same_ethnicity
48802.515836544335,0.9999998581865156,8of8,Indian,same_ethnicity
51114.334834401656,0.9999999113792715,8of8,Indian,same_ethnicity
53535.66677410719,0.9999999457831377,8of8,Indian,same_ethnicity
56071.69938205458,0.9999999675622363,8of8,Indian,same_ethnicity
58727.86613189489,0.9999999810415563,8of8,Indian,same_ethnicity
61509.857885805046,0.9999999891884712,8of8,Indian,same_ethnicity
64423.635087213705,0.9999999939913166,8of8,Indian,same_ethnicity
67475.44053110685,0.999999996749647,8of8,Indian,same_ethnicity
70671.81273927492,0.9999999982909045,8of8,Indian,same_ethnicity
74019.59996915652,0.9999999991276609,8of8,Indian,same_ethnicity
77525.97488629464,0.9999999995684237,8of8,Indian,same_ethnicity
81198.44993184009,0.9999999997933559,8of8,Indian,same_ethnicity
85044.89341802668,0.9999999999043927,8of8,Indian,same_ethnicity
89073.5463861044,0.9999999999573286,8of8,Indian,same_ethnicity
93293.04026284696,0.9999999999816598,8of8,Indian,same_ethnicity
97712.41535346501,0.999999999992423,8of8,Indian,same_ethnicity
102341.14021054527,0.9999999999969966,8of8,Indian,same_ethnicity
107189.13192051265,0.99999999999886,8of8,Indian,same_ethnicity
112266.77735108136,0.9999999999995864,8of8,Indian,same_ethnicity
117584.95540521582,0.9999999999998568,8of8,Indian,same_ethnicity
123155.06032928261,0.9999999999999527,8of8,Indian,same_ethnicity
128989.02612533081,0.999999999999985,8of8,Indian,same_ethnicity
135099.3521198025,0.9999999999999953,8of8,Indian,same_ethnicity
141499.1297434576,0.9999999999999984,8of8,Indian,same_ethnicity
148202.070579886,0.9999999999999993,8of8,Indian,same_ethnicity
155222.5357427048,0.9999999999999996,8of8,Indian,same_ethnicity
162575.56664437935,0.9999999999999996,8of8,Indian,same_ethnicity
170276.91722258978,0.9999999999999997,8of8,Indian,same_ethnicity
178343.08769319093,0.9999999999999997,8of8,Indian,same_ethnicity
186791.35990207846,0.9999999999999997,8of8,Indian,same_ethnicity
195639.8343517065,0.9999999999999997,8of8,Indian,same_ethnicity
204907.4689815846,0.9999999999999997,8of8,Indian,same_ethnicity
214614.11978584016,0.9999999999999997,8of8,Indian,same_ethnicity
224780.58335487253,0.9999999999999997,8of8,Indian,same_ethnicity
235428.64143224203,0.9999999999999997,8of8,Indian,same_ethnicity
246581.1075822604,0.9999999999999997,8of8,Indian,same_ethnicity
258261.87606826748,0.9999999999999997,8of8,Indian,same_ethnicity
270495.97304631316,0.9999999999999997,8of8,Indian,same_ethnicity
283309.6101839324,0.9999999999999997,8of8,Indian,same_ethnicity
296730.24081888725,0.9999999999999997,8of8,Indian,same_ethnicity
310786.6187782014,0.9999999999999997,8of8,Indian,same_ethnicity
325508.8599835056,0.9999999999999997,8of8,Indian,same_ethnicity
340928.50697468076,0.9999999999999997,8of8,Indian,same_ethnicity
357078.59649004624,0.9999999999999997,8of8,Indian,same_ethnicity
373993.73024788016,0.9999999999999997,8of8,Indian,same_ethnicity
391710.1490809261,0.9999999999999997,8of8,Indian,same_ethnicity
410265.81058271904,0.9999999999999997,8of8,Indian,same_ethnicity
429700.47043208353,0.9999999999999997,8of8,Indian,same_ethnicity
450055.76757004973,0.9999999999999997,8of8,Indian,same_ethnicity
471375.3134116729,0.9999999999999997,8of8,Indian,same_ethnicity
493704.7852839004,0.9999999999999997,8of8,Indian,same_ethnicity
517092.0242896755,0.9999999999999997,8of8,Indian,same_ethnicity
541587.1378079465,0.9999999999999997,8of8,Indian,same_ethnicity
567242.6068491978,0.9999999999999997,8of8,Indian,same_ethnicity
594113.3984965039,0.9999999999999997,8of8,Indian,same_ethnicity
622257.0836730232,0.9999999999999997,8of8,Indian,same_ethnicity
651733.960488242,0.9999999999999997,8of8,Indian,same_ethnicity
682607.1834272379,0.9999999999999997,8of8,Indian,same_ethnicity
714942.8986597577,0.9999999999999997,8of8,Indian,same_ethnicity
748810.385759003,0.9999999999999997,8of8,Indian,same_ethnicity
784282.2061337682,0.9999999999999997,8of8,Indian,same_ethnicity
821434.3584919422,0.9999999999999997,8of8,Indian,same_ethnicity
860346.4416684492,0.9999999999999997,8of8,Indian,same_ethnicity
901101.8251665018,0.9999999999999997,8of8,Indian,same_ethnicity
943787.8277775391,0.9999999999999997,8of8,Indian,same_ethnicity
988495.9046625586,0.9999999999999997,8of8,Indian,same_ethnicity
1035321.8432956616,0.9999999999999997,8of8,Indian,same_ethnicity
1084365.968689611,0.9999999999999997,8of8,Indian,same_ethnicity
1135733.358343105,0.9999999999999997,8of8,Indian,same_ethnicity
1189534.0673703207,0.9999999999999997,8of8,Indian,same_ethnicity
1245883.3642950081,0.9999999999999997,8of8,Indian,same_ethnicity
1304901.9780144016,0.9999999999999997,8of8,Indian,same_ethnicity
1366716.3564620074,0.9999999999999997,8of8,Indian,same_ethnicity
1431458.9375234786,0.9999999999999997,8of8,Indian,same_ethnicity
1499268.4327860472,0.9999999999999997,8of8,Indian,same_ethnicity
1570290.1247293775,0.9999999999999997,8of8,Indian,same_ethnicity
1644676.1779946627,0.9999999999999997,8of8,Indian,same_ethnicity
1722585.9653987875,0.9999999999999997,8of8,Indian,same_ethnicity
1804186.409392072,0.9999999999999997,8of8,Indian,same_ethnicity
1889652.3396912115,0.9999999999999997,8of8,Indian,same_ethnicity
1979166.8678535575,0.9999999999999997,8of8,Indian,same_ethnicity
2072921.77959537,0.9999999999999997,8of8,Indian,same_ethnicity
2171117.9456945052,0.9999999999999997,8of8,Indian,same_ethnicity
2273965.7523579276,0.9999999999999997,8of8,Indian,same_ethnicity
2381685.5519761606,0.9999999999999997,8of8,Indian,same_ethnicity
2494508.135230317,0.9999999999999997,8of8,Indian,same_ethnicity
2612675.2255633264,0.9999999999999997,8of8,Indian,same_ethnicity
2736439.997074672,0.9999999999999997,8of8,Indian,same_ethnicity
2866067.61694825,0.9999999999999997,8of8,Indian,same_ethnicity
3001835.813575592,0.9999999999999997,8of8,Indian,same_ethnicity
3144035.4715915,0.9999999999999997,8of8,Indian,same_ethnicity
3292971.255097148,0.9999999999999997,8of8,Indian,same_ethnicity
3448962.26040576,0.9999999999999997,8of8,Indian,same_ethnicity
3612342.6997094303,0.9999999999999997,8of8,Indian,same_ethnicity
3783462.6171319326,0.9999999999999997,8of8,Indian,same_ethnicity
3962688.638701478,0.9999999999999997,8of8,Indian,same_ethnicity
4150404.7578504723,0.9999999999999997,8of8,Indian,same_ethnicity
4347013.158125026,0.9999999999999997,8of8,Indian,same_ethnicity
4552935.074866948,0.9999999999999997,8of8,Indian,same_ethnicity
4768611.697714474,0.9999999999999997,8of8,Indian,same_ethnicity
4994505.11585514,0.9999999999999997,8of8,Indian,same_ethnicity
5231099.308056259,0.9999999999999997,8of8,Indian,same_ethnicity
5478901.179593945,0.9999999999999997,8of8,Indian,same_ethnicity
5738441.648302393,0.9999999999999997,8of8,Indian,same_ethnicity
6010276.782070388,0.9999999999999997,8of8,Indian,same_ethnicity
6294988.990221888,0.9999999999999997,8of8,Indian,same_ethnicity
6593188.271333542,0.9999999999999997,8of8,Indian,same_ethnicity
6905513.520162331,0.9999999999999997,8of8,Indian,same_ethnicity
7232633.896483534,0.9999999999999997,8of8,Indian,same_ethnicity
7575250.258771921,0.9999999999999997,8of8,Indian,same_ethnicity
7934096.665797492,0.9999999999999997,8of8,Indian,same_ethnicity
8309941.949353387,0.9999999999999997,8of8,Indian,same_ethnicity
8703591.361485166,0.9999999999999997,8of8,Indian,same_ethnicity
9115888.299750837,0.9999999999999997,8of8,Indian,same_ethnicity
9547716.114208067,0.9999999999999997,8of8,Indian,same_ethnicity
10000000.0,0.9999999999999997,8of8,Indian,same_ethnicity
1000.0,0.01066111798407985,8of8,Indian,cross_ethnic
1047.3708979594498,0.011161458528636325,8of8,Indian,cross_ethnic
1096.985797892384,0.011685050498730185,8of8,Indian,cross_ethnic
1148.9510001873086,0.012232952314604934,8of8,Indian,cross_ethnic
1203.3778407775892,0.012806268455830024,8of8,Indian,cross_ethnic
1260.3829296797273,0.01340615126115742,8of8,Indian,cross_ethnic
1320.088400831418,0.014033802778549442,8of8,Indian,cross_ethnic
1382.6221737646563,0.014690476664631046,8of8,Indian,cross_ethnic
1448.118227674533,0.01537748013252057,8of8,Indian,cross_ethnic
1516.7168884709226,0.016096175946659554,8of8,Indian,cross_ethnic
1588.5651294280526,0.016847984462891614,8of8,Indian,cross_ethnic
1663.816886076129,0.017634385711629688,8of8,Indian,cross_ethnic
1742.6333860096508,0.018456921521496316,8of8,Indian,cross_ethnic
1825.1834943190424,0.019317197680320867,8of8,Indian,cross_ethnic
1911.6440753857016,0.02021688612982625,8of8,Indian,cross_ethnic
2002.2003718155845,0.021157727189731836,8of8,Indian,cross_ethnic
2097.0464013232327,0.02214153180633713,8of8,Indian,cross_ethnic
2196.385372416547,0.023170183819925104,8of8,Indian,cross_ethnic
2300.430119772917,0.024245642244534196,8of8,Indian,cross_ethnic
2409.4035602395243,0.025369943552787724,8of8,Indian,cross_ethnic
2523.5391704347658,0.026545203957534975,8of8,Indian,cross_ethnic
2643.0814869741057,0.027773621681046464,8of8,Indian,cross_ethnic
2768.2866303920664,0.02905747920141112,8of8,Indian,cross_ethnic
2899.422853882875,0.03039914546460251,8of8,Indian,cross_ethnic
3036.771118035457,0.03180107804941046,8of8,Indian,cross_ethnic
3180.625692794119,0.033265825271069666,8of8,Indian,cross_ethnic
3331.2947879346734,0.034796028207955756,8of8,Indian,cross_ethnic
3489.1012134067737,0.03639442263415699,8of8,Indian,cross_ethnic
3654.3830709572544,0.038063840839066186,8of8,Indian,cross_ethnic
3827.494478516311,0.03980721331336961,8of8,Indian,cross_ethnic
4008.8063288984645,0.041627570278935884,8of8,Indian,cross_ethnic
4198.70708444391,0.04352804303813166,8of8,Indian,cross_ethnic
4397.603609302721,0.04551186511600865,8of8,Indian,cross_ethnic
4605.922041145103,0.04758237316662568,8of8,Indian,cross_ethnic
4824.108704165369,0.049743007612492195,8of8,Indian,cross_ethnic
5052.6310653356795,0.051997312983751105,8of8,Indian,cross_ethnic
5291.978735958442,0.054348937921272725,8of8,Indian,cross_ethnic
5542.664520663107,0.0568016348053121,8of8,Indian,cross_ethnic
5805.225516094895,0.0593592589688095,8of8,Indian,cross_ethnic
6080.224261649427,0.06202576745180389,8of8,Indian,cross_ethnic
6368.249944718586,0.0648052172507996,8of8,Indian,cross_ethnic
6669.919663030122,0.06770176301431335,8of8,Indian,cross_ethnic
6985.879746785249,0.07071965413324482,8of8,Indian,cross_ethnic
7316.807143427192,0.07386323117221755,8of8,Indian,cross_ethnic
7663.410868007462,0.07713692158564767,8of8,Indian,cross_ethnic
8026.4335222571735,0.08054523466007701,8of8,Indian,cross_ethnic
8406.652885618325,0.08409275562230768,8of8,Indian,cross_ethnic
8804.883581643464,0.08778413885114719,8of8,Indian,cross_ethnic
9221.978823334322,0.09162410012920517,8of8,Indian,cross_ethnic
9658.832241158709,0.09561740787023165,8of8,Indian,cross_ethnic
10116.37979766207,0.09976887325704904,8of8,Indian,cross_ethnic
10595.601792776148,0.10408333922530152,8of8,Indian,cross_ethnic
11097.524964120721,0.10856566822910874,8of8,Indian,cross_ethnic
11623.224686798518,0.1132207287264008,8of8,Indian,cross_ethnic
12173.82727739662,0.11805338032432369,8of8,Indian,cross_ethnic
12750.512407130129,0.12306845752875789,8of8,Indian,cross_ethnic
13354.515629298974,0.1282707520468412,8of8,Indian,cross_ethnic
13987.131026472387,0.13366499359751116,8of8,Indian,cross_ethnic
14649.713983072848,0.13925582919265928,8of8,Indian,cross_ethnic
15343.684089300132,0.14504780086060898,8of8,Indian,cross_ethnic
16070.528182616385,0.15104532179441438,8of8,Indian,cross_ethnic
16831.80353330955,0.15725265092005944,8of8,Indian,cross_ethnic
17629.14118095948,0.16367386589406122,8of8,Indian,cross_ethnic
18464.249428955427,0.1703128345563624,8of8,Indian,cross_ethnic
19338.917504552322,0.17717318488275025,8of8,Indian,cross_ethnic
20255.019392306665,0.18425827350136176,8of8,Indian,cross_ethnic
21214.517849106276,0.19157115286013826,8of8,Indian,cross_ethnic
22219.468609395237,0.19911453715622926,8of8,Indian,cross_ethnic
23272.024789604075,0.20689076716424876,8of8,Indian,cross_ethnic
24374.441501222216,0.2149017741277248,8of8,Indian,cross_ethnic
25529.080682395164,0.22314904290679344,8of8,Indian,cross_ethnic
26738.41615839944,0.23163357460489614,8of8,Indian,cross_ethnic
28005.03894183631,0.2403558489274848,8of8,Indian,cross_ethnic
29331.662783900425,0.24931578655612427,8of8,Indian,cross_ethnic
30721.12998861759,0.25851271185134633,8of8,Indian,cross_ethnic
32176.417502507353,0.2679453162265625,8of8,Indian,cross_ethnic
33700.64329271925,0.2776116225626867,8of8,Indian,cross_ethnic
35297.0730273065,0.2875089510581083,8of8,Indian,cross_ethnic
36969.12707195032,0.29763388693064685,8of8,Indian,cross_ethnic
38720.38781812557,0.30798225040633503,8of8,Indian,cross_ethnic
40554.60735840828,0.31854906944362726,8of8,Indian,cross_ethnic
42475.71552536894,0.32932855565019564,8of8,Indian,cross_ethnic
44487.82831127585,0.3403140838522283,8of8,Indian,cross_ethnic
46595.25668664687,0.351498175772454,8of8,Indian,cross_ethnic
48802.515836544335,0.36287248826251467,8of8,Indian,cross_ethnic
51114.334834401656,0.37442780651735175,8of8,Indian,cross_ethnic
53535.66677410719,0.3861540426737061,8of8,Indian,cross_ethnic
56071.69938205458,0.3980402401615025,8of8,Indian,cross_ethnic
58727.86613189489,0.41007458413578995,8of8,Indian,cross_ethnic
61509.857885805046,0.4222444182682303,8of8,Indian,cross_ethnic
64423.635087213705,0.43453626812117147,8of8,Indian,cross_ethnic
67475.44053110685,0.44693587126462575,8of8,Indian,cross_ethnic
70671.81273927492,0.4594282142276514,8of8,Indian,cross_ethnic
74019.59996915652,0.47199757630148903,8of8,Indian,cross_ethnic
77525.97488629464,0.4846275801332919,8of8,Indian,cross_ethnic
81198.44993184009,0.49730124896741745,8of8,Indian,cross_ethnic
85044.89341802668,0.5100010703071574,8of8,Indian,cross_ethnic
89073.5463861044,0.5227090656846434,8of8,Indian,cross_ethnic
93293.04026284696,0.5354068661416651,8of8,Indian,cross_ethnic
97712.41535346501,0.5480757929405297,8of8,Indian,cross_ethnic
102341.14021054527,0.5606969429430667,8of8,Indian,cross_ethnic
107189.13192051265,0.5732512780187051,8of8,Indian,cross_ethnic
112266.77735108136,0.5857197177704725,8of8,Indian,cross_ethnic
117584.95540521582,0.5980832348020583,8of8,Indian,cross_ethnic
123155.06032928261,0.6103229516911419,8of8,Indian,cross_ethnic
128989.02612533081,0.6224202387854147,8of8,Indian,cross_ethnic
135099.3521198025,0.6343568118996847,8of8,Indian,cross_ethnic
141499.1297434576,0.6461148289667773,8of8,Indian,cross_ethnic
148202.070579886,0.657676984683254,8of8,Indian,cross_ethnic
155222.5357427048,0.6690266021949747,8of8,Indian,cross_ethnic
162575.56664437935,0.6801477208886597,8of8,Indian,cross_ethnic
170276.91722258978,0.6910251793951179,8of8,Indian,cross_ethnic
178343.08769319093,0.7016446929684357,8of8,Indian,cross_ethnic
186791.35990207846,0.7119929244832155,8of8,Indian,cross_ethnic
195639.8343517065,0.7220575483882128,8of8,Indian,cross_ethnic
204907.4689815846,0.731827307067628,8of8,Indian,cross_ethnic
214614.11978584016,0.7412920591880776,8of8,Indian,cross_ethnic
224780.58335487253,0.7504428197459213,8of8,Indian,cross_ethnic
235428.64143224203,0.7592717916711923,8of8,Indian,cross_ethnic
246581.1075822604,0.7677723889851262,8of8,Indian,cross_ethnic
258261.87606826748,0.7759392516418939,8of8,Indian,cross_ethnic
270495.97304631316,0.7837682523052931,8of8,Indian,cross_ethnic
283309.6101839324,0.7912564954118797,8of8,Indian,cross_ethnic
296730.24081888725,0.798402308948241,8of8,Indian,cross_ethnic
310786.6187782014,0.805205229418229,8of8,Indian,cross_ethnic
325508.8599835056,0.8116659804940933,8of8,Indian,cross_ethnic
340928.50697468076,0.8177864458338991,8of8,Indian,cross_ethnic
357078.59649004624,0.8235696365088662,8of8,Indian,cross_ethnic
373993.73024788016,0.829019653422987,8of8,Indian,cross_ethnic
391710.1490809261,0.83414164503008,8of8,Indian,cross_ethnic
410265.81058271904,0.8389417605683179,8of8,Indian,cross_ethnic
429700.47043208353,0.8434270989481778,8of8,Indian,cross_ethnic
450055.76757004973,0.8476056533558431,8of8,Indian,cross_ethnic
471375.3134116729,0.8514862515789428,8of8,Indian,cross_ethnic
493704.7852839004,0.8550784920326475,8of8,Indian,cross_ethnic
517092.0242896755,0.8583926754671991,8of8,Indian,cross_ethnic
541587.1378079465,0.8614397323763611,8of8,Indian,cross_ethnic
567242.6068491978,0.8642311462008497,8of8,Indian,cross_ethnic
594113.3984965039,0.8667788725295709,8of8,Indian,cross_ethnic
622257.0836730232,0.8690952546397561,8of8,Indian,cross_ethnic
651733.960488242,0.8711929358776168,8of8,Indian,cross_ethnic
682607.1834272379,0.8730847695545716,8of8,Indian,cross_ethnic
714942.8986597577,0.8747837272095559,8of8,Indian,cross_ethnic
748810.385759003,0.8763028062537251,8of8,Indian,cross_ethnic
784282.2061337682,0.8776549381583783,8of8,Indian,cross_ethnic
821434.3584919422,0.8788528984594335,8of8,Indian,cross_ethnic
860346.4416684492,0.8799092199232923,8of8,Indian,cross_ethnic
901101.8251665018,0.8808361102427609,8of8,Indian,cross_ethnic
943787.8277775391,0.8816453756040681,8of8,Indian,cross_ethnic
988495.9046625586,0.8823483513860496,8of8,Indian,cross_ethnic
1035321.8432956616,0.8829558411223947,8of8,Indian,cross_ethnic
1084365.968689611,0.8834780646821692,8of8,Indian,cross_ethnic
1135733.358343105,0.8839246164096025,8of8,Indian,cross_ethnic
1189534.0673703207,0.8843044337199861,8of8,Indian,cross_ethnic
1245883.3642950081,0.8846257763843024,8of8,Indian,cross_ethnic
1304901.9780144016,0.8848962164614474,8of8,Indian,cross_ethnic
1366716.3564620074,0.8851226385644781,8of8,Indian,cross_ethnic
1431458.9375234786,0.8853112498870008,8of8,Indian,cross_ethnic
1499268.4327860472,0.885467599177942,8of8,Indian,cross_ethnic
1570290.1247293775,0.8855966036470361,8of8,Indian,cross_ethnic
1644676.1779946627,0.8857025826176007,8of8,Indian,cross_ethnic
1722585.9653987875,0.8857892966240453,8of8,Indian,cross_ethnic
1804186.409392072,0.8858599905833835,8of8,Indian,cross_ethnic
1889652.3396912115,0.8859174396545645,8of8,Indian,cross_ethnic
1979166.8678535575,0.8859639964358053,8of8,Indian,cross_ethnic
2072921.77959537,0.8860016382346512,8of8,Indian,cross_ethnic
2171117.9456945052,0.886032013272092,8of8,Indian,cross_ethnic
2273965.7523579276,0.8860564848424879,8of8,Indian,cross_ethnic
2381685.5519761606,0.8860761726355756,8of8,Indian,cross_ethnic
2494508.135230317,0.8860919906248379,8of8,Indian,cross_ethnic
2612675.2255633264,0.8861046811272905,8of8,Indian,cross_ethnic
2736439.997074672,0.8861148448330576,8of8,Indian,cross_ethnic
2866067.61694825,0.8861229667799377,8of8,Indian,cross_ethnic
3001835.813575592,0.8861294384011063,8of8,Indian,cross_ethnic
3144035.4715915,0.8861345758978302,8of8,Indian,cross_ethnic
3292971.255097148,0.8861386352805487,8of8,Indian,cross_ethnic
3448962.26040576,0.8861418244801555,8of8,Indian,cross_ethnic
3612342.6997094303,0.8861443129583999,8of8,Indian,cross_ethnic
3783462.6171319326,0.8861462392454114,8of8,Indian,cross_ethnic
3962688.638701478,0.8861477168084848,8of8,Indian,cross_ethnic
4150404.7578504723,0.8861488386153528,8of8,Indian,cross_ethnic
4347013.158125026,0.8861496807034679,8of8,Indian,cross_ethnic
4552935.074866948,0.8861503050103695,8of8,Indian,cross_ethnic
4768611.697714474,0.8861507616642227,8of8,Indian,cross_ethnic
4994505.11585514,0.8861510908822244,8of8,Indian,cross_ethnic
5231099.308056259,0.886151324580547,8of8,Indian,cross_ethnic
5478901.179593945,0.8861514877642869,8of8,Indian,cross_ethnic
5738441.648302393,0.8861515997397575,8of8,Indian,cross_ethnic
6010276.782070388,0.8861516751737327,8of8,Indian,cross_ethnic
6294988.990221888,0.8861517250135752,8of8,Indian,cross_ethnic
6593188.271333542,0.8861517572769648,8of8,Indian,cross_ethnic
6905513.520162331,0.886151777718451,8of8,Indian,cross_ethnic
7232633.896483534,0.8861517903807928,8of8,Indian,cross_ethnic
7575250.258771921,0.8861517980407534,8of8,Indian,cross_ethnic
7934096.665797492,0.8861518025607843,8of8,Indian,cross_ethnic
8309941.949353387,0.8861518051593132,8of8,Indian,cross_ethnic
8703591.361485166,0.8861518066128623,8of8,Indian,cross_ethnic
9115888.299750837,0.8861518074029338,8of8,Indian,cross_ethnic
9547716.114208067,0.8861518078196389,8of8,Indian,cross_ethnic
10000000.0,0.8861518080325895,8of8,Indian,cross_ethnic
1000.0,0.9080707014542696,8of8,Others,same_ethnicity
1047.3708979594498,0.9151583785164427,8of8,Others,same_ethnicity
1096.985797892384,0.9219083705674838,8of8,Others,same_ethnicity
1148.9510001873086,0.9283191053799329,8of8,Others,same_ethnicity
1203.3778407775892,0.9343902238268116,8of8,Others,same_ethnicity
1260.3829296797273,0.9401226284311494,8of8,Others,same_ethnicity
1320.088400831418,0.9455185177114338,8of8,Others,same_ethnicity
1382.6221737646563,0.9505814044165772,8of8,Others,same_ethnicity
1448.118227674533,0.9553161161639413,8of8,Others,same_ethnicity
1516.7168884709226,0.9597287774781487,8of8,Others,same_ethnicity
1588.5651294280526,0.9638267727577818,8of8,Others,same_ethnicity
1663.816886076129,0.9676186902506989,8of8,Others,same_ethnicity
1742.6333860096508,0.971114247674901,8of8,Others,same_ethnicity
1825.1834943190424,0.9743242006591893,8of8,Others,same_ethnicity
1911.6440753857016,0.9772602356761734,8of8,Others,same_ethnicity
2002.2003718155845,0.9799348495815112,8of8,Others,same_ethnicity
2097.0464013232327,0.9823612182425954,8of8,Others,same_ethnicity
2196.385372416547,0.9845530570255238,8of8,Others,same_ethnicity
2300.430119772917,0.9865244761030922,8of8,Others,same_ethnicity
2409.4035602395243,0.9882898336443217,8of8,Others,same_ethnicity
2523.5391704347658,0.9898635899468325,8of8,Others,same_ethnicity
2643.0814869741057,0.9912601654797562,8of8,Others,same_ethnicity
2768.2866303920664,0.9924938056223468,8of8,Others,same_ethnicity
2899.422853882875,0.9935784546205672,8of8,Others,same_ethnicity
3036.771118035457,0.994527640951552,8of8,Others,same_ethnicity
3180.625692794119,0.9953543758973519,8of8,Others,same_ethnicity
3331.2947879346734,0.9960710666997868,8of8,Others,same_ethnicity
3489.1012134067737,0.9966894452140813,8of8,Others,same_ethnicity
3654.3830709572544,0.9972205125174493,8of8,Others,same_ethnicity
3827.494478516311,0.9976744994770839,8of8,Others,same_ethnicity
4008.8063288984645,0.9980608428564371,8of8,Others,same_ethnicity
4198.70708444391,0.9983881761538771,8of8,Others,same_ethnicity
4397.603609302721,0.9986643340359853,8of8,Others,same_ethnicity
4605.922041145103,0.998896368958099,8of8,Others,same_ethnicity
4824.108704165369,0.9990905783629815,8of8,Others,same_ethnicity
5052.6310653356795,0.9992525407170167,8of8,Others,same_ethnicity
5291.978735958442,0.9993871585809537,8of8,Others,same_ethnicity
5542.664520663107,0.9994987069148715,8of8,Others,same_ethnicity
5805.225516094895,0.9995908848780545,8of8,Others,same_ethnicity
6080.224261649427,0.9996668694954409,8of8,Others,same_ethnicity
6368.249944718586,0.9997293697135862,8of8,Others,same_ethnicity
6669.919663030122,0.9997806795505372,8of8,Others,same_ethnicity
6985.879746785249,0.9998227292455871,8of8,Others,same_ethnicity
7316.807143427192,0.9998571335269992,8of8,Others,same_ethnicity
7663.410868007462,0.9998852363297149,8of8,Others,same_ethnicity
8026.4335222571735,0.9999081515030813,8of8,Others,same_ethnicity
8406.652885618325,0.9999267992441011,8of8,Others,same_ethnicity
8804.883581643464,0.9999419381690946,8of8,Others,same_ethnicity
9221.978823334322,0.9999541930915552,8of8,Others,same_ethnicity
9658.832241158709,0.999964078703118,8of8,Others,same_ethnicity
10116.37979766207,0.9999720194557981,8of8,Others,same_ethnicity
10595.601792776148,0.9999783660161798,8of8,Others,same_ethnicity
11097.524964120721,0.9999834087064499,8of8,Others,same_ethnicity
11623.224686798518,0.9999873883648573,8of8,Others,same_ethnicity
12173.82727739662,0.9999905050523226,8of8,Others,same_ethnicity
12750.512407130129,0.9999929250065571,8of8,Others,same_ethnicity
13354.515629298974,0.9999947862050156,8of8,Others,same_ethnicity
13987.131026472387,0.9999962028483859,8of8,Others,same_ethnicity
14649.713983072848,0.9999972690222663,8of8,Others,same_ethnicity
15343.684089300132,0.9999980617407161,8of8,Others,same_ethnicity
16070.528182616385,0.9999986435252637,8of8,Others,same_ethnicity
16831.80353330955,0.9999990646294038,8of8,Others,same_ethnicity
17629.14118095948,0.9999993649831423,8of8,Others,same_ethnicity
18464.249428955427,0.9999995759052547,8of8,Others,same_ethnicity
19338.917504552322,0.9999997216121688,8of8,Others,same_ethnicity
20255.019392306665,0.9999998205407082,8of8,Others,same_ethnicity
21214.517849106276,0.9999998864958698,8of8,Others,same_ethnicity
22219.468609395237,0.9999999296328015,8of8,Others,same_ethnicity
23272.024789604075,0.9999999572826702,8of8,Others,same_ethnicity
24374.441501222216,0.999999974633914,8of8,Others,same_ethnicity
25529.080682395164,0.9999999852824635,8of8,Others,same_ethnicity
26738.41615839944,0.999999991666239,8of8,Others,same_ethnicity
28005.03894183631,0.9999999954002192,8of8,Others,same_ethnicity
29331.662783900425,0.9999999975284911,8of8,Others,same_ethnicity
30721.12998861759,0.9999999987089984,8of8,Others,same_ethnicity
32176.417502507353,0.9999999993453451,8of8,Others,same_ethnicity
33700.64329271925,0.9999999996782116,8of8,Others,same_ethnicity
35297.0730273065,0.9999999998469192,8of8,Others,same_ethnicity
36969.12707195032,0.9999999999296358,8of8,Others,same_ethnicity
38720.38781812557,0.9999999999688026,8of8,Others,same_ethnicity
40554.60735840828,0.999999999986682,8of8,Others,same_ethnicity
42475.71552536894,0.9999999999945361,8of8,Others,same_ethnicity
44487.82831127585,0.9999999999978499,8of8,Others,same_ethnicity
46595.25668664687,0.9999999999991902,8of8,Others,same_ethnicity
48802.515836544335,0.9999999999997087,8of8,Others,same_ethnicity
51114.334834401656,0.9999999999999002,8of8,Others,same_ethnicity
53535.66677410719,0.9999999999999675,8of8,Others,same_ethnicity
56071.69938205458,0.99999999999999,8of8,Others,same_ethnicity
58727.86613189489,0.9999999999999971,8of8,Others,same_ethnicity
61509.857885805046,0.9999999999999993,8of8,Others,same_ethnicity
64423.635087213705,0.9999999999999999,8of8,Others,same_ethnicity
67475.44053110685,1.0,8of8,Others,same_ethnicity
70671.81273927492,1.0,8of8,Others,same_ethnicity
74019.59996915652,1.0,8of8,Others,same_ethnicity
77525.97488629464,1.0,8of8,Others,same_ethnicity
81198.44993184009,1.0,8of8,Others,same_ethnicity
85044.89341802668,1.0,8of8,Others,same_ethnicity
89073.5463861044,1.0,8of8,Others,same_ethnicity
93293.04026284696,1.0,8of8,Others,same_ethnicity
97712.41535346501,1.0,8of8,Others,same_ethnicity
102341.14021054527,1.0,8of8,Others,same_ethnicity
107189.13192051265,1.0,8of8,Others,same_ethnicity
112266.77735108136,1.0,8of8,Others,same_ethnicity
117584.95540521582,1.0,8of8,Others,same_ethnicity
123155.06032928261,1.0,8of8,Others,same_ethnicity
128989.02612533081,1.0,8of8,Others,same_ethnicity
135099.3521198025,1.0,8of8,Others,same_ethnicity
141499.1297434576,1.0,8of8,Others,same_ethnicity
148202.070579886,1.0,8of8,Others,same_ethnicity
155222.5357427048,1.0,8of8,Others,same_ethnicity
162575.56664437935,1.0,8of8,Others,same_ethnicity
170276.91722258978,1.0,8of8,Others,same_ethnicity
178343.08769319093,1.0,8of8,Others,same_ethnicity
186791.35990207846,1.0,8of8,Others,same_ethnicity
195639.8343517065,1.0,8of8,Others,same_ethnicity
204907.4689815846,1.0,8of8,Others,same_ethnicity
214614.11978584016,1.0,8of8,Others,same_ethnicity
224780.58335487253,1.0,8of8,Others,same_ethnicity
235428.64143224203,1.0,8of8,Others,same_ethnicity
246581.1075822604,1.0,8of8,Others,same_ethnicity
258261.87606826748,1.0,8of8,Others,same_ethnicity
270495.97304631316,1.0,8of8,Others,same_ethnicity
283309.6101839324,1.0,8of8,Others,same_ethnicity
296730.24081888725,1.0,8of8,Others,same_ethnicity
310786.6187782014,1.0,8of8,Others,same_ethnicity
325508.8599835056,1.0,8of8,Others,same_ethnicity
340928.50697468076,1.0,8of8,Others,same_ethnicity
357078.59649004624,1.0,8of8,Others,same_ethnicity
373993.73024788016,1.0,8of8,Others,same_ethnicity
391710.1490809261,1.0,8of8,Others,same_ethnicity
410265.81058271904,1.0,8of8,Others,same_ethnicity
429700.47043208353,1.0,8of8,Others,same_ethnicity
450055.76757004973,1.0,8of8,Others,same_ethnicity
471375.3134116729,1.0,8of8,Others,same_ethnicity
493704.7852839004,1.0,8of8,Others,same_ethnicity
517092.0242896755,1.0,8of8,Others,same_ethnicity
541587.1378079465,1.0,8of8,Others,same_ethnicity
567242.6068491978,1.0,8of8,Others,same_ethnicity
594113.3984965039,1.0,8of8,Others,same_ethnicity
622257.0836730232,1.0,8of8,Others,same_ethnicity
651733.960488242,1.0,8of8,Others,same_ethnicity
682607.1834272379,1.0,8of8,Others,same_ethnicity
714942.8986597577,1.0,8of8,Others,same_ethnicity
748810.385759003,1.0,8of8,Others,same_ethnicity
784282.2061337682,1.0,8of8,Others,same_ethnicity
821434.3584919422,1.0,8of8,Others,same_ethnicity
860346.4416684492,1.0,8of8,Others,same_ethnicity
901101.8251665018,1.0,8of8,Others,same_ethnicity
943787.8277775391,1.0,8of8,Others,same_ethnicity
988495.9046625586,1.0,8of8,Others,same_ethnicity
1035321.8432956616,1.0,8of8,Others,same_ethnicity
1084365.968689611,1.0,8of8,Others,same_ethnicity
1135733.358343105,1.0,8of8,Others,same_ethnicity
1189534.0673703207,1.0,8of8,Others,same_ethnicity
1245883.3642950081,1.0,8of8,Others,same_ethnicity
1304901.9780144016,1.0,8of8,Others,same_ethnicity
1366716.3564620074,1.0,8of8,Others,same_ethnicity
1431458.9375234786,1.0,8of8,Others,same_ethnicity
1499268.4327860472,1.0,8of8,Others,same_ethnicity
1570290.1247293775,1.0,8of8,Others,same_ethnicity
1644676.1779946627,1.0,8of8,Others,same_ethnicity
1722585.9653987875,1.0,8of8,Others,same_ethnicity
1804186.409392072,1.0,8of8,Others,same_ethnicity
1889652.3396912115,1.0,8of8,Others,same_ethnicity
1979166.8678535575,1.0,8of8,Others,same_ethnicity
2072921.77959537,1.0,8of8,Others,same_ethnicity
2171117.9456945052,1.0,8of8,Others,same_ethnicity
2273965.7523579276,1.0,8of8,Others,same_ethnicity
2381685.5519761606,1.0,8of8,Others,same_ethnicity
2494508.135230317,1.0,8of8,Others,same_ethnicity
2612675.2255633264,1.0,8of8,Others,same_ethnicity
2736439.997074672,1.0,8of8,Others,same_ethnicity
2866067.61694825,1.0,8of8,Others,same_ethnicity
3001835.813575592,1.0,8of8,Others,same_ethnicity
3144035.4715915,1.0,8of8,Others,same_ethnicity
3292971.255097148,1.0,8of8,Others,same_ethnicity
3448962.26040576,1.0,8of8,Others,same_ethnicity
3612342.6997094303,1.0,8of8,Others,same_ethnicity
3783462.6171319326,1.0,8of8,Others,same_ethnicity
3962688.638701478,1.0,8of8,Others,same_ethnicity
4150404.7578504723,1.0,8of8,Others,same_ethnicity
4347013.158125026,1.0,8of8,Others,same_ethnicity
4552935.074866948,1.0,8of8,Others,same_ethnicity
4768611.697714474,1.0,8of8,Others,same_ethnicity
4994505.11585514,1.0,8of8,Others,same_ethnicity
5231099.308056259,1.0,8of8,Others,same_ethnicity
5478901.179593945,1.0,8of8,Others,same_ethnicity
5738441.648302393,1.0,8of8,Others,same_ethnicity
6010276.782070388,1.0,8of8,Others,same_ethnicity
6294988.990221888,1.0,8of8,Others,same_ethnicity
6593188.271333542,1.0,8of8,Others,same_ethnicity
6905513.520162331,1.0,8of8,Others,same_ethnicity
7232633.896483534,1.0,8of8,Others,same_ethnicity
7575250.258771921,1.0,8of8,Others,same_ethnicity
7934096.665797492,1.0,8of8,Others,same_ethnicity
8309941.949353387,1.0,8of8,Others,same_ethnicity
8703591.361485166,1.0,8of8,Others,same_ethnicity
9115888.299750837,1.0,8of8,Others,same_ethnicity
9547716.114208067,1.0,8of8,Others,same_ethnicity
10000000.0,1.0,8of8,Others,same_ethnicity
1000.0,0.04162913939915799,8of8,Others,cross_ethnic
1047.3708979594498,0.04332345707543487,8of8,Others,cross_ethnic
1096.985797892384,0.04507853407109502,8of8,Others,cross_ethnic
1148.9510001873086,0.046896117055350364,8of8,Others,cross_ethnic
1203.3778407775892,0.04877798998971699,8of8,Others,cross_ethnic
1260.3829296797273,0.05072597510950039,8of8,Others,cross_ethnic
1320.088400831418,0.05274193386121687,8of8,Others,cross_ethnic
1382.6221737646563,0.05482776776048262,8of8,Others,cross_ethnic
1448.118227674533,0.056985419130230676,8of8,Others,cross_ethnic
1516.7168884709226,0.059216871674744466,8of8,Others,cross_ethnic
1588.5651294280526,0.061524150841074175,8of8,Others,cross_ethnic
1663.816886076129,0.06390932391608226,8of8,Others,cross_ethnic
1742.6333860096508,0.06637449980477829,8of8,Others,cross_ethnic
1825.1834943190424,0.06892182843388017,8of8,Others,cross_ethnic
1911.6440753857016,0.07155349972376387,8of8,Others,cross_ethnic
2002.2003718155845,0.0742717420722042,8of8,Others,cross_ethnic
2097.0464013232327,0.07707882029458335,8of8,Others,cross_ethnic
2196.385372416547,0.0799770329675302,8of8,Others,cross_ethnic
2300.430119772917,0.08296870912619214,8of8,Others,cross_ethnic
2409.4035602395243,0.08605620426943161,8of8,Others,cross_ethnic
2523.5391704347658,0.08924189563204779,8of8,Others,cross_ethnic
2643.0814869741057,0.09252817668850913,8of8,Others,cross_ethnic
2768.2866303920664,0.09591745085848105,8of8,Others,cross_ethnic
2899.422853882875,0.09941212439051253,8of8,Others,cross_ethnic
3036.771118035457,0.10301459840648677,8of8,Others,cross_ethnic
3180.625692794119,0.10672726009576991,8of8,Others,cross_ethnic
3331.2947879346734,0.11055247305438962,8of8,Others,cross_ethnic
3489.1012134067737,0.11449256677106498,8of8,Others,cross_ethnic
3654.3830709572544,0.11854982526857342,8of8,Others,cross_ethnic
3827.494478516311,0.1227264749158908,8of8,Others,cross_ethnic
4008.8063288984645,0.12702467143390397,8of8,Others,cross_ethnic
4198.70708444391,0.13144648612539775,8of8,Others,cross_ethnic
4397.603609302721,0.13599389136853354,8of8,Others,cross_ethnic
4605.922041145103,0.14066874542220048,8of8,Others,cross_ethnic
4824.108704165369,0.14547277660137276,8of8,Others,cross_ethnic
5052.6310653356795,0.15040756689081172,8of8,Others,cross_ethnic
5291.978735958442,0.15547453507590972,8of8,Others,cross_ethnic
5542.664520663107,0.16067491947990148,8of8,Others,cross_ethnic
5805.225516094895,0.16600976040680254,8of8,Others,cross_ethnic
6080.224261649427,0.17147988239899495,8of8,Others,cross_ethnic
6368.249944718586,0.17708587642716622,8of8,Others,cross_ethnic
6669.919663030122,0.1828280821382265,8of8,Others,cross_ethnic
6985.879746785249,0.18870657029385893,8of8,Others,cross_ethnic
7316.807143427192,0.1947211255386797,8of8,Others,cross_ethnic
7663.410868007462,0.20087122964279153,8of8,Others,cross_ethnic
8026.4335222571735,0.20715604536915347,8of8,Others,cross_ethnic
8406.652885618325,0.2135744011219844,8of8,Others,cross_ethnic
8804.883581643464,0.2201247765386676,8of8,Others,cross_ethnic
9221.978823334322,0.22680528919456494,8of8,Others,cross_ethnic
9658.832241158709,0.23361368259783985,8of8,Others,cross_ethnic
10116.37979766207,0.24054731565972948,8of8,Others,cross_ethnic
10595.601792776148,0.24760315383438491,8of8,Others,cross_ethnic
11097.524964120721,0.2547777621308195,8of8,Others,cross_ethnic
11623.224686798518,0.26206730020688523,8of8,Others,cross_ethnic
12173.82727739662,0.2694675197604439,8of8,Others,cross_ethnic
12750.512407130129,0.27697376443468663,8of8,Others,cross_ethnic
13354.515629298974,0.2845809724514387,8of8,Others,cross_ethnic
13987.131026472387,0.2922836821765635,8of8,Others,cross_ethnic
14649.713983072848,0.3000760408036824,8of8,Others,cross_ethnic
15343.684089300132,0.3079518163148151,8of8,Others,cross_ethnic
16070.528182616385,0.31590441283799564,8of8,Others,cross_ethnic
16831.80353330955,0.3239268894717703,8of8,Others,cross_ethnic
17629.14118095948,0.3320119825845986,8of8,Others,cross_ethnic
18464.249428955427,0.34015213152439056,8of8,Others,cross_ethnic
19338.917504552322,0.348339507591347,8of8,Others,cross_ethnic
20255.019392306665,0.35656604603852526,8of8,Others,cross_ethnic
21214.517849106276,0.36482348077267357,8of8,Others,cross_ethnic
22219.468609395237,0.3731033813370128,8of8,Others,cross_ethnic
23272.024789604075,0.38139719167264374,8of8,Others,cross_ethnic
24374.441501222216,0.389696270081087,8of8,Others,cross_ethnic
25529.080682395164,0.3979919297520754,8of8,Others,cross_ethnic
26738.41615839944,0.4062754791826936,8of8,Others,cross_ethnic
28005.03894183631,0.4145382617999992,8of8,Others,cross_ethnic
29331.662783900425,0.4227716941121354,8of8,Others,cross_ethnic
30721.12998861759,0.4309673017539569,8of8,Others,cross_ethnic
32176.417502507353,0.43911675286214247,8of8,Others,cross_ethnic
33700.64329271925,0.4472118883098566,8of8,Others,cross_ethnic
35297.0730273065,0.45524474844869517,8of8,Others,cross_ethnic
36969.12707195032,0.46320759614095525,8of8,Others,cross_ethnic
38720.38781812557,0.47109293601185737,8of8,Others,cross_ethnic
40554.60735840828,0.47889353000196366,8of8,Others,cross_ethnic
42475.71552536894,0.48660240944684835,8of8,Others,cross_ethnic
44487.82831127585,0.49421288404617053,8of8,Others,cross_ethnic
46595.25668664687,0.5017185482000999,8of8,Others,cross_ethnic
48802.515836544335,0.5091132852808824,8of8,Others,cross_ethnic
51114.334834401656,0.5163912704657252,8of8,Others,cross_ethnic
53535.66677410719,0.5235469727803266,8of8,Others,cross_ethnic
56071.69938205458,0.5305751569883224,8of8,Others,cross_ethnic
58727.86613189489,0.537470885910766,8of8,Others,cross_ethnic
61509.857885805046,0.5442295236737189,8of8,Others,cross_ethnic
64423.635087213705,0.5508467402653312,8of8,Others,cross_ethnic
67475.44053110685,0.5573185176425168,8of8,Others,cross_ethnic
70671.81273927492,0.5636411574691286,8of8,Others,cross_ethnic
74019.59996915652,0.5698112904011232,8of8,Others,cross_ethnic
77525.97488629464,0.5758258866690518,8of8,Others,cross_ethnic
81198.44993184009,0.5816822675537707,8of8,Others,cross_ethnic
85044.89341802668,0.5873781172166658,8of8,Others,cross_ethnic
89073.5463861044,0.5929114942389593,8of8,Others,cross_ethnic
93293.04026284696,0.598280842152445,8of8,Others,cross_ethnic
97712.41535346501,0.6034849982110364,8of8,Others,cross_ethnic
102341.14021054527,0.6085231996614233,8of8,Others,cross_ethnic
107189.13192051265,0.6133950868223403,8of8,Others,cross_ethnic
112266.77735108136,0.6181007023735654,8of8,Others,cross_ethnic
117584.95540521582,0.6226404863838313,8of8,Others,cross_ethnic
123155.06032928261,0.6270152667654771,8of8,Others,cross_ethnic
128989.02612533081,0.6312262450254008,8of8,Others,cross_ethnic
135099.3521198025,0.6352749773779828,8of8,Others,cross_ethnic
141499.1297434576,0.6391633514865076,8of8,Others,cross_ethnic
148202.070579886,0.6428935592951254,8of8,Others,cross_ethnic
155222.5357427048,0.6464680665934484,8of8,Others,cross_ethnic
162575.56664437935,0.6498895801107623,8of8,Others,cross_ethnic
170276.91722258978,0.6531610130578739,8of8,Others,cross_ethnic
178343.08769319093,0.6562854501145463,8of8,Others,cross_ethnic
186791.35990207846,0.6592661128941503,8of8,Others,cross_ethnic
195639.8343517065,0.662106326901847,8of8,Others,cross_ethnic
204907.4689815846,0.6648094909384163,8of8,Others,cross_ethnic
214614.11978584016,0.6673790497917272,8of8,Others,cross_ethnic
224780.58335487253,0.6698184709075922,8of8,Others,cross_ethnic
235428.64143224203,0.6721312255494969,8of8,Others,cross_ethnic
246581.1075822604,0.6743207747524259,8of8,Others,cross_ethnic
258261.87606826748,0.6763905601607151,8of8,Others,cross_ethnic
270495.97304631316,0.6783439996248185,8of8,Others,cross_ethnic
283309.6101839324,0.6801844872278382,8of8,Others,cross_ethnic
296730.24081888725,0.6819153972291848,8of8,Others,cross_ethnic
310786.6187782014,0.6835400912577696,8of8,Others,cross_ethnic
325508.8599835056,0.6850619279666875,8of8,Others,cross_ethnic
340928.50697468076,0.6864842742794353,8of8,Others,cross_ethnic
357078.59649004624,0.6878105173163767,8of8,Others,cross_ethnic
373993.73024788016,0.6890440760896301,8of8,Others,cross_ethnic
391710.1490809261,0.6901884120934068,8of8,Others,cross_ethnic
410265.81058271904,0.6912470379922309,8of8,Others,cross_ethnic
429700.47043208353,0.6922235237173304,8of8,Others,cross_ethnic
450055.76757004973,0.693121499416622,8of8,Others,cross_ethnic
471375.3134116729,0.6939446548600343,8of8,Others,cross_ethnic
493704.7852839004,0.694696735072598,8of8,Others,cross_ethnic
517092.0242896755,0.6953815321453819,8of8,Others,cross_ethnic
541587.1378079465,0.6960028733513164,8of8,Others,cross_ethnic
567242.6068491978,0.6965646058615067,8of8,Others,cross_ethnic
594113.3984965039,0.6970705785104074,8of8,Others,cross_ethnic
622257.0836730232,0.6975246211884545,8of8,Others,cross_ethnic
651733.960488242,0.6979305225426645,8of8,Others,cross_ethnic
682607.1834272379,0.6982920067349101,8of8,Others,cross_ethnic
714942.8986597577,0.6986127100412085,8of8,Others,cross_ethnic
748810.385759003,0.6988961580724499,8of8,Others,cross_ethnic
784282.2061337682,0.6991457443584022,8of8,Others,cross_ethnic
821434.3584919422,0.6993647109653941,8of8,Others,cross_ethnic
860346.4416684492,0.6995561317183013,8of8,Others,cross_ethnic
901101.8251665018,0.6997228984753743,8of8,Others,cross_ethnic
943787.8277775391,0.699867710767148,8of8,Others,cross_ethnic
988495.9046625586,0.6999930689659009,8of8,Others,cross_ethnic
1035321.8432956616,0.7001012710077867,8of8,Others,cross_ethnic
1084365.968689611,0.7001944125533479,8of8,Others,cross_ethnic
1135733.358343105,0.700274390350317,8of8,Others,cross_ethnic
1189534.0673703207,0.7003429084608663,8of8,Others,cross_ethnic
1245883.3642950081,0.7004014869376474,8of8,Others,cross_ethnic
1304901.9780144016,0.7004514724812473,8of8,Others,cross_ethnic
1366716.3564620074,0.7004940505864785,8of8,Others,cross_ethnic
1431458.9375234786,0.7005302586849358,8of8,Others,cross_ethnic
1499268.4327860472,0.7005609998138013,8of8,Others,cross_ethnic
1570290.1247293775,0.7005870563821402,8of8,Others,cross_ethnic
1644676.1779946627,0.7006091036613424,8of8,Others,cross_ethnic
1722585.9653987875,0.7006277226910985,8of8,Others,cross_ethnic
1804186.409392072,0.7006434123615727,8of8,Others,cross_ethnic
1889652.3396912115,0.7006566005018977,8of8,Others,cross_ethnic
1979166.8678535575,0.7006676538710709,8of8,Others,cross_ethnic
2072921.77959537,0.7006768870068996,8of8,Others,cross_ethnic
2171117.9456945052,0.7006845699397937,8of8,Others,cross_ethnic
2273965.7523579276,0.7006909348197321,8of8,Others,cross_ethnic
2381685.5519761606,0.700696181536204,8of8,Others,cross_ethnic
2494508.135230317,0.7007004824325096,8of8,Others,cross_ethnic
2612675.2255633264,0.7007039862281743,8of8,Others,cross_ethnic
2736439.997074672,0.7007068212674554,8of8,Others,cross_ethnic
2866067.61694825,0.7007090982092679,8of8,Others,cross_ethnic
3001835.813575592,0.700710912265839,8of8,Others,cross_ethnic
3144035.4715915,0.7007123450854889,8of8,Others,cross_ethnic
3292971.255097148,0.7007134663606434,8of8,Others,cross_ethnic
3448962.26040576,0.7007143352268964,8of8,Others,cross_ethnic
3612342.6997094303,0.7007150015038413,8of8,Others,cross_ethnic
3783462.6171319326,0.7007155068144751,8of8,Others,cross_ethnic
3962688.638701478,0.7007158856079309,8of8,Others,cross_ethnic
4150404.7578504723,0.7007161661005453,8of8,Others,cross_ethnic
4347013.158125026,0.7007163711429815,8of8,Others,cross_ethnic
4552935.074866948,0.7007165190161961,8of8,Others,cross_ethnic
4768611.697714474,0.7007166241562475,8of8,Others,cross_ethnic
4994505.11585514,0.7007166978068601,8of8,Others,cross_ethnic
5231099.308056259,0.7007167485988887,8of8,Others,cross_ethnic
5478901.179593945,0.7007167830568869,8of8,Others,cross_ethnic
5738441.648302393,0.7007168060344954,8of8,Others,cross_ethnic
6010276.782070388,0.7007168210819743,8of8,Others,cross_ethnic
6294988.990221888,0.7007168307506657,8of8,Others,cross_ethnic
6593188.271333542,0.7007168368403265,8of8,Others,cross_ethnic
6905513.520162331,0.7007168405960216,8of8,Others,cross_ethnic
7232633.896483534,0.7007168428616184,8of8,Others,cross_ethnic
7575250.258771921,0.7007168441968752,8of8,Others,cross_ethnic
7934096.665797492,0.7007168449647709,8of8,Others,cross_ethnic
8309941.949353387,0.7007168453951298,8of8,Others,cross_ethnic
8703591.361485166,0.700716845629852,8of8,Others,cross_ethnic
9115888.299750837,0.7007168457542594,8of8,Others,cross_ethnic
9547716.114208067,0.7007168458182399,8of8,Others,cross_ethnic
10000000.0,0.7007168458501162,8of8,Others,cross_ethnic
1000.0,0.20388144562958602,8of8,Combined,same_ethnicity
1047.3708979594498,0.21116971457508787,8of8,Combined,same_ethnicity
1096.985797892384,0.21863997350935868,8of8,Combined,same_ethnicity
1148.9510001873086,0.22629174089737236,8of8,Combined,same_ethnicity
1203.3778407775892,0.23412420099797335,8of8,Combined,same_ethnicity
1260.3829296797273,0.24213619282350224,8of8,Combined,same_ethnicity
1320.088400831418,0.2503261997876434,8of8,Combined,same_ethnicity
1382.6221737646563,0.25869234009958364,8of8,Combined,same_ethnicity
1448.118227674533,0.2672323579674857,8of8,Combined,same_ethnicity
1516.7168884709226,0.2759436156811079,8of8,Combined,same_ethnicity
1588.5651294280526,0.28482308665204614,8of8,Combined,same_ethnicity
1663.816886076129,0.29386734950024335,8of8,Combined,same_ethnicity
1742.6333860096508,0.3030725832866317,8of8,Combined,same_ethnicity
1825.1834943190424,0.31243456400335845,8of8,Combined,same_ethnicity
1911.6440753857016,0.32194866244417497,8of8,Combined,same_ethnicity
2002.2003718155845,0.33160984358721796,8of8,Combined,same_ethnicity
2097.0464013232327,0.34141266762953926,8of8,Combined,same_ethnicity
2196.385372416547,0.3513512928162093,8of8,Combined,same_ethnicity
2300.430119772917,0.3614194802056222,8of8,Combined,same_ethnicity
2409.4035602395243,0.3716106005058731,8of8,Combined,same_ethnicity
2523.5391704347658,0.3819176431041291,8of8,Combined,same_ethnicity
2643.0814869741057,0.3923332273914766,8of8,Combined,same_ethnicity
2768.2866303920664,0.40284961645987116,8of8,Combined,same_ethnicity
2899.422853882875,0.41345873321607457,8of8,Combined,same_ethnicity
3036.771118035457,0.42415217892074447,8of8,Combined,same_ethnicity
3180.625692794119,0.43492125412046656,8of8,Combined,same_ethnicity
3331.2947879346734,0.44575698189810276,8of8,Combined,same_ethnicity
3489.1012134067737,0.4566501333241235,8of8,Combined,same_ethnicity
3654.3830709572544,0.4675912549504576,8of8,Combined,same_ethnicity
3827.494478516311,0.47857069815054165,8of8,Combined,same_ethnicity
4008.8063288984645,0.4895786500761622,8of8,Combined,same_ethnicity
4198.70708444391,0.5006051659745506,8of8,Combined,same_ethnicity
4397.603609302721,0.5116402025887217,8of8,Combined,same_ethnicity
4605.922041145103,0.5226736523506207,8of8,Combined,same_ethnicity
4824.108704165369,0.5336953780702205,8of8,Combined,same_ethnicity
5052.6310653356795,0.5446952478239366,8of8,Combined,same_ethnicity
5291.978735958442,0.5556631697521116,8of8,Combined,same_ethnicity
5542.664520663107,0.5665891264871993,8of8,Combined,same_ethnicity
5805.225516094895,0.577463208951063,8of8,Combined,same_ethnicity
6080.224261649427,0.5882756492809064,8of8,Combined,same_ethnicity
6368.249944718586,0.5990168526682722,8of8,Combined,same_ethnicity
6669.919663030122,0.6096774279238113,8of8,Combined,same_ethnicity
6985.879746785249,0.6202482166115783,8of8,Combined,same_ethnicity
7316.807143427192,0.6307203206298696,8of8,Combined,same_ethnicity
7663.410868007462,0.6410851281501208,8of8,Combined,same_ethnicity
8026.4335222571735,0.651334337860102,8of8,Combined,same_ethnicity
8406.652885618325,0.6614599814911488,8of8,Combined,same_ethnicity
8804.883581643464,0.671454444639877,8of8,Combined,same_ethnicity
9221.978823334322,0.681310485921165,8of8,Combined,same_ethnicity
9658.832241158709,0.6910212545094938,8of8,Combined,same_ethnicity
10116.37979766207,0.7005803061387943,8of8,Combined,same_ethnicity
10595.601792776148,0.7099816176358258,8of8,Combined,same_ethnicity
11097.524964120721,0.7192196000584296,8of8,Combined,same_ethnicity
11623.224686798518,0.7282891104980089,8of8,Combined,same_ethnicity
12173.82727739662,0.7371854625860071,8of8,Combined,same_ethnicity
12750.512407130129,0.7459044357181618,8of8,Combined,same_ethnicity
13354.515629298974,0.754442282979513,8of8,Combined,same_ethnicity
13987.131026472387,0.7627957377190996,8of8,Combined,same_ethnicity
14649.713983072848,0.7709620186878078,8of8,Combined,same_ethnicity
15343.684089300132,0.7789388336175876,8of8,Combined,same_ethnicity
16070.528182616385,0.7867243810868046,8of8,Combined,same_ethnicity
16831.80353330955,0.7943173504865595,8of8,Combined,same_ethnicity
17629.14118095948,0.8017169198779159,8of8,Combined,same_ethnicity
18464.249428955427,0.8089227515120162,8of8,Combined,same_ethnicity
19338.917504552322,0.8159349847758802,8of8,Combined,same_ethnicity
20255.019392306665,0.8227542263283162,8of8,Combined,same_ethnicity
21214.517849106276,0.8293815372048167,8of8,Combined,same_ethnicity
22219.468609395237,0.8358184166992098,8of8,Combined,same_ethnicity
23272.024789604075,0.8420667828744884,8of8,Combined,same_ethnicity
24374.441501222216,0.8481289496159439,8of8,Combined,same_ethnicity
25529.080682395164,0.8540076002159577,8of8,Combined,same_ethnicity
26738.41615839944,0.8597057575697687,8of8,Combined,same_ethnicity
28005.03894183631,0.8652267511622823,8of8,Combined,same_ethnicity
29331.662783900425,0.8705741811335375,8of8,Combined,same_ethnicity
30721.12998861759,0.8757518798198948,8of8,Combined,same_ethnicity
32176.417502507353,0.8807638712739123,8of8,Combined,same_ethnicity
33700.64329271925,0.885614329362652,8of8,Combined,same_ethnicity
35297.0730273065,0.8903075351263199,8of8,Combined,same_ethnicity
36969.12707195032,0.8948478341418932,8of8,Combined,same_ethnicity
38720.38781812557,0.8992395946757327,8of8,Combined,same_ethnicity
40554.60735840828,0.9034871674223107,8of8,Combined,same_ethnicity
42475.71552536894,0.9075948476116067,8of8,Combined,same_ethnicity
44487.82831127585,0.9115668402252896,8of8,Combined,same_ethnicity
46595.25668664687,0.915407228992694,8of8,Combined,same_ethnicity
48802.515836544335,0.9191199497442252,8of8,Combined,same_ethnicity
51114.334834401656,0.9227087685856499,8of8,Combined,same_ethnicity
53535.66677410719,0.9261772652260024,8of8,Combined,same_ethnicity
56071.69938205458,0.9295288216494662,8of8,Combined,same_ethnicity
58727.86613189489,0.9327666161728442,8of8,Combined,same_ethnicity
61509.857885805046,0.9358936227805496,8of8,Combined,same_ethnicity
64423.635087213705,0.9389126154838754,8of8,Combined,same_ethnicity
67475.44053110685,0.941826177315858,8of8,Combined,same_ethnicity
70671.81273927492,0.944636713452182,8of8,Combined,same_ethnicity
74019.59996915652,0.9473464678465503,8of8,Combined,same_ethnicity
77525.97488629464,0.9499575426893214,8of8,Combined,same_ethnicity
81198.44993184009,0.9524719199436282,8of8,Combined,same_ethnicity
85044.89341802668,0.9548914841853069,8of8,Combined,same_ethnicity
89073.5463861044,0.9572180459723105,8of8,Combined,same_ethnicity
93293.04026284696,0.9594533649953083,8of8,Combined,same_ethnicity
97712.41535346501,0.9615991723121852,8of8,Combined,same_ethnicity
102341.14021054527,0.9636571910424517,8of8,Combined,same_ethnicity
107189.13192051265,0.9656291549895456,8of8,Combined,same_ethnicity
112266.77735108136,0.9675168247652621,8of8,Combined,same_ethnicity
117584.95540521582,0.9693220011061886,8of8,Combined,same_ethnicity
123155.06032928261,0.9710465351918396,8of8,Combined,same_ethnicity
128989.02612533081,0.9726923358928954,8of8,Combined,same_ethnicity
135099.3521198025,0.9742613739905581,8of8,Combined,same_ethnicity
141499.1297434576,0.9757556835099985,8of8,Combined,same_ethnicity
148202.070579886,0.9771773603983988,8of8,Combined,same_ethnicity
155222.5357427048,0.9785285588483594,8of8,Combined,same_ethnicity
162575.56664437935,0.979811485618605,8of8,Combined,same_ethnicity
170276.91722258978,0.9810283927353312,8of8,Combined,same_ethnicity
178343.08769319093,0.9821815689695524,8of8,Combined,same_ethnicity
186791.35990207846,0.9832733304798061,8of8,Combined,same_ethnicity
195639.8343517065,0.9843060109877678,8of8,Combined,same_ethnicity
204907.4689815846,0.9852819518195367,8of8,Combined,same_ethnicity
214614.11978584016,0.9862034921008686,8of8,Combined,same_ethnicity
224780.58335487253,0.98707295934387,8of8,Combined,same_ethnicity
235428.64143224203,0.9878926606090644,8of8,Combined,same_ethnicity
246581.1075822604,0.9886648743734471,8of8,Combined,same_ethnicity
258261.87606826748,0.9893918431849379,8of8,Combined,same_ethnicity
270495.97304631316,0.9900757671386881,8of8,Combined,same_ethnicity
283309.6101839324,0.9907187981726036,8of8,Combined,same_ethnicity
296730.24081888725,0.9913230351491422,8of8,Combined,same_ethnicity
310786.6187782014,0.9918905196682337,8of8,Combined,same_ethnicity
325508.8599835056,0.9924232325418967,8of8,Combined,same_ethnicity
340928.50697468076,0.9929230908541516,8of8,Combined,same_ethnicity
357078.59649004624,0.9933919455292801,8of8,Combined,same_ethnicity
373993.73024788016,0.993831579336279,8of8,Combined,same_ethnicity
391710.1490809261,0.9942437052663646,8of8,Combined,same_ethnicity
410265.81058271904,0.9946299652324306,8of8,Combined,same_ethnicity
429700.47043208353,0.9949919290533068,8of8,Combined,same_ethnicity
450055.76757004973,0.9953310937004063,8of8,Combined,same_ethnicity
471375.3134116729,0.9956488827988257,8of8,Combined,same_ethnicity
493704.7852839004,0.995946646388197,8of8,Combined,same_ethnicity
517092.0242896755,0.9962256609596558,8of8,Combined,same_ethnicity
541587.1378079465,0.9964871297934481,8of8,Combined,same_ethnicity
567242.6068491978,0.9967321836262965,8of8,Combined,same_ethnicity
594113.3984965039,0.9969618816783632,8of8,Combined,same_ethnicity
622257.0836730232,0.997177213066302,8of8,Combined,same_ethnicity
651733.960488242,0.9973790986217282,8of8,Combined,same_ethnicity
682607.1834272379,0.9975683931238509,8of8,Combined,same_ethnicity
714942.8986597577,0.9977458879418011,8of8,Combined,same_ethnicity
748810.385759003,0.9979123140672372,8of8,Combined,same_ethnicity
784282.2061337682,0.9980683455022524,8of8,Combined,same_ethnicity
821434.3584919422,0.9982146029525514,8of8,Combined,same_ethnicity
860346.4416684492,0.9983516577624452,8of8,Combined,same_ethnicity
901101.8251665018,0.9984800360173951,8of8,Combined,same_ethnicity
943787.8277775391,0.9986002227324275,8of8,Combined,same_ethnicity
988495.9046625586,0.9987126660412426,8of8,Combined,same_ethnicity
1035321.8432956616,0.9988177813015016,8of8,Combined,same_ethnicity
1084365.968689611,0.9989159550364753,8of8,Combined,same_ethnicity
1135733.358343105,0.9990075486416292,8of8,Combined,same_ethnicity
1189534.0673703207,0.9990929017961205,8of8,Combined,same_ethnicity
1245883.3642950081,0.9991723355328214,8of8,Combined,same_ethnicity
1304901.9780144016,0.9992461549353626,8of8,Combined,same_ethnicity
1366716.3564620074,0.9993146514459345,8of8,Combined,same_ethnicity
1431458.9375234786,0.9993781047822136,8of8,Combined,same_ethnicity
1499268.4327860472,0.9994367844751193,8of8,Combined,same_ethnicity
1570290.1247293775,0.9994909510504856,8of8,Combined,same_ethnicity
1644676.1779946627,0.9995408568868157,8of8,Combined,same_ethnicity
1722585.9653987875,0.9995867467878653,8of8,Combined,same_ethnicity
1804186.409392072,0.9996288583128805,8of8,Combined,same_ethnicity
1889652.3396912115,0.9996674219090466,8of8,Combined,same_ethnicity
1979166.8678535575,0.999702660890372,8of8,Combined,same_ethnicity
2072921.77959537,0.9997347913051752,8of8,Combined,same_ethnicity
2171117.9456945052,0.9997640217309464,8of8,Combined,same_ethnicity
2273965.7523579276,0.9997905530310238,8of8,Combined,same_ethnicity
2381685.5519761606,0.999814578102602,8of8,Combined,same_ethnicity
2494508.135230317,0.9998362816403924,8of8,Combined,same_ethnicity
2612675.2255633264,0.9998558399350733,8of8,Combined,same_ethnicity
2736439.997074672,0.9998734207206499,8of8,Combined,same_ethnicity
2866067.61694825,0.9998891830801849,8of8,Combined,same_ethnicity
3001835.813575592,0.9999032774151217,8of8,Combined,same_ethnicity
3144035.4715915,0.9999158454796739,8of8,Combined,same_ethnicity
3292971.255097148,0.9999270204785367,8of8,Combined,same_ethnicity
3448962.26040576,0.9999369272234983,8of8,Combined,same_ethnicity
3612342.6997094303,0.9999456823424194,8of8,Combined,same_ethnicity
3783462.6171319326,0.999953394532507,8of8,Combined,same_ethnicity
3962688.638701478,0.9999601648488453,8of8,Combined,same_ethnicity
4150404.7578504723,0.9999660870187602,8of8,Combined,same_ethnicity
4347013.158125026,0.9999712477727456,8of8,Combined,same_ethnicity
4552935.074866948,0.9999757271833398,8of8,Combined,same_ethnicity
4768611.697714474,0.9999795990044261,8of8,Combined,same_ethnicity
4994505.11585514,0.9999829310048389,8of8,Combined,same_ethnicity
5231099.308056259,0.9999857852917835,8of8,Combined,same_ethnicity
5478901.179593945,0.9999882186212619,8of8,Combined,same_ethnicity
5738441.648302393,0.9999902826943383,8of8,Combined,same_ethnicity
6010276.782070388,0.9999920244395228,8of8,Combined,same_ethnicity
6294988.990221888,0.9999934862827173,8of8,Combined,same_ethnicity
6593188.271333542,0.9999947064069785,8of8,Combined,same_ethnicity
6905513.520162331,0.9999957190047687,8of8,Combined,same_ethnicity
7232633.896483534,0.9999965545253956,8of8,Combined,same_ethnicity
7575250.258771921,0.9999972399200266,8of8,Combined,same_ethnicity
7934096.665797492,0.999997798886059,8of8,Combined,same_ethnicity
8309941.949353387,0.9999982521118397,8of8,Combined,same_ethnicity
8703591.361485166,0.9999986175218406,8of8,Combined,same_ethnicity
9115888.299750837,0.9999989105215187,8of8,Combined,same_ethnicity
9547716.114208067,0.9999991442403062,8of8,Combined,same_ethnicity
10000000.0,0.9999993297705648,8of8,Combined,same_ethnicity
1000.0,0.379063702806399,10of10,Chinese,same_ethnicity
1047.3708979594498,0.3907240955556405,10of10,Chinese,same_ethnicity
1096.985797892384,0.40255968310025114,10of10,Chinese,same_ethnicity
1148.9510001873086,0.4145624081743051,10of10,Chinese,same_ethnicity
1203.3778407775892,0.4267236058573272,10of10,Chinese,same_ethnicity
1260.3829296797273,0.43903400675761345,10of10,Chinese,same_ethnicity
1320.088400831418,0.45148374286965554,10of10,Chinese,same_ethnicity
1382.6221737646563,0.46406235631518267,10of10,Chinese,same_ethnicity
1448.118227674533,0.47675881118112057,10of10,Chinese,same_ethnicity
1516.7168884709226,0.4895615086641886,10of10,Chinese,same_ethnicity
1588.5651294280526,0.5024583057195459,10of10,Chinese,same_ethnicity
1663.816886076129,0.5154365373888388,10of10,Chinese,same_ethnicity
1742.6333860096508,0.5284830429506892,10of10,Chinese,same_ethnicity
1825.1834943190424,0.5415841959942154,10of10,Chinese,same_ethnicity
1911.6440753857016,0.5547259384643587,10of10,Chinese,same_ethnicity
2002.2003718155845,0.5678938186680316,10of10,Chinese,same_ethnicity
2097.0464013232327,0.58107303316446,10of10,Chinese,same_ethnicity
2196.385372416547,0.5942484723940307,10of10,Chinese,same_ethnicity
2300.430119772917,0.6074047698303182,10of10,Chinese,same_ethnicity
2409.4035602395243,0.6205263543725963,10of10,Chinese,same_ethnicity
2523.5391704347658,0.6335975056337639,10of10,Chinese,same_ethnicity
2643.0814869741057,0.6466024117236187,10of10,Chinese,same_ethnicity
2768.2866303920664,0.6595252290815414,10of10,Chinese,same_ethnicity
2899.422853882875,0.6723501438771395,10of10,Chinese,same_ethnicity
3036.771118035457,0.6850614344726661,10of10,Chinese,same_ethnicity
3180.625692794119,0.6976435344269466,10of10,Chinese,same_ethnicity
3331.2947879346734,0.7100810955165009,10of10,Chinese,same_ethnicity
3489.1012134067737,0.7223590502545446,10of10,Chinese,same_ethnicity
3654.3830709572544,0.7344626734015927,10of10,Chinese,same_ethnicity
3827.494478516311,0.7463776419814888,10of10,Chinese,same_ethnicity
4008.8063288984645,0.7580900933431005,10of10,Chinese,same_ethnicity
4198.70708444391,0.769586680840262,10of10,Chinese,same_ethnicity
4397.603609302721,0.7808546267405837,10of10,Chinese,same_ethnicity
4605.922041145103,0.7918817720175009,10of10,Chinese,same_ethnicity
4824.108704165369,0.8026566227293316,10of10,Chinese,same_ethnicity
5052.6310653356795,0.8131683927438462,10of10,Chinese,same_ethnicity
5291.978735958442,0.8234070426261719,10of10,Chinese,same_ethnicity
5542.664520663107,0.8333633145703531,10of10,Chinese,same_ethnicity
5805.225516094895,0.843028763318545,10of10,Chinese,same_ethnicity
6080.224261649427,0.8523957830738704,10of10,Chinese,same_ethnicity
6368.249944718586,0.8614576304702604,10of10,Chinese,same_ethnicity
6669.919663030122,0.8702084437117122,10of10,Chinese,same_ethnicity
6985.879746785249,0.8786432580309507,10of10,Chinese,same_ethnicity
7316.807143427192,0.8867580176406734,10of10,Chinese,same_ethnicity
7663.410868007462,0.8945495843572099,10of10,Chinese,same_ethnicity
8026.4335222571735,0.9020157430654774,10of10,Chinese,same_ethnicity
8406.652885618325,0.9091552041656987,10of10,Chinese,same_ethnicity
8804.883581643464,0.9159676030977184,10of10,Chinese,same_ethnicity
9221.978823334322,0.9224534969805496,10of10,Chinese,same_ethnicity
9658.832241158709,0.9286143583364697,10of10,Chinese,same_ethnicity
10116.37979766207,0.9344525657949904,10of10,Chinese,same_ethnicity
10595.601792776148,0.9399713915973682,10of10,Chinese,same_ethnicity
11097.524964120721,0.945174985652205,10of10,Chinese,same_ethnicity
11623.224686798518,0.9500683558325836,10of10,Chinese,same_ethnicity
12173.82727739662,0.954657344160174,10of10,Chinese,same_ethnicity
12750.512407130129,0.9589485984965984,10of10,Chinese,same_ethnicity
13354.515629298974,0.962949539361118,10of10,Chinese,same_ethnicity
13987.131026472387,0.9666683215195244,10of10,Chinese,same_ethnicity
14649.713983072848,0.9701137900440479,10of10,Chinese,same_ethnicity
15343.684089300132,0.9732954306288691,10of10,Chinese,same_ethnicity
16070.528182616385,0.976223314059662,10of10,Chinese,same_ethnicity
16831.80353330955,0.978908034876261,10of10,Chinese,same_ethnicity
17629.14118095948,0.9813606444309866,10of10,Chinese,same_ethnicity
18464.249428955427,0.9835925787258459,10of10,Chinese,same_ethnicity
19338.917504552322,0.9856155816026193,10of10,Chinese,same_ethnicity
20255.019392306665,0.9874416240523277,10of10,Chinese,same_ethnicity
21214.517849106276,0.9890828205954587,10of10,Chinese,same_ethnicity
22219.468609395237,0.9905513438517456,10of10,Chinese,same_ethnicity
23272.024789604075,0.9918593385586141,10of10,Chinese,same_ethnicity
24374.441501222216,0.9930188364016743,10of10,Chinese,same_ethnicity
25529.080682395164,0.9940416730813824,10of10,Chinese,same_ethnicity
26738.41615839944,0.9949394090517563,10of10,Chinese,same_ethnicity
28005.03894183631,0.9957232553268898,10of10,Chinese,same_ethnicity
29331.662783900425,0.9964040056588103,10of10,Chinese,same_ethnicity
30721.12998861759,0.9969919762487766,10of10,Chinese,same_ethnicity
32176.417502507353,0.9974969539688398,10of10,Chinese,same_ethnicity
33700.64329271925,0.997928153849319,10of10,Chinese,same_ethnicity
35297.0730273065,0.9982941863403991,10of10,Chinese,same_ethnicity
36969.12707195032,0.9986030345932606,10of10,Chinese,same_ethnicity
38720.38781812557,0.9988620417393642,10of10,Chinese,same_ethnicity
40554.60735840828,0.9990779078869416,10of10,Chinese,same_ethnicity
42475.71552536894,0.9992566963118138,10of10,Chinese,same_ethnicity
44487.82831127585,0.9994038481044629,10of10,Chinese,same_ethnicity
46595.25668664687,0.9995242043542778,10of10,Chinese,same_ethnicity
48802.515836544335,0.9996220348105302,10of10,Chinese,same_ethnicity
51114.334834401656,0.9997010718613734,10of10,Chinese,same_ethnicity
53535.66677410719,0.9997645486183301,10of10,Chinese,same_ethnicity
56071.69938205458,0.9998152398837494,10of10,Chinese,same_ethnicity
58727.86613189489,0.9998555048101643,10of10,Chinese,same_ethnicity
61509.857885805046,0.9998873301293429,10of10,Chinese,same_ethnicity
64423.635087213705,0.9999123729298199,10of10,Chinese,same_ethnicity
67475.44053110685,0.9999320020884064,10of10,Chinese,same_ethnicity
70671.81273927492,0.9999473376065822,10of10,Chinese,same_ethnicity
74019.59996915652,0.9999592872592749,10of10,Chinese,same_ethnicity
77525.97488629464,0.9999685801239099,10of10,Chinese,same_ethnicity
81198.44993184009,0.9999757967146452,10of10,Chinese,same_ethnicity
85044.89341802668,0.9999813955940244,10of10,Chinese,same_ethnicity
89073.5463861044,0.9999857364665021,10of10,Chinese,same_ethnicity
93293.04026284696,0.9999890998712953,10of10,Chinese,same_ethnicity
97712.41535346501,0.9999917036830709,10of10,Chinese,same_ethnicity
102341.14021054527,0.9999937166967687,10of10,Chinese,same_ethnicity
107189.13192051265,0.9999952696174645,10of10,Chinese,same_ethnicity
112266.77735108136,0.9999964637989298,10of10,Chinese,same_ethnicity
117584.95540521582,0.9999973780777793,10of10,Chinese,same_ethnicity
123155.06032928261,0.9999980740369774,10of10,Chinese,same_ethnicity
128989.02612533081,0.999998600006644,10of10,Chinese,same_ethnicity
135099.3521198025,0.9999989940754321,10of10,Chinese,same_ethnicity
141499.1297434576,0.9999992863460416,10of10,Chinese,same_ethnicity
148202.070579886,0.9999995006271409,10of10,Chinese,same_ethnicity
155222.5357427048,0.9999996557140487,10of10,Chinese,same_ethnicity
162575.56664437935,0.9999997663741877,10of10,Chinese,same_ethnicity
170276.91722258978,0.999999844122067,10of10,Chinese,same_ethnicity
178343.08769319093,0.9999998978431104,10of10,Chinese,same_ethnicity
186791.35990207846,0.9999999343060934,10of10,Chinese,same_ethnicity
195639.8343517065,0.9999999585898429,10of10,Chinese,same_ethnicity
204907.4689815846,0.9999999744403811,10of10,Chinese,same_ethnicity
214614.11978584016,0.999999984568891,10of10,Chinese,same_ethnicity
224780.58335487253,0.9999999908977228,10of10,Chinese,same_ethnicity
235428.64143224203,0.9999999947602486,10of10,Chinese,same_ethnicity
246581.1075822604,0.9999999970599351,10of10,Chinese,same_ethnicity
258261.87606826748,0.9999999983940029,10of10,Chinese,same_ethnicity
270495.97304631316,0.9999999991470836,10of10,Chinese,same_ethnicity
283309.6101839324,0.9999999995602066,10of10,Chinese,same_ethnicity
296730.24081888725,0.9999999997801375,10of10,Chinese,same_ethnicity
310786.6187782014,0.9999999998935944,10of10,Chinese,same_ethnicity
325508.8599835056,0.9999999999502254,10of10,Chinese,same_ethnicity
340928.50697468076,0.9999999999775315,10of10,Chinese,same_ethnicity
357078.59649004624,0.9999999999902296,10of10,Chinese,same_ethnicity
373993.73024788016,0.9999999999959144,10of10,Chinese,same_ethnicity
391710.1490809261,0.9999999999983601,10of10,Chinese,same_ethnicity
410265.81058271904,0.9999999999993694,10of10,Chinese,same_ethnicity
429700.47043208353,0.9999999999997681,10of10,Chinese,same_ethnicity
450055.76757004973,0.9999999999999185,10of10,Chinese,same_ethnicity
471375.3134116729,0.9999999999999726,10of10,Chinese,same_ethnicity
493704.7852839004,0.9999999999999911,10of10,Chinese,same_ethnicity
517092.0242896755,0.9999999999999971,10of10,Chinese,same_ethnicity
541587.1378079465,0.9999999999999989,10of10,Chinese,same_ethnicity
567242.6068491978,0.9999999999999996,10of10,Chinese,same_ethnicity
594113.3984965039,0.9999999999999997,10of10,Chinese,same_ethnicity
622257.0836730232,0.9999999999999997,10of10,Chinese,same_ethnicity
651733.960488242,0.9999999999999997,10of10,Chinese,same_ethnicity
682607.1834272379,0.9999999999999997,10of10,Chinese,same_ethnicity
714942.8986597577,0.9999999999999997,10of10,Chinese,same_ethnicity
748810.385759003,0.9999999999999997,10of10,Chinese,same_ethnicity
784282.2061337682,0.9999999999999997,10of10,Chinese,same_ethnicity
821434.3584919422,0.9999999999999997,10of10,Chinese,same_ethnicity
860346.4416684492,0.9999999999999997,10of10,Chinese,same_ethnicity
901101.8251665018,0.9999999999999997,10of10,Chinese,same_ethnicity
943787.8277775391,0.9999999999999997,10of10,Chinese,same_ethnicity
988495.9046625586,0.9999999999999997,10of10,Chinese,same_ethnicity
1035321.8432956616,0.9999999999999997,10of10,Chinese,same_ethnicity
1084365.968689611,0.9999999999999997,10of10,Chinese,same_ethnicity
1135733.358343105,0.9999999999999997,10of10,Chinese,same_ethnicity
1189534.0673703207,0.9999999999999997,10of10,Chinese,same_ethnicity
1245883.3642950081,0.9999999999999997,10of10,Chinese,same_ethnicity
1304901.9780144016,0.9999999999999997,10of10,Chinese,same_ethnicity
1366716.3564620074,0.9999999999999997,10of10,Chinese,same_ethnicity
1431458.9375234786,0.9999999999999997,10of10,Chinese,same_ethnicity
1499268.4327860472,0.9999999999999997,10of10,Chinese,same_ethnicity
1570290.1247293775,0.9999999999999997,10of10,Chinese,same_ethnicity
1644676.1779946627,0.9999999999999997,10of10,Chinese,same_ethnicity
1722585.9653987875,0.9999999999999997,10of10,Chinese,same_ethnicity
1804186.409392072,0.9999999999999997,10of10,Chinese,same_ethnicity
1889652.3396912115,0.9999999999999997,10of10,Chinese,same_ethnicity
1979166.8678535575,0.9999999999999997,10of10,Chinese,same_ethnicity
2072921.77959537,0.9999999999999997,10of10,Chinese,same_ethnicity
2171117.9456945052,0.9999999999999997,10of10,Chinese,same_ethnicity
2273965.7523579276,0.9999999999999997,10of10,Chinese,same_ethnicity
2381685.5519761606,0.9999999999999997,10of10,Chinese,same_ethnicity
2494508.135230317,0.9999999999999997,10of10,Chinese,same_ethnicity
2612675.2255633264,0.9999999999999997,10of10,Chinese,same_ethnicity
2736439.997074672,0.9999999999999997,10of10,Chinese,same_ethnicity
2866067.61694825,0.9999999999999997,10of10,Chinese,same_ethnicity
3001835.813575592,0.9999999999999997,10of10,Chinese,same_ethnicity
3144035.4715915,0.9999999999999997,10of10,Chinese,same_ethnicity
3292971.255097148,0.9999999999999997,10of10,Chinese,same_ethnicity
3448962.26040576,0.9999999999999997,10of10,Chinese,same_ethnicity
3612342.6997094303,0.9999999999999997,10of10,Chinese,same_ethnicity
3783462.6171319326,0.9999999999999997,10of10,Chinese,same_ethnicity
3962688.638701478,0.9999999999999997,10of10,Chinese,same_ethnicity
4150404.7578504723,0.9999999999999997,10of10,Chinese,same_ethnicity
4347013.158125026,0.9999999999999997,10of10,Chinese,same_ethnicity
4552935.074866948,0.9999999999999997,10of10,Chinese,same_ethnicity
4768611.697714474,0.9999999999999997,10of10,Chinese,same_ethnicity
4994505.11585514,0.9999999999999997,10of10,Chinese,same_ethnicity
5231099.308056259,0.9999999999999997,10of10,Chinese,same_ethnicity
5478901.179593945,0.9999999999999997,10of10,Chinese,same_ethnicity
5738441.648302393,0.9999999999999997,10of10,Chinese,same_ethnicity
6010276.782070388,0.9999999999999997,10of10,Chinese,same_ethnicity
6294988.990221888,0.9999999999999997,10of10,Chinese,same_ethnicity
6593188.271333542,0.9999999999999997,10of10,Chinese,same_ethnicity
6905513.520162331,0.9999999999999997,10of10,Chinese,same_ethnicity
7232633.896483534,0.9999999999999997,10of10,Chinese,same_ethnicity
7575250.258771921,0.9999999999999997,10of10,Chinese,same_ethnicity
7934096.665797492,0.9999999999999997,10of10,Chinese,same_ethnicity
8309941.949353387,0.9999999999999997,10of10,Chinese,same_ethnicity
8703591.361485166,0.9999999999999997,10of10,Chinese,same_ethnicity
9115888.299750837,0.9999999999999997,10of10,Chinese,same_ethnicity
9547716.114208067,0.9999999999999997,10of10,Chinese,same_ethnicity
10000000.0,0.9999999999999997,10of10,Chinese,same_ethnicity
1000.0,0.26566247725943026,10of10,Chinese,cross_ethnic
1047.3708979594498,0.27497364565193677,10of10,Chinese,cross_ethnic
1096.985797892384,0.28450131558219566,10of10,Chinese,cross_ethnic
1148.9510001873086,0.29424332580680135,10of10,Chinese,cross_ethnic
1203.3778407775892,0.3041970001449148,10of10,Chinese,cross_ethnic
1260.3829296797273,0.3143591314243083,10of10,Chinese,cross_ethnic
1320.088400831418,0.32472596655012564,10of10,Chinese,cross_ethnic
1382.6221737646563,0.33529319281912673,10of10,Chinese,cross_ethnic
1448.118227674533,0.34605592561494486,10of10,Chinese,cross_ethnic
1516.7168884709226,0.3570086976352184,10of10,Chinese,cross_ethnic
1588.5651294280526,0.36814544981897684,10of10,Chinese,cross_ethnic
1663.816886076129,0.37945952416163364,10of10,Chinese,cross_ethnic
1742.6333860096508,0.39094365862433483,10of10,Chinese,cross_ethnic
1825.1834943190424,0.4025899843629377,10of10,Chinese,cross_ethnic
1911.6440753857016,0.4143900255179427,10of10,Chinese,cross_ethnic
2002.2003718155845,0.42633470181852406,10of10,Chinese,cross_ethnic
2097.0464013232327,0.43841433425955284,10of10,Chinese,cross_ethnic
2196.385372416547,0.4506186541083516,10of10,Chinese,cross_ethnic
2300.430119772917,0.4629368154862676,10of10,Chinese,cross_ethnic
2409.4035602395243,0.475357411747725,10of10,Chinese,cross_ethnic
2523.5391704347658,0.48786849584547604,10of10,Chinese,cross_ethnic
2643.0814869741057,0.500457604825209,10of10,Chinese,cross_ethnic
2768.2866303920664,0.513111788536131,10of10,Chinese,cross_ethnic
2899.422853882875,0.5258176425780674,10of10,Chinese,cross_ethnic
3036.771118035457,0.5385613454321805,10of10,Chinese,cross_ethnic
3180.625692794119,0.5513286996444808,10of10,Chinese,cross_ethnic
3331.2947879346734,0.564105176852198,10of10,Chinese,cross_ethnic
3489.1012134067737,0.5768759663663632,10of10,Chinese,cross_ethnic
3654.3830709572544,0.5896260269531772,10of10,Chinese,cross_ethnic
3827.494478516311,0.602340141395072,10of10,Chinese,cross_ethnic
4008.8063288984645,0.615002973362413,10of10,Chinese,cross_ethnic
4198.70708444391,0.6275991260903055,10of10,Chinese,cross_ethnic
4397.603609302721,0.640113202332769,10of10,Chinese,cross_ethnic
4605.922041145103,0.6525298650584931,10of10,Chinese,cross_ethnic
4824.108704165369,0.6648338983574569,10of10,Chinese,cross_ethnic
5052.6310653356795,0.6770102680441945,10of10,Chinese,cross_ethnic
5291.978735958442,0.6890441814693105,10of10,Chinese,cross_ethnic
5542.664520663107,0.7009211460837432,10of10,Chinese,cross_ethnic
5805.225516094895,0.7126270263382344,10of10,Chinese,cross_ethnic
6080.224261649427,0.7241480985417461,10of10,Chinese,cross_ethnic
6368.249944718586,0.7354711033460632,10of10,Chinese,cross_ethnic
6669.919663030122,0.7465832955688445,10of10,Chinese,cross_ethnic
6985.879746785249,0.757472491113654,10of10,Chinese,cross_ethnic
7316.807143427192,0.7681271107930178,10of10,Chinese,cross_ethnic
7663.410868007462,0.7785362209091302,10of10,Chinese,cross_ethnic
8026.4335222571735,0.7886895704961291,10of10,Chinese,cross_ethnic
8406.652885618325,0.7985776251769876,10of10,Chinese,cross_ethnic
8804.883581643464,0.8081915976355627,10of10,Chinese,cross_ethnic
9221.978823334322,0.8175234747482891,10of10,Chinese,cross_ethnic
9658.832241158709,0.8265660414579961,10of10,Chinese,cross_ethnic
10116.37979766207,0.8353129015019338,10of10,Chinese,cross_ethnic
10595.601792776148,0.8437584951250173,10of10,Chinese,cross_ethnic
11097.524964120721,0.8518981139156695,10of10,Chinese,cross_ethnic
11623.224686798518,0.8597279128944315,10of10,Chinese,cross_ethnic
12173.82727739662,0.8672449199644511,10of10,Chinese,cross_ethnic
12750.512407130129,0.8744470427987436,10of10,Chinese,cross_ethnic
13354.515629298974,0.8813330731933802,10of10,Chinese,cross_ethnic
13987.131026472387,0.8879026888607096,10of10,Chinese,cross_ethnic
14649.713983072848,0.8941564525753184,10of10,Chinese,cross_ethnic
15343.684089300132,0.9000958085208932,10of10,Chinese,cross_ethnic
16070.528182616385,0.9057230756220469,10of10,Chinese,cross_ethnic
16831.80353330955,0.9110414375852994,10of10,Chinese,cross_ethnic
17629.14118095948,0.9160549293215852,10of10,Chinese,cross_ethnic
18464.249428955427,0.9207684193829706,10of10,Chinese,cross_ethnic
19338.917504552322,0.925187588022593,10of10,Chinese,cross_ethnic
20255.019392306665,0.9293189004829878,10of10,Chinese,cross_ethnic
21214.517849106276,0.9331695751372945,10of10,Chinese,cross_ethnic
22219.468609395237,0.9367475461528524,10of10,Chinese,cross_ethnic
23272.024789604075,0.9400614204189695,10of10,Chinese,cross_ethnic
24374.441501222216,0.9431204285801802,10of10,Chinese,cross_ethnic
25529.080682395164,0.94593437014164,10of10,Chinese,cross_ethnic
26738.41615839944,0.9485135527611783,10of10,Chinese,cross_ethnic
28005.03894183631,0.9508687260080799,10of10,Chinese,cross_ethnic
29331.662783900425,0.9530110100455922,10of10,Chinese,cross_ethnic
30721.12998861759,0.954951819875052,10of10,Chinese,cross_ethnic
32176.417502507353,0.9567027859562354,10of10,Chinese,cross_ethnic
33700.64329271925,0.9582756721827332,10of10,Chinese,cross_ethnic
35297.0730273065,0.9596822923346086,10of10,Chinese,cross_ethnic
36969.12707195032,0.9609344262458439,10of10,Chinese,cross_ethnic
38720.38781812557,0.9620437370046129,10of10,Chinese,cross_ethnic
40554.60735840828,0.9630216905451624,10of10,Chinese,cross_ethnic
42475.71552536894,0.9638794789876879,10of10,Chinese,cross_ethnic
44487.82831127585,0.9646279490354643,10of10,Chinese,cross_ethnic
46595.25668664687,0.9652775366471249,10of10,Chinese,cross_ethnic
48802.515836544335,0.9658382090687561,10of10,Chinese,cross_ethnic
51114.334834401656,0.9663194151396498,10of10,Chinese,cross_ethnic
53535.66677410719,0.9667300445830986,10of10,Chinese,cross_ethnic
56071.69938205458,0.9670783967668547,10of10,Chinese,cross_ethnic
58727.86613189489,0.9673721591752779,10of10,Chinese,cross_ethnic
61509.857885805046,0.9676183955859377,10of10,Chinese,cross_ethnic
64423.635087213705,0.9678235436969999,10of10,Chinese,cross_ethnic
67475.44053110685,0.9679934217175622,10of10,Chinese,cross_ethnic
70671.81273927492,0.9681332432200933,10of10,Chinese,cross_ethnic
74019.59996915652,0.968247639370251,10of10,Chinese,cross_ethnic
77525.97488629464,0.9683406875012933,10of10,Chinese,cross_ethnic
81198.44993184009,0.9684159448930486,10of10,Chinese,cross_ethnic
85044.89341802668,0.9684764865521096,10of10,Chinese,cross_ethnic
89073.5463861044,0.9685249457716174,10of10,Chinese,cross_ethnic
93293.04026284696,0.9685635562746301,10of10,Chinese,cross_ethnic
97712.41535346501,0.9685941948115014,10of10,Chinese,cross_ethnic
102341.14021054527,0.9686184231839017,10of10,Chinese,cross_ethnic
107189.13192051265,0.9686375287994622,10of10,Chinese,cross_ethnic
112266.77735108136,0.9686525630136448,10of10,Chinese,cross_ethnic
117584.95540521582,0.9686643766807278,10of10,Chinese,cross_ethnic
123155.06032928261,0.9686736525049313,10of10,Chinese,cross_ethnic
128989.02612533081,0.9686809339472193,10of10,Chinese,cross_ethnic
135099.3521198025,0.9686866505956636,10of10,Chinese,cross_ethnic
141499.1297434576,0.9686911400412819,10of10,Chinese,cross_ethnic
148202.070579886,0.9686946664125498,10of10,Chinese,cross_ethnic
155222.5357427048,0.9686974358078119,10of10,Chinese,cross_ethnic
162575.56664437935,0.9686996089250313,10of10,Chinese,cross_ethnic
170276.91722258978,0.9687013112237863,10of10,Chinese,cross_ethnic
178343.08769319093,0.9687026409677564,10of10,Chinese,cross_ethnic
186791.35990207846,0.9687036754905749,10of10,Chinese,cross_ethnic
195639.8343517065,0.9687044760080039,10of10,Chinese,cross_ethnic
204907.4689815846,0.9687050912690328,10of10,Chinese,cross_ethnic
214614.11978584016,0.9687055603017793,10of10,Chinese,cross_ethnic
224780.58335487253,0.9687059144704635,10of10,Chinese,cross_ethnic
235428.64143224203,0.9687061790202055,10of10,Chinese,cross_ethnic
246581.1075822604,0.9687063742492076,10of10,Chinese,cross_ethnic
258261.87606826748,0.9687065164145908,10of10,Chinese,cross_ethnic
270495.97304631316,0.9687066184497389,10of10,Chinese,cross_ethnic
283309.6101839324,0.9687066905478092,10of10,Chinese,cross_ethnic
296730.24081888725,0.9687067406480772,10of10,Chinese,cross_ethnic
310786.6187782014,0.9687067748485441,10of10,Chinese,cross_ethnic
325508.8599835056,0.9687067977591257,10of10,Chinese,cross_ethnic
340928.50697468076,0.9687068128039689,10of10,Chinese,cross_ethnic
357078.59649004624,0.9687068224782034,10of10,Chinese,cross_ethnic
373993.73024788016,0.9687068285629641,10of10,Chinese,cross_ethnic
391710.1490809261,0.9687068323021422,10of10,Chinese,cross_ethnic
410265.81058271904,0.9687068345445072,10of10,Chinese,cross_ethnic
429700.47043208353,0.9687068358552193,10of10,Chinese,cross_ethnic
450055.76757004973,0.9687068366010345,10of10,Chinese,cross_ethnic
471375.3134116729,0.9687068370136138,10of10,Chinese,cross_ethnic
493704.7852839004,0.9687068372351983,10of10,Chinese,cross_ethnic
517092.0242896755,0.9687068373505714,10of10,Chinese,cross_ethnic
541587.1378079465,0.9687068374087218,10of10,Chinese,cross_ethnic
567242.6068491978,0.9687068374370487,10of10,Chinese,cross_ethnic
594113.3984965039,0.9687068374503635,10of10,Chinese,cross_ethnic
622257.0836730232,0.968706837456392,10of10,Chinese,cross_ethnic
651733.960488242,0.9687068374590164,10of10,Chinese,cross_ethnic
682607.1834272379,0.9687068374601131,10of10,Chinese,cross_ethnic
714942.8986597577,0.9687068374605519,10of10,Chinese,cross_ethnic
748810.385759003,0.9687068374607197,10of10,Chinese,cross_ethnic
784282.2061337682,0.968706837460781,10of10,Chinese,cross_ethnic
821434.3584919422,0.9687068374608022,10of10,Chinese,cross_ethnic
860346.4416684492,0.9687068374608092,10of10,Chinese,cross_ethnic
901101.8251665018,0.9687068374608114,10of10,Chinese,cross_ethnic
943787.8277775391,0.9687068374608121,10of10,Chinese,cross_ethnic
988495.9046625586,0.9687068374608123,10of10,Chinese,cross_ethnic
1035321.8432956616,0.9687068374608123,10of10,Chinese,cross_ethnic
1084365.968689611,0.9687068374608123,10of10,Chinese,cross_ethnic
1135733.358343105,0.9687068374608123,10of10,Chinese,cross_ethnic
1189534.0673703207,0.9687068374608123,10of10,Chinese,cross_ethnic
1245883.3642950081,0.9687068374608123,10of10,Chinese,cross_ethnic
1304901.9780144016,0.9687068374608123,10of10,Chinese,cross_ethnic
1366716.3564620074,0.9687068374608123,10of10,Chinese,cross_ethnic
1431458.9375234786,0.9687068374608123,10of10,Chinese,cross_ethnic
1499268.4327860472,0.9687068374608123,10of10,Chinese,cross_ethnic
1570290.1247293775,0.9687068374608123,10of10,Chinese,cross_ethnic
1644676.1779946627,0.9687068374608123,10of10,Chinese,cross_ethnic
1722585.9653987875,0.9687068374608123,10of10,Chinese,cross_ethnic
1804186.409392072,0.9687068374608123,10of10,Chinese,cross_ethnic
1889652.3396912115,0.9687068374608123,10of10,Chinese,cross_ethnic
1979166.8678535575,0.9687068374608123,10of10,Chinese,cross_ethnic
2072921.77959537,0.9687068374608123,10of10,Chinese,cross_ethnic
2171117.9456945052,0.9687068374608123,10of10,Chinese,cross_ethnic
2273965.7523579276,0.9687068374608123,10of10,Chinese,cross_ethnic
2381685.5519761606,0.9687068374608123,10of10,Chinese,cross_ethnic
2494508.135230317,0.9687068374608123,10of10,Chinese,cross_ethnic
2612675.2255633264,0.9687068374608123,10of10,Chinese,cross_ethnic
2736439.997074672,0.9687068374608123,10of10,Chinese,cross_ethnic
2866067.61694825,0.9687068374608123,10of10,Chinese,cross_ethnic
3001835.813575592,0.9687068374608123,10of10,Chinese,cross_ethnic
3144035.4715915,0.9687068374608123,10of10,Chinese,cross_ethnic
3292971.255097148,0.9687068374608123,10of10,Chinese,cross_ethnic
3448962.26040576,0.9687068374608123,10of10,Chinese,cross_ethnic
3612342.6997094303,0.9687068374608123,10of10,Chinese,cross_ethnic
3783462.6171319326,0.9687068374608123,10of10,Chinese,cross_ethnic
3962688.638701478,0.9687068374608123,10of10,Chinese,cross_ethnic
4150404.7578504723,0.9687068374608123,10of10,Chinese,cross_ethnic
4347013.158125026,0.9687068374608123,10of10,Chinese,cross_ethnic
4552935.074866948,0.9687068374608123,10of10,Chinese,cross_ethnic
4768611.697714474,0.9687068374608123,10of10,Chinese,cross_ethnic
4994505.11585514,0.9687068374608123,10of10,Chinese,cross_ethnic
5231099.308056259,0.9687068374608123,10of10,Chinese,cross_ethnic
5478901.179593945,0.9687068374608123,10of10,Chinese,cross_ethnic
5738441.648302393,0.9687068374608123,10of10,Chinese,cross_ethnic
6010276.782070388,0.9687068374608123,10of10,Chinese,cross_ethnic
6294988.990221888,0.9687068374608123,10of10,Chinese,cross_ethnic
6593188.271333542,0.9687068374608123,10of10,Chinese,cross_ethnic
6905513.520162331,0.9687068374608123,10of10,Chinese,cross_ethnic
7232633.896483534,0.9687068374608123,10of10,Chinese,cross_ethnic
7575250.258771921,0.9687068374608123,10of10,Chinese,cross_ethnic
7934096.665797492,0.9687068374608123,10of10,Chinese,cross_ethnic
8309941.949353387,0.9687068374608123,10of10,Chinese,cross_ethnic
8703591.361485166,0.9687068374608123,10of10,Chinese,cross_ethnic
9115888.299750837,0.9687068374608123,10of10,Chinese,cross_ethnic
9547716.114208067,0.9687068374608123,10of10,Chinese,cross_ethnic
10000000.0,0.9687068374608123,10of10,Chinese,cross_ethnic
1000.0,0.2923487242143835,10of10,Malay,same_ethnicity
1047.3708979594498,0.3022027583984105,10of10,Malay,same_ethnicity
1096.985797892384,0.31226510733813584,10of10,Malay,same_ethnicity
1148.9510001873086,0.32253258739281815,10of10,Malay,same_ethnicity
1203.3778407775892,0.3330015060595407,10of10,Malay,same_ethnicity
1260.3829296797273,0.34366764949721984,10of10,Malay,same_ethnicity
1320.088400831418,0.354526271251191,10of10,Malay,same_ethnicity
1382.6221737646563,0.365572082361759,10of10,Malay,same_ethnicity
1448.118227674533,0.3767992430648636,10of10,Malay,same_ethnicity
1516.7168884709226,0.38820135631678054,10of10,Malay,same_ethnicity
1588.5651294280526,0.39977146339581093,10of10,Malay,same_ethnicity
1663.816886076129,0.41150204185033734,10of10,Malay,same_ethnicity
1742.6333860096508,0.423385006072391,10of10,Malay,same_ethnicity
1825.1834943190424,0.4354117107770672,10of10,Malay,same_ethnicity
1911.6440753857016,0.4475729576589151,10of10,Malay,same_ethnicity
2002.2003718155845,0.4598590054753718,10of10,Malay,same_ethnicity
2097.0464013232327,0.4722595837734268,10of10,Malay,same_ethnicity
2196.385372416547,0.4847639104286034,10of10,Malay,same_ethnicity
2300.430119772917,0.49736071310540936,10of10,Malay,same_ethnicity
2409.4035602395243,0.5100382546767818,10of10,Malay,same_ethnicity
2523.5391704347658,0.5227843625586748,10of10,Malay,same_ethnicity
2643.0814869741057,0.5355864618275896,10of10,Malay,same_ethnicity
2768.2866303920664,0.5484316118968844,10of10,Malay,same_ethnicity
2899.422853882875,0.5613065464361007,10of10,Malay,same_ethnicity
3036.771118035457,0.5741977161305587,10of10,Malay,same_ethnicity
3180.625692794119,0.58709133380046,10of10,Malay,same_ethnicity
3331.2947879346734,0.5999734213339436,10of10,Malay,same_ethnicity
3489.1012134067737,0.6128298578407725,10of10,Malay,same_ethnicity
3654.3830709572544,0.6256464284058267,10of10,Malay,same_ethnicity
3827.494478516311,0.6384088728167259,10of10,Malay,same_ethnicity
4008.8063288984645,0.6511029336590788,10of10,Malay,same_ethnicity
4198.70708444391,0.6637144032164198,10of10,Malay,same_ethnicity
4397.603609302721,0.6762291686788588,10of10,Malay,same_ethnicity
4605.922041145103,0.6886332552528616,10of10,Malay,same_ethnicity
4824.108704165369,0.7009128668710776,10of10,Malay,same_ethnicity
5052.6310653356795,0.7130544243214789,10of10,Malay,same_ethnicity
5291.978735958442,0.7250446007440817,10of10,Malay,same_ethnicity
5542.664520663107,0.7368703545752685,10of10,Malay,same_ethnicity
5805.225516094895,0.7485189601479603,10of10,Malay,same_ethnicity
6080.224261649427,0.759978036274154,10of10,Malay,same_ethnicity
6368.249944718586,0.7712355732384502,10of10,Malay,same_ethnicity
6669.919663030122,0.7822799587114914,10of10,Malay,same_ethnicity
6985.879746785249,0.7931000031458627,10of10,Malay,same_ethnicity
7316.807143427192,0.8036849652403082,10of10,Malay,same_ethnicity
7663.410868007462,0.8140245780486347,10of10,Malay,same_ethnicity
8026.4335222571735,0.8241090762664937,10of10,Malay,same_ethnicity
8406.652885618325,0.8339292251528858,10of10,Malay,same_ethnicity
8804.883581643464,0.8434763514357497,10of10,Malay,same_ethnicity
9221.978823334322,0.8527423764158822,10of10,Malay,same_ethnicity
9658.832241158709,0.8617198513254107,10of10,Malay,same_ethnicity
10116.37979766207,0.8704019948220256,10of10,Malay,same_ethnicity
10595.601792776148,0.8787827323149695,10of10,Malay,same_ethnicity
11097.524964120721,0.8868567366308473,10of10,Malay,same_ethnicity
11623.224686798518,0.894619469344581,10of10,Malay,same_ethnicity
12173.82727739662,0.9020672219312607,10of10,Malay,same_ethnicity
12750.512407130129,0.9091971557460456,10of10,Malay,same_ethnicity
13354.515629298974,0.9160073397189643,10of10,Malay,same_ethnicity
13987.131026472387,0.9224967845658314,10of10,Malay,same_ethnicity
14649.713983072848,0.9286654722708785,10of10,Malay,same_ethnicity
15343.684089300132,0.9345143795949227,10of10,Malay,same_ethnicity
16070.528182616385,0.9400454944071448,10of10,Malay,same_ethnicity
16831.80353330955,0.9452618237292617,10of10,Malay,same_ethnicity
17629.14118095948,0.9501673925164772,10of10,Malay,same_ethnicity
18464.249428955427,0.954767232376756,10of10,Malay,same_ethnicity
19338.917504552322,0.9590673596435438,10of10,Malay,same_ethnicity
20255.019392306665,0.9630747424603203,10of10,Malay,same_ethnicity
21214.517849106276,0.966797256800393,10of10,Malay,same_ethnicity
22219.468609395237,0.9702436316231399,10of10,Malay,same_ethnicity
23272.024789604075,0.973423383648983,10of10,Malay,same_ethnicity
24374.441501222216,0.9763467425099629,10of10,Malay,same_ethnicity
25529.080682395164,0.979024567291304,10of10,Malay,same_ethnicity
26738.41615839944,0.9814682557127677,10of10,Malay,same_ethnicity
28005.03894183631,0.9836896473986656,10of10,Malay,same_ethnicity
29331.662783900425,0.9857009228451491,10of10,Malay,same_ethnicity
30721.12998861759,0.9875144998072615,10of10,Malay,same_ethnicity
32176.417502507353,0.9891429288923461,10of10,Malay,same_ethnicity
33700.64329271925,0.9905987901588336,10of10,Malay,same_ethnicity
35297.0730273065,0.991894592480135,10of10,Malay,same_ethnicity
36969.12707195032,0.9930426773444068,10of10,Malay,same_ethnicity
38720.38781812557,0.9940551286262084,10of10,Malay,same_ethnicity
40554.60735840828,0.9949436896911855,10of10,Malay,same_ethnicity
42475.71552536894,0.9957196889868795,10of10,Malay,same_ethnicity
44487.82831127585,0.9963939750396604,10of10,Malay,same_ethnicity
46595.25668664687,0.9969768615282288,10of10,Malay,same_ethnicity
48802.515836544335,0.9974780828469719,10of10,Malay,same_ethnicity
51114.334834401656,0.9979067603162783,10of10,Malay,same_ethnicity
53535.66677410719,0.9982713789497508,10of10,Malay,same_ethnicity
56071.69938205458,0.9985797744572593,10of10,Malay,same_ethnicity
58727.86613189489,0.9988391299541228,10of10,Malay,same_ethnicity
61509.857885805046,0.9990559816653619,10of10,Malay,same_ethnicity
64423.635087213705,0.999236232763697,10of10,Malay,same_ethnicity
67475.44053110685,0.9993851743632929,10of10,Malay,same_ethnicity
70671.81273927492,0.9995075126094927,10of10,Malay,same_ethnicity
74019.59996915652,0.9996074007579923,10of10,Malay,same_ethnicity
77525.97488629464,0.99968847512409,10of10,Malay,same_ethnicity
81198.44993184009,0.9997538938016308,10of10,Malay,same_ethnicity
85044.89341802668,0.9998063770990226,10of10,Malay,same_ethnicity
89073.5463861044,0.9998482487123215,10of10,Malay,same_ethnicity
93293.04026284696,0.9998814767483308,10of10,Malay,same_ethnicity
97712.41535346501,0.9999077138190613,10of10,Malay,same_ethnicity
102341.14021054527,0.9999283355475804,10of10,Malay,same_ethnicity
107189.13192051265,0.9999444769493165,10of10,Malay,same_ethnicity
112266.77735108136,0.999957066277488,10of10,Malay,same_ethnicity
117584.95540521582,0.999966856042346,10of10,Malay,same_ethnicity
123155.06032928261,0.9999744510277442,10of10,Malay,same_ethnicity
128989.02612533081,0.9999803332323276,10of10,Malay,same_ethnicity
135099.3521198025,0.9999848837542209,10of10,Malay,same_ethnicity
141499.1297434576,0.9999884017160505,10of10,Malay,same_ethnicity
148202.070579886,0.9999911203906693,10of10,Malay,same_ethnicity
155222.5357427048,0.9999932207368096,10of10,Malay,same_ethnicity
162575.56664437935,0.999994842588367,10of10,Malay,same_ethnicity
170276.91722258978,0.9999960937618032,10of10,Malay,same_ethnicity
178343.08769319093,0.9999970573543585,10of10,Malay,same_ethnicity
186791.35990207846,0.999997797502823,10of10,Malay,same_ethnicity
195639.8343517065,0.9999983638602818,10of10,Malay,same_ethnicity
204907.4689815846,0.9999987950284708,10of10,Malay,same_ethnicity
214614.11978584016,0.9999991211582677,10of10,Malay,same_ethnicity
224780.58335487253,0.9999993659025157,10of10,Malay,same_ethnicity
235428.64143224203,0.9999995478758312,10of10,Malay,same_ethnicity
246581.1075822604,0.9999996817471062,10of10,Malay,same_ethnicity
258261.87606826748,0.9999997790634947,10of10,Malay,same_ethnicity
270495.97304631316,0.9999998488808615,10of10,Malay,same_ethnicity
283309.6101839324,0.9999998982555651,10of10,Malay,same_ethnicity
296730.24081888725,0.9999999326362982,10of10,Malay,same_ethnicity
310786.6187782014,0.9999999561823463,10of10,Malay,same_ethnicity
325508.8599835056,0.9999999720256963,10of10,Malay,same_ethnicity
340928.50697468076,0.9999999824883401,10of10,Malay,same_ethnicity
357078.59649004624,0.9999999892622682,10of10,Malay,same_ethnicity
373993.73024788016,0.9999999935574204,10of10,Malay,same_ethnicity
391710.1490809261,0.9999999962216997,10of10,Malay,same_ethnicity
410265.81058271904,0.9999999978366327,10of10,Malay,same_ethnicity
429700.47043208353,0.9999999987920563,10of10,Malay,same_ethnicity
450055.76757004973,0.9999999993430878,10of10,Malay,same_ethnicity
471375.3134116729,0.9999999996525056,10of10,Malay,same_ethnicity
493704.7852839004,0.9999999998214434,10of10,Malay,same_ethnicity
517092.0242896755,0.9999999999110039,10of10,Malay,same_ethnicity
541587.1378079465,0.9999999999570384,10of10,Malay,same_ethnicity
567242.6068491978,0.999999999979945,10of10,Malay,same_ethnicity
594113.3984965039,0.9999999999909619,10of10,Malay,same_ethnicity
622257.0836730232,0.9999999999960745,10of10,Malay,same_ethnicity
651733.960488242,0.9999999999983599,10of10,Malay,same_ethnicity
682607.1834272379,0.9999999999993421,10of10,Malay,same_ethnicity
714942.8986597577,0.9999999999997471,10of10,Malay,same_ethnicity
748810.385759003,0.9999999999999071,10of10,Malay,same_ethnicity
784282.2061337682,0.9999999999999674,10of10,Malay,same_ethnicity
821434.3584919422,0.9999999999999891,10of10,Malay,same_ethnicity
860346.4416684492,0.9999999999999966,10of10,Malay,same_ethnicity
901101.8251665018,0.999999999999999,10of10,Malay,same_ethnicity
943787.8277775391,0.9999999999999998,10of10,Malay,same_ethnicity
988495.9046625586,1.0,10of10,Malay,same_ethnicity
1035321.8432956616,1.0,10of10,Malay,same_ethnicity
1084365.968689611,1.0,10of10,Malay,same_ethnicity
1135733.358343105,1.0,10of10,Malay,same_ethnicity
1189534.0673703207,1.0,10of10,Malay,same_ethnicity
1245883.3642950081,1.0,10of10,Malay,same_ethnicity
1304901.9780144016,1.0,10of10,Malay,same_ethnicity
1366716.3564620074,1.0,10of10,Malay,same_ethnicity
1431458.9375234786,1.0,10of10,Malay,same_ethnicity
1499268.4327860472,1.0,10of10,Malay,same_ethnicity
1570290.1247293775,1.0,10of10,Malay,same_ethnicity
1644676.1779946627,1.0,10of10,Malay,same_ethnicity
1722585.9653987875,1.0,10of10,Malay,same_ethnicity
1804186.409392072,1.0,10of10,Malay,same_ethnicity
1889652.3396912115,1.0,10of10,Malay,same_ethnicity
1979166.8678535575,1.0,10of10,Malay,same_ethnicity
2072921.77959537,1.0,10of10,Malay,same_ethnicity
2171117.9456945052,1.0,10of10,Malay,same_ethnicity
2273965.7523579276,1.0,10of10,Malay,same_ethnicity
2381685.5519761606,1.0,10of10,Malay,same_ethnicity
2494508.135230317,1.0,10of10,Malay,same_ethnicity
2612675.2255633264,1.0,10of10,Malay,same_ethnicity
2736439.997074672,1.0,10of10,Malay,same_ethnicity
2866067.61694825,1.0,10of10,Malay,same_ethnicity
3001835.813575592,1.0,10of10,Malay,same_ethnicity
3144035.4715915,1.0,10of10,Malay,same_ethnicity
3292971.255097148,1.0,10of10,Malay,same_ethnicity
3448962.26040576,1.0,10of10,Malay,same_ethnicity
3612342.6997094303,1.0,10of10,Malay,same_ethnicity
3783462.6171319326,1.0,10of10,Malay,same_ethnicity
3962688.638701478,1.0,10of10,Malay,same_ethnicity
4150404.7578504723,1.0,10of10,Malay,same_ethnicity
4347013.158125026,1.0,10of10,Malay,same_ethnicity
4552935.074866948,1.0,10of10,Malay,same_ethnicity
4768611.697714474,1.0,10of10,Malay,same_ethnicity
4994505.11585514,1.0,10of10,Malay,same_ethnicity
5231099.308056259,1.0,10of10,Malay,same_ethnicity
5478901.179593945,1.0,10of10,Malay,same_ethnicity
5738441.648302393,1.0,10of10,Malay,same_ethnicity
6010276.782070388,1.0,10of10,Malay,same_ethnicity
6294988.990221888,1.0,10of10,Malay,same_ethnicity
6593188.271333542,1.0,10of10,Malay,same_ethnicity
6905513.520162331,1.0,10of10,Malay,same_ethnicity
7232633.896483534,1.0,10of10,Malay,same_ethnicity
7575250.258771921,1.0,10of10,Malay,same_ethnicity
7934096.665797492,1.0,10of10,Malay,same_ethnicity
8309941.949353387,1.0,10of10,Malay,same_ethnicity
8703591.361485166,1.0,10of10,Malay,same_ethnicity
9115888.299750837,1.0,10of10,Malay,same_ethnicity
9547716.114208067,1.0,10of10,Malay,same_ethnicity
10000000.0,1.0,10of10,Malay,same_ethnicity
1000.0,0.012347967894407905,10of10,Malay,cross_ethnic
1047.3708979594498,0.01286204354996529,10of10,Malay,cross_ethnic
1096.985797892384,0.013394974312018759,10of10,Malay,cross_ethnic
1148.9510001873086,0.013947282304726822,10of10,Malay,cross_ethnic
1203.3778407775892,0.014519495595772276,10of10,Malay,cross_ethnic
1260.3829296797273,0.015112148173154951,10of10,Malay,cross_ethnic
1320.088400831418,0.0157257799781994,10of10,Malay,cross_ethnic
1382.6221737646563,0.016360937000980076,10of10,Malay,cross_ethnic
1448.118227674533,0.017018171443799333,10of10,Malay,cross_ethnic
1516.7168884709226,0.01769804195758119,10of10,Malay,cross_ethnic
1588.5651294280526,0.018401113955060607,10of10,Malay,cross_ethnic
1663.816886076129,0.019127960003453338,10of10,Malay,cross_ethnic
1742.6333860096508,0.01987916029789155,10of10,Malay,cross_ethnic
1825.1834943190424,0.020655303215322166,10of10,Malay,cross_ethnic
1911.6440753857016,0.021456985946813577,10of10,Malay,cross_ethnic
2002.2003718155845,0.02228481520433713,10of10,Malay,cross_ethnic
2097.0464013232327,0.023139407996131015,10of10,Malay,cross_ethnic
2196.385372416547,0.02402139246276989,10of10,Malay,cross_ethnic
2300.430119772917,0.024931408764122424,10of10,Malay,cross_ethnic
2409.4035602395243,0.02587011000555213,10of10,Malay,cross_ethnic
2523.5391704347658,0.026838163190084065,10of10,Malay,cross_ethnic
2643.0814869741057,0.027836250181900838,10of10,Malay,cross_ethnic
2768.2866303920664,0.028865068665522964,10of10,Malay,cross_ethnic
2899.422853882875,0.029925333084442042,10of10,Malay,cross_ethnic
3036.771118035457,0.031017775542867877,10of10,Malay,cross_ethnic
3180.625692794119,0.032143146654662516,10of10,Malay,cross_ethnic
3331.2947879346734,0.03330221632448299,10of10,Malay,cross_ethnic
3489.1012134067737,0.03449577444762764,10of10,Malay,cross_ethnic
3654.3830709572544,0.03572463151703741,10of10,Malay,cross_ethnic
3827.494478516311,0.03698961912826602,10of10,Malay,cross_ethnic
4008.8063288984645,0.03829159037588842,10of10,Malay,cross_ethnic
4198.70708444391,0.03963142013762641,10of10,Malay,cross_ethnic
4397.603609302721,0.041010005245254014,10of10,Malay,cross_ethnic
4605.922041145103,0.042428264543917654,10of10,Malay,cross_ethnic
4824.108704165369,0.04388713884365668,10of10,Malay,cross_ethnic
5052.6310653356795,0.04538759076843638,10of10,Malay,cross_ethnic
5291.978735958442,0.046930604508722114,10of10,Malay,cross_ethnic
5542.664520663107,0.048517185483367996,10of10,Malay,cross_ethnic
5805.225516094895,0.05014835991526323,10of10,Malay,cross_ethnic
6080.224261649427,0.05182517432272698,10of10,Malay,cross_ethnic
6368.249944718586,0.05354869492510458,10of10,Malay,cross_ethnic
6669.919663030122,0.05532000695652571,10of10,Malay,cross_ethnic
6985.879746785249,0.05714021387655659,10of10,Malay,cross_ethnic
7316.807143427192,0.05901043646085129,10of10,Malay,cross_ethnic
7663.410868007462,0.06093181174928968,10of10,Malay,cross_ethnic
8026.4335222571735,0.06290549182398257,10of10,Malay,cross_ethnic
8406.652885618325,0.0649326423854737,10of10,Malay,cross_ethnic
8804.883581643464,0.06701444109302132,10of10,Malay,cross_ethnic
9221.978823334322,0.0691520756345324,10of10,Malay,cross_ethnic
9658.832241158709,0.07134674149396976,10of10,Malay,cross_ethnic
10116.37979766207,0.07359963938915136,10of10,Malay,cross_ethnic
10595.601792776148,0.07591197236090191,10of10,Malay,cross_ethnic
11097.524964120721,0.0782849425053416,10of10,Malay,cross_ethnic
11623.224686798518,0.08071974735430898,10of10,Malay,cross_ethnic
12173.82727739662,0.08321757592383619,10of10,Malay,cross_ethnic
12750.512407130129,0.08577960446633091,10of10,Malay,cross_ethnic
13354.515629298974,0.08840699197763195,10of10,Malay,cross_ethnic
13987.131026472387,0.0911008755242528,10of10,Malay,cross_ethnic
14649.713983072848,0.09386236546785648,10of10,Malay,cross_ethnic
15343.684089300132,0.09669254067239179,10of10,Malay,cross_ethnic
16070.528182616385,0.09959244378372589,10of10,Malay,cross_ethnic
16831.80353330955,0.10256307667176509,10of10,Malay,cross_ethnic
17629.14118095948,0.10560539612106264,10of10,Malay,cross_ethnic
18464.249428955427,0.10872030984831306,10of10,Malay,cross_ethnic
19338.917504552322,0.1119086729147827,10of10,Malay,cross_ethnic
20255.019392306665,0.11517128458974661,10of10,Malay,cross_ethnic
21214.517849106276,0.1185088857086439,10of10,Malay,cross_ethnic
22219.468609395237,0.12192215655812012,10of10,Malay,cross_ethnic
23272.024789604075,0.12541171531044687,10of10,Malay,cross_ethnic
24374.441501222216,0.12897811702271328,10of10,Malay,cross_ethnic
25529.080682395164,0.13262185321198214,10of10,Malay,cross_ethnic
26738.41615839944,0.13634335201617928,10of10,Malay,cross_ethnic
28005.03894183631,0.14014297895120317,10of10,Malay,cross_ethnic
29331.662783900425,0.1440210382766157,10of10,Malay,cross_ethnic
30721.12998861759,0.1479777749839474,10of10,Malay,cross_ethnic
32176.417502507353,0.1520133774216029,10of10,Malay,cross_ethnic
33700.64329271925,0.1561279805670622,10of10,Malay,cross_ethnic
35297.0730273065,0.16032166994913025,10of10,Malay,cross_ethnic
36969.12707195032,0.16459448620937223,10of10,Malay,cross_ethnic
38720.38781812557,0.16894643027199577,10of10,Malay,cross_ethnic
40554.60735840828,0.17337746906534032,10of10,Malay,cross_ethnic
42475.71552536894,0.17788754170648846,10of10,Malay,cross_ethnic
44487.82831127585,0.18247656602466342,10of10,Malay,cross_ethnic
46595.25668664687,0.1871444452609243,10of10,Malay,cross_ethnic
48802.515836544335,0.19189107474361802,10of10,Malay,cross_ethnic
51114.334834401656,0.1967163483037456,10of10,Malay,cross_ethnic
53535.66677410719,0.20162016416461992,10of10,Malay,cross_ethnic
56071.69938205458,0.20660243001857548,10of10,Malay,cross_ethnic
58727.86613189489,0.2116630669923304,10of10,Malay,cross_ethnic
61509.857885805046,0.21680201220373416,10of10,Malay,cross_ethnic
64423.635087213705,0.2220192196272092,10of10,Malay,cross_ethnic
67475.44053110685,0.2273146590136788,10of10,Malay,cross_ethnic
70671.81273927492,0.23268831265286083,10of10,Malay,cross_ethnic
74019.59996915652,0.23814016982043307,10of10,Malay,cross_ethnic
77525.97488629464,0.24367021881804266,10of10,Malay,cross_ethnic
81198.44993184009,0.24927843658809373,10of10,Malay,cross_ethnic
85044.89341802668,0.2549647759649664,10of10,Malay,cross_ethnic
89073.5463861044,0.260729150706678,10of10,Malay,cross_ethnic
93293.04026284696,0.26657141853272465,10of10,Malay,cross_ethnic
97712.41535346501,0.27249136247163197,10of10,Malay,cross_ethnic
102341.14021054527,0.2784886708923665,10of10,Malay,cross_ethnic
107189.13192051265,0.2845629166542353,10of10,Malay,cross_ethnic
112266.77735108136,0.29071353585757076,10of10,Malay,cross_ethnic
117584.95540521582,0.29693980671014064,10of10,Malay,cross_ethnic
123155.06032928261,0.3032408290401743,10of10,Malay,cross_ethnic
128989.02612533081,0.30961550498507684,10of10,Malay,cross_ethnic
135099.3521198025,0.3160625213649481,10of10,Malay,cross_ethnic
141499.1297434576,0.32258033421228466,10of10,Malay,cross_ethnic
148202.070579886,0.3291671558748075,10of10,Malay,cross_ethnic
155222.5357427048,0.3358209450390953,10of10,Malay,cross_ethnic
162575.56664437935,0.3425393999410815,10of10,Malay,cross_ethnic
170276.91722258978,0.34931995493860996,10of10,Malay,cross_ethnic
178343.08769319093,0.3561597805246032,10of10,Malay,cross_ethnic
186791.35990207846,0.3630557867606914,10of10,Malay,cross_ethnic
195639.8343517065,0.37000463001411654,10of10,Malay,cross_ethnic
204907.4689815846,0.3770027227888771,10of10,Malay,cross_ethnic
214614.11978584016,0.3840462463585807,10of10,Malay,cross_ethnic
224780.58335487253,0.3911311658359518,10of10,Malay,cross_ethnic
235428.64143224203,0.398253247254417,10of10,Malay,cross_ethnic
246581.1075822604,0.4054080761920716,10of10,Malay,cross_ethnic
258261.87606826748,0.4125910774383927,10of10,Malay,cross_ethnic
270495.97304631316,0.41979753518958635,10of10,Malay,cross_ethnic
283309.6101839324,0.42702261325927326,10of10,Malay,cross_ethnic
296730.24081888725,0.43426137480681226,10of10,Malay,cross_ethnic
310786.6187782014,0.4415088011152222,10of10,Malay,cross_ethnic
325508.8599835056,0.44875980899342,10of10,Malay,cross_ethnic
340928.50697468076,0.4560092664322722,10of10,Malay,cross_ethnic
357078.59649004624,0.46325200620948154,10of10,Malay,cross_ethnic
373993.73024788016,0.47048283721308437,10of10,Malay,cross_ethnic
391710.1490809261,0.47769655333560784,10of10,Malay,cross_ethnic
410265.81058271904,0.48488793987863976,10of10,Malay,cross_ethnic
429700.47043208353,0.4920517774983313,10of10,Malay,cross_ethnic
450055.76757004973,0.4991828438134847,10of10,Malay,cross_ethnic
471375.3134116729,0.5062759128863783,10of10,Malay,cross_ethnic
493704.7852839004,0.5133257528692345,10of10,Malay,cross_ethnic
517092.0242896755,0.5203271221830561,10of10,Malay,cross_ethnic
541587.1378079465,0.5272747646574658,10of10,Malay,cross_ethnic
567242.6068491978,0.5341634041075534,10of10,Malay,cross_ethnic
594113.3984965039,0.5409877388545145,10of10,Malay,cross_ethnic
622257.0836730232,0.5477424367098236,10of10,Malay,cross_ethnic
651733.960488242,0.5544221309374455,10of10,Malay,cross_ethnic
682607.1834272379,0.5610214176858563,10of10,Malay,cross_ethnic
714942.8986597577,0.5675348553430557,10of10,Malay,cross_ethnic
748810.385759003,0.5739569662158733,10of10,Malay,cross_ethnic
784282.2061337682,0.5802822408729605,10of10,Malay,cross_ethnic
821434.3584919422,0.5865051454225833,10of10,Malay,cross_ethnic
860346.4416684492,0.5926201319254771,10of10,Malay,cross_ethnic
901101.8251665018,0.5986216520730563,10of10,Malay,cross_ethnic
943787.8277775391,0.6045041741950506,10of10,Malay,cross_ethnic
988495.9046625586,0.6102622036001482,10of10,Malay,cross_ethnic
1035321.8432956616,0.6158903061992347,10of10,Malay,cross_ethnic
1084365.968689611,0.6213831353130448,10of10,Malay,cross_ethnic
1135733.358343105,0.6267354615229775,10of10,Malay,cross_ethnic
1189534.0673703207,0.6319422053831051,10of10,Malay,cross_ethnic
1245883.3642950081,0.6369984727700444,10of10,Malay,cross_ethnic
1304901.9780144016,0.6418995926022225,10of10,Malay,cross_ethnic
1366716.3564620074,0.6466411566082463,10of10,Malay,cross_ethnic
1431458.9375234786,0.6512190607634565,10of10,Malay,cross_ethnic
1499268.4327860472,0.6556295479432402,10of10,Malay,cross_ethnic
1570290.1247293775,0.6598692512616819,10of10,Malay,cross_ethnic
1644676.1779946627,0.6639352374766383,10of10,Malay,cross_ethnic
1722585.9653987875,0.667825049750875,10of10,Malay,cross_ethnic
1804186.409392072,0.6715367489685965,10of10,Malay,cross_ethnic
1889652.3396912115,0.6750689527237714,10of10,Malay,cross_ethnic
1979166.8678535575,0.6784208710281541,10of10,Malay,cross_ethnic
2072921.77959537,0.6815923377401413,10of10,Malay,cross_ethnic
2171117.9456945052,0.6845838366975818,10of10,Malay,cross_ethnic
2273965.7523579276,0.6873965215544774,10of10,Malay,cross_ethnic
2381685.5519761606,0.6900322283778481,10of10,Malay,cross_ethnic
2494508.135230317,0.6924934801595326,10of10,Malay,cross_ethnic
2612675.2255633264,0.694783482538849,10of10,Malay,cross_ethnic
2736439.997074672,0.6969061102136873,10of10,Malay,cross_ethnic
2866067.61694825,0.6988658837352466,10of10,Malay,cross_ethnic
3001835.813575592,0.7006679366282982,10of10,Malay,cross_ethnic
3144035.4715915,0.7023179730456488,10of10,Malay,cross_ethnic
3292971.255097148,0.7038222164419539,10of10,Malay,cross_ethnic
3448962.26040576,0.7051873500267309,10of10,Malay,cross_ethnic
3612342.6997094303,0.706420450017577,10of10,Malay,cross_ethnic
3783462.6171319326,0.7075289129506652,10of10,Malay,cross_ethnic
3962688.638701478,0.7085203785058896,10of10,Malay,cross_ethnic
4150404.7578504723,0.709402649459283,10of10,Malay,cross_ethnic
4347013.158125026,0.7101836104780841,10of10,Malay,cross_ethnic
4552935.074866948,0.710871147518854,10of10,Malay,cross_ethnic
4768611.697714474,0.7114730695736273,10of10,Malay,cross_ethnic
4994505.11585514,0.7119970344331076,10of10,Malay,cross_ethnic
5231099.308056259,0.7124504800020234,10of10,Malay,cross_ethnic
5478901.179593945,0.7128405625151542,10of10,Malay,cross_ethnic
5738441.648302393,0.7131741027708877,10of10,Malay,cross_ethnic
6010276.782070388,0.7134575412322035,10of10,Malay,cross_ethnic
6294988.990221888,0.7136969025540671,10of10,Malay,cross_ethnic
6593188.271333542,0.7138977697938509,10of10,Malay,cross_ethnic
6905513.520162331,0.714065268260466,10of10,Malay,cross_ethnic
7232633.896483534,0.714204058671135,10of10,Malay,cross_ethnic
7575250.258771921,0.7143183390239698,10of10,Malay,cross_ethnic
7934096.665797492,0.7144118543700397,10of10,Malay,cross_ethnic
8309941.949353387,0.7144879134886578,10of10,Malay,cross_ethnic
8703591.361485166,0.7145494113398441,10of10,Malay,cross_ethnic
9115888.299750837,0.7145988560912966,10of10,Malay,cross_ethnic
9547716.114208067,0.7146383994936645,10of10,Malay,cross_ethnic
10000000.0,0.7146698694047121,10of10,Malay,cross_ethnic
1000.0,0.6313136361128431,10of10,Indian,same_ethnicity
1047.3708979594498,0.6463619823951066,10of10,Indian,same_ethnicity
1096.985797892384,0.6613237544715392,10of10,Indian,same_ethnicity
1148.9510001873086,0.6761723164399729,10of10,Indian,same_ethnicity
1203.3778407775892,0.6908809562414455,10of10,Indian,same_ethnicity
1260.3829296797273,0.7054230447121033,10of10,Indian,same_ethnicity
1320.088400831418,0.7197721999481485,10of10,Indian,same_ethnicity
1382.6221737646563,0.7339024553932669,10of10,Indian,same_ethnicity
1448.118227674533,0.7477884299315498,10of10,Indian,same_ethnicity
1516.7168884709226,0.7614054981637421,10of10,Indian,same_ethnicity
1588.5651294280526,0.774729958963337,10of10,Indian,same_ethnicity
1663.816886076129,0.7877392003538715,10of10,Indian,same_ethnicity
1742.6333860096508,0.8004118587216629,10of10,Indian,same_ethnicity
1825.1834943190424,0.812727970380761,10of10,Indian,same_ethnicity
1911.6440753857016,0.8246691135402918,10of10,Indian,same_ethnicity
2002.2003718155845,0.8362185387894943,10of10,Indian,same_ethnicity
2097.0464013232327,0.847361286313144,10of10,Indian,same_ethnicity
2196.385372416547,0.8580842881797445,10of10,Indian,same_ethnicity
2300.430119772917,0.8683764542064758,10of10,Indian,same_ethnicity
2409.4035602395243,0.878228740097409,10of10,Indian,same_ethnicity
2523.5391704347658,0.8876341967732334,10of10,Indian,same_ethnicity
2643.0814869741057,0.8965880000592539,10of10,Indian,same_ethnicity
2768.2866303920664,0.9050874601702984,10of10,Indian,same_ethnicity
2899.422853882875,0.9131320107221874,10of10,Indian,same_ethnicity
3036.771118035457,0.9207231773042979,10of10,Indian,same_ethnicity
3180.625692794119,0.9278645259604255,10of10,Indian,same_ethnicity
3331.2947879346734,0.9345615922387838,10of10,Indian,same_ethnicity
3489.1012134067737,0.9408217917791892,10of10,Indian,same_ethnicity
3654.3830709572544,0.9466543136986758,10of10,Indian,same_ethnicity
3827.494478516311,0.95206999830836,10of10,Indian,same_ethnicity
4008.8063288984645,0.957081200937167,10of10,Indian,same_ethnicity
4198.70708444391,0.9617016438456005,10of10,Indian,same_ethnicity
4397.603609302721,0.965946258379698,10of10,Indian,same_ethnicity
4605.922041145103,0.9698310196376418,10of10,Indian,same_ethnicity
4824.108704165369,0.973372775996695,10of10,Indian,same_ethnicity
5052.6310653356795,0.9765890758754039,10of10,Indian,same_ethnicity
5291.978735958442,0.979497994086233,10of10,Indian,same_ethnicity
5542.664520663107,0.9821179600694679,10of10,Indian,same_ethnicity
5805.225516094895,0.9844675901942566,10of10,Indian,same_ethnicity
6080.224261649427,0.9865655261720611,10of10,Indian,same_ethnicity
6368.249944718586,0.9884302814573257,10of10,Indian,same_ethnicity
6669.919663030122,0.9900800973158721,10of10,Indian,same_ethnicity
6985.879746785249,0.9915328100293381,10of10,Indian,same_ethnicity
7316.807143427192,0.9928057304792878,10of10,Indian,same_ethnicity
7663.410868007462,0.9939155371220256,10of10,Indian,same_ethnicity
8026.4335222571735,0.9948781831282939,10of10,Indian,same_ethnicity
8406.652885618325,0.9957088182235686,10of10,Indian,same_ethnicity
8804.883581643464,0.9964217255265033,10of10,Indian,same_ethnicity
9221.978823334322,0.9970302734465717,10of10,Indian,same_ethnicity
9658.832241158709,0.9975468824684085,10of10,Indian,same_ethnicity
10116.37979766207,0.9979830064213561,10of10,Indian,same_ethnicity
10595.601792776148,0.9983491276105037,10of10,Indian,same_ethnicity
11097.524964120721,0.9986547649732282,10of10,Indian,same_ethnicity
11623.224686798518,0.9989084942270302,10of10,Indian,same_ethnicity
12173.82727739662,0.9991179787953095,10of10,Indian,same_ethnicity
12750.512407130129,0.9992900101432854,10of10,Indian,same_ethnicity
13354.515629298974,0.9994305560323212,10of10,Indian,same_ethnicity
13987.131026472387,0.99954481511303,10of10,Indian,same_ethnicity
14649.713983072848,0.999637276230382,10of10,Indian,same_ethnicity
15343.684089300132,0.9997117808109901,10of10,Indian,same_ethnicity
16070.528182616385,0.9997715867454238,10of10,Indian,same_ethnicity
16831.80353330955,0.9998194322663299,10of10,Indian,same_ethnicity
17629.14118095948,0.999857598453588,10of10,Indian,same_ethnicity
18464.249428955427,0.9998879691656868,10of10,Indian,same_ethnicity
19338.917504552322,0.9999120873947883,10of10,Indian,same_ethnicity
20255.019392306665,0.9999312072625715,10of10,Indian,same_ethnicity
21214.517849106276,0.9999463411045045,10of10,Indian,same_ethnicity
22219.468609395237,0.999958301320641,10of10,Indian,same_ethnicity
23272.024789604075,0.9999677368902964,10of10,Indian,same_ethnicity
24374.441501222216,0.9999751646458861,10of10,Indian,same_ethnicity
25529.080682395164,0.9999809955692248,10of10,Indian,same_ethnicity
26738.41615839944,0.9999855565055796,10of10,Indian,same_ethnicity
28005.03894183631,0.9999891077833012,10of10,Indian,same_ethnicity
29331.662783900425,0.9999918572796489,10of10,Indian,same_ethnicity
30721.12998861759,0.9999939714889776,10of10,Indian,same_ethnicity
32176.417502507353,0.9999955841328321,10of10,Indian,same_ethnicity
33700.64329271925,0.9999968028094885,10of10,Indian,same_ethnicity
35297.0730273065,0.9999977141209203,10of10,Indian,same_ethnicity
36969.12707195032,0.9999983876458998,10of10,Indian,same_ethnicity
38720.38781812557,0.9999988790562307,10of10,Indian,same_ethnicity
40554.60735840828,0.9999992326048339,10of10,Indian,same_ethnicity
42475.71552536894,0.999999483153908,10of10,Indian,same_ethnicity
44487.82831127585,0.9999996578611641,10of10,Indian,same_ethnicity
46595.25668664687,0.9999997776031535,10of10,Indian,same_ethnicity
48802.515836544335,0.9999998581865159,10of10,Indian,same_ethnicity
51114.334834401656,0.999999911379272,10of10,Indian,same_ethnicity
53535.66677410719,0.9999999457831383,10of10,Indian,same_ethnicity
56071.69938205458,0.999999967562237,10of10,Indian,same_ethnicity
58727.86613189489,0.999999981041557,10of10,Indian,same_ethnicity
61509.857885805046,0.999999989188472,10of10,Indian,same_ethnicity
64423.635087213705,0.9999999939913172,10of10,Indian,same_ethnicity
67475.44053110685,0.9999999967496477,10of10,Indian,same_ethnicity
70671.81273927492,0.9999999982909051,10of10,Indian,same_ethnicity
74019.59996915652,0.9999999991276616,10of10,Indian,same_ethnicity
77525.97488629464,0.9999999995684244,10of10,Indian,same_ethnicity
81198.44993184009,0.9999999997933565,10of10,Indian,same_ethnicity
85044.89341802668,0.9999999999043934,10of10,Indian,same_ethnicity
89073.5463861044,0.9999999999573292,10of10,Indian,same_ethnicity
93293.04026284696,0.9999999999816604,10of10,Indian,same_ethnicity
97712.41535346501,0.9999999999924236,10of10,Indian,same_ethnicity
102341.14021054527,0.9999999999969973,10of10,Indian,same_ethnicity
107189.13192051265,0.9999999999988607,10of10,Indian,same_ethnicity
112266.77735108136,0.9999999999995871,10of10,Indian,same_ethnicity
117584.95540521582,0.9999999999998574,10of10,Indian,same_ethnicity
123155.06032928261,0.9999999999999534,10of10,Indian,same_ethnicity
128989.02612533081,0.9999999999999857,10of10,Indian,same_ethnicity
135099.3521198025,0.999999999999996,10of10,Indian,same_ethnicity
141499.1297434576,0.9999999999999991,10of10,Indian,same_ethnicity
148202.070579886,1.0,10of10,Indian,same_ethnicity
155222.5357427048,1.0,10of10,Indian,same_ethnicity
162575.56664437935,1.0,10of10,Indian,same_ethnicity
170276.91722258978,1.0,10of10,Indian,same_ethnicity
178343.08769319093,1.0,10of10,Indian,same_ethnicity
186791.35990207846,1.0,10of10,Indian,same_ethnicity
195639.8343517065,1.0,10of10,Indian,same_ethnicity
204907.4689815846,1.0,10of10,Indian,same_ethnicity
214614.11978584016,1.0,10of10,Indian,same_ethnicity
224780.58335487253,1.0,10of10,Indian,same_ethnicity
235428.64143224203,1.0,10of10,Indian,same_ethnicity
246581.1075822604,1.0,10of10,Indian,same_ethnicity
258261.87606826748,1.0,10of10,Indian,same_ethnicity
270495.97304631316,1.0,10of10,Indian,same_ethnicity
283309.6101839324,1.0,10of10,Indian,same_ethnicity
296730.24081888725,1.0,10of10,Indian,same_ethnicity
310786.6187782014,1.0,10of10,Indian,same_ethnicity
325508.8599835056,1.0,10of10,Indian,same_ethnicity
340928.50697468076,1.0,10of10,Indian,same_ethnicity
357078.59649004624,1.0,10of10,Indian,same_ethnicity
373993.73024788016,1.0,10of10,Indian,same_ethnicity
391710.1490809261,1.0,10of10,Indian,same_ethnicity
410265.81058271904,1.0,10of10,Indian,same_ethnicity
429700.47043208353,1.0,10of10,Indian,same_ethnicity
450055.76757004973,1.0,10of10,Indian,same_ethnicity
471375.3134116729,1.0,10of10,Indian,same_ethnicity
493704.7852839004,1.0,10of10,Indian,same_ethnicity
517092.0242896755,1.0,10of10,Indian,same_ethnicity
541587.1378079465,1.0,10of10,Indian,same_ethnicity
567242.6068491978,1.0,10of10,Indian,same_ethnicity
594113.3984965039,1.0,10of10,Indian,same_ethnicity
622257.0836730232,1.0,10of10,Indian,same_ethnicity
651733.960488242,1.0,10of10,Indian,same_ethnicity
682607.1834272379,1.0,10of10,Indian,same_ethnicity
714942.8986597577,1.0,10of10,Indian,same_ethnicity
748810.385759003,1.0,10of10,Indian,same_ethnicity
784282.2061337682,1.0,10of10,Indian,same_ethnicity
821434.3584919422,1.0,10of10,Indian,same_ethnicity
860346.4416684492,1.0,10of10,Indian,same_ethnicity
901101.8251665018,1.0,10of10,Indian,same_ethnicity
943787.8277775391,1.0,10of10,Indian,same_ethnicity
988495.9046625586,1.0,10of10,Indian,same_ethnicity
1035321.8432956616,1.0,10of10,Indian,same_ethnicity
1084365.968689611,1.0,10of10,Indian,same_ethnicity
1135733.358343105,1.0,10of10,Indian,same_ethnicity
1189534.0673703207,1.0,10of10,Indian,same_ethnicity
1245883.3642950081,1.0,10of10,Indian,same_ethnicity
1304901.9780144016,1.0,10of10,Indian,same_ethnicity
1366716.3564620074,1.0,10of10,Indian,same_ethnicity
1431458.9375234786,1.0,10of10,Indian,same_ethnicity
1499268.4327860472,1.0,10of10,Indian,same_ethnicity
1570290.1247293775,1.0,10of10,Indian,same_ethnicity
1644676.1779946627,1.0,10of10,Indian,same_ethnicity
1722585.9653987875,1.0,10of10,Indian,same_ethnicity
1804186.409392072,1.0,10of10,Indian,same_ethnicity
1889652.3396912115,1.0,10of10,Indian,same_ethnicity
1979166.8678535575,1.0,10of10,Indian,same_ethnicity
2072921.77959537,1.0,10of10,Indian,same_ethnicity
2171117.9456945052,1.0,10of10,Indian,same_ethnicity
2273965.7523579276,1.0,10of10,Indian,same_ethnicity
2381685.5519761606,1.0,10of10,Indian,same_ethnicity
2494508.135230317,1.0,10of10,Indian,same_ethnicity
2612675.2255633264,1.0,10of10,Indian,same_ethnicity
2736439.997074672,1.0,10of10,Indian,same_ethnicity
2866067.61694825,1.0,10of10,Indian,same_ethnicity
3001835.813575592,1.0,10of10,Indian,same_ethnicity
3144035.4715915,1.0,10of10,Indian,same_ethnicity
3292971.255097148,1.0,10of10,Indian,same_ethnicity
3448962.26040576,1.0,10of10,Indian,same_ethnicity
3612342.6997094303,1.0,10of10,Indian,same_ethnicity
3783462.6171319326,1.0,10of10,Indian,same_ethnicity
3962688.638701478,1.0,10of10,Indian,same_ethnicity
4150404.7578504723,1.0,10of10,Indian,same_ethnicity
4347013.158125026,1.0,10of10,Indian,same_ethnicity
4552935.074866948,1.0,10of10,Indian,same_ethnicity
4768611.697714474,1.0,10of10,Indian,same_ethnicity
4994505.11585514,1.0,10of10,Indian,same_ethnicity
5231099.308056259,1.0,10of10,Indian,same_ethnicity
5478901.179593945,1.0,10of10,Indian,same_ethnicity
5738441.648302393,1.0,10of10,Indian,same_ethnicity
6010276.782070388,1.0,10of10,Indian,same_ethnicity
6294988.990221888,1.0,10of10,Indian,same_ethnicity
6593188.271333542,1.0,10of10,Indian,same_ethnicity
6905513.520162331,1.0,10of10,Indian,same_ethnicity
7232633.896483534,1.0,10of10,Indian,same_ethnicity
7575250.258771921,1.0,10of10,Indian,same_ethnicity
7934096.665797492,1.0,10of10,Indian,same_ethnicity
8309941.949353387,1.0,10of10,Indian,same_ethnicity
8703591.361485166,1.0,10of10,Indian,same_ethnicity
9115888.299750837,1.0,10of10,Indian,same_ethnicity
9547716.114208067,1.0,10of10,Indian,same_ethnicity
10000000.0,1.0,10of10,Indian,same_ethnicity
1000.0,0.009833082764737584,10of10,Indian,cross_ethnic
1047.3708979594498,0.0102950118316758,10of10,Indian,cross_ethnic
1096.985797892384,0.010778450686275132,10of10,Indian,cross_ethnic
1148.9510001873086,0.011284382668529342,10of10,Indian,cross_ethnic
1203.3778407775892,0.011813834320864785,10of10,Indian,cross_ethnic
1260.3829296797273,0.012367877117575065,10of10,Indian,cross_ethnic
1320.088400831418,0.012947629246957346,10of10,Indian,cross_ethnic
1382.6221737646563,0.01355425744603065,10of10,Indian,cross_ethnic
1448.118227674533,0.014188978887487219,10of10,Indian,cross_ethnic
1516.7168884709226,0.014853063118270792,10of10,Indian,cross_ethnic
1588.5651294280526,0.015547834048887647,10of10,Indian,cross_ethnic
1663.816886076129,0.016274671992234598,10of10,Indian,cross_ethnic
1742.6333860096508,0.01703501575037032,10of10,Indian,cross_ethnic
1825.1834943190424,0.017830364747259287,10of10,Indian,cross_ethnic
1911.6440753857016,0.018662281205078374,10of10,Indian,cross_ethnic
2002.2003718155845,0.019532392361190552,10of10,Indian,cross_ethnic
2097.0464013232327,0.020442392722356744,10of10,Indian,cross_ethnic
2196.385372416547,0.021394046352169065,10of10,Indian,cross_ethnic
2300.430119772917,0.022389189187045924,10of10,Indian,cross_ethnic
2409.4035602395243,0.023429731375425485,10of10,Indian,cross_ethnic
2523.5391704347658,0.024517659634025583,10of10,Indian,cross_ethnic
2643.0814869741057,0.02565503961420222,10of10,Indian,cross_ethnic
2768.2866303920664,0.026844018270529037,10of10,Indian,cross_ethnic
2899.422853882875,0.028086826222734427,10of10,Indian,cross_ethnic
3036.771118035457,0.029385780101066065,10of10,Indian,cross_ethnic
3180.625692794119,0.03074328486399998,10of10,Indian,cross_ethnic
3331.2947879346734,0.03216183607597097,10of10,Indian,cross_ethnic
3489.1012134067737,0.033644022131465945,10of10,Indian,cross_ethnic
3654.3830709572544,0.03519252641039133,10of10,Indian,cross_ethnic
3827.494478516311,0.03681012934809518,10of10,Indian,cross_ethnic
4008.8063288984645,0.03849971040179052,10of10,Indian,cross_ethnic
4198.70708444391,0.04026424989338934,10of10,Indian,cross_ethnic
4397.603609302721,0.042106830706911465,10of10,Indian,cross_ethnic
4605.922041145103,0.04403063981668119,10of10,Indian,cross_ethnic
4824.108704165369,0.046038969620467746,10of10,Indian,cross_ethnic
5052.6310653356795,0.04813521904956158,10of10,Indian,cross_ethnic
5291.978735958442,0.050322894425516955,10of10,Indian,cross_ethnic
5542.664520663107,0.05260561003092937,10of10,Indian,cross_ethnic
5805.225516094895,0.054987088359168,10of10,Indian,cross_ethnic
6080.224261649427,0.05747116000545497,10of10,Indian,cross_ethnic
6368.249944718586,0.06006176315908458,10of10,Indian,cross_ethnic
6669.919663030122,0.06276294265393122,10of10,Indian,cross_ethnic
6985.879746785249,0.0655788485317077,10of10,Indian,cross_ethnic
7316.807143427192,0.06851373406974835,10of10,Indian,cross_ethnic
7663.410868007462,0.07157195322241341,10of10,Indian,cross_ethnic
8026.4335222571735,0.0747579574225845,10of10,Indian,cross_ethnic
8406.652885618325,0.07807629168718526,10of10,Indian,cross_ethnic
8804.883581643464,0.08153158996824622,10of10,Indian,cross_ethnic
9221.978823334322,0.08512856968880932,10of10,Indian,cross_ethnic
9658.832241158709,0.0888720254009718,10of10,Indian,cross_ethnic
10116.37979766207,0.0927668215016766,10of10,Indian,cross_ethnic
10595.601792776148,0.09681788394054092,10of10,Indian,cross_ethnic
11097.524964120721,0.10103019085313841,10of10,Indian,cross_ethnic
11623.224686798518,0.10540876205282451,10of10,Indian,cross_ethnic
12173.82727739662,0.10995864731449373,10of10,Indian,cross_ethnic
12750.512407130129,0.11468491338468559,10of10,Indian,cross_ethnic
13354.515629298974,0.11959262965433916,10of10,Indian,cross_ethnic
13987.131026472387,0.12468685243331389,10of10,Indian,cross_ethnic
14649.713983072848,0.1299726077696995,10of10,Indian,cross_ethnic
15343.684089300132,0.13545487276202772,10of10,Indian,cross_ethnic
16070.528182616385,0.14113855531888797,10of10,Indian,cross_ethnic
16831.80353330955,0.1470284723282866,10of10,Indian,cross_ethnic
17629.14118095948,0.15312932620843445,10of10,Indian,cross_ethnic
18464.249428955427,0.15944567982265212,10of10,Indian,cross_ethnic
19338.917504552322,0.16598192975379855,10of10,Indian,cross_ethnic
20255.019392306665,0.1727422779481274,10of10,Indian,cross_ethnic
21214.517849106276,0.17973070175483288,10of10,Indian,cross_ethnic
22219.468609395237,0.186950922405726,10of10,Indian,cross_ethnic
23272.024789604075,0.19440637199952487,10of10,Indian,cross_ethnic
24374.441501222216,0.20210015907706327,10of10,Indian,cross_ethnic
25529.080682395164,0.21003503289722308,10of10,Indian,cross_ethnic
26738.41615839944,0.21821334654848795,10of10,Indian,cross_ethnic
28005.03894183631,0.2266370190574516,10of10,Indian,cross_ethnic
29331.662783900425,0.23530749668322926,10of10,Indian,cross_ethnic
30721.12998861759,0.2442257136152065,10of10,Indian,cross_ethnic
32176.417502507353,0.2533920523205909,10of10,Indian,cross_ethnic
33700.64329271925,0.26280630381749526,10of10,Indian,cross_ethnic
35297.0730273065,0.27246762817830084,10of10,Indian,cross_ethnic
36969.12707195032,0.28237451559647164,10of10,Indian,cross_ethnic
38720.38781812557,0.2925247483772843,10of10,Indian,cross_ethnic
40554.60735840828,0.3029153642386536,10of10,Indian,cross_ethnic
42475.71552536894,0.313542621331837,10of10,Indian,cross_ethnic
44487.82831127585,0.3244019654127969,10of10,Indian,cross_ethnic
46595.25668664687,0.33548799961281517,10of10,Indian,cross_ethnic
48802.515836544335,0.34679445727109226,10of10,Indian,cross_ethnic
51114.334834401656,0.35831417830194556,10of10,Indian,cross_ethnic
53535.66677410719,0.3700390895743323,10of10,Indian,cross_ethnic
56071.69938205458,0.3819601897812329,10of10,Indian,cross_ethnic
58727.86613189489,0.3940675392703925,10of10,Indian,cross_ethnic
61509.857885805046,0.4063502552955724,10of10,Indian,cross_ethnic
64423.635087213705,0.41879651312829075,10of10,Indian,cross_ethnic
67475.44053110685,0.43139355344362357,10of10,Indian,cross_ethnic
70671.81273927492,0.44412769635960153,10of10,Indian,cross_ethnic
74019.59996915652,0.4569843624677185,10of10,Indian,cross_ethnic
77525.97488629464,0.4699481011418619,10of10,Indian,cross_ethnic
81198.44993184009,0.4830026263543875,10of10,Indian,cross_ethnic
85044.89341802668,0.4961308601611026,10of10,Indian,cross_ethnic
89073.5463861044,0.5093149839417167,10of10,Indian,cross_ethnic
93293.04026284696,0.5225364973991439,10of10,Indian,cross_ethnic
97712.41535346501,0.5357762852304709,10of10,Indian,cross_ethnic
102341.14021054527,0.5490146912851581,10of10,Indian,cross_ethnic
107189.13192051265,0.5622315999232159,10of10,Indian,cross_ethnic
112266.77735108136,0.5754065241790718,10of10,Indian,cross_ethnic
117584.95540521582,0.5885187002273043,10of10,Indian,cross_ethnic
123155.06032928261,0.6015471875364878,10of10,Indian,cross_ethnic
128989.02612533081,0.6144709739894485,10of10,Indian,cross_ethnic
135099.3521198025,0.6272690851450199,10of10,Indian,cross_ethnic
141499.1297434576,0.6399206967208658,10of10,Indian,cross_ethnic
148202.070579886,0.6524052492921772,10of10,Indian,cross_ethnic
155222.5357427048,0.6647025641301494,10of10,Indian,cross_ethnic
162575.56664437935,0.6767929590499688,10of10,Indian,cross_ethnic
170276.91722258978,0.6886573631031128,10of10,Indian,cross_ethnic
178343.08769319093,0.7002774289350189,10of10,Indian,cross_ethnic
186791.35990207846,0.7116356416377441,10of10,Indian,cross_ethnic
195639.8343517065,0.7227154229583574,10of10,Indian,cross_ethnic
204907.4689815846,0.7335012297766474,10of10,Indian,cross_ethnic
214614.11978584016,0.7439786458383787,10of10,Indian,cross_ethnic
224780.58335487253,0.7541344658199025,10of10,Indian,cross_ethnic
235428.64143224203,0.7639567709025732,10of10,Indian,cross_ethnic
246581.1075822604,0.7734349951467674,10of10,Indian,cross_ethnic
258261.87606826748,0.7825599820705772,10of10,Indian,cross_ethnic
270495.97304631316,0.791324030952858,10of10,Indian,cross_ethnic
283309.6101839324,0.7997209324900996,10of10,Indian,cross_ethnic
296730.24081888725,0.8077459935383446,10of10,Indian,cross_ethnic
310786.6187782014,0.8153960507631186,10of10,Indian,cross_ethnic
325508.8599835056,0.8226694731015224,10of10,Indian,cross_ethnic
340928.50697468076,0.8295661530123256,10of10,Indian,cross_ethnic
357078.59649004624,0.8360874865545278,10of10,Indian,cross_ethnic
373993.73024788016,0.8422363423960718,10of10,Indian,cross_ethnic
391710.1490809261,0.8480170199166117,10of10,Indian,cross_ethnic
410265.81058271904,0.8534351966360022,10of10,Indian,cross_ethnic
429700.47043208353,0.8584978652776968,10of10,Indian,cross_ethnic
450055.76757004973,0.8632132608666911,10of10,Indian,cross_ethnic
471375.3134116729,0.8675907783667287,10of10,Indian,cross_ethnic
493704.7852839004,0.8716408814810742,10of10,Indian,cross_ethnic
517092.0242896755,0.8753750033731806,10of10,Indian,cross_ethnic
541587.1378079465,0.8788054402040546,10of10,Indian,cross_ethnic
567242.6068491978,0.8819452385265077,10of10,Indian,cross_ethnic
594113.3984965039,0.8848080777160571,10of10,Indian,cross_ethnic
622257.0836730232,0.8874081487467179,10of10,Indian,cross_ethnic
651733.960488242,0.8897600307300605,10of10,Indian,cross_ethnic
682607.1834272379,0.8918785667210647,10of10,Indian,cross_ethnic
714942.8986597577,0.8937787403489947,10of10,Indian,cross_ethnic
748810.385759003,0.8954755548518116,10of10,Indian,cross_ethnic
784282.2061337682,0.8969839160763262,10of10,Indian,cross_ethnic
821434.3584919422,0.8983185209530427,10of10,Indian,cross_ethnic
860346.4416684492,0.8994937528657614,10of10,Indian,cross_ethnic
901101.8251665018,0.900523585214307,10of10,Indian,cross_ethnic
943787.8277775391,0.9014214943180481,10of10,Indian,cross_ethnic
988495.9046625586,0.9022003826326623,10of10,Indian,cross_ethnic
1035321.8432956616,0.9028725130575848,10of10,Indian,cross_ethnic
1084365.968689611,0.9034494549013825,10of10,Indian,cross_ethnic
1135733.358343105,0.9039420418512714,10of10,Indian,cross_ethnic
1189534.0673703207,0.9043603420652706,10of10,Indian,cross_ethnic
1245883.3642950081,0.904713640275007,10of10,Indian,cross_ethnic
1304901.9780144016,0.9050104315581349,10of10,Indian,cross_ethnic
1366716.3564620074,0.905258426216274,10of10,Indian,cross_ethnic
1431458.9375234786,0.9054645649825714,10of10,Indian,cross_ethnic
1499268.4327860472,0.9056350435884795,10of10,Indian,cross_ethnic
1570290.1247293775,0.905775345548725,10of10,Indian,cross_ethnic
1644676.1779946627,0.9058902818836462,10of10,Indian,cross_ethnic
1722585.9653987875,0.9059840363956218,10of10,Indian,cross_ethnic
1804186.409392072,0.9060602150568211,10of10,Indian,cross_ethnic
1889652.3396912115,0.9061218980528558,10of10,Indian,cross_ethnic
1979166.8678535575,0.9061716930627,10of10,Indian,cross_ethnic
2072921.77959537,0.90621178843839,10of10,Indian,cross_ethnic
2171117.9456945052,0.9062440050746094,10of10,Indian,cross_ethnic
2273965.7523579276,0.9062698459216727,10of10,Indian,cross_ethnic
2381685.5519761606,0.9062905422868013,10of10,Indian,cross_ethnic
2494508.135230317,0.9063070962773939,10of10,Indian,cross_ethnic
2612675.2255633264,0.9063203189548988,10of10,Indian,cross_ethnic
2736439.997074672,0.9063308639775222,10of10,Indian,cross_ethnic
2866067.61694825,0.9063392567038884,10of10,Indian,cross_ethnic
3001835.813575592,0.906345918899004,10of10,Indian,cross_ethnic
3144035.4715915,0.9063511893218119,10of10,Indian,cross_ethnic
3292971.255097148,0.906355340576215,10of10,Indian,cross_ethnic
3448962.26040576,0.9063585926734372,10of10,Indian,cross_ethnic
3612342.6997094303,0.9063611237843998,10of10,Indian,cross_ethnic
3783462.6171319326,0.9063630786602301,10of10,Indian,cross_ethnic
3962688.638701478,0.9063645751726273,10of10,Indian,cross_ethnic
4150404.7578504723,0.9063657093803696,10of10,Indian,cross_ethnic
4347013.158125026,0.9063665594707907,10of10,Indian,cross_ethnic
4552935.074866948,0.9063671888623801,10of10,Indian,cross_ethnic
4768611.697714474,0.9063676486926281,10of10,Indian,cross_ethnic
4994505.11585514,0.9063679798583499,10of10,Indian,cross_ethnic
5231099.308056259,0.9063682147270309,10of10,Indian,cross_ethnic
5478901.179593945,0.9063683785987506,10of10,Indian,cross_ethnic
5738441.648302393,0.9063684909691831,10of10,Indian,cross_ethnic
6010276.782070388,0.9063685666242178,10of10,Indian,cross_ethnic
6294988.990221888,0.9063686165844778,10of10,Indian,cross_ethnic
6593188.271333542,0.9063686489115969,10of10,Indian,cross_ethnic
6905513.520162331,0.9063686693857946,10of10,Indian,cross_ethnic
7232633.896483534,0.9063686820643924,10of10,Indian,cross_ethnic
7575250.258771921,0.9063686897321599,10of10,Indian,cross_ethnic
7934096.665797492,0.9063686942558075,10of10,Indian,cross_ethnic
8309941.949353387,0.9063686968559497,10of10,Indian,cross_ethnic
8703591.361485166,0.9063686983101903,10of10,Indian,cross_ethnic
9115888.299750837,0.9063686991005461,10of10,Indian,cross_ethnic
9547716.114208067,0.906368699517363,10of10,Indian,cross_ethnic
10000000.0,0.9063686997303557,10of10,Indian,cross_ethnic
1000.0,0.8986207183920243,10of10,Others,same_ethnicity
1047.3708979594498,0.9065672899311641,10of10,Others,same_ethnicity
1096.985797892384,0.9141302856762883,10of10,Others,same_ethnicity
1148.9510001873086,0.9213065954898811,10of10,Others,same_ethnicity
1203.3778407775892,0.9280948789220397,10of10,Others,same_ethnicity
1260.3829296797273,0.9344955951026651,10of10,Others,same_ethnicity
1320.088400831418,0.9405110094745027,10of10,Others,same_ethnicity
1382.6221737646563,0.9461451765657669,10of10,Others,same_ethnicity
1448.118227674533,0.9514038985802408,10of10,Others,same_ethnicity
1516.7168884709226,0.9562946601802161,10of10,Others,same_ethnicity
1588.5651294280526,0.9608265404326347,10of10,Others,same_ethnicity
1663.816886076129,0.9650101034602528,10of10,Others,same_ethnicity
1742.6333860096508,0.9688572698672246,10of10,Others,same_ethnicity
1825.1834943190424,0.9723811714735319,10of10,Others,same_ethnicity
1911.6440753857016,0.9755959922790483,10of10,Others,same_ethnicity
2002.2003718155845,0.9785167988730287,10of10,Others,same_ethnicity
2097.0464013232327,0.9811593636998497,10of10,Others,same_ethnicity
2196.385372416547,0.9835399846826816,10of10,Others,same_ethnicity
2300.430119772917,0.9856753046938824,10of10,Others,same_ethnicity
2409.4035602395243,0.9875821342489117,10of10,Others,same_ethnicity
2523.5391704347658,0.9892772805979639,10of10,Others,same_ethnicity
2643.0814869741057,0.9907773861077759,10of10,Others,same_ethnicity
2768.2866303920664,0.9920987784787485,10of10,Others,same_ethnicity
2899.422853882875,0.9932573349444909,10of10,Others,same_ethnicity
3036.771118035457,0.9942683621673101,10of10,Others,same_ethnicity
3180.625692794119,0.9951464930890213,10of10,Others,same_ethnicity
3331.2947879346734,0.9959056015359009,10of10,Others,same_ethnicity
3489.1012134067737,0.9965587349227756,10of10,Others,same_ethnicity
3654.3830709572544,0.9971180649660094,10of10,Others,same_ethnicity
3827.494478516311,0.9975948559090505,10of10,Others,same_ethnicity
4008.8063288984645,0.9979994493964249,10of10,Others,same_ethnicity
4198.70708444391,0.9983412648103966,10of10,Others,same_ethnicity
4397.603609302721,0.9986288136152498,10of10,Others,same_ethnicity
4605.922041145103,0.9988697260420945,10of10,Others,same_ethnicity
4824.108704165369,0.999070788295279,10of10,Others,same_ethnicity
5052.6310653356795,0.9992379883712034,10of10,Others,same_ethnicity
5291.978735958442,0.9993765685508974,10of10,Others,same_ethnicity
5542.664520663107,0.999491082656503,10of10,Others,same_ethnicity
5805.225516094895,0.9995854562442208,10of10,Others,same_ethnicity
6080.224261649427,0.9996630480359645,10of10,Others,same_ethnicity
6368.249944718586,0.9997267110610379,10of10,Others,same_ethnicity
6669.919663030122,0.9997788521785785,10of10,Others,same_ethnicity
6985.879746785249,0.9998214888715982,10of10,Others,same_ethnicity
7316.807143427192,0.9998563024343312,10of10,Others,same_ethnicity
7663.410868007462,0.9998846869066619,10of10,Others,same_ethnicity
8026.4335222571735,0.9999077933339051,10of10,Others,same_ethnicity
8406.652885618325,0.9999265691393511,10of10,Others,same_ethnicity
8804.883581643464,0.999941792584464,10of10,Others,same_ethnicity
9221.978823334322,0.9999541024525405,10of10,Others,same_ethnicity
9658.832241158709,0.9999640232227316,10of10,Others,same_ethnicity
10116.37979766207,0.9999719861009035,10of10,Others,same_ethnicity
10595.601792776148,0.9999783463417407,10of10,Others,same_ethnicity
11097.524964120721,0.9999833973340725,10of10,Others,same_ethnicity
11623.224686798518,0.9999873819313483,10of10,Others,same_ethnicity
12173.82727739662,0.9999905014952339,10of10,Others,same_ethnicity
12750.512407130129,0.9999929230871927,10of10,Others,same_ethnicity
13354.515629298974,0.9999947851958353,10of10,Others,same_ethnicity
13987.131026472387,0.9999962023321711,10of10,Others,same_ethnicity
14649.713983072848,0.9999972687658084,10of10,Others,same_ethnicity
15343.684089300132,0.9999980616171861,10of10,Others,same_ethnicity
16070.528182616385,0.9999986434676771,10of10,Others,same_ethnicity
16831.80353330955,0.9999990646034704,10of10,Others,same_ethnicity
17629.14118095948,0.9999993649718818,10of10,Others,same_ethnicity
18464.249428955427,0.9999995759005496,10of10,Others,same_ethnicity
19338.917504552322,0.999999721610281,10of10,Others,same_ethnicity
20255.019392306665,0.9999998205399825,10of10,Others,same_ethnicity
21214.517849106276,0.999999886495603,10of10,Others,same_ethnicity
22219.468609395237,0.9999999296327081,10of10,Others,same_ethnicity
23272.024789604075,0.9999999572826392,10of10,Others,same_ethnicity
24374.441501222216,0.9999999746339043,10of10,Others,same_ethnicity
25529.080682395164,0.9999999852824607,10of10,Others,same_ethnicity
26738.41615839944,0.9999999916662385,10of10,Others,same_ethnicity
28005.03894183631,0.9999999954002193,10of10,Others,same_ethnicity
29331.662783900425,0.9999999975284913,10of10,Others,same_ethnicity
30721.12998861759,0.9999999987089987,10of10,Others,same_ethnicity
32176.417502507353,0.9999999993453453,10of10,Others,same_ethnicity
33700.64329271925,0.9999999996782118,10of10,Others,same_ethnicity
35297.0730273065,0.9999999998469195,10of10,Others,same_ethnicity
36969.12707195032,0.9999999999296361,10of10,Others,same_ethnicity
38720.38781812557,0.999999999968803,10of10,Others,same_ethnicity
40554.60735840828,0.9999999999866822,10of10,Others,same_ethnicity
42475.71552536894,0.9999999999945364,10of10,Others,same_ethnicity
44487.82831127585,0.9999999999978502,10of10,Others,same_ethnicity
46595.25668664687,0.9999999999991904,10of10,Others,same_ethnicity
48802.515836544335,0.9999999999997089,10of10,Others,same_ethnicity
51114.334834401656,0.9999999999999004,10of10,Others,same_ethnicity
53535.66677410719,0.9999999999999678,10of10,Others,same_ethnicity
56071.69938205458,0.9999999999999902,10of10,Others,same_ethnicity
58727.86613189489,0.9999999999999973,10of10,Others,same_ethnicity
61509.857885805046,0.9999999999999996,10of10,Others,same_ethnicity
64423.635087213705,1.0,10of10,Others,same_ethnicity
67475.44053110685,1.0,10of10,Others,same_ethnicity
70671.81273927492,1.0,10of10,Others,same_ethnicity
74019.59996915652,1.0,10of10,Others,same_ethnicity
77525.97488629464,1.0,10of10,Others,same_ethnicity
81198.44993184009,1.0,10of10,Others,same_ethnicity
85044.89341802668,1.0,10of10,Others,same_ethnicity
89073.5463861044,1.0,10of10,Others,same_ethnicity
93293.04026284696,1.0,10of10,Others,same_ethnicity
97712.41535346501,1.0,10of10,Others,same_ethnicity
102341.14021054527,1.0,10of10,Others,same_ethnicity
107189.13192051265,1.0,10of10,Others,same_ethnicity
112266.77735108136,1.0,10of10,Others,same_ethnicity
117584.95540521582,1.0,10of10,Others,same_ethnicity
123155.06032928261,1.0,10of10,Others,same_ethnicity
128989.02612533081,1.0,10of10,Others,same_ethnicity
135099.3521198025,1.0,10of10,Others,same_ethnicity
141499.1297434576,1.0,10of10,Others,same_ethnicity
148202.070579886,1.0,10of10,Others,same_ethnicity
155222.5357427048,1.0,10of10,Others,same_ethnicity
162575.56664437935,1.0,10of10,Others,same_ethnicity
170276.91722258978,1.0,10of10,Others,same_ethnicity
178343.08769319093,1.0,10of10,Others,same_ethnicity
186791.35990207846,1.0,10of10,Others,same_ethnicity
195639.8343517065,1.0,10of10,Others,same_ethnicity
204907.4689815846,1.0,10of10,Others,same_ethnicity
214614.11978584016,1.0,10of10,Others,same_ethnicity
224780.58335487253,1.0,10of10,Others,same_ethnicity
235428.64143224203,1.0,10of10,Others,same_ethnicity
246581.1075822604,1.0,10of10,Others,same_ethnicity
258261.87606826748,1.0,10of10,Others,same_ethnicity
270495.97304631316,1.0,10of10,Others,same_ethnicity
283309.6101839324,1.0,10of10,Others,same_ethnicity
296730.24081888725,1.0,10of10,Others,same_ethnicity
310786.6187782014,1.0,10of10,Others,same_ethnicity
325508.8599835056,1.0,10of10,Others,same_ethnicity
340928.50697468076,1.0,10of10,Others,same_ethnicity
357078.59649004624,1.0,10of10,Others,same_ethnicity
373993.73024788016,1.0,10of10,Others,same_ethnicity
391710.1490809261,1.0,10of10,Others,same_ethnicity
410265.81058271904,1.0,10of10,Others,same_ethnicity
429700.47043208353,1.0,10of10,Others,same_ethnicity
450055.76757004973,1.0,10of10,Others,same_ethnicity
471375.3134116729,1.0,10of10,Others,same_ethnicity
493704.7852839004,1.0,10of10,Others,same_ethnicity
517092.0242896755,1.0,10of10,Others,same_ethnicity
541587.1378079465,1.0,10of10,Others,same_ethnicity
567242.6068491978,1.0,10of10,Others,same_ethnicity
594113.3984965039,1.0,10of10,Others,same_ethnicity
622257.0836730232,1.0,10of10,Others,same_ethnicity
651733.960488242,1.0,10of10,Others,same_ethnicity
682607.1834272379,1.0,10of10,Others,same_ethnicity
714942.8986597577,1.0,10of10,Others,same_ethnicity
748810.385759003,1.0,10of10,Others,same_ethnicity
784282.2061337682,1.0,10of10,Others,same_ethnicity
821434.3584919422,1.0,10of10,Others,same_ethnicity
860346.4416684492,1.0,10of10,Others,same_ethnicity
901101.8251665018,1.0,10of10,Others,same_ethnicity
943787.8277775391,1.0,10of10,Others,same_ethnicity
988495.9046625586,1.0,10of10,Others,same_ethnicity
1035321.8432956616,1.0,10of10,Others,same_ethnicity
1084365.968689611,1.0,10of10,Others,same_ethnicity
1135733.358343105,1.0,10of10,Others,same_ethnicity
1189534.0673703207,1.0,10of10,Others,same_ethnicity
1245883.3642950081,1.0,10of10,Others,same_ethnicity
1304901.9780144016,1.0,10of10,Others,same_ethnicity
1366716.3564620074,1.0,10of10,Others,same_ethnicity
1431458.9375234786,1.0,10of10,Others,same_ethnicity
1499268.4327860472,1.0,10of10,Others,same_ethnicity
1570290.1247293775,1.0,10of10,Others,same_ethnicity
1644676.1779946627,1.0,10of10,Others,same_ethnicity
1722585.9653987875,1.0,10of10,Others,same_ethnicity
1804186.409392072,1.0,10of10,Others,same_ethnicity
1889652.3396912115,1.0,10of10,Others,same_ethnicity
1979166.8678535575,1.0,10of10,Others,same_ethnicity
2072921.77959537,1.0,10of10,Others,same_ethnicity
2171117.9456945052,1.0,10of10,Others,same_ethnicity
2273965.7523579276,1.0,10of10,Others,same_ethnicity
2381685.5519761606,1.0,10of10,Others,same_ethnicity
2494508.135230317,1.0,10of10,Others,same_ethnicity
2612675.2255633264,1.0,10of10,Others,same_ethnicity
2736439.997074672,1.0,10of10,Others,same_ethnicity
2866067.61694825,1.0,10of10,Others,same_ethnicity
3001835.813575592,1.0,10of10,Others,same_ethnicity
3144035.4715915,1.0,10of10,Others,same_ethnicity
3292971.255097148,1.0,10of10,Others,same_ethnicity
3448962.26040576,1.0,10of10,Others,same_ethnicity
3612342.6997094303,1.0,10of10,Others,same_ethnicity
3783462.6171319326,1.0,10of10,Others,same_ethnicity
3962688.638701478,1.0,10of10,Others,same_ethnicity
4150404.7578504723,1.0,10of10,Others,same_ethnicity
4347013.158125026,1.0,10of10,Others,same_ethnicity
4552935.074866948,1.0,10of10,Others,same_ethnicity
4768611.697714474,1.0,10of10,Others,same_ethnicity
4994505.11585514,1.0,10of10,Others,same_ethnicity
5231099.308056259,1.0,10of10,Others,same_ethnicity
5478901.179593945,1.0,10of10,Others,same_ethnicity
5738441.648302393,1.0,10of10,Others,same_ethnicity
6010276.782070388,1.0,10of10,Others,same_ethnicity
6294988.990221888,1.0,10of10,Others,same_ethnicity
6593188.271333542,1.0,10of10,Others,same_ethnicity
6905513.520162331,1.0,10of10,Others,same_ethnicity
7232633.896483534,1.0,10of10,Others,same_ethnicity
7575250.258771921,1.0,10of10,Others,same_ethnicity
7934096.665797492,1.0,10of10,Others,same_ethnicity
8309941.949353387,1.0,10of10,Others,same_ethnicity
8703591.361485166,1.0,10of10,Others,same_ethnicity
9115888.299750837,1.0,10of10,Others,same_ethnicity
9547716.114208067,1.0,10of10,Others,same_ethnicity
10000000.0,1.0,10of10,Others,same_ethnicity
1000.0,0.037011247378207435,10of10,Others,cross_ethnic
1047.3708979594498,0.03849563467799419,10of10,Others,cross_ethnic
1096.985797892384,0.040031670607440874,10of10,Others,cross_ethnic
1148.9510001873086,0.04162074794011604,10of10,Others,cross_ethnic
1203.3778407775892,0.04326428704874977,10of10,Others,cross_ethnic
1260.3829296797273,0.04496373704667702,10of10,Others,cross_ethnic
1320.088400831418,0.04672057694335366,10of10,Others,cross_ethnic
1382.6221737646563,0.048536316784805515,10of10,Others,cross_ethnic
1448.118227674533,0.05041249874566361,10of10,Others,cross_ethnic
1516.7168884709226,0.05235069813554581,10of10,Others,cross_ethnic
1588.5651294280526,0.054352524279111754,10of10,Others,cross_ethnic
1663.816886076129,0.056419621226293626,10of10,Others,cross_ethnic
1742.6333860096508,0.05855366824711761,10of10,Others,cross_ethnic
1825.1834943190424,0.06075638006430001,10of10,Others,cross_ethnic
1911.6440753857016,0.06302950677651024,10of10,Others,cross_ethnic
2002.2003718155845,0.06537483342589333,10of10,Others,cross_ethnic
2097.0464013232327,0.06779417916514938,10of10,Others,cross_ethnic
2196.385372416547,0.07028939598214076,10of10,Others,cross_ethnic
2300.430119772917,0.07286236694356471,10of10,Others,cross_ethnic
2409.4035602395243,0.07551500392357399,10of10,Others,cross_ethnic
2523.5391704347658,0.0782492447881972,10of10,Others,cross_ethnic
2643.0814869741057,0.08106705001183863,10of10,Others,cross_ethnic
2768.2866303920664,0.08397039870784131,10of10,Others,cross_ethnic
2899.422853882875,0.08696128406090975,10of10,Others,cross_ethnic
3036.771118035457,0.09004170815496565,10of10,Others,cross_ethnic
3180.625692794119,0.09321367619563853,10of10,Others,cross_ethnic
3331.2947879346734,0.09647919013201908,10of10,Others,cross_ethnic
3489.1012134067737,0.09984024168750676,10of10,Others,cross_ethnic
3654.3830709572544,0.10329880481460632,10of10,Others,cross_ethnic
3827.494478516311,0.10685682759343199,10of10,Others,cross_ethnic
4008.8063288984645,0.11051622359854607,10of10,Others,cross_ethnic
4198.70708444391,0.11427886276366579,10of10,Others,cross_ethnic
4397.603609302721,0.1181465617787449,10of10,Others,cross_ethnic
4605.922041145103,0.12212107405896458,10of10,Others,cross_ethnic
4824.108704165369,0.12620407933014982,10of10,Others,cross_ethnic
5052.6310653356795,0.13039717287989314,10of10,Others,cross_ethnic
5291.978735958442,0.13470185452798863,10of10,Others,cross_ethnic
5542.664520663107,0.1391195173733678,10of10,Others,cross_ethnic
5805.225516094895,0.14365143637731578,10of10,Others,cross_ethnic
6080.224261649427,0.14829875684409005,10of10,Others,cross_ethnic
6368.249944718586,0.15306248286000806,10of10,Others,cross_ethnic
6669.919663030122,0.15794346575061052,10of10,Others,cross_ethnic
6985.879746785249,0.16294239261274934,10of10,Others,cross_ethnic
7316.807143427192,0.16805977497472419,10of10,Others,cross_ethnic
7663.410868007462,0.17329593763332066,10of10,Others,cross_ethnic
8026.4335222571735,0.17865100771237483,10of10,Others,cross_ethnic
8406.652885618325,0.1841249039839561,10of10,Others,cross_ethnic
8804.883581643464,0.18971732649106787,10of10,Others,cross_ethnic
9221.978823334322,0.1954277465105835,10of10,Others,cross_ethnic
9658.832241158709,0.20125539689745575,10of10,Others,cross_ethnic
10116.37979766207,0.20719926285647644,10of10,Others,cross_ethnic
10595.601792776148,0.2132580731961969,10of10,Others,cross_ethnic
11097.524964120721,0.21943029213098558,10of10,Others,cross_ethnic
11623.224686798518,0.22571411171129405,10of10,Others,cross_ethnic
12173.82727739662,0.2321074449783856,10of10,Others,cross_ethnic
12750.512407130129,0.23860791995709496,10of10,Others,cross_ethnic
13354.515629298974,0.245212874617436,10of10,Others,cross_ethnic
13987.131026472387,0.2519193529514736,10of10,Others,cross_ethnic
14649.713983072848,0.2587241023241861,10of10,Others,cross_ethnic
15343.684089300132,0.2656235722642387,10of10,Others,cross_ethnic
16070.528182616385,0.27261391486096515,10of10,Others,cross_ethnic
16831.80353330955,0.27969098692596117,10of10,Others,cross_ethnic
17629.14118095948,0.28685035406044657,10of10,Others,cross_ethnic
18464.249428955427,0.2940872967425161,10of10,Others,cross_ethnic
19338.917504552322,0.301396818511795,10of10,Others,cross_ethnic
20255.019392306665,0.30877365628383624,10of10,Others,cross_ethnic
21214.517849106276,0.31621229277467294,10of10,Others,cross_ethnic
22219.468609395237,0.32370697095969314,10of10,Others,cross_ethnic
23272.024789604075,0.33125171043354285,10of10,Others,cross_ethnic
24374.441501222216,0.3388403254824587,10of10,Others,cross_ethnic
25529.080682395164,0.34646644463080933,10of10,Others,cross_ethnic
26738.41615839944,0.35412353138308056,10of10,Others,cross_ethnic
28005.03894183631,0.36180490585394204,10of10,Others,cross_ethnic
29331.662783900425,0.36950376696466125,10of10,Others,cross_ethnic
30721.12998861759,0.37721321488522574,10of10,Others,cross_ethnic
32176.417502507353,0.3849262734183134,10of10,Others,cross_ethnic
33700.64329271925,0.3926359120527766,10of10,Others,cross_ethnic
35297.0730273065,0.4003350674584381,10of10,Others,cross_ethnic
36969.12707195032,0.40801666424770155,10of10,Others,cross_ethnic
38720.38781812557,0.41567363488886366,10of10,Others,cross_ethnic
40554.60735840828,0.4232989387167828,10of10,Others,cross_ethnic
42475.71552536894,0.4308855800443129,10of10,Others,cross_ethnic
44487.82831127585,0.4384266254285225,10of10,Others,cross_ethnic
46595.25668664687,0.4459152201856694,10of10,Others,cross_ethnic
48802.515836544335,0.4533446042755817,10of10,Others,cross_ethnic
51114.334834401656,0.46070812768795866,10of10,Others,cross_ethnic
53535.66677410719,0.46799926545977377,10of10,Others,cross_ethnic
56071.69938205458,0.4752116324352279,10of10,Others,cross_ethnic
58727.86613189489,0.48233899784937145,10of10,Others,cross_ethnic
61509.857885805046,0.48937529977632455,10of10,Others,cross_ethnic
64423.635087213705,0.49631465943634956,10of10,Others,cross_ethnic
67475.44053110685,0.5031513953066804,10of10,Others,cross_ethnic
70671.81273927492,0.5098800369329965,10of10,Others,cross_ethnic
74019.59996915652,0.5164953382956321,10of10,Others,cross_ethnic
77525.97488629464,0.5229922905506609,10of10,Others,cross_ethnic
81198.44993184009,0.5293661339439096,10of10,Others,cross_ethnic
85044.89341802668,0.5356123686880487,10of10,Others,cross_ethnic
89073.5463861044,0.5417267646005299,10of10,Others,cross_ethnic
93293.04026284696,0.5477053693236107,10of10,Others,cross_ethnic
97712.41535346501,0.5535445149862228,10of10,Others,cross_ethnic
102341.14021054527,0.5592408232190814,10of10,Others,cross_ethnic
107189.13192051265,0.5647912084962983,10of10,Others,cross_ethnic
112266.77735108136,0.5701928798450968,10of10,Others,cross_ethnic
117584.95540521582,0.575443341035704,10of10,Others,cross_ethnic
123155.06032928261,0.5805403894315134,10of10,Others,cross_ethnic
128989.02612533081,0.5854821137406064,10of10,Others,cross_ethnic
135099.3521198025,0.5902668909595061,10of10,Others,cross_ethnic
141499.1297434576,0.594893382835038,10of10,Others,cross_ethnic
148202.070579886,0.5993605321876921,10of10,Others,cross_ethnic
155222.5357427048,0.6036675594382016,10of10,Others,cross_ethnic
162575.56664437935,0.6078139596575017,10of10,Others,cross_ethnic
170276.91722258978,0.6117995004192261,10of10,Others,cross_ethnic
178343.08769319093,0.6156242206748312,10of10,Others,cross_ethnic
186791.35990207846,0.6192884307966785,10of10,Others,cross_ethnic
195639.8343517065,0.6227927138471245,10of10,Others,cross_ethnic
204907.4689815846,0.6261379280358066,10of10,Others,cross_ethnic
214614.11978584016,0.6293252102273492,10of10,Others,cross_ethnic
224780.58335487253,0.6323559802625689,10of10,Others,cross_ethnic
235428.64143224203,0.6352319457630097,10of10,Others,cross_ethnic
246581.1075822604,0.6379551070062812,10of10,Others,cross_ethnic
258261.87606826748,0.6405277613928576,10of10,Others,cross_ethnic
270495.97304631316,0.6429525069776604,10of10,Others,cross_ethnic
283309.6101839324,0.6452322445149723,10of10,Others,cross_ethnic
296730.24081888725,0.6473701774649504,10of10,Others,cross_ethnic
310786.6187782014,0.6493698094349818,10of10,Others,cross_ethnic
325508.8599835056,0.6512349385789333,10of10,Others,cross_ethnic
340928.50697468076,0.6529696485504211,10of10,Others,cross_ethnic
357078.59649004624,0.6545782957000581,10of10,Others,cross_ethnic
373993.73024788016,0.6560654923179047,10of10,Others,cross_ethnic
391710.1490809261,0.6574360858470306,10of10,Others,cross_ethnic
410265.81058271904,0.6586951341277656,10of10,Others,cross_ethnic
429700.47043208353,0.6598478768699247,10of10,Others,cross_ethnic
450055.76757004973,0.6608997036869195,10of10,Others,cross_ethnic
471375.3134116729,0.6618561191558693,10of10,Others,cross_ethnic
493704.7852839004,0.6627227054862515,10of10,Others,cross_ethnic
517092.0242896755,0.6635050834811154,10of10,Others,cross_ethnic
541587.1378079465,0.664208872554674,10of10,Others,cross_ethnic
567242.6068491978,0.6648396506240597,10of10,Others,cross_ethnic
594113.3984965039,0.6654029147180693,10of10,Others,cross_ethnic
622257.0836730232,0.665904043139855,10of10,Others,cross_ethnic
651733.960488242,0.6663482599832209,10of10,Others,cross_ethnic
682607.1834272379,0.6667406027344612,10of10,Others,cross_ethnic
714942.8986597577,0.6670858935961187,10of10,Others,cross_ethnic
748810.385759003,0.6673887150497643,10of10,Others,cross_ethnic
784282.2061337682,0.6676533900373317,10of10,Others,cross_ethnic
821434.3584919422,0.6678839669911775,10of10,Others,cross_ethnic
860346.4416684492,0.6680842097890144,10of10,Others,cross_ethnic
901101.8251665018,0.6682575925585174,10of10,Others,cross_ethnic
943787.8277775391,0.6684072991148238,10of10,Others,cross_ethnic
988495.9046625586,0.6685362266886309,10of10,Others,cross_ethnic
1035321.8432956616,0.6686469934983097,10of10,Others,cross_ethnic
1084365.968689611,0.6687419496400853,10of10,Others,cross_ethnic
1135733.358343105,0.6688231907178548,10of10,Others,cross_ethnic
1189534.0673703207,0.6688925736089448,10of10,Others,cross_ethnic
1245883.3642950081,0.6689517337626986,10of10,Others,cross_ethnic
1304901.9780144016,0.6690021034525307,10of10,Others,cross_ethnic
1366716.3564620074,0.6690449304452306,10of10,Others,cross_ethnic
1431458.9375234786,0.6690812966093838,10of10,Others,cross_ethnic
1499268.4327860472,0.6691121360531382,10of10,Others,cross_ethnic
1570290.1247293775,0.6691382524555473,10of10,Others,cross_ethnic
1644676.1779946627,0.669160335331184,10of10,Others,cross_ethnic
1722585.9653987875,0.6691789750410955,10of10,Others,cross_ethnic
1804186.409392072,0.66919467643162,10of10,Others,cross_ethnic
1889652.3396912115,0.6692078710441128,10of10,Others,cross_ethnic
1979166.8678535575,0.6692189278919038,10of10,Others,cross_ethnic
2072921.77959537,0.6692281628452018,10of10,Others,cross_ethnic
2171117.9456945052,0.6692358466999677,10of10,Others,cross_ethnic
2273965.7523579276,0.6692422120332504,10of10,Others,cross_ethnic
2381685.5519761606,0.6692474589655573,10of10,Others,cross_ethnic
2494508.135230317,0.6692517599611971,10of10,Others,cross_ethnic
2612675.2255633264,0.6692552638009863,10of10,Others,cross_ethnic
2736439.997074672,0.6692580988591534,10of10,Others,cross_ethnic
2866067.61694825,0.6692603758087414,10of10,Others,cross_ethnic
3001835.813575592,0.6692621898683859,10of10,Others,cross_ethnic
3144035.4715915,0.6692636226892001,10of10,Others,cross_ethnic
3292971.255097148,0.6692647439647765,10of10,Others,cross_ethnic
3448962.26040576,0.6692656128311751,10of10,Others,cross_ethnic
3612342.6997094303,0.669266279108168,10of10,Others,cross_ethnic
3783462.6171319326,0.6692667844188169,10of10,Others,cross_ethnic
3962688.638701478,0.6692671632122771,10of10,Others,cross_ethnic
4150404.7578504723,0.6692674437048929,10of10,Others,cross_ethnic
4347013.158125026,0.6692676487473294,10of10,Others,cross_ethnic
4552935.074866948,0.669267796620544,10of10,Others,cross_ethnic
4768611.697714474,0.6692679017605953,10of10,Others,cross_ethnic
4994505.11585514,0.669267975411208,10of10,Others,cross_ethnic
5231099.308056259,0.6692680262032367,10of10,Others,cross_ethnic
5478901.179593945,0.6692680606612348,10of10,Others,cross_ethnic
5738441.648302393,0.6692680836388434,10of10,Others,cross_ethnic
6010276.782070388,0.6692680986863222,10of10,Others,cross_ethnic
6294988.990221888,0.6692681083550137,10of10,Others,cross_ethnic
6593188.271333542,0.6692681144446744,10of10,Others,cross_ethnic
6905513.520162331,0.6692681182003696,10of10,Others,cross_ethnic
7232633.896483534,0.6692681204659663,10of10,Others,cross_ethnic
7575250.258771921,0.6692681218012231,10of10,Others,cross_ethnic
7934096.665797492,0.6692681225691189,10of10,Others,cross_ethnic
8309941.949353387,0.6692681229994777,10of10,Others,cross_ethnic
8703591.361485166,0.6692681232341999,10of10,Others,cross_ethnic
9115888.299750837,0.6692681233586073,10of10,Others,cross_ethnic
9547716.114208067,0.6692681234225878,10of10,Others,cross_ethnic
10000000.0,0.6692681234544641,10of10,Others,cross_ethnic
1000.0,0.19711572928673643,10of10,Combined,same_ethnicity
1047.3708979594498,0.20417360622008213,10of10,Combined,same_ethnicity
1096.985797892384,0.2114092643957695,10of10,Combined,same_ethnicity
1148.9510001873086,0.21882243622775288,10of10,Combined,same_ethnicity
1203.3778407775892,0.22641254550219472,10of10,Combined,same_ethnicity
1260.3829296797273,0.23417869696411764,10of10,Combined,same_ethnicity
1320.088400831418,0.2421196664638362,10of10,Combined,same_ethnicity
1382.6221737646563,0.25023389170651605,10of10,Combined,same_ethnicity
1448.118227674533,0.2585194636537398,10of10,Combined,same_ethnicity
1516.7168884709226,0.26697411863373083,10of10,Combined,same_ethnicity
1588.5651294280526,0.275595231226802,10of10,Combined,same_ethnicity
1663.816886076129,0.2843798080043719,10of10,Combined,same_ethnicity
1742.6333860096508,0.29332448221304014,10of10,Combined,same_ethnicity
1825.1834943190424,0.302425509509046,10of10,Combined,same_ethnicity
1911.6440753857016,0.3116787648620689,10of10,Combined,same_ethnicity
2002.2003718155845,0.32107974075972584,10of10,Combined,same_ethnicity
2097.0464013232327,0.3306235468541501,10of10,Combined,same_ethnicity
2196.385372416547,0.3403049111985012,10of10,Combined,same_ethnicity
2300.430119772917,0.35011818322305527,10of10,Combined,same_ethnicity
2409.4035602395243,0.36005733859667405,10of10,Combined,same_ethnicity
2523.5391704347658,0.3701159861092019,10of10,Combined,same_ethnicity
2643.0814869741057,0.3802873766933121,10of10,Combined,same_ethnicity
2768.2866303920664,0.3905644146804657,10of10,Combined,same_ethnicity
2899.422853882875,0.4009396713554098,10of10,Combined,same_ethnicity
3036.771118035457,0.4114054008378617,10of10,Combined,same_ethnicity
3180.625692794119,0.4219535582799585,10of10,Combined,same_ethnicity
3331.2947879346734,0.432575820325281,10of10,Combined,same_ethnicity
3489.1012134067737,0.4432636077315547,10of10,Combined,same_ethnicity
3654.3830709572544,0.45400811001635605,10of10,Combined,same_ethnicity
3827.494478516311,0.46480031194510807,10of10,Combined,same_ethnicity
4008.8063288984645,0.47563102164489857,10of10,Combined,same_ethnicity
4198.70708444391,0.48649090009750906,10of10,Combined,same_ethnicity
4397.603609302721,0.4973704917413755,10of10,Combined,same_ethnicity
4605.922041145103,0.5082602558955355,10of10,Combined,same_ethnicity
4824.108704165369,0.5191505987090831,10of10,Combined,same_ethnicity
5052.6310653356795,0.5300319053370918,10of10,Combined,same_ethnicity
5291.978735958442,0.5408945720480192,10of10,Combined,same_ethnicity
5542.664520663107,0.5517290379778184,10of10,Combined,same_ethnicity
5805.225516094895,0.5625258162618596,10of10,Combined,same_ethnicity
6080.224261649427,0.5732755242969184,10of10,Combined,same_ethnicity
6368.249944718586,0.5839689129114797,10of10,Combined,same_ethnicity
6669.919663030122,0.5945968942531368,10of10,Combined,same_ethnicity
6985.879746785249,0.6051505682364343,10of10,Combined,same_ethnicity
7316.807143427192,0.6156212474326055,10of10,Combined,same_ethnicity
7663.410868007462,0.626000480323399,10of10,Combined,same_ethnicity
8026.4335222571735,0.6362800728834882,10of10,Combined,same_ethnicity
8406.652885618325,0.6464521084983237,10of10,Combined,same_ethnicity
8804.883581643464,0.656508966264966,10of10,Combined,same_ethnicity
9221.978823334322,0.6664433377604972,10of10,Combined,same_ethnicity
9658.832241158709,0.6762482423940199,10of10,Combined,same_ethnicity
10116.37979766207,0.6859170414821343,10of10,Combined,same_ethnicity
10595.601792776148,0.6954434512025284,10of10,Combined,same_ethnicity
11097.524964120721,0.7048215545846944,10of10,Combined,same_ethnicity
11623.224686798518,0.7140458126901634,10of10,Combined,same_ethnicity
12173.82727739662,0.7231110751168658,10of10,Combined,same_ethnicity
12750.512407130129,0.732012589933707,10of10,Combined,same_ethnicity
13354.515629298974,0.740746013113152,10of10,Combined,same_ethnicity
13987.131026472387,0.7493074174828087,10of10,Combined,same_ethnicity
14649.713983072848,0.7576933011634845,10of10,Combined,same_ethnicity
15343.684089300132,0.7659005954029222,10of10,Combined,same_ethnicity
16070.528182616385,0.77392667165377,10of10,Combined,same_ethnicity
16831.80353330955,0.7817693476840022,10of10,Combined,same_ethnicity
17629.14118095948,0.7894268924508673,10of10,Combined,same_ethnicity
18464.249428955427,0.7968980294189301,10of10,Combined,same_ethnicity
19338.917504552322,0.804181937962259,10of10,Combined,same_ethnicity
20255.019392306665,0.8112782524639885,10of10,Combined,same_ethnicity
21214.517849106276,0.8181870587167049,10of10,Combined,same_ethnicity
22219.468609395237,0.8249088872373342,10of10,Combined,same_ethnicity
23272.024789604075,0.8314447031426586,10of10,Combined,same_ethnicity
24374.441501222216,0.8377958922873384,10of10,Combined,same_ethnicity
25529.080682395164,0.8439642434451481,10of10,Combined,same_ethnicity
26738.41615839944,0.8499519264144529,10of10,Combined,same_ethnicity
28005.03894183631,0.8557614660475366,10of10,Combined,same_ethnicity
29331.662783900425,0.8613957123358166,10of10,Combined,same_ethnicity
30721.12998861759,0.8668578068235255,10of10,Combined,same_ethnicity
32176.417502507353,0.8721511457645831,10of10,Combined,same_ethnicity
33700.64329271925,0.877279340574143,10of10,Combined,same_ethnicity
35297.0730273065,0.8822461762505412,10of10,Combined,same_ethnicity
36969.12707195032,0.8870555685483784,10of10,Combined,same_ethnicity
38720.38781812557,0.8917115207632856,10of10,Combined,same_ethnicity
40554.60735840828,0.8962180810386504,10of10,Combined,same_ethnicity
42475.71552536894,0.900579301120886,10of10,Combined,same_ethnicity
44487.82831127585,0.9047991974709427,10of10,Combined,same_ethnicity
46595.25668664687,0.90888171558573,10of10,Combined,same_ethnicity
48802.515836544335,0.9128306982957727,10of10,Combined,same_ethnicity
51114.334834401656,0.9166498586881985,10of10,Combined,same_ethnicity
53535.66677410719,0.9203427581619912,10of10,Combined,same_ethnicity
56071.69938205458,0.9239127899613896,10of10,Combined,same_ethnicity
58727.86613189489,0.9273631683602254,10of10,Combined,same_ethnicity
61509.857885805046,0.9306969234922391,10of10,Combined,same_ethnicity
64423.635087213705,0.9339169016473337,10of10,Combined,same_ethnicity
67475.44053110685,0.9370257706885,10of10,Combined,same_ethnicity
70671.81273927492,0.9400260300952644,10of10,Combined,same_ethnicity
74019.59996915652,0.9429200250126224,10of10,Combined,same_ethnicity
77525.97488629464,0.9457099635840979,10of10,Combined,same_ethnicity
81198.44993184009,0.9483979367770413,10of10,Combined,same_ethnicity
85044.89341802668,0.9509859398695055,10of10,Combined,same_ethnicity
89073.5463861044,0.9534758947614945,10of10,Combined,same_ethnicity
93293.04026284696,0.9558696722982116,10of10,Combined,same_ethnicity
97712.41535346501,0.9581691138469594,10of10,Combined,same_ethnicity
102341.14021054527,0.9603760514492148,10of10,Combined,same_ethnicity
107189.13192051265,0.9624923259707023,10of10,Combined,same_ethnicity
112266.77735108136,0.9645198027898106,10of10,Combined,same_ethnicity
117584.95540521582,0.9664603846925892,10of10,Combined,same_ethnicity
123155.06032928261,0.968316021774678,10of10,Combined,same_ethnicity
128989.02612533081,0.9700887182806882,10of10,Combined,same_ethnicity
135099.3521198025,0.9717805364339287,10of10,Combined,same_ethnicity
141499.1297434576,0.9733935974187643,10of10,Combined,same_ethnicity
148202.070579886,0.9749300797700562,10of10,Combined,same_ethnicity
155222.5357427048,0.9763922154959963,10of10,Combined,same_ethnicity
162575.56664437935,0.9777822843104587,10of10,Combined,same_ethnicity
170276.91722258978,0.9791026063783485,10of10,Combined,same_ethnicity
178343.08769319093,0.9803555339832096,10of10,Combined,same_ethnicity
186791.35990207846,0.9815434425125752,10of10,Combined,same_ethnicity
195639.8343517065,0.9826687211261306,10of10,Combined,same_ethnicity
204907.4689815846,0.9837337634282732,10of10,Combined,same_ethnicity
214614.11978584016,0.9847409584140346,10of10,Combined,same_ethnicity
224780.58335487253,0.985692681899592,10of10,Combined,same_ethnicity
235428.64143224203,0.9865912885896013,10of10,Combined,same_ethnicity
246581.1075822604,0.9874391048767741,10of10,Combined,same_ethnicity
258261.87606826748,0.9882384224174016,10of10,Combined,same_ethnicity
270495.97304631316,0.9889914924820836,10of10,Combined,same_ethnicity
283309.6101839324,0.9897005210452003,10of10,Combined,same_ethnicity
296730.24081888725,0.990367664550356,10of10,Combined,same_ethnicity
310786.6187782014,0.9909950262721589,10of10,Combined,same_ethnicity
325508.8599835056,0.9915846531867017,10of10,Combined,same_ethnicity
340928.50697468076,0.9921385332629933,10of10,Combined,same_ethnicity
357078.59649004624,0.9926585930940964,10of10,Combined,same_ethnicity
373993.73024788016,0.9931466957984281,10of10,Combined,same_ethnicity
391710.1490809261,0.9936046391371051,10of10,Combined,same_ethnicity
410265.81058271904,0.9940341538109834,10of10,Combined,same_ethnicity
429700.47043208353,0.9944369019197469,10of10,Combined,same_ethnicity
450055.76757004973,0.9948144755838593,10of10,Combined,same_ethnicity
471375.3134116729,0.9951683957471936,10of10,Combined,same_ethnicity
493704.7852839004,0.99550011119273,10of10,Combined,same_ethnicity
517092.0242896755,0.9958109978149093,10of10,Combined,same_ethnicity
541587.1378079465,0.9961023581993815,10of10,Combined,same_ethnicity
567242.6068491978,0.9963754215634472,10of10,Combined,same_ethnicity
594113.3984965039,0.9966313441082572,10of10,Combined,same_ethnicity
622257.0836730232,0.9968712098268366,10of10,Combined,same_ethnicity
651733.960488242,0.997096031800651,10of10,Combined,same_ethnicity
682607.1834272379,0.9973067540023901,10of10,Combined,same_ethnicity
714942.8986597577,0.9975042536048937,10of10,Combined,same_ethnicity
748810.385759003,0.997689343776822,10of10,Combined,same_ethnicity
784282.2061337682,0.9978627769260995,10of10,Combined,same_ethnicity
821434.3584919422,0.9980252483336208,10of10,Combined,same_ethnicity
860346.4416684492,0.9981774001034733,10of10,Combined,same_ethnicity
901101.8251665018,0.9983198253430831,10of10,Combined,same_ethnicity
943787.8277775391,0.9984530724780671,10of10,Combined,same_ethnicity
988495.9046625586,0.9985776496027109,10of10,Combined,same_ethnicity
1035321.8432956616,0.9986940287680862,10of10,Combined,same_ethnicity
1084365.968689611,0.9988026501156877,10of10,Combined,same_ethnicity
1135733.358343105,0.998903925774605,10of10,Combined,same_ethnicity
1189534.0673703207,0.9989982434538451,10of10,Combined,same_ethnicity
1245883.3642950081,0.999085969677481,10of10,Combined,same_ethnicity
1304901.9780144016,0.9991674526276683,10of10,Combined,same_ethnicity
1366716.3564620074,0.9992430245781342,10of10,Combined,same_ethnicity
1431458.9375234786,0.9993130039174088,10of10,Combined,same_ethnicity
1499268.4327860472,0.9993776967759639,10of10,Combined,same_ethnicity
1570290.1247293775,0.9994373982838828,10of10,Combined,same_ethnicity
1644676.1779946627,0.999492393495293,10of10,Combined,same_ethnicity
1722585.9653987875,0.9995429580224053,10of10,Combined,same_ethnicity
1804186.409392072,0.9995893584256899,10of10,Combined,same_ethnicity
1889652.3396912115,0.9996318524077541,10of10,Combined,same_ethnicity
1979166.8678535575,0.9996706888572711,10of10,Combined,same_ethnicity
2072921.77959537,0.9997061077862899,10of10,Combined,same_ethnicity
2171117.9456945052,0.9997383401999731,10of10,Combined,same_ethnicity
2273965.7523579276,0.9997676079326823,10of10,Combined,same_ethnicity
2381685.5519761606,0.9997941234788238,10of10,Combined,same_ethnicity
2494508.135230317,0.999818089841282,10of10,Combined,same_ethnicity
2612675.2255633264,0.9998397004148912,10of10,Combined,same_ethnicity
2736439.997074672,0.9998591389173888,10of10,Combined,same_ethnicity
2866067.61694825,0.9998765793757619,10of10,Combined,same_ethnicity
3001835.813575592,0.9998921861719101,10of10,Combined,same_ethnicity
3144035.4715915,0.9999061141480897,10of10,Combined,same_ethnicity
3292971.255097148,0.9999185087697137,10of10,Combined,same_ethnicity
3448962.26040576,0.9999295063407063,10of10,Combined,same_ethnicity
3612342.6997094303,0.9999392342647863,10of10,Combined,same_ethnicity
3783462.6171319326,0.9999478113447458,10of10,Combined,same_ethnicity
3962688.638701478,0.9999553481110274,10of10,Combined,same_ethnicity
4150404.7578504723,0.99996194717066,10of10,Combined,same_ethnicity
4347013.158125026,0.9999677035678837,10of10,Combined,same_ethnicity
4552935.074866948,0.9999727051485277,10of10,Combined,same_ethnicity
4768611.697714474,0.9999770329213394,10of10,Combined,same_ethnicity
4994505.11585514,0.9999807614108935,10of10,Combined,same_ethnicity
5231099.308056259,0.9999839589983202,10of10,Combined,same_ethnicity
5478901.179593945,0.9999866882477584,10of10,Combined,same_ethnicity
5738441.648302393,0.999989006218008,10of10,Combined,same_ethnicity
6010276.782070388,0.9999909647602292,10of10,Combined,same_ethnicity
6294988.990221888,0.9999926108035939,10of10,Combined,same_ethnicity
6593188.271333542,0.9999939866314933,10of10,Combined,same_ethnicity
6905513.520162331,0.9999951301511961,10of10,Combined,same_ethnicity
7232633.896483534,0.9999960751597622,10of10,Combined,same_ethnicity
7575250.258771921,0.9999968516085869,10of10,Combined,same_ethnicity
7934096.665797492,0.9999974858682553,10of10,Combined,same_ethnicity
8309941.949353387,0.9999980009945177,10of10,Combined,same_ethnicity
8703591.361485166,0.9999984169952615,10of10,Combined,same_ethnicity
9115888.299750837,0.9999987510974478,10of10,Combined,same_ethnicity
9547716.114208067,0.9999990180121896,10of10,Combined,same_ethnicity
10000000.0,0.9999992301955416,10of10,Combined,same_ethnicity
