haplotype,frequency,cluster
02:06|15:35|07:02|15:02|05:02,0.0004859086823831499,Cluster_1
33:03|40:06|15:02|11:01|02:01,3.0369292648946868e-05,Cluster_1
24:02|35:08|04:01|04:07|02:01,3.0369292648946868e-05,Cluster_1
23:01|50:01|06:02|03:01|06:02,3.0369292648946868e-05,Cluster_1
26:01|44:29|05:01|04:01|03:02,3.0369292648946868e-05,Cluster_1
02:03|13:01|03:04|15:01|06:10,0.0004859086823831499,Cluster_1
11:01|55:02|12:03|14:05|05:03,3.0369292648946868e-05,Cluster_1
24:02|27:06|03:04|12:02|03:01,0.0004859086823831499,Cluster_1
30:01|15:10|03:03|11:01|03:01,0.00024295434119157494,Cluster_1
33:03|07:02|07:02|04:03|03:02,0.0005081415891020814,Cluster_1
31:01|35:01|04:01|11:01|03:01,0.0009718173647662998,Cluster_1
74:01|40:06|15:02|11:01|02:01,3.0369292648946868e-05,Cluster_1
02:17|40:06|04:01|11:04|02:01,3.0369292648946868e-05,Cluster_1
01:01|15:18|07:04|04:01|03:02,0.0009718173647662998,Cluster_1
01:01|37:01|06:02|11:01|03:01,0.0004859086823831499,Cluster_1
03:01|55:02|07:01|03:01|02:01,3.0369292648946868e-05,Cluster_1
32:01|49:01|07:01|13:02|06:04,0.0004859086823831499,Cluster_1
24:02|54:01|01:02|04:03|03:02,0.0004859086823831499,Cluster_1
11:01|15:01|01:02|14:04|05:03,0.0004859086823831499,Cluster_1
31:01|07:02|04:01|15:01|02:01,0.00012147717059578747,Cluster_1
02:11|38:02|07:02|16:02|02:01,3.0369292648946868e-05,Cluster_1
68:02|07:02|15:05|03:01|02:01,0.0004859086823831499,Cluster_1
02:05|58:01|07:01|14:01|05:03,0.0009718173647662998,Cluster_1
23:01|50:01|06:02|03:01|02:01,3.0369292648946868e-05,Cluster_1
25:01|08:01|07:01|01:01|05:01,0.0004859086823831499,Cluster_1
01:01|57:01|07:01|07:01|03:03,0.0004859086823831499,Cluster_1
31:01|18:01|15:02|12:02|05:02,0.0009718173647662998,Cluster_1
24:02|15:01|03:03|04:06|03:02,0.0004859086823831499,Cluster_1
24:02|40:01|06:02|15:01|02:01,3.0369292648946868e-05,Cluster_1
24:02|14:01|06:02|07:01|03:01,3.0369292648946868e-05,Cluster_1
11:01|15:02|08:01|15:01|06:01,0.0009513170392353532,Cluster_1
02:01|37:01|07:01|08:01|06:03,3.0369292648946868e-05,Cluster_1
03:01|40:06|12:03|14:05|02:01,3.0369292648946868e-05,Cluster_1
24:02|18:01|07:01|11:01|03:01,0.0004859086823831499,Cluster_1
26:01|44:29|07:01|13:01|03:02,3.0369292648946868e-05,Cluster_1
24:02|35:01|04:01|15:01|05:02,0.0004859086823831499,Cluster_1
24:02|18:01|07:01|04:03|03:02,0.0004859086823831499,Cluster_1
11:01|15:02|08:01|15:01|06:10,0.0004859086823831499,Cluster_1
01:01|27:05|02:02|04:01|03:01,0.0004859086823831499,Cluster_1
11:01|35:01|07:01|08:04|03:02,3.0369292648946868e-05,Cluster_1
24:02|14:01|04:01|07:01|03:01,3.0369292648946868e-05,Cluster_1
24:02|35:08|06:02|07:01|02:01,3.0369292648946868e-05,Cluster_1
02:03|39:09|07:02|11:06|03:01,0.0004859086823831499,Cluster_1
26:01|15:01|01:02|08:01|04:02,0.0004859086823831499,Cluster_1
01:03|73:01|15:05|15:01|06:01,0.0004859086823831499,Cluster_1
24:02|15:12|03:03|07:01|03:01,0.0004859086823831499,Cluster_1
25:01|07:02|03:04|15:01|06:02,0.0004859086823831499,Cluster_1
02:01|13:01|03:04|12:02|03:01,0.0004859086823831499,Cluster_1
11:01|15:03|12:03|04:04|04:02,0.0009718173647662998,Cluster_1
02:01|15:01|07:02|12:02|03:01,0.0004859086823831499,Cluster_1
02:06|51:01|15:02|09:01|03:03,0.0004859086823831499,Cluster_1
02:01|51:01|04:01|07:01|02:01,0.0004859086823831499,Cluster_1
29:02|08:01|07:01|03:01|02:01,0.0009796565496841651,Cluster_1
03:02|50:01|06:02|07:01|02:01,0.0004859086823831499,Cluster_1
03:01|44:02|05:01|04:01|03:01,0.0004859086823831499,Cluster_1
24:02|27:04|12:02|04:05|04:01,0.0004859086823831499,Cluster_1
11:01|35:03|12:03|03:01|02:01,0.004859086823831499,Cluster_1
03:01|35:03|15:04|10:01|05:01,0.0004859086823831499,Cluster_1
02:01|15:03|02:10|11:01|03:01,0.0004859086823831499,Cluster_1
02:01|08:01|07:01|15:01|06:02,0.0004903481224998311,Cluster_1
30:01|13:02|06:02|16:01|05:02,0.0004859086823831499,Cluster_1
02:01|40:02|02:02|08:01|04:02,0.0004859086823831499,Cluster_1
31:01|35:20|07:02|07:01|06:02,0.00012147717059578747,Cluster_1
03:01|27:05|01:02|01:01|05:01,0.0004411985556339535,Cluster_1
34:01|15:35|07:02|04:05|05:03,0.0004859086823831499,Cluster_1
34:01|40:02|15:02|15:02|05:02,0.0004859086823831499,Cluster_1
33:03|44:03|07:01|03:01|02:01,0.0014588058075400267,Cluster_1
02:06|38:02|07:02|15:02|05:02,0.0004859086823831499,Cluster_1
68:01|40:06|15:02|04:04|03:02,0.0004859086823831499,Cluster_1
34:01|15:21|04:03|15:02|06:01,0.004373178141448349,Cluster_1
02:01|15:02|04:01|11:01|03:01,0.0009718173647662998,Cluster_1
24:02|40:01|06:02|03:01|06:02,3.0369292648946868e-05,Cluster_1
68:01|08:01|04:01|04:01|03:02,0.0004859086823831499,Cluster_1
24:02|40:01|03:04|04:03|03:02,0.0009718173647662998,Cluster_1
23:01|49:01|07:01|15:01|06:02,0.0004859086823831499,Cluster_1
24:02|14:01|04:01|04:07|02:01,3.0369292648946868e-05,Cluster_1
31:01|35:08|04:01|04:07|03:01,3.0369292648946868e-05,Cluster_1
02:01|51:01|02:02|04:02|03:02,0.0004859086823831499,Cluster_1
02:01|07:02|07:02|15:01|06:02,0.0037982113154227622,Cluster_1
31:01|08:01|07:02|07:01|02:01,0.0009718173490278135,Cluster_1
02:11|08:01|07:02|03:01|02:01,0.0009718173647662998,Cluster_1
02:01|15:01|03:03|12:01|03:01,0.0004859086823831499,Cluster_1
01:01|37:01|06:02|13:01|06:03,3.0369292648946868e-05,Cluster_1
34:01|52:01|07:02|09:01|03:03,0.0004859086823831499,Cluster_1
24:07|51:02|14:02|15:02|05:01,0.0004859086823831499,Cluster_1
02:01|08:01|07:01|13:02|06:09,0.000560404140266819,Cluster_1
31:01|35:20|07:02|07:01|02:01,0.00012147717059578747,Cluster_1
01:03|73:01|15:05|13:02|03:03,3.0369292648946868e-05,Cluster_1
23:01|27:07|15:02|11:01|03:01,0.0004859086823831499,Cluster_1
02:01|37:01|07:01|08:01|04:02,3.0369292648946868e-05,Cluster_1
31:01|51:01|02:02|11:01|03:01,0.0004859086823831499,Cluster_1
02:01|15:01|03:04|13:02|06:09,0.0009718173647662998,Cluster_1
33:03|58:01|03:02|13:02|06:09,0.012214835006907489,Cluster_1
24:02|35:02|04:01|03:01|02:01,0.0009944721735949808,Cluster_1
31:01|15:25|07:26|15:01|06:02,0.0004859086823831499,Cluster_1
02:03|38:02|07:02|16:02|02:01,3.0369292648946868e-05,Cluster_1
33:01|14:02|08:02|01:02|05:01,0.0009718173647662998,Cluster_1
32:01|44:03|07:01|13:02|06:04,6.0738585297893736e-05,Cluster_1
02:03|56:01|01:02|15:02|05:01,0.0004859086823831499,Cluster_1
02:11|38:02|07:02|07:01|02:01,3.0369292648946868e-05,Cluster_1
02:17|35:08|04:01|11:04|02:01,3.0369292648946868e-05,Cluster_1
24:02|40:01|06:02|03:01|02:01,3.0369292648946868e-05,Cluster_1
11:01|38:02|07:02|15:02|05:02,0.0004859086823831499,Cluster_1
24:02|41:01|17:01|01:01|05:01,0.0004859086823831499,Cluster_1
02:01|13:02|06:02|15:01|06:01,0.0002976962146735557,Cluster_1
02:07|40:02|03:04|09:01|03:03,0.0004859086823831499,Cluster_1
32:01|51:01|15:04|07:01|02:01,0.0004859086823831499,Cluster_1
02:01|14:02|08:02|07:01|03:03,0.0004859086823831499,Cluster_1
32:01|44:03|07:01|11:11|06:04,6.0738585297893736e-05,Cluster_1
02:01|13:01|03:04|09:01|03:03,0.0004859086823831499,Cluster_1
02:01|15:18|08:01|14:01|05:02,0.0004859086823831499,Cluster_1
01:01|08:01|07:01|07:01|02:01,0.0038964214357832135,Cluster_1
30:01|13:02|06:02|07:01|02:01,0.012195680684983603,Cluster_1
01:01|37:01|06:02|15:01|06:02,0.0004859086823831499,Cluster_1
33:03|55:01|01:02|04:03|03:02,0.0004859086823831499,Cluster_1
02:01|08:01|07:01|03:01|02:01,0.015010333798205397,Cluster_1
26:01|13:02|06:02|14:01|05:03,0.0004859086823831499,Cluster_1
01:03|73:01|05:01|13:02|03:03,3.0369292648946868e-05,Cluster_1
33:03|45:01|15:02|03:01|03:01,3.0369292648946868e-05,Cluster_1
24:02|40:01|04:01|04:03|03:02,0.0009718173647662998,Cluster_1
01:01|35:08|03:04|03:01|03:01,3.0369292648946868e-05,Cluster_1
02:06|27:06|04:01|14:04|05:03,0.0009718173647662998,Cluster_1
02:11|13:02|07:02|16:02|02:01,3.0369292648946868e-05,Cluster_1
03:01|15:01|03:04|07:01|02:01,0.00024295434119157494,Cluster_1
02:11|13:02|07:02|16:02|05:02,3.0369292648946868e-05,Cluster_1
24:02|35:03|16:02|14:01|05:03,0.0004859086823831499,Cluster_1
02:03|38:02|07:02|07:01|02:01,3.0369292648946868e-05,Cluster_1
11:01|39:01|07:02|09:01|03:03,0.0004859086823831499,Cluster_1
11:01|35:01|04:01|08:04|03:02,3.0369292648946868e-05,Cluster_1
02:03|38:02|07:02|07:01|05:02,3.0369292648946868e-05,Cluster_1
11:01|56:04|01:02|11:01|03:01,0.0004859086823831499,Cluster_1
01:01|37:01|06:02|13:01|04:02,3.0369292648946868e-05,Cluster_1
11:01|40:01|07:02|12:02|03:01,0.0004859086823831499,Cluster_1
01:01|37:01|07:01|08:01|04:02,3.0369292648946868e-05,Cluster_1
24:02|44:02|05:01|04:04|03:02,0.0004859086823831499,Cluster_1
11:01|15:01|03:03|12:01|03:01,0.00024295434119157494,Cluster_1
01:01|35:01|07:01|04:02|04:02,3.0369292648946868e-05,Cluster_1
66:01|07:02|07:02|15:01|06:02,0.0004859086823831499,Cluster_1
30:02|50:01|04:01|07:01|02:01,0.0009718173647662998,Cluster_1
03:01|52:01|12:02|15:01|06:01,0.0004859086823831499,Cluster_1
26:01|49:01|07:01|04:01|03:02,3.0369292648946868e-05,Cluster_1
01:01|58:01|07:01|04:02|04:02,3.0369292648946868e-05,Cluster_1
26:01|49:01|07:01|13:01|03:02,3.0369292648946868e-05,Cluster_1
24:02|14:02|08:02|01:02|05:01,0.0009718173647662998,Cluster_1
02:01|44:02|05:01|04:02|03:02,0.0009718173594096177,Cluster_1
33:03|58:01|03:02|03:01|02:01,0.0553897297546183,Cluster_1
03:01|15:01|01:02|11:01|03:01,0.0004859086823831499,Cluster_1
02:01|15:32|12:03|11:06|03:01,0.0004859086823831499,Cluster_1
02:01|73:01|15:05|07:01|03:03,3.0369292648946868e-05,Cluster_1
02:01|45:01|05:01|13:02|03:03,3.0369292648946868e-05,Cluster_1
26:01|55:01|03:03|13:01|06:03,0.0004859086823831499,Cluster_1
02:01|35:03|06:02|13:05|03:01,0.0004859086823831499,Cluster_1
11:01|51:01|03:03|04:01|03:02,0.0004859086823831499,Cluster_1
01:01|58:01|03:02|03:01|02:01,0.0017489100327489153,Cluster_1
11:01|40:01|07:02|04:06|03:02,0.0004859086823831499,Cluster_1
02:01|39:01|07:02|08:03|06:01,0.00048590868237969817,Cluster_1
30:01|51:01|14:02|07:01|02:01,0.0004859086823831499,Cluster_1
02:11|13:02|07:02|07:01|05:02,3.0369292648946868e-05,Cluster_1
03:01|27:05|15:02|01:01|05:01,0.0004859086823831499,Cluster_1
01:01|44:29|07:01|04:01|06:03,3.0369292648946868e-05,Cluster_1
24:02|39:01|15:02|16:01|05:02,0.0004859086823831499,Cluster_1
01:01|44:29|07:01|13:01|06:03,3.0369292648946868e-05,Cluster_1
02:01|40:06|03:04|14:01|05:03,0.0004859086823831499,Cluster_1
24:02|14:01|06:02|07:01|02:01,3.0369292648946868e-05,Cluster_1
24:07|15:02|03:03|09:01|03:03,0.0004859086823831499,Cluster_1
11:01|44:02|05:01|15:01|06:01,0.0004859086823831499,Cluster_1
74:01|40:06|15:02|03:01|03:01,3.0369292648946868e-05,Cluster_1
01:01|15:01|03:03|04:01|03:02,0.0004859086823831499,Cluster_1
02:01|18:01|07:01|13:02|06:09,0.0004817662311127135,Cluster_1
02:01|37:01|07:01|13:01|06:03,3.0369292648946868e-05,Cluster_1
24:02|14:01|04:01|07:01|02:01,3.0369292648946868e-05,Cluster_1
23:01|51:07|14:02|11:04|03:01,0.0004859086823831499,Cluster_1
02:01|27:05|02:02|01:01|05:01,0.0010186005267091025,Cluster_1
31:01|35:08|04:01|07:01|03:01,3.0369292648946868e-05,Cluster_1
24:07|35:05|04:01|07:01|02:01,0.0029514491832818963,Cluster_1
11:01|53:01|04:01|01:02|05:01,0.0009718173647662998,Cluster_1
02:10|40:06|08:01|12:01|03:02,0.0004859086823831499,Cluster_1
33:03|57:01|06:02|07:01|03:03,0.00048662299346263646,Cluster_1
02:01|15:39|04:01|08:02|03:01,0.0004859086823831499,Cluster_1
02:06|15:02|08:01|15:01|06:01,0.0019436347295325996,Cluster_1
03:01|08:01|07:01|15:01|06:02,0.0009747022762426335,Cluster_1
11:02|15:27|04:01|04:06|03:02,0.0004859086823831499,Cluster_1
11:01|40:06|07:01|03:01|02:01,3.0369292648946868e-05,Cluster_1
32:01|07:02|07:02|07:01|02:01,0.0009718173647662998,Cluster_1
26:01|44:03|07:01|07:01|02:01,0.0004861816973593995,Cluster_1
01:01|15:02|08:01|14:04|05:03,2.7571784117855106e-06,Cluster_1
23:01|40:01|06:02|15:01|06:02,3.0369292648946868e-05,Cluster_1
26:01|55:01|03:03|15:01|06:02,0.0004859086823831499,Cluster_1
01:03|73:01|05:01|07:01|03:03,3.0369292648946868e-05,Cluster_1
23:01|44:03|04:01|07:01|02:01,0.0058309041885977984,Cluster_1
11:01|15:01|03:04|03:01|02:01,0.0009718173647662998,Cluster_1
32:01|41:01|17:01|03:01|02:01,0.0004859086823831499,Cluster_1
68:02|14:02|08:02|07:01|02:01,0.0004859086823831499,Cluster_1
03:01|55:02|12:03|14:05|05:03,3.0369292648946868e-05,Cluster_1
03:01|15:01|03:03|07:01|02:01,0.00024295434119157494,Cluster_1
33:03|44:03|07:01|07:01|03:03,0.00048612911081848933,Cluster_1
01:01|07:05|07:02|03:01|02:01,0.0009718173647662998,Cluster_1
68:01|13:01|04:03|09:01|03:03,0.0004859086823831499,Cluster_1
01:01|18:01|07:01|11:04|03:01,0.0010179158850513665,Cluster_1
26:01|49:01|05:01|04:01|03:02,3.0369292648946868e-05,Cluster_1
33:03|15:35|07:02|15:02|05:02,0.0004859086823831499,Cluster_1
30:01|07:02|07:02|13:02|06:04,0.0004859086823831499,Cluster_1
11:01|07:02|15:05|03:01|02:01,0.0004859086823831499,Cluster_1
03:02|18:01|07:01|07:01|02:01,0.0009718173647662998,Cluster_1
11:01|57:01|06:02|04:05|03:02,0.0004859086823831499,Cluster_1
24:07|15:25|04:03|16:02|05:02,0.0004859086823831499,Cluster_1
29:01|07:05|15:05|10:01|05:01,0.0009718173647662998,Cluster_1
24:07|35:05|04:01|12:02|03:01,0.0014217183865267312,Cluster_1
24:02|08:01|07:01|04:01|03:02,0.0004859086823831499,Cluster_1
01:01|41:01|17:01|07:01|03:03,0.0004859086823831499,Cluster_1
02:01|51:01|15:02|11:04|03:01,0.0014577260471494496,Cluster_1
01:01|49:01|07:01|11:01|03:01,0.0004859086823831499,Cluster_1
23:01|40:01|06:02|15:01|02:01,3.0369292648946868e-05,Cluster_1
02:01|44:02|07:04|01:01|05:01,0.0004859086823831499,Cluster_1
11:01|40:06|07:01|14:05|02:01,3.0369292648946868e-05,Cluster_1
68:01|51:01|15:02|01:01|05:01,0.00018005616674126836,Cluster_1
24:02|13:02|06:02|07:01|02:01,0.0010035138498322783,Cluster_1
31:01|35:08|04:01|04:07|02:01,3.0369292648946868e-05,Cluster_1
01:01|07:02|07:02|14:01|05:03,0.0004859086823831499,Cluster_1
02:17|40:06|04:01|03:01|03:01,3.0369292648946868e-05,Cluster_1
02:01|50:01|06:02|07:01|02:01,0.0019436347295325996,Cluster_1
11:01|44:03|05:01|07:01|02:01,0.00034358932435054576,Cluster_1
24:02|07:02|07:02|15:01|06:02,0.0012878023403484022,Cluster_1
34:01|40:01|04:01|04:03|03:02,0.0004859086823831499,Cluster_1
31:01|51:01|15:02|13:01|02:14,0.00024295434119157494,Cluster_1
02:11|57:01|06:02|15:01|06:02,0.0004859086823831499,Cluster_1
33:03|45:01|16:01|03:01|02:01,3.0369292648946868e-05,Cluster_1
02:01|44:02|07:04|04:01|03:02,0.0004859086823831499,Cluster_1
33:03|44:03|07:01|13:02|06:04,0.0004859086823831499,Cluster_1
02:03|13:02|06:02|16:02|02:01,3.0369292648946868e-05,Cluster_1
02:03|13:02|06:02|16:02|05:02,3.0369292648946868e-05,Cluster_1
02:11|15:05|03:03|01:01|05:01,0.0004859086823831499,Cluster_1
11:01|54:01|01:02|04:05|04:01,0.0024295434119157495,Cluster_1
32:01|14:01|08:02|07:01|02:01,0.0038413879822360043,Cluster_1
11:01|40:01|04:01|15:01|06:02,0.0004859086823831499,Cluster_1
02:01|44:02|05:01|04:04|03:02,0.0014577260471494496,Cluster_1
02:01|18:01|07:01|04:03|03:02,0.0004859086823831499,Cluster_1
24:02|48:01|08:03|15:01|06:02,0.0004859086823831499,Cluster_1
11:01|15:02|03:03|12:02|03:01,0.0004859086823831499,Cluster_1
02:01|58:01|03:02|14:01|05:03,0.0004859086823831499,Cluster_1
33:03|40:01|07:02|03:01|02:01,0.0009718173647662998,Cluster_1
31:01|14:01|06:02|04:07|03:01,3.0369292648946868e-05,Cluster_1
24:07|51:01|14:02|12:02|03:01,0.0004859086823831499,Cluster_1
31:01|35:20|07:02|15:01|02:01,0.00012147717059578747,Cluster_1
01:01|35:01|07:01|08:04|04:02,3.0369292648946868e-05,Cluster_1
23:01|15:17|07:01|13:02|06:04,6.0738585297893736e-05,Cluster_1
11:01|07:05|07:02|04:05|04:02,0.0004859086823831499,Cluster_1
01:01|44:29|05:01|04:01|06:03,3.0369292648946868e-05,Cluster_1
74:01|45:01|16:01|03:01|03:01,3.0369292648946868e-05,Cluster_1
01:01|44:29|05:01|13:01|06:03,3.0369292648946868e-05,Cluster_1
02:03|15:13|08:01|12:02|03:01,0.0004859086823831499,Cluster_1
01:01|57:01|06:02|15:02|05:01,0.0004859086823831499,Cluster_1
01:01|35:01|07:01|04:02|03:02,3.0369292648946868e-05,Cluster_1
03:01|14:02|08:02|03:01|02:01,0.00024295434119157494,Cluster_1
24:02|15:02|08:01|15:01|05:03,0.0004859086823831499,Cluster_1
11:01|51:02|14:02|12:02|03:01,0.0004859086823831499,Cluster_1
02:01|18:01|05:01|10:01|05:01,0.0004859086823831499,Cluster_1
01:01|58:01|07:01|04:02|03:02,3.0369292648946868e-05,Cluster_1
24:03|51:06|12:04|15:02|05:02,0.0004859086823831499,Cluster_1
01:03|73:01|15:05|07:01|03:03,3.0369292648946868e-05,Cluster_1
02:01|27:06|07:02|12:02|03:01,0.0004859086823831499,Cluster_1
01:01|37:01|06:02|08:03|06:01,0.0004859086823831499,Cluster_1
01:01|35:08|04:01|03:01|02:01,3.0369292648946868e-05,Cluster_1
25:01|39:01|12:03|07:01|02:01,0.0004859086823831499,Cluster_1
23:01|15:17|07:01|11:11|06:04,6.0738585297893736e-05,Cluster_1
26:01|49:01|05:01|13:01|03:02,3.0369292648946868e-05,Cluster_1
32:01|44:03|07:01|07:01|02:01,0.0004859086823831499,Cluster_1
02:05|41:01|07:01|08:04|03:01,0.0004859086823831499,Cluster_1
01:01|15:01|03:03|01:03|03:01,0.0004859086823831499,Cluster_1
33:03|40:06|16:01|03:01|03:01,3.0369292648946868e-05,Cluster_1
68:02|51:01|16:01|04:01|03:02,0.0004859086823831499,Cluster_1
02:01|44:02|05:01|12:01|03:01,0.0019436347295325996,Cluster_1
01:01|35:08|03:04|03:01|02:01,3.0369292648946868e-05,Cluster_1
01:03|45:01|05:01|13:02|06:04,3.0369292648946868e-05,Cluster_1
02:03|13:02|06:02|07:01|05:02,3.0369292648946868e-05,Cluster_1
26:02|40:06|08:01|09:01|03:03,0.0004859086823831499,Cluster_1
11:02|15:01|12:02|14:01|05:02,0.0004859086823831499,Cluster_1
02:01|37:01|06:02|08:01|06:03,3.0369292648946868e-05,Cluster_1
24:02|39:06|07:02|13:01|06:03,0.0004859086823831499,Cluster_1
24:02|15:01|04:01|12:02|03:01,0.0004859086823831499,Cluster_1
26:01|27:05|01:02|16:01|05:02,0.0014577260471494496,Cluster_1
01:01|57:01|06:02|04:03|03:02,0.0004859086823831499,Cluster_1
01:01|08:01|07:01|15:01|06:02,0.002599482101256098,Cluster_1
11:01|46:01|01:02|08:03|06:01,0.0004859086823831499,Cluster_1
01:01|49:01|07:01|04:01|06:03,3.0369292648946868e-05,Cluster_1
33:03|58:01|03:02|14:04|05:03,0.0004859086823831499,Cluster_1
01:01|49:01|07:01|13:01|06:03,3.0369292648946868e-05,Cluster_1
26:01|51:02|14:02|12:02|03:01,0.0004859086823831499,Cluster_1
68:02|53:01|04:01|13:12|03:01,0.0004859086823831499,Cluster_1
24:02|35:03|04:01|03:01|02:01,0.00242954341191575,Cluster_1
32:01|51:01|02:02|10:01|05:01,0.0004859086823831499,Cluster_1
24:02|44:02|01:02|11:19|03:01,0.0004859086823831499,Cluster_1
24:02|07:02|07:02|01:01|05:01,0.0004745637680451071,Cluster_1
33:03|45:01|15:02|11:01|03:01,3.0369292648946868e-05,Cluster_1
32:01|35:01|04:01|01:01|05:01,0.0005198070834391085,Cluster_1
11:01|51:02|15:02|08:02|04:02,0.0004859086823831499,Cluster_1
01:01|57:01|06:02|11:04|03:01,0.0009718173647662998,Cluster_1
11:01|15:35|07:02|15:02|05:02,0.0009718173647662998,Cluster_1
02:01|35:02|04:01|03:01|02:01,0.0009718173647662998,Cluster_1
23:01|49:01|07:01|13:02|06:04,0.0004859086823831499,Cluster_1
02:01|44:02|05:01|04:01|03:01,0.007288630235747248,Cluster_1
33:03|58:01|03:02|13:01|06:03,0.0004859086823831499,Cluster_1
24:02|58:01|03:02|07:01|02:01,0.0004859086823831499,Cluster_1
03:01|50:01|06:02|14:04|05:03,0.0004859086823831499,Cluster_1
02:01|49:01|07:01|13:02|06:04,0.0009718173647662998,Cluster_1
68:01|51:01|16:02|03:01|02:01,0.0004859086823831499,Cluster_1
02:17|35:08|04:01|03:01|03:01,3.0369292648946868e-05,Cluster_1
03:01|35:03|04:01|07:01|03:03,0.0004859086823831499,Cluster_1
02:07|40:01|04:01|11:01|03:01,0.0004859086823831499,Cluster_1
11:01|40:06|12:03|03:01|05:03,3.0369292648946868e-05,Cluster_1
30:01|13:02|06:02|03:01|02:01,0.0005077240996008708,Cluster_1
26:01|15:01|07:04|13:02|06:04,0.0004859086823831499,Cluster_1
02:01|27:05|01:02|01:01|05:01,3.546021665456658e-05,Cluster_1
03:01|51:01|15:02|03:01|02:01,0.0009718173647662998,Cluster_1
01:01|40:06|03:04|11:04|03:01,3.0369292648946868e-05,Cluster_1
32:01|08:01|07:01|03:01|02:01,0.000689406006414497,Cluster_1
68:01|37:01|06:02|10:01|05:01,0.0009718173647662998,Cluster_1
02:01|37:01|06:02|07:01|02:01,0.0014577260471494496,Cluster_1
26:01|40:01|03:04|15:01|06:02,0.0004859086823831499,Cluster_1
01:01|18:01|06:02|13:01|04:02,3.0369292648946868e-05,Cluster_1
11:01|58:01|07:01|04:02|04:02,3.0369292648946868e-05,Cluster_1
03:01|44:03|16:01|07:01|02:01,0.0014577260471494496,Cluster_1
32:01|35:01|04:01|14:01|05:03,0.0004859086823831499,Cluster_1
74:01|40:06|15:02|03:01|02:01,3.0369292648946868e-05,Cluster_1
24:07|40:01|07:02|03:01|02:01,0.0004859086823831499,Cluster_1
32:01|15:17|07:01|13:02|06:04,6.0738585297893736e-05,Cluster_1
33:03|15:05|03:03|07:01|02:01,0.0004859086823831499,Cluster_1
26:01|18:01|07:01|11:04|03:01,0.0004859086823831499,Cluster_1
24:07|35:03|04:01|13:01|06:03,0.0004859086823831499,Cluster_1
03:01|07:02|07:02|03:01|02:01,0.00795504857159195,Cluster_1
33:03|40:01|07:02|08:03|06:01,0.0004859086823831499,Cluster_1
23:01|44:03|07:01|11:11|03:01,6.0738585297893736e-05,Cluster_1
01:01|15:17|07:01|13:02|06:04,0.0034013607766820494,Cluster_1
32:01|15:17|07:01|11:11|06:04,6.0738585297893736e-05,Cluster_1
33:03|44:03|14:03|13:02|06:04,0.0029154520942988992,Cluster_1
29:02|44:03|16:01|15:01|06:02,0.0015098446047411835,Cluster_1
74:01|45:01|15:02|11:01|02:01,3.0369292648946868e-05,Cluster_1
24:02|15:02|08:01|03:01|02:01,0.0004859086823831499,Cluster_1
02:05|41:01|17:01|01:02|05:01,0.00024295434119157494,Cluster_1
11:01|44:02|05:01|11:01|03:01,0.0004859086823831499,Cluster_1
74:01|40:06|16:01|03:01|02:01,3.0369292648946868e-05,Cluster_1
31:01|49:01|14:03|09:01|03:03,0.0004859086823831499,Cluster_1
33:03|35:01|04:01|14:01|05:03,0.0004859086823831499,Cluster_1
26:01|38:02|07:02|15:02|05:01,0.0004859086823831499,Cluster_1
31:01|57:01|06:02|07:01|03:03,0.00048590718177172744,Cluster_1
31:01|35:20|04:01|07:01|06:02,0.00012147717059578747,Cluster_1
01:03|45:01|05:01|07:01|06:04,3.0369292648946868e-05,Cluster_1
32:01|27:05|02:02|01:01|05:01,0.00043912552042361795,Cluster_1
33:03|39:01|07:02|03:01|02:01,0.0009718173647663032,Cluster_1
02:03|38:02|07:02|04:03|03:02,0.0004859086823831499,Cluster_1
24:02|57:01|06:02|13:02|06:09,0.0004859086823831499,Cluster_1
11:01|51:01|15:02|14:01|05:03,0.0014577260471494496,Cluster_1
24:07|50:01|06:02|08:03|06:01,0.0004859086823831499,Cluster_1
33:01|14:02|08:02|03:01|02:01,0.0005878594496294963,Cluster_1
01:01|52:01|12:02|15:02|06:01,0.0019485473877091102,Cluster_1
01:01|49:01|05:01|13:01|06:03,3.0369292648946868e-05,Cluster_1
11:01|58:01|07:01|08:04|04:02,3.0369292648946868e-05,Cluster_1
23:01|44:02|05:01|04:01|02:01,0.0009718173647662998,Cluster_1
24:02|07:05|07:02|12:02|03:01,0.0004859086823831499,Cluster_1
26:01|48:01|08:01|09:01|03:03,0.0004859086823831499,Cluster_1
26:01|44:29|05:01|04:01|06:03,3.0369292648946868e-05,Cluster_1
02:01|40:01|07:02|09:01|03:03,0.00047678394571788827,Cluster_1
31:01|35:20|04:01|07:01|02:01,0.00012147717059578747,Cluster_1
68:01|13:01|04:06|08:03|06:01,0.0004859086823831499,Cluster_1
02:01|44:02|05:01|04:05|02:01,0.0004859086823831499,Cluster_1
11:01|18:01|07:04|14:01|05:02,0.0004859086823831499,Cluster_1
11:01|15:01|04:01|14:04|05:03,0.0009718173647662998,Cluster_1
03:01|27:05|02:02|07:01|02:01,0.0004859086823831499,Cluster_1
03:01|56:01|01:02|15:01|06:02,0.0004859086823831499,Cluster_1
24:02|45:01|06:02|11:02|02:01,0.0004859086823831499,Cluster_1
11:02|40:06|08:01|09:01|03:03,0.0004859086823831499,Cluster_1
02:01|15:18|08:01|15:01|06:02,0.0004859086823831499,Cluster_1
02:07|40:01|07:02|15:01|06:01,0.0004859086823831499,Cluster_1
23:01|07:02|07:02|07:01|02:01,0.0009718173647662998,Cluster_1
01:01|44:03|12:03|07:01|02:01,0.0004859086823831499,Cluster_1
11:01|38:02|07:02|15:02|05:01,0.0004859086823831499,Cluster_1
31:01|44:03|07:01|15:02|06:01,0.0004859086823831499,Cluster_1
11:01|81:01|08:01|12:01|03:01,0.0004859086823831499,Cluster_1
24:02|27:06|04:01|12:02|03:01,0.0004859086823831499,Cluster_1
33:03|40:06|15:02|11:01|03:01,3.0369292648946868e-05,Cluster_1
30:01|13:02|06:02|11:01|03:01,0.0007628543827860293,Cluster_1
24:02|35:08|04:01|04:07|03:01,3.0369292648946868e-05,Cluster_1
32:01|44:03|04:01|04:05|02:01,0.0009718173647662998,Cluster_1
23:01|37:01|06:02|04:02|03:02,0.0004859086823831499,Cluster_1
01:01|13:01|04:03|15:01|06:01,0.0009718173647662998,Cluster_1
01:01|08:01|07:01|08:01|04:02,0.000500934240737452,Cluster_1
02:11|51:01|14:02|12:01|03:01,0.0009718173647662998,Cluster_1
29:02|44:03|16:01|01:01|05:01,0.0004859086823831499,Cluster_1
33:03|44:03|07:01|07:01|02:01,0.05584259421501899,Cluster_1
74:01|40:06|15:02|11:01|03:01,3.0369292648946868e-05,Cluster_1
02:17|40:06|04:01|11:04|03:01,3.0369292648946868e-05,Cluster_1
03:01|52:01|12:02|04:05|04:01,0.0004859086823831499,Cluster_1
26:01|44:29|07:01|13:01|06:03,3.0369292648946868e-05,Cluster_1
02:11|38:02|06:02|07:01|02:01,3.0369292648946868e-05,Cluster_1
02:01|55:02|03:03|04:04|03:02,0.00048590868237969817,Cluster_1
02:11|38:02|06:02|07:01|05:02,3.0369292648946868e-05,Cluster_1
24:07|35:05|04:01|03:01|02:01,0.002546679492431847,Cluster_1
02:07|46:01|01:02|08:03|06:01,0.0009718173647662998,Cluster_1
33:03|40:06|16:01|03:01|02:01,3.0369292648946868e-05,Cluster_1
01:01|38:01|06:02|11:04|03:01,0.0004859086823831499,Cluster_1
02:01|15:01|03:03|13:02|06:09,0.0004859086823831499,Cluster_1
24:02|40:02|07:02|15:02|05:02,0.0009718173647662998,Cluster_1
31:01|56:01|01:02|04:01|03:02,0.0004859086823831499,Cluster_1
02:01|44:03|16:01|03:01|02:01,0.0004894743859282333,Cluster_1
01:03|45:01|15:05|13:02|06:04,3.0369292648946868e-05,Cluster_1
02:01|15:01|03:03|15:01|06:02,0.0004859086823831499,Cluster_1
02:01|40:01|07:02|04:05|04:01,0.0004859086823831499,Cluster_1
33:03|52:01|04:01|15:02|06:01,0.0004859086823831499,Cluster_1
01:01|41:01|17:01|07:01|02:01,0.0009718173647662998,Cluster_1
24:02|35:03|04:01|07:01|03:03,0.0004859086823831499,Cluster_1
74:01|40:06|16:01|11:01|03:01,3.0369292648946868e-05,Cluster_1
02:17|35:08|03:04|03:01|02:01,3.0369292648946868e-05,Cluster_1
24:02|35:08|06:02|07:01|03:01,3.0369292648946868e-05,Cluster_1
11:01|46:01|01:03|15:02|05:01,0.0004859086823831499,Cluster_1
03:01|40:06|07:01|03:01|02:01,3.0369292648946868e-05,Cluster_1
26:01|57:01|06:02|07:01|03:03,0.0004859086823831499,Cluster_1
68:02|53:01|04:01|10:01|05:01,0.0004859086823831499,Cluster_1
33:03|44:03|07:01|12:02|03:01,0.0010350235485196736,Cluster_1
33:03|40:06|15:02|03:01|02:01,3.0369292648946868e-05,Cluster_1
33:05|14:02|08:02|04:01|03:01,0.0004859086823831499,Cluster_1
02:01|49:01|07:01|01:02|05:01,0.0003436923381536215,Cluster_1
33:03|58:01|03:02|10:01|05:01,0.0009718173647662998,Cluster_1
24:02|51:06|14:02|15:02|06:01,0.0004859086823831499,Cluster_1
31:01|52:01|07:02|03:01|02:01,0.0004859086823831499,Cluster_1
24:02|58:01|03:02|03:01|02:01,0.0034013607766820494,Cluster_1
11:01|40:02|03:03|04:06|03:02,0.0004859086823831499,Cluster_1
02:01|15:01|03:03|13:01|06:03,0.0004859086823831499,Cluster_1
02:17|40:06|03:04|11:04|03:01,3.0369292648946868e-05,Cluster_1
01:01|35:08|04:01|11:04|02:01,3.0369292648946868e-05,Cluster_1
24:02|15:11|03:85|09:01|03:03,0.0004859086823831499,Cluster_1
03:01|55:02|07:01|03:01|05:03,3.0369292648946868e-05,Cluster_1
32:01|35:08|04:01|15:04|05:01,0.0004859086823831499,Cluster_1
02:01|18:01|07:01|11:03|03:01,0.0009718173647662998,Cluster_1
11:01|51:01|16:02|04:06|03:02,0.0009718173647662998,Cluster_1
02:05|53:01|06:02|03:01|02:01,0.0009718173647662998,Cluster_1
24:02|50:01|06:02|15:01|06:02,3.0369292648946868e-05,Cluster_1
03:02|44:02|16:04|04:02|03:02,0.0004859086823831499,Cluster_1
02:01|39:01|07:02|09:01|03:03,0.0004859086823831499,Cluster_1
33:03|45:01|16:01|11:01|02:01,3.0369292648946868e-05,Cluster_1
02:01|44:03|16:01|07:01|02:01,0.003891547081612446,Cluster_1
03:02|15:18|07:04|13:01|06:03,0.0004859086823831499,Cluster_1
11:01|13:01|03:04|16:02|05:02,0.0019436347295325996,Cluster_1
24:02|14:01|06:02|04:07|03:01,3.0369292648946868e-05,Cluster_1
11:01|58:01|04:01|08:04|04:02,3.0369292648946868e-05,Cluster_1
03:01|15:18|07:04|10:01|05:01,0.0004859086823831499,Cluster_1
03:01|40:06|07:01|14:05|02:01,3.0369292648946868e-05,Cluster_1
03:01|40:06|12:03|14:05|05:03,3.0369292648946868e-05,Cluster_1
01:01|50:01|06:02|04:02|03:02,0.0004859086823831499,Cluster_1
03:01|07:02|03:04|07:01|03:03,0.00048590868238314956,Cluster_1
24:07|52:01|12:02|03:01|02:01,0.0004859086823831499,Cluster_1
02:03|35:03|04:01|13:01|06:03,0.0004859086823831499,Cluster_1
24:02|14:01|04:01|04:07|03:01,3.0369292648946868e-05,Cluster_1
24:07|35:05|04:01|08:03|06:01,0.0004859086823831499,Cluster_1
02:01|40:01|03:04|08:01|04:02,0.0004708831240288479,Cluster_1
24:02|35:08|06:02|04:07|02:01,3.0369292648946868e-05,Cluster_1
02:11|13:02|06:02|16:02|02:01,3.0369292648946868e-05,Cluster_1
30:01|15:10|03:04|11:01|03:01,0.00024295434119157494,Cluster_1
02:01|14:02|08:02|13:02|06:09,0.0004859086823831499,Cluster_1
02:01|40:01|07:02|03:01|02:01,0.001020974946388951,Cluster_1
03:01|40:01|03:04|04:01|03:02,0.0009718173647662998,Cluster_1
02:03|38:02|06:02|07:01|02:01,3.0369292648946868e-05,Cluster_1
02:03|38:02|06:02|07:01|05:02,3.0369292648946868e-05,Cluster_1
03:01|35:01|04:01|10:01|05:01,0.0004859086823831499,Cluster_1
33:03|35:01|04:01|14:19|03:01,0.0004859086823831499,Cluster_1
11:01|15:18|07:04|03:01|02:01,0.0004859086823831499,Cluster_1
03:01|40:06|12:03|03:01|02:01,3.0369292648946868e-05,Cluster_1
02:06|40:06|08:01|09:01|03:03,0.0009718173647662998,Cluster_1
02:17|35:08|04:01|11:04|03:01,3.0369292648946868e-05,Cluster_1
02:01|14:01|08:02|07:01|02:01,0.0014660968641553244,Cluster_1
11:01|14:01|08:02|07:01|02:01,0.0005198070834391085,Cluster_1
02:03|40:01|04:03|14:01|05:02,0.0004859086823831499,Cluster_1
01:03|45:01|15:05|07:01|06:04,3.0369292648946868e-05,Cluster_1
24:02|55:01|03:03|13:02|06:04,0.0009718173647662998,Cluster_1
33:03|58:01|03:02|09:01|03:03,0.0004950334190484115,Cluster_1
02:01|44:02|05:01|13:01|06:03,0.0004859086823831499,Cluster_1
11:01|55:02|03:03|14:05|05:03,0.0004859086823831499,Cluster_1
23:01|50:01|15:02|15:01|06:02,3.0369292648946868e-05,Cluster_1
23:01|27:05|02:02|11:01|03:01,0.0004859086823831499,Cluster_1
11:01|35:01|07:01|04:02|03:02,3.0369292648946868e-05,Cluster_1
74:01|45:01|15:02|03:01|03:01,3.0369292648946868e-05,Cluster_1
01:01|57:01|06:02|07:01|03:02,0.0004859086823831499,Cluster_1
33:03|38:02|07:02|04:05|04:01,0.0004859086823831499,Cluster_1
01:01|40:06|04:01|03:01|02:01,3.0369292648946868e-05,Cluster_1
11:01|52:01|12:02|03:01|02:01,0.0009718173647662998,Cluster_1
01:01|49:01|07:01|04:04|03:02,0.0004859086823831499,Cluster_1
01:01|37:01|06:02|07:01|02:01,0.0034013607766820494,Cluster_1
11:01|15:32|12:03|07:01|02:01,0.0009718173647662998,Cluster_1
23:01|40:01|15:02|15:01|02:01,3.0369292648946868e-05,Cluster_1
02:01|18:01|06:02|08:01|04:02,3.0369292648946868e-05,Cluster_1
11:01|55:01|03:03|01:02|05:01,0.0009718173647662998,Cluster_1
02:11|13:02|06:02|07:01|02:01,3.0369292648946868e-05,Cluster_1
02:01|15:13|08:01|14:04|05:03,0.0004859086823831499,Cluster_1
11:01|44:03|16:01|07:01|02:01,0.0004859086823831499,Cluster_1
02:11|13:02|06:02|07:01|05:02,3.0369292648946868e-05,Cluster_1
68:01|50:01|06:02|07:01|02:01,0.0004859086823831499,Cluster_1
33:03|35:01|04:01|13:01|06:03,0.0004859086823831499,Cluster_1
26:01|49:01|07:01|04:01|06:03,3.0369292648946868e-05,Cluster_1
32:01|44:03|07:01|13:02|03:01,6.0738585297893736e-05,Cluster_1
23:01|50:01|15:02|15:01|02:01,3.0369292648946868e-05,Cluster_1
23:01|40:01|15:02|03:01|06:02,3.0369292648946868e-05,Cluster_1
26:01|15:01|03:03|15:01|06:02,0.0004859086823831499,Cluster_1
33:03|40:06|16:01|11:01|03:01,3.0369292648946868e-05,Cluster_1
24:02|18:01|07:01|11:04|03:01,0.0009257188444812333,Cluster_1
34:02|40:01|07:01|08:03|06:01,0.0004859086823831499,Cluster_1
31:01|40:02|03:04|04:06|03:02,0.0004859086823831499,Cluster_1
02:01|35:03|04:01|03:01|02:01,0.0006233796363251233,Cluster_1
02:11|52:01|12:02|15:02|06:01,0.0004859086823831499,Cluster_1
68:02|56:01|01:02|03:01|02:01,0.00024295434119157494,Cluster_1
11:01|35:02|04:01|13:01|06:03,0.0004859086823831499,Cluster_1
25:01|18:01|12:03|07:01|02:01,0.0009718173647662998,Cluster_1
01:01|55:01|01:02|14:01|05:03,0.0004859086823831499,Cluster_1
31:01|35:08|06:02|04:07|02:01,3.0369292648946868e-05,Cluster_1
26:01|44:29|05:01|13:01|03:02,3.0369292648946868e-05,Cluster_1
31:01|52:01|07:02|15:01|06:01,0.0004859086823831499,Cluster_1
01:01|58:01|07:01|08:04|03:02,3.0369292648946868e-05,Cluster_1
26:01|51:01|03:03|07:01|02:01,0.0009718173647662998,Cluster_1
31:01|15:17|07:01|13:02|06:04,0.0004859086823831499,Cluster_1
74:01|40:06|16:01|11:01|02:01,3.0369292648946868e-05,Cluster_1
32:01|27:05|02:02|09:01|03:03,0.0004859086823831499,Cluster_1
31:01|35:20|04:01|15:01|06:02,0.00012147717059578747,Cluster_1
33:01|14:02|08:02|01:01|05:01,0.0003839579151368035,Cluster_1
23:01|40:01|15:02|03:01|02:01,3.0369292648946868e-05,Cluster_1
03:01|50:01|06:02|09:01|03:03,0.00045937299628553686,Cluster_1
32:01|58:01|03:03|07:01|02:01,0.0004859086823831499,Cluster_1
01:01|44:29|07:01|04:01|03:02,3.0369292648946868e-05,Cluster_1
34:02|44:02|07:04|16:01|05:02,0.0009718173647662998,Cluster_1
02:01|44:02|07:04|11:04|03:01,0.0004859086823831499,Cluster_1
68:01|40:06|15:02|04:03|03:02,0.0004859086823831499,Cluster_1
34:01|15:01|03:03|04:10|04:02,0.0004859086823831499,Cluster_1
11:01|58:01|04:01|04:02|03:02,3.0369292648946868e-05,Cluster_1
24:02|40:01|07:02|08:03|06:01,0.0004859086823831499,Cluster_1
24:02|15:01|15:02|03:01|02:01,0.0004859086823831499,Cluster_1
02:11|38:02|07:02|16:02|05:02,3.0369292648946868e-05,Cluster_1
11:01|47:01|04:01|15:06|05:02,0.0004859086823831499,Cluster_1
11:01|35:01|04:01|08:04|04:02,3.0369292648946868e-05,Cluster_1
11:01|13:02|06:02|07:01|02:01,0.0019436347295325996,Cluster_1
02:01|55:01|03:03|15:01|06:02,0.00048590868238314945,Cluster_1
02:01|57:01|06:02|15:01|06:02,0.00048228111985949954,Cluster_1
24:02|07:02|07:02|07:01|02:01,0.004757306233285559,Cluster_1
68:01|40:01|03:04|07:01|02:01,0.0004859086823831499,Cluster_1
33:03|52:01|12:02|07:01|02:01,0.0019436347295325996,Cluster_1
31:01|35:20|04:01|15:01|02:01,0.00012147717059578747,Cluster_1
24:02|38:02|07:02|15:02|05:02,0.0004859086823831499,Cluster_1
24:02|40:01|15:02|15:01|06:02,3.0369292648946868e-05,Cluster_1
01:01|18:01|12:03|11:01|03:01,0.0004859086823831499,Cluster_1
11:03|51:01|14:02|09:01|03:03,0.0004859086823831499,Cluster_1
32:01|08:01|07:01|04:01|03:02,0.00034759115544432827,Cluster_1
11:01|58:01|04:01|08:04|03:02,3.0369292648946868e-05,Cluster_1
01:01|57:01|06:02|07:01|03:03,0.02795490165888615,Cluster_1
11:01|51:01|07:02|11:01|03:01,0.0004859086823831499,Cluster_1
02:01|44:03|04:01|04:04|03:02,0.0009718173647662998,Cluster_1
24:02|40:01|03:04|08:03|03:01,0.0004859086823831499,Cluster_1
02:01|44:02|05:01|15:01|06:02,0.0004859086823831499,Cluster_1
31:01|07:02|07:02|15:01|06:02,0.00012147717059578747,Cluster_1
26:01|49:01|05:01|04:01|06:03,3.0369292648946868e-05,Cluster_1
66:01|41:02|17:01|07:01|02:01,0.0004859086823831499,Cluster_1
11:01|40:01|03:04|07:01|02:01,0.0014577260471494492,Cluster_1
01:01|18:01|07:01|13:01|04:02,3.0369292648946868e-05,Cluster_1
02:01|52:01|12:02|04:03|03:02,0.001457726047148764,Cluster_1
01:01|07:02|07:02|15:01|06:01,0.0004859086823831499,Cluster_1
01:01|08:01|07:01|01:01|05:01,0.0014801600173401726,Cluster_1
26:03|15:01|03:03|15:01|06:02,0.0009718173647662998,Cluster_1
11:01|55:02|07:01|03:01|05:03,3.0369292648946868e-05,Cluster_1
24:10|58:01|03:02|13:02|06:09,0.0004859086823831499,Cluster_1
26:01|35:01|03:03|04:10|04:02,0.0004859086823831499,Cluster_1
03:01|37:01|06:02|15:01|06:02,0.0004859086823831499,Cluster_1
02:17|40:06|03:04|11:04|02:01,3.0369292648946868e-05,Cluster_1
33:03|08:01|07:02|03:01|02:01,0.0004861816973593995,Cluster_1
11:02|58:01|03:04|03:01|02:01,0.0004859086823831499,Cluster_1
11:01|40:06|15:02|14:04|05:03,0.0004859086823831499,Cluster_1
24:02|40:01|15:02|15:01|02:01,3.0369292648946868e-05,Cluster_1
03:01|14:02|08:02|07:01|02:01,0.001457719749299619,Cluster_1
11:01|52:01|12:02|04:03|03:02,0.0014577260471501355,Cluster_1
31:01|38:01|12:03|04:02|03:02,0.0004859086823831499,Cluster_1
02:01|44:02|07:04|11:01|03:01,0.0004859086823831499,Cluster_1
01:01|08:01|07:01|04:01|03:02,0.0009718173647495705,Cluster_1
33:03|15:02|01:02|07:01|02:01,0.0004859086823831499,Cluster_1
33:03|52:01|16:02|11:01|03:01,0.0004859086823831499,Cluster_1
11:01|35:01|04:01|04:02|03:02,3.0369292648946868e-05,Cluster_1
24:02|40:01|12:03|14:04|05:03,0.0004859086823831499,Cluster_1
31:01|07:02|07:02|15:01|02:01,0.00012147717059578747,Cluster_1
11:01|51:01|14:02|14:04|05:03,0.0019436347295325996,Cluster_1
26:01|50:01|06:02|07:01|02:01,0.0012147717059575883,Cluster_1
02:01|18:01|06:02|13:01|06:03,3.0369292648946868e-05,Cluster_1
02:06|35:01|08:01|12:01|03:03,0.0004859086823831499,Cluster_1
01:01|15:09|07:04|13:02|06:04,0.0004859086823831499,Cluster_1
24:02|14:01|06:02|04:07|02:01,3.0369292648946868e-05,Cluster_1
24:02|40:06|08:01|09:01|03:02,0.0009718173647662998,Cluster_1
31:01|51:01|14:02|13:01|06:03,0.0004859086823831499,Cluster_1
02:01|15:01|03:03|04:04|03:02,0.0004859086823831499,Cluster_1
02:17|35:08|03:04|11:04|02:01,3.0369292648946868e-05,Cluster_1
33:03|18:01|07:04|15:02|06:01,0.0009718173647662998,Cluster_1
03:01|55:02|07:01|14:05|02:01,3.0369292648946868e-05,Cluster_1
02:01|35:03|04:01|11:01|03:01,0.00048590868238314956,Cluster_1
03:01|35:03|04:01|13:01|06:03,0.0009718173647662998,Cluster_1
24:07|15:12|03:03|04:03|03:02,0.0004859086823831499,Cluster_1
03:01|27:04|12:02|15:01|06:03,0.0004859086823831499,Cluster_1
11:01|40:06|07:01|03:01|05:03,3.0369292648946868e-05,Cluster_1
01:01|37:01|07:01|08:01|06:03,3.0369292648946868e-05,Cluster_1
33:03|45:01|16:01|03:01|03:01,3.0369292648946868e-05,Cluster_1
29:02|13:02|06:02|07:01|02:01,0.0004859086823831499,Cluster_1
32:01|37:01|06:02|03:01|02:01,0.0014577260471494496,Cluster_1
11:01|15:01|04:01|15:02|06:01,0.0009718173647662998,Cluster_1
68:01|07:02|07:02|15:02|06:01,0.0004859086823831499,Cluster_1
02:01|38:01|12:03|16:01|05:02,0.0004859086823831499,Cluster_1
32:01|13:02|06:02|07:01|02:01,0.0004859086823831499,Cluster_1
24:03|51:06|12:04|07:01|03:03,0.0019436347295325996,Cluster_1
01:01|44:29|05:01|04:01|03:02,3.0369292648946868e-05,Cluster_1
02:03|38:02|07:02|16:02|05:02,3.0369292648946868e-05,Cluster_1
31:01|14:01|04:01|07:01|03:01,3.0369292648946868e-05,Cluster_1
24:02|50:01|15:02|15:01|06:02,3.0369292648946868e-05,Cluster_1
02:11|38:02|07:02|07:01|05:02,3.0369292648946868e-05,Cluster_1
23:01|81:01|18:01|14:01|05:03,0.0004859086823831499,Cluster_1
02:03|13:02|07:02|16:02|02:01,3.0369292648946868e-05,Cluster_1
24:02|38:02|07:02|12:02|03:01,0.0004859086823831499,Cluster_1
02:01|51:01|01:02|01:01|05:01,0.0004859086823831499,Cluster_1
26:01|49:01|05:01|13:01|06:03,3.0369292648946868e-05,Cluster_1
30:02|57:03|18:01|13:01|05:01,0.0004859086823831499,Cluster_1
03:01|07:02|07:02|01:03|05:01,0.0004859086823831499,Cluster_1
01:03|45:01|05:01|13:02|03:03,3.0369292648946868e-05,Cluster_1
31:01|55:02|01:06|09:01|03:03,0.0004859086823831499,Cluster_1
02:01|39:01|07:02|08:01|04:02,0.0009718173647662998,Cluster_1
02:01|53:01|04:01|07:01|02:01,0.0004859086823831499,Cluster_1
11:01|15:32|12:03|15:04|05:02,0.0004859086823831499,Cluster_1
11:01|15:16|14:02|04:04|04:02,0.0004859086823831499,Cluster_1
74:01|45:01|15:02|03:01|02:01,3.0369292648946868e-05,Cluster_1
11:02|40:01|07:02|08:03|06:01,0.0004859086823831499,Cluster_1
11:01|40:06|07:01|14:05|05:03,3.0369292648946868e-05,Cluster_1
24:02|57:03|07:01|11:04|03:01,0.0004859086823831499,Cluster_1
01:01|18:01|06:02|08:01|06:03,3.0369292648946868e-05,Cluster_1
02:06|44:03|07:01|07:01|02:01,0.0004859086823831499,Cluster_1
24:02|50:01|15:02|15:01|02:01,3.0369292648946868e-05,Cluster_1
01:01|35:08|04:01|03:01|03:01,3.0369292648946868e-05,Cluster_1
02:01|40:01|03:04|01:01|05:01,0.0004859086823831499,Cluster_1
02:16|07:05|07:02|14:04|05:03,0.0004859086823831499,Cluster_1
29:02|18:01|07:01|11:04|03:01,0.0004859086823831499,Cluster_1
02:01|18:01|06:02|13:01|04:02,3.0369292648946868e-05,Cluster_1
11:01|35:03|04:01|11:01|03:01,0.0009718173647662998,Cluster_1
68:01|51:01|15:02|13:01|06:03,0.0004859086823831499,Cluster_1
11:01|07:05|07:02|12:02|03:01,0.0004859086823831499,Cluster_1
32:01|14:03|08:02|13:02|05:01,0.0004859086823831499,Cluster_1
24:02|50:01|15:02|03:01|06:02,3.0369292648946868e-05,Cluster_1
03:01|44:03|04:01|03:01|02:01,0.0004859086823831499,Cluster_1
31:01|51:01|15:02|04:07|03:01,0.0004859086823831499,Cluster_1
24:07|27:06|03:04|12:02|03:01,0.0009718173647662998,Cluster_1
31:01|14:01|04:01|04:07|02:01,3.0369292648946868e-05,Cluster_1
33:03|40:06|16:01|11:01|02:01,3.0369292648946868e-05,Cluster_1
24:02|15:17|07:01|13:02|06:04,0.0004859086823831499,Cluster_1
01:01|49:01|07:01|01:02|05:01,0.0006281250266126782,Cluster_1
31:01|35:08|06:02|07:01|02:01,3.0369292648946868e-05,Cluster_1
02:03|13:02|07:02|07:01|02:01,3.0369292648946868e-05,Cluster_1
11:01|40:01|07:02|07:01|02:01,0.0009718173647662998,Cluster_1
29:02|44:03|16:01|07:01|02:01,0.015489120090611439,Cluster_1
02:06|40:06|08:01|08:03|06:01,0.0004859086823831499,Cluster_1
02:03|13:02|07:02|07:01|05:02,3.0369292648946868e-05,Cluster_1
01:01|37:01|06:02|13:02|06:09,0.0004859086823831499,Cluster_1
11:01|15:25|04:03|16:02|05:02,0.0004859086823831499,Cluster_1
03:01|07:02|07:02|04:01|03:02,0.0015960435740882714,Cluster_1
23:01|15:17|07:01|13:02|03:01,6.0738585297893736e-05,Cluster_1
01:01|58:01|04:01|08:04|04:02,3.0369292648946868e-05,Cluster_1
02:07|58:01|03:02|03:01|02:01,0.0019436347295325996,Cluster_1
02:01|45:01|05:01|07:01|06:04,3.0369292648946868e-05,Cluster_1
02:05|50:01|06:02|07:01|02:01,0.006073858529789661,Cluster_1
02:06|15:25|07:02|12:02|03:01,0.0009718173647662998,Cluster_1
33:03|15:16|14:02|09:01|02:01,0.0004859086823831499,Cluster_1
24:02|40:02|02:02|11:01|03:01,0.0004859086823831499,Cluster_1
01:01|58:01|04:01|04:02|03:02,3.0369292648946868e-05,Cluster_1
02:01|18:01|05:01|03:01|02:01,0.0014577260471494487,Cluster_1
02:01|45:01|15:05|13:02|06:04,3.0369292648946868e-05,Cluster_1
02:01|40:06|08:01|04:05|04:01,0.00048590868237969817,Cluster_1
24:02|46:01|01:02|09:01|03:03,0.0014577260471494496,Cluster_1
02:01|51:01|14:02|01:01|05:01,0.0004859086823831499,Cluster_1
24:02|50:01|15:02|03:01|02:01,3.0369292648946868e-05,Cluster_1
02:11|40:50|15:02|13:02|06:04,0.0004859086823831499,Cluster_1
01:01|40:06|04:01|11:04|02:01,3.0369292648946868e-05,Cluster_1
30:01|44:03|06:02|07:01|02:01,0.0004859086823831499,Cluster_1
23:01|15:17|07:01|11:11|03:01,6.0738585297893736e-05,Cluster_1
01:01|13:02|06:02|07:01|02:01,0.0009690601863545143,Cluster_1
11:01|55:02|07:01|03:01|02:01,3.0369292648946868e-05,Cluster_1
33:03|52:01|12:02|15:02|06:01,0.000976930524716908,Cluster_1
68:02|14:02|08:02|01:02|05:01,0.0004859086823831499,Cluster_1
02:01|40:01|04:01|04:03|03:02,0.0004859086823831499,Cluster_1
02:01|51:01|15:02|07:01|02:01,0.0004859086823831499,Cluster_1
02:01|07:02|07:02|11:01|03:01,0.0004784108244512589,Cluster_1
66:01|50:01|06:02|07:01|02:01,0.0004859086823831499,Cluster_1
26:01|58:01|07:01|08:04|04:02,0.0004859086823831499,Cluster_1
11:01|40:06|15:02|15:02|05:02,0.0004859086823831499,Cluster_1
33:03|40:06|15:02|03:01|03:01,3.0369292648946868e-05,Cluster_1
02:01|18:01|12:03|12:01|03:01,0.0004859086823831499,Cluster_1
02:01|49:01|07:01|03:01|02:01,0.0004859086823831499,Cluster_1
29:02|08:01|07:01|15:01|06:02,0.0004859086823831499,Cluster_1
01:01|18:01|06:02|08:01|04:02,3.0369292648946868e-05,Cluster_1
31:01|14:01|06:02|07:01|02:01,3.0369292648946868e-05,Cluster_1
03:01|51:01|07:02|15:02|06:01,0.0004859086823831499,Cluster_1
03:01|38:01|12:03|11:01|03:01,0.0004859086823831499,Cluster_1
33:03|07:02|07:02|12:02|05:02,0.0004859086823831499,Cluster_1
02:01|44:03|04:01|07:01|02:01,0.002293089326463477,Cluster_1
01:03|45:01|05:01|07:01|03:03,3.0369292648946868e-05,Cluster_1
11:01|56:01|01:02|03:01|02:01,0.00024295434119157494,Cluster_1
02:11|44:03|05:01|07:01|02:01,0.0006282280404157541,Cluster_1
02:01|18:01|07:01|08:01|06:03,3.0369292648946868e-05,Cluster_1
01:01|08:01|07:01|04:01|03:01,0.0009864966811083792,Cluster_1
11:01|55:02|12:03|03:01|05:03,3.0369292648946868e-05,Cluster_1
02:01|55:01|03:03|04:04|03:02,0.0004859086823831499,Cluster_1
02:01|15:11|03:03|09:01|03:03,0.0004859086823831499,Cluster_1
11:01|07:05|07:02|09:01|03:03,0.0004859086823831499,Cluster_1
74:01|45:01|15:02|11:01|03:01,3.0369292648946868e-05,Cluster_1
32:01|52:01|12:02|15:02|06:01,0.000961791546639181,Cluster_1
11:01|58:01|03:02|03:01|02:01,0.001457726047148764,Cluster_1
02:01|07:02|07:02|04:07|03:01,0.0004859086823831499,Cluster_1
32:01|18:01|02:02|13:01|06:03,0.0004859086823831499,Cluster_1
01:01|37:01|06:02|04:03|03:02,0.0004859086823831499,Cluster_1
33:03|44:03|07:01|15:01|06:01,0.00118053015800684,Cluster_1
74:01|40:06|16:01|03:01|03:01,3.0369292648946868e-05,Cluster_1
25:01|18:01|12:03|03:01|02:01,0.0034013607766820494,Cluster_1
01:01|08:01|04:01|13:01|06:03,0.00048586560902705403,Cluster_1
02:01|07:02|07:02|15:01|06:03,0.0004859086823831499,Cluster_1
11:01|15:01|03:04|14:05|05:03,0.0009718173647662998,Cluster_1
03:01|27:05|07:02|12:01|03:01,0.0004859086823831499,Cluster_1
11:01|35:01|04:01|04:01|03:01,0.00047122936604107076,Cluster_1
68:01|35:03|04:01|01:01|05:01,0.0004859086823831499,Cluster_1
11:01|55:01|03:03|03:01|02:01,0.0009718173647662998,Cluster_1
31:01|08:01|03:04|03:01|02:01,0.0004859086823831499,Cluster_1
32:01|15:17|07:01|13:02|03:01,6.0738585297893736e-05,Cluster_1
26:01|44:29|07:01|04:01|03:02,3.0369292648946868e-05,Cluster_1
24:02|40:01|06:02|15:01|06:02,3.0369292648946868e-05,Cluster_1
29:02|51:01|01:02|11:01|03:01,0.0004859086823831499,Cluster_1
24:07|08:01|07:02|03:01|02:01,0.0014577260471494461,Cluster_1
02:01|57:01|06:02|07:01|03:03,0.0050765596105711176,Cluster_1
03:01|14:02|08:02|13:02|06:09,0.0009718173647662998,Cluster_1
24:02|07:02|07:02|03:01|02:01,0.0005081338339670986,Cluster_1
32:01|15:17|07:01|11:11|03:01,6.0738585297893736e-05,Cluster_1
02:01|73:01|05:01|13:02|06:04,3.0369292648946868e-05,Cluster_1
26:01|51:01|16:02|03:01|02:01,0.0014577260471494496,Cluster_1
29:02|45:01|06:02|07:01|02:01,0.0004859086823831499,Cluster_1
02:01|08:01|07:01|11:01|03:01,0.0009999446068982927,Cluster_1
02:01|45:01|15:05|07:01|06:04,3.0369292648946868e-05,Cluster_1
01:01|35:01|04:01|08:04|04:02,3.0369292648946868e-05,Cluster_1
11:01|46:01|01:02|04:06|03:02,0.0004859086823831499,Cluster_1
01:01|18:01|12:03|15:06|05:02,0.0004859086823831499,Cluster_1
25:01|44:02|05:01|07:01|03:03,0.0004859086823831499,Cluster_1
03:02|15:32|12:03|04:06|03:02,0.0009718173647662998,Cluster_1
01:01|35:01|04:01|04:02|03:02,3.0369292648946868e-05,Cluster_1
01:01|57:01|06:02|07:01|02:01,0.0014579464702281072,Cluster_1
31:01|14:01|04:01|07:01|02:01,3.0369292648946868e-05,Cluster_1
68:01|14:02|08:02|13:01|06:03,0.0004859086823831499,Cluster_1
02:01|18:01|07:01|08:01|04:02,3.0369292648946868e-05,Cluster_1
30:04|35:01|04:01|04:03|03:02,0.0004859086823831499,Cluster_1
30:02|51:01|16:01|07:01|02:01,0.0014577260471494496,Cluster_1
02:01|08:01|04:01|03:01|02:01,0.0009754827574290175,Cluster_1
03:01|41:01|17:01|08:04|04:02,0.0004859086823831499,Cluster_1
01:03|45:01|15:05|13:02|03:03,3.0369292648946868e-05,Cluster_1
02:01|27:05|01:02|03:01|02:01,0.0004969977382191006,Cluster_1
24:02|39:06|07:02|15:01|06:02,0.0009718173647662998,Cluster_1
24:02|52:01|12:02|14:04|05:03,0.0004859086823831499,Cluster_1
03:02|51:01|16:02|11:04|03:01,0.0004859086823831499,Cluster_1
02:01|57:01|06:02|13:02|06:04,0.0009718173647662998,Cluster_1
02:01|39:24|07:01|13:03|03:01,0.0004859086823831499,Cluster_1
02:06|15:13|08:01|09:01|03:03,0.0004859086823831499,Cluster_1
11:01|40:01|07:02|08:09|04:02,0.0004859086823831499,Cluster_1
68:01|58:01|16:02|14:04|05:03,0.0004859086823831499,Cluster_1
01:01|58:01|04:01|08:04|03:02,3.0369292648946868e-05,Cluster_1
31:01|40:06|15:02|10:01|05:01,0.0004859086823831499,Cluster_1
02:01|27:05|02:02|07:01|03:03,0.0004859086823831499,Cluster_1
02:11|40:06|01:02|14:15|05:03,0.0004859086823831499,Cluster_1
11:01|15:01|04:01|04:06|03:02,0.0014577260471494496,Cluster_1
02:05|41:01|17:01|01:02|02:01,0.00024295434119157494,Cluster_1
26:01|51:01|14:02|13:01|06:03,0.0004859086823831499,Cluster_1
03:01|18:01|12:05|13:01|06:03,0.0004859086823831499,Cluster_1
24:02|35:01|01:02|07:01|02:01,0.0009718173647662998,Cluster_1
23:01|40:01|06:02|03:01|06:02,3.0369292648946868e-05,Cluster_1
01:01|18:01|06:02|13:01|06:03,3.0369292648946868e-05,Cluster_1
01:01|37:01|07:01|13:01|06:03,3.0369292648946868e-05,Cluster_1
11:01|35:01|04:01|11:01|03:02,0.0004859086823831499,Cluster_1
01:01|51:01|03:03|11:06|03:01,0.0004859086823831499,Cluster_1
02:01|40:01|07:02|08:03|06:01,0.0004859086823831499,Cluster_1
68:02|15:01|03:03|12:01|03:01,0.00024295434119157494,Cluster_1
68:02|08:01|06:02|04:01|03:02,0.0004859086823831499,Cluster_1
03:01|07:02|07:02|04:01|03:01,0.0004859086823831499,Cluster_1
24:02|07:05|07:02|04:05|04:01,0.0004859086823831499,Cluster_1
01:01|15:25|04:03|07:01|02:01,0.0004859086823831499,Cluster_1
03:01|51:01|14:02|13:12|03:01,0.0004859086823831499,Cluster_1
24:02|35:01|03:03|13:02|06:09,0.0004859086823831499,Cluster_1
31:01|40:01|03:04|04:04|03:02,0.0004859086823831499,Cluster_1
66:01|41:02|17:01|03:01|02:01,0.0004859086823831499,Cluster_1
24:02|15:02|08:01|14:01|05:02,0.0004859086823831499,Cluster_1
11:01|55:02|07:01|14:05|02:01,3.0369292648946868e-05,Cluster_1
11:01|57:01|06:02|07:01|03:03,0.0014137210047010657,Cluster_1
02:01|40:01|03:04|13:02|06:04,0.0014278417482555489,Cluster_1
66:01|41:02|17:01|13:03|03:01,0.0004859086823831499,Cluster_1
03:01|08:01|07:01|03:01|02:01,0.001526489402582103,Cluster_1
01:01|44:03|07:01|07:01|02:01,0.0011845143530765303,Cluster_1
02:11|40:06|15:02|15:01|06:01,0.0027731327362662955,Cluster_1
02:17|35:08|03:04|03:01|03:01,3.0369292648946868e-05,Cluster_1
24:02|39:01|12:03|04:01|03:02,0.0004859086823831499,Cluster_1
23:01|40:01|06:02|03:01|02:01,3.0369292648946868e-05,Cluster_1
02:03|18:01|07:01|15:02|05:01,0.0004859086823831499,Cluster_1
02:06|15:02|08:01|13:12|03:01,0.0004859086823831499,Cluster_1
34:01|15:21|04:03|15:01|06:02,0.0004859086823831499,Cluster_1
24:10|50:01|06:02|08:12|06:01,0.0004859086823831499,Cluster_1
68:01|44:02|07:04|11:01|03:01,0.0004859086823831499,Cluster_1
24:07|15:01|03:03|13:01|06:03,0.0004859086823831499,Cluster_1
11:01|13:01|03:04|15:01|06:01,0.0009718173647662998,Cluster_1
11:01|15:12|07:02|14:54|05:03,0.0004859086823831499,Cluster_1
26:08|15:01|04:01|07:01|02:01,0.0004859086823831499,Cluster_1
11:01|55:02|12:03|03:01|02:01,3.0369292648946868e-05,Cluster_1
34:02|58:01|07:01|11:02|03:01,0.0004859086823831499,Cluster_1
74:01|45:01|16:01|11:01|02:01,3.0369292648946868e-05,Cluster_1
24:02|38:02|07:02|03:01|02:01,0.0004859086823831499,Cluster_1
32:01|35:03|12:03|13:01|06:03,0.0004859086823831499,Cluster_1
01:01|35:08|04:01|11:04|03:01,3.0369292648946868e-05,Cluster_1
02:07|46:01|01:02|12:02|05:02,0.0004859086823831499,Cluster_1
03:01|51:01|15:02|08:03|03:01,0.0004859086823831499,Cluster_1
11:01|55:01|03:03|04:07|03:01,0.0009718173647662998,Cluster_1
24:02|35:05|04:01|12:02|03:01,0.0004859086823831499,Cluster_1
01:01|55:01|01:02|11:04|03:01,0.0009718173647662998,Cluster_1
01:01|49:01|05:01|04:01|06:03,3.0369292648946868e-05,Cluster_1
24:02|07:02|07:02|11:01|03:01,0.00018833359778016855,Cluster_1
11:01|35:01|04:01|03:01|02:01,0.0009864966811083792,Cluster_1
24:02|07:02|07:02|04:03|03:02,0.0009495844580473683,Cluster_1
11:01|58:01|07:02|03:01|02:01,0.0004859086823831499,Cluster_1
31:01|40:01|03:04|12:01|03:01,0.0004859086823831499,Cluster_1
68:01|52:01|12:02|10:01|05:01,0.0004859086823831499,Cluster_1
11:01|51:01|15:02|10:01|05:01,0.0004859086823831499,Cluster_1
02:01|13:01|03:04|04:06|03:02,0.0004859086823831499,Cluster_1
33:03|45:01|16:01|11:01|03:01,3.0369292648946868e-05,Cluster_1
24:02|50:01|06:02|07:01|02:01,0.0009718173647662998,Cluster_1
01:01|40:06|03:04|03:01|03:01,3.0369292648946868e-05,Cluster_1
68:01|27:05|02:02|11:01|03:01,0.0009718173647662998,Cluster_1
33:03|51:01|03:02|13:01|06:03,0.0009718173647662998,Cluster_1
02:01|27:05|02:02|04:04|03:02,0.0009718173647662998,Cluster_1
01:01|13:02|07:02|14:01|05:03,0.0009718173647662998,Cluster_1
02:01|56:01|01:02|14:04|05:03,0.0004859086823831499,Cluster_1
24:02|35:08|04:01|07:01|02:01,3.0369292648946868e-05,Cluster_1
01:01|37:01|07:01|13:01|04:02,3.0369292648946868e-05,Cluster_1
32:01|27:05|02:02|15:01|06:02,0.0004859086823831499,Cluster_1
23:01|38:01|04:01|03:01|02:01,0.0014577260471494496,Cluster_1
11:01|55:02|12:03|14:05|02:01,3.0369292648946868e-05,Cluster_1
03:01|40:06|07:01|03:01|05:03,3.0369292648946868e-05,Cluster_1
24:02|35:08|06:02|04:07|03:01,3.0369292648946868e-05,Cluster_1
02:06|40:02|03:04|09:01|03:03,0.0004859086823831499,Cluster_1
24:02|38:02|07:02|15:02|05:01,0.0004859086823831499,Cluster_1
01:03|45:01|15:05|07:01|03:03,3.0369292648946868e-05,Cluster_1
24:02|44:03|04:01|07:01|02:01,0.0019436347295325996,Cluster_1
02:05|40:02|02:02|07:01|03:03,0.0004859086823831499,Cluster_1
02:01|18:01|07:01|13:01|06:03,3.0369292648946868e-05,Cluster_1
02:01|55:01|03:03|07:01|02:01,0.0009718173647663002,Cluster_1
11:01|35:01|04:01|15:02|05:01,0.0004859086823831499,Cluster_1
11:01|15:01|04:01|13:01|06:03,0.0004859086823831499,Cluster_1
01:01|35:08|03:04|11:04|03:01,3.0369292648946868e-05,Cluster_1
01:01|08:01|07:01|03:01|02:01,0.0662956827788467,Cluster_1
01:01|35:01|04:01|08:04|03:02,3.0369292648946868e-05,Cluster_1
02:11|51:01|14:02|04:03|03:02,0.0004859086823831499,Cluster_1
33:01|14:02|08:02|07:01|02:01,0.0009718173647662998,Cluster_1
24:07|13:02|06:02|07:01|02:01,0.0009745745431780853,Cluster_1
03:01|35:01|04:01|13:01|06:03,0.0004859086823831499,Cluster_1
33:03|51:01|03:02|15:01|06:02,0.0004859086823831499,Cluster_1
29:02|14:02|08:02|11:01|03:01,0.0004859086823831499,Cluster_1
30:04|14:01|08:02|07:01|02:01,0.0004859086823831499,Cluster_1
26:01|51:01|14:02|03:01|02:01,0.00024295434119186125,Cluster_1
02:01|38:01|12:03|04:06|03:02,0.0004859086823831499,Cluster_1
24:02|40:01|03:04|08:03|06:01,0.0004859086823831499,Cluster_1
23:01|44:03|07:01|13:02|03:01,6.0738585297893736e-05,Cluster_1
03:01|40:06|07:01|14:05|05:03,3.0369292648946868e-05,Cluster_1
24:02|18:01|12:03|04:03|03:02,0.0004859086823831499,Cluster_1
26:01|40:01|04:01|04:03|03:02,0.0004859086823831499,Cluster_1
26:01|35:01|04:01|04:05|04:01,0.0004859086823831499,Cluster_1
02:11|40:06|15:02|03:01|02:01,0.0004859086823831499,Cluster_1
01:01|37:01|06:86|10:01|05:01,0.0004859086823831499,Cluster_1
01:01|40:06|04:01|03:01|03:01,3.0369292648946868e-05,Cluster_1
31:01|52:01|12:02|10:01|05:01,0.0009718173647662998,Cluster_1
68:01|52:01|07:02|14:04|05:03,0.0004859086823831499,Cluster_1
02:11|38:02|06:02|16:02|02:01,3.0369292648946868e-05,Cluster_1
02:01|73:01|05:01|07:01|06:04,3.0369292648946868e-05,Cluster_1
02:11|38:02|06:02|16:02|05:02,3.0369292648946868e-05,Cluster_1
02:05|51:01|14:02|03:01|02:01,0.0012147717059575883,Cluster_1
68:01|07:02|07:02|15:01|06:02,0.0004859086823831499,Cluster_1
24:10|35:30|04:01|12:02|05:02,0.0004859086823831499,Cluster_1
02:01|73:01|15:05|13:02|06:04,3.0369292648946868e-05,Cluster_1
24:07|18:01|07:04|15:02|05:01,0.0004859086823831499,Cluster_1
24:03|35:01|04:01|04:02|03:02,0.0004859086823831499,Cluster_1
26:01|44:29|05:01|13:01|06:03,3.0369292648946868e-05,Cluster_1
02:05|50:01|06:02|03:01|02:01,0.0009718173647662998,Cluster_1
03:01|40:06|12:03|03:01|05:03,3.0369292648946868e-05,Cluster_1
24:02|15:32|12:03|12:02|05:02,0.0004859086823831499,Cluster_1
01:01|18:01|07:01|03:01|02:01,0.0004900511336535864,Cluster_1
02:01|44:02|05:01|07:01|02:01,0.0024295434172724316,Cluster_1
01:01|18:01|07:01|08:01|06:03,3.0369292648946868e-05,Cluster_1
30:01|13:02|06:02|11:04|03:01,0.0004859086792433907,Cluster_1
02:01|57:01|07:01|03:01|02:01,0.0004859086823831499,Cluster_1
02:11|13:02|07:02|07:01|02:01,3.0369292648946868e-05,Cluster_1
34:01|58:01|03:02|13:02|06:09,0.0004859086823831499,Cluster_1
33:03|44:03|07:06|07:01|02:02,0.0009718173647662998,Cluster_1
03:01|55:02|12:03|03:01|05:03,3.0369292648946868e-05,Cluster_1
68:01|51:02|15:02|13:07|03:01,0.0004859086823831499,Cluster_1
34:01|15:35|07:02|07:01|02:01,0.0004859086823831499,Cluster_1
68:02|35:01|04:01|09:01|03:03,0.0004859086823831499,Cluster_1
03:01|51:01|12:09|13:01|06:03,0.0004859086823831499,Cluster_1
02:01|15:02|14:02|09:01|03:03,0.0004859086823831499,Cluster_1
01:01|51:01|15:02|12:02|03:01,0.0004859086823831499,Cluster_1
02:01|18:01|07:01|13:01|04:02,3.0369292648946868e-05,Cluster_1
02:16|08:01|07:02|03:01|02:01,0.0004859086823831499,Cluster_1
11:01|35:01|04:01|11:01|03:01,0.0004859086823831499,Cluster_1
26:01|45:01|06:02|07:01|02:01,0.0009718173647662998,Cluster_1
11:01|35:01|07:01|04:02|04:02,3.0369292648946868e-05,Cluster_1
11:01|15:02|08:01|12:02|03:01,0.0009537950995576621,Cluster_1
02:11|15:05|03:03|14:04|05:03,0.0004859086823831499,Cluster_1
11:01|15:02|08:01|07:01|02:01,0.001982157320272184,Cluster_1
24:02|40:01|04:01|12:01|03:01,0.0004859086823831499,Cluster_1
31:01|35:08|06:02|04:07|03:01,3.0369292648946868e-05,Cluster_1
24:17|15:02|08:01|14:04|05:03,0.0004859086823831499,Cluster_1
24:02|52:01|12:02|07:01|02:01,0.0009718173647662998,Cluster_1
02:01|40:01|03:04|16:01|05:02,0.0004859086823831499,Cluster_1
68:02|15:17|07:01|07:01|02:01,0.0004859086823831499,Cluster_1
24:02|51:01|14:02|09:01|03:03,0.0004859086823831499,Cluster_1
31:01|13:01|04:03|15:01|06:01,0.0004859086823831499,Cluster_1
11:01|38:02|07:02|07:01|02:01,0.0004859086823831499,Cluster_1
02:01|51:01|15:02|08:03|03:01,0.0004859086823831499,Cluster_1
02:06|35:05|04:01|08:03|06:01,0.0004859086823831499,Cluster_1
26:01|38:01|12:03|13:02|06:04,0.0004859086823831499,Cluster_1
33:03|38:01|12:03|04:01|03:02,0.0009718173647662998,Cluster_1
02:03|15:13|08:01|08:03|03:01,0.0004859086823831499,Cluster_1
31:01|51:01|15:02|03:01|02:14,0.00024295434119157494,Cluster_1
33:03|58:01|03:02|04:03|03:02,0.0034013607766820494,Cluster_1
03:01|35:03|12:03|15:01|06:02,0.0004859086823831499,Cluster_1
32:01|27:02|02:02|08:10|03:01,0.0004859086823831499,Cluster_1
01:01|50:01|06:02|01:01|05:01,0.0004859086823831499,Cluster_1
23:01|14:02|08:02|04:01|03:01,0.0004859086823831499,Cluster_1
02:03|15:13|08:01|15:02|05:01,0.0004859086823831499,Cluster_1
24:02|55:01|03:03|08:01|04:02,0.0004859086823831499,Cluster_1
33:03|40:02|03:04|15:01|06:02,0.0004859086823831499,Cluster_1
32:01|40:01|03:04|04:04|03:02,0.0009718173647662998,Cluster_1
11:01|18:01|12:03|11:04|03:01,0.0004859086823831499,Cluster_1
31:01|51:01|15:02|12:01|03:01,0.0004859086823831499,Cluster_1
11:01|40:01|07:02|08:03|06:01,0.00048590868238314897,Cluster_1
68:02|18:01|05:01|03:01|02:01,0.0004859086823831499,Cluster_1
02:01|18:01|07:01|01:01|05:01,0.0004859086823831499,Cluster_1
24:02|35:05|04:01|04:05|04:02,0.0004859086823831499,Cluster_1
24:02|08:01|07:02|03:01|02:01,0.0038432644166168147,Cluster_1
01:01|58:01|07:01|08:04|04:02,3.0369292648946868e-05,Cluster_1
32:01|55:01|01:02|03:01|02:01,0.0004859086823831499,Cluster_1
31:01|35:20|07:02|15:01|06:02,0.00012147717059578747,Cluster_1
03:01|35:01|04:01|03:01|02:01,0.0009718173647662998,Cluster_1
11:01|38:02|07:02|12:02|03:01,0.0009718173647662998,Cluster_1
01:01|18:01|07:01|08:01|04:02,3.0369292648946868e-05,Cluster_1
02:03|38:02|06:02|16:02|02:01,3.0369292648946868e-05,Cluster_1
24:02|15:02|08:01|04:06|03:02,0.0004859086823831499,Cluster_1
02:01|15:01|03:04|04:01|03:02,0.0019436347295325996,Cluster_1
02:03|38:02|06:02|16:02|05:02,3.0369292648946868e-05,Cluster_1
33:03|44:03|04:01|01:01|05:01,0.0004859086823831499,Cluster_1
11:01|52:01|12:02|15:02|06:01,0.0009718173647662998,Cluster_1
24:02|40:01|07:02|15:01|06:02,0.0004859086823831499,Cluster_1
02:01|27:04|01:02|14:01|05:03,0.0004859086823831499,Cluster_1
33:03|44:03|07:01|09:01|03:03,0.000998353050863913,Cluster_1
02:17|40:06|03:04|03:01|03:01,3.0369292648946868e-05,Cluster_1
02:01|49:01|07:01|14:01|05:03,0.0004859086823831499,Cluster_1
34:01|58:01|03:02|03:01|02:01,0.0004858981107434276,Cluster_1
02:02|15:16|14:02|01:02|05:01,0.0014577260471494496,Cluster_1
31:01|18:01|16:01|09:01|03:03,0.0004859086823831499,Cluster_1
11:01|58:01|04:01|04:02|04:02,3.0369292648946868e-05,Cluster_1
11:01|40:02|07:02|11:01|03:01,0.0004859086823831499,Cluster_1
02:01|37:01|07:01|13:01|04:02,3.0369292648946868e-05,Cluster_1
24:02|40:06|12:02|11:01|05:02,0.0004859086823831499,Cluster_1
02:01|15:17|16:01|13:02|06:04,0.00048590454120868594,Cluster_1
31:01|55:01|01:02|04:01|03:02,0.0004859086823831499,Cluster_1
02:01|18:01|06:02|08:01|06:03,3.0369292648946868e-05,Cluster_1
68:01|51:01|15:02|01:02|05:01,0.0004859086823831499,Cluster_1
01:01|40:06|03:04|03:01|02:01,3.0369292648946868e-05,Cluster_1
02:01|13:02|06:02|07:01|02:01,0.00890287226555067,Cluster_1
23:01|50:01|06:02|04:06|04:02,0.0004859086823831499,Cluster_1
11:02|39:01|07:02|14:18|05:03,0.0004859086823831499,Cluster_1
11:01|15:02|08:01|11:06|05:02,0.0004859086823831499,Cluster_1
01:01|57:01|06:02|03:01|02:01,0.0004904512101551673,Cluster_1
01:03|73:01|15:05|13:02|06:04,3.0369292648946868e-05,Cluster_1
02:17|35:08|03:04|11:04|03:01,3.0369292648946868e-05,Cluster_1
01:01|07:02|07:02|07:01|02:01,0.0010426827270362358,Cluster_1
33:03|58:01|03:02|07:01|03:03,0.0025474520087128056,Cluster_1
03:01|44:03|04:01|07:01|02:01,0.0015905147399390047,Cluster_1
24:07|44:03|07:01|07:01|02:01,0.0014577260471494496,Cluster_1
03:02|51:01|05:01|03:01|02:01,0.0004859086823831499,Cluster_1
02:06|37:01|06:02|03:01|02:01,0.0004859086823831499,Cluster_1
24:02|48:01|08:01|11:01|03:01,0.0009718173647662998,Cluster_1
02:11|13:02|06:02|16:02|05:02,3.0369292648946868e-05,Cluster_1
25:01|18:01|12:03|01:01|05:01,0.0004859086823831499,Cluster_1
11:01|40:01|07:02|14:05|05:03,0.0004859086823831499,Cluster_1
23:01|50:01|15:02|03:01|06:02,3.0369292648946868e-05,Cluster_1
24:02|50:01|06:02|15:01|02:01,3.0369292648946868e-05,Cluster_1
33:03|45:01|15:02|03:01|02:01,3.0369292648946868e-05,Cluster_1
34:01|15:21|04:03|14:04|05:03,0.0004859086823831499,Cluster_1
33:03|44:03|03:04|07:01|02:01,0.0009718173647662998,Cluster_1
02:03|13:02|06:02|07:01|02:01,3.0369292648946868e-05,Cluster_1
02:01|40:01|03:04|12:02|03:01,0.0004859086823831499,Cluster_1
01:01|35:08|03:04|11:04|02:01,3.0369292648946868e-05,Cluster_1
01:01|51:01|12:03|08:01|04:02,0.0009718173647662998,Cluster_1
03:01|40:01|03:04|11:01|03:01,0.0004859086823831499,Cluster_1
03:01|39:01|12:03|03:01|02:01,0.0004859086823831499,Cluster_1
24:02|50:01|06:02|03:01|06:02,3.0369292648946868e-05,Cluster_1
11:01|35:01|04:01|04:02|04:02,3.0369292648946868e-05,Cluster_1
33:03|15:13|08:01|15:02|06:01,0.0004859086823831499,Cluster_1
01:01|08:01|07:01|13:01|06:03,0.0011043295922513949,Cluster_1
03:01|55:02|12:03|03:01|02:01,3.0369292648946868e-05,Cluster_1
11:03|52:01|04:03|12:02|05:02,0.0004859086823831499,Cluster_1
24:07|15:25|04:03|12:02|03:01,0.0004859086823831499,Cluster_1
24:02|51:01|04:01|04:05|04:01,0.0004859086823831499,Cluster_1
24:02|57:01|06:02|07:01|03:03,0.0010243033356598396,Cluster_1
01:03|73:01|05:01|13:02|06:04,3.0369292648946868e-05,Cluster_1
68:01|51:01|15:02|07:01|02:01,0.0009718173647662998,Cluster_1
03:02|35:03|04:01|13:01|06:03,0.0004859086823831499,Cluster_1
02:01|15:01|03:04|13:02|06:04,0.0004859086823831499,Cluster_1
23:01|50:01|15:02|03:01|02:01,3.0369292648946868e-05,Cluster_1
01:01|44:02|05:01|11:01|03:01,0.0004859086823831499,Cluster_1
31:01|27:05|01:02|04:07|03:01,0.0004859086823831499,Cluster_1
01:01|35:05|04:01|12:02|03:01,0.0004859086823831499,Cluster_1
03:01|55:02|07:01|14:05|05:03,3.0369292648946868e-05,Cluster_1
01:01|40:01|12:03|15:02|05:03,0.0004859086823831499,Cluster_1
24:02|50:01|06:02|03:01|02:01,3.0369292648946868e-05,Cluster_1
30:02|18:01|05:01|13:01|06:03,0.00024295434119157494,Cluster_1
34:01|38:02|07:02|15:02|05:02,0.0009718173647662998,Cluster_1
24:02|27:04|12:02|14:04|05:03,0.0004859086823831499,Cluster_1
03:01|07:02|07:02|13:01|06:03,0.0003533964548980548,Cluster_1
02:01|45:01|05:01|07:01|03:03,3.0369292648946868e-05,Cluster_1
33:03|35:02|04:01|11:04|03:01,0.0004859086823831499,Cluster_1
24:02|58:01|14:02|03:01|02:01,0.0004859086823831499,Cluster_1
11:01|18:01|07:04|07:01|02:01,0.0004950849403051673,Cluster_1
11:01|27:06|03:04|15:02|05:01,0.0004859086823831499,Cluster_1
11:01|15:01|04:01|08:03|06:01,0.0004859086823831499,Cluster_1
11:01|55:01|03:03|14:01|05:03,0.0009718173647662998,Cluster_1
26:01|07:02|07:02|03:01|02:01,0.0005547144332425574,Cluster_1
02:01|45:01|15:05|13:02|03:03,3.0369292648946868e-05,Cluster_1
26:01|49:01|07:01|13:01|06:03,3.0369292648946868e-05,Cluster_1
03:01|55:02|12:03|14:05|02:01,3.0369292648946868e-05,Cluster_1
30:01|13:02|06:02|15:01|06:02,0.0011110013072533967,Cluster_1
11:01|27:05|02:02|07:01|02:01,0.0009718173647662998,Cluster_1
31:01|14:01|04:01|04:07|03:01,3.0369292648946868e-05,Cluster_1
03:01|52:01|12:02|16:02|05:02,0.0004859086823831499,Cluster_1
02:01|39:01|07:02|04:05|04:01,0.0004859086823831499,Cluster_1
01:01|18:01|07:01|13:01|06:03,3.0369292648946868e-05,Cluster_1
31:01|15:02|08:01|07:01|03:03,0.0004859086823831499,Cluster_1
31:01|35:08|06:02|07:01|03:01,3.0369292648946868e-05,Cluster_1
24:07|35:30|04:01|12:02|05:02,0.0004859086823831499,Cluster_1
32:01|44:03|07:01|11:11|03:01,6.0738585297893736e-05,Cluster_1
31:01|35:08|04:01|07:01|02:01,3.0369292648946868e-05,Cluster_1
02:06|51:01|14:02|16:02|05:02,0.0004859086823831499,Cluster_1
02:01|73:01|15:05|07:01|06:04,3.0369292648946868e-05,Cluster_1
02:01|37:01|06:02|08:01|04:02,3.0369292648946868e-05,Cluster_1
02:01|45:01|05:01|13:02|06:04,3.0369292648946868e-05,Cluster_1
29:02|35:01|02:02|11:01|03:01,0.0004859086823831499,Cluster_1
11:01|18:01|07:04|12:02|03:01,0.0004767324244611325,Cluster_1
03:01|07:02|07:02|15:01|06:02,0.007005788212705767,Cluster_1
24:02|40:01|15:02|03:01|06:02,3.0369292648946868e-05,Cluster_1
32:01|41:01|17:01|07:01|03:03,0.0004859086823831499,Cluster_1
01:01|40:06|04:01|11:04|03:01,3.0369292648946868e-05,Cluster_1
02:01|40:02|02:02|14:01|05:03,0.0004859086823831499,Cluster_1
01:01|44:29|07:01|13:01|03:02,3.0369292648946868e-05,Cluster_1
01:01|14:02|08:02|10:01|05:01,0.0009718173647662998,Cluster_1
03:01|14:02|08:02|03:01|05:01,0.00024295434119157494,Cluster_1
02:06|15:11|16:02|08:02|04:02,0.0004859086823831499,Cluster_1
24:02|15:02|08:01|15:01|06:02,0.0009718173647662998,Cluster_1
11:01|35:01|04:01|01:01|05:01,0.0009379189637103411,Cluster_1
31:01|07:02|04:01|07:01|06:02,0.00012147717059578747,Cluster_1
24:02|44:02|05:01|07:01|02:01,0.0009718173647662998,Cluster_1
24:02|27:05|02:02|04:07|03:01,0.0004859086823831499,Cluster_1
11:01|44:03|07:01|07:01|02:01,0.0048590396093009395,Cluster_1
01:01|18:01|07:01|15:01|06:02,0.0004859086823831499,Cluster_1
26:01|55:01|03:03|14:01|05:03,0.0004859086823831499,Cluster_1
01:01|15:02|08:01|10:01|05:01,0.0004859086823831499,Cluster_1
31:01|14:01|06:02|07:01|03:01,3.0369292648946868e-05,Cluster_1
03:01|35:01|04:01|14:04|05:03,0.0004859086823831499,Cluster_1
11:01|38:02|07:02|15:01|05:02,0.0004859086823831499,Cluster_1
24:02|40:01|15:02|03:01|02:01,3.0369292648946868e-05,Cluster_1
01:01|35:01|07:01|08:04|03:02,3.0369292648946868e-05,Cluster_1
33:03|13:01|04:06|15:02|05:01,0.0009718173647662998,Cluster_1
11:01|15:01|03:04|13:02|06:04,0.0009718173647662998,Cluster_1
02:01|15:18|07:04|13:01|06:03,0.0004859086823831499,Cluster_1
33:03|07:02|07:02|09:01|03:03,0.0004859086823831499,Cluster_1
01:03|73:01|05:01|07:01|06:04,3.0369292648946868e-05,Cluster_1
31:01|07:02|04:01|07:01|02:01,0.00012147717059578747,Cluster_1
01:01|58:01|04:01|04:02|04:02,3.0369292648946868e-05,Cluster_1
33:01|14:02|08:02|13:03|03:01,0.0004859086823831499,Cluster_1
02:01|53:01|04:01|01:01|05:01,0.0004859086823831499,Cluster_1
02:17|40:06|04:01|03:01|02:01,3.0369292648946868e-05,Cluster_1
32:01|51:01|16:02|07:01|02:01,0.0004859086823831499,Cluster_1
32:01|44:02|05:01|07:01|02:01,0.0004859086823831499,Cluster_1
11:01|13:01|04:06|12:02|05:02,0.0004859086823831499,Cluster_1
24:02|40:01|07:02|11:01|03:01,0.0004859086823831499,Cluster_1
34:02|44:03|07:01|13:02|06:04,0.0004859086823831499,Cluster_1
02:01|44:02|05:01|03:01|06:02,0.0004859086823831499,Cluster_1
02:03|18:01|07:04|14:04|05:03,0.0004859086823831499,Cluster_1
02:03|13:01|03:04|15:01|05:02,0.0004859086823831499,Cluster_1
26:01|44:29|07:01|04:01|06:03,3.0369292648946868e-05,Cluster_1
02:17|40:06|03:04|03:01|02:01,3.0369292648946868e-05,Cluster_1
02:01|35:08|04:01|07:01|02:01,0.0009718173647662998,Cluster_1
11:01|40:06|15:02|15:01|06:01,0.0006282280404157541,Cluster_1
25:01|18:01|05:01|03:01|02:01,0.0004859086823831499,Cluster_1
02:01|51:01|14:02|13:01|06:03,0.0004859086823831499,Cluster_1
24:02|52:01|12:02|03:01|02:01,0.0004859086823831499,Cluster_1
31:01|07:02|07:02|07:01|06:02,0.00012147717059578747,Cluster_1
02:01|73:01|05:01|13:02|03:03,3.0369292648946868e-05,Cluster_1
24:02|40:01|03:04|11:04|03:01,0.0004859086823831499,Cluster_1
02:01|45:01|15:05|07:01|03:03,3.0369292648946868e-05,Cluster_1
68:01|51:01|15:02|04:10|04:02,0.0009718173647662998,Cluster_1
31:01|44:02|05:01|12:01|03:01,0.0004859086823831499,Cluster_1
30:02|18:01|05:01|03:01|02:01,0.007288630235747248,Cluster_1
31:01|14:01|06:02|04:07|02:01,3.0369292648946868e-05,Cluster_1
02:03|52:01|07:02|15:02|05:02,0.0004859086823831499,Cluster_1
02:07|46:01|01:02|07:01|02:01,0.0009718173647662998,Cluster_1
33:01|51:01|02:02|08:01|04:02,0.0004859086823831499,Cluster_1
01:01|07:02|07:02|15:01|06:02,0.002646464871759338,Cluster_1
11:01|40:06|12:03|14:05|05:03,3.0369292648946868e-05,Cluster_1
29:02|45:01|06:02|13:01|06:03,0.0009718173647662998,Cluster_1
74:01|45:01|16:01|03:01|02:01,3.0369292648946868e-05,Cluster_1
24:10|18:02|07:04|12:02|03:01,0.0004859086823831499,Cluster_1
03:01|07:02|07:02|01:01|05:01,0.0013796206476545277,Cluster_1
02:06|40:01|03:04|15:01|06:02,0.0004859086823831499,Cluster_1
03:01|15:01|03:04|04:01|03:02,0.0009718173647662998,Cluster_1
29:01|07:05|15:05|13:02|06:09,0.0004859086823831499,Cluster_1
68:01|44:02|07:04|13:02|06:04,0.0009718173647662998,Cluster_1
31:01|35:03|12:03|01:01|05:01,0.0004859086823831499,Cluster_1
11:01|15:21|04:03|15:02|06:01,0.0009718173647662998,Cluster_1
11:01|35:03|04:01|11:04|03:01,0.0004859086823831499,Cluster_1
24:02|08:01|07:01|03:01|02:01,0.003002344591838901,Cluster_1
11:02|51:01|14:02|03:01|02:01,0.0004859086823831499,Cluster_1
02:01|45:01|06:02|04:01|03:01,0.0004859086823831499,Cluster_1
24:07|40:01|03:04|15:01|05:02,0.0004859086823831499,Cluster_1
31:01|07:02|07:02|07:01|02:01,0.00012147717059578747,Cluster_1
24:02|15:18|07:04|14:04|05:03,0.0004859086823831499,Cluster_1
02:01|15:13|08:01|15:02|05:01,0.0004859086823831499,Cluster_1
74:01|51:01|14:02|14:04|05:03,0.0004859086823831499,Cluster_1
11:01|40:06|12:03|03:01|02:01,3.0369292648946868e-05,Cluster_1
24:02|27:06|03:04|04:05|04:01,0.0004859086823831499,Cluster_1
02:01|39:01|07:02|07:01|02:01,0.0019436347295325996,Cluster_1
01:01|44:29|05:01|13:01|03:02,3.0369292648946868e-05,Cluster_1
11:04|56:01|12:02|12:02|03:01,0.0004859086823831499,Cluster_1
02:01|50:01|06:02|03:01|02:01,0.0024295434119157495,Cluster_1
01:01|40:06|15:02|15:02|06:01,0.0004859086823831499,Cluster_1
11:01|44:02|05:01|09:01|03:03,0.0004859086823831499,Cluster_1
02:01|37:01|06:02|13:01|06:03,3.0369292648946868e-05,Cluster_1
02:03|13:02|07:02|16:02|05:02,3.0369292648946868e-05,Cluster_1
01:03|73:01|15:05|07:01|06:04,3.0369292648946868e-05,Cluster_1
11:01|15:32|12:03|15:02|06:01,0.0004859086823831499,Cluster_1
11:01|58:01|07:01|04:02|03:02,3.0369292648946868e-05,Cluster_1
29:02|44:03|16:01|01:03|05:01,0.00048590868238314967,Cluster_1
23:01|49:01|07:01|03:01|02:01,0.0004859086823831499,Cluster_1
32:01|14:01|08:02|03:01|02:01,0.0004895209411505115,Cluster_1
02:01|54:01|01:02|04:05|04:01,0.0004859086823831499,Cluster_1
03:01|55:01|03:03|14:01|05:03,0.0004859086823831499,Cluster_1
24:02|44:03|07:01|07:01|02:01,0.002443295390189525,Cluster_1
33:03|45:01|15:02|11:01|02:01,3.0369292648946868e-05,Cluster_1
34:01|15:21|04:03|15:02|05:02,0.0004859086823831499,Cluster_1
68:01|35:03|16:02|01:01|05:01,0.0004859086823831499,Cluster_1
24:07|15:02|08:01|14:04|05:03,0.0004831515039713644,Cluster_1
02:01|40:01|03:04|03:01|02:01,0.001988544586780803,Cluster_1
11:02|51:02|15:02|14:01|05:02,0.0004859086823831499,Cluster_1
26:01|07:02|07:02|07:01|03:03,0.0004171029315237424,Cluster_1
02:01|15:01|04:01|08:01|04:02,0.0004859086823831499,Cluster_1
23:01|44:03|07:01|11:11|06:04,6.0738585297893736e-05,Cluster_1
01:01|08:01|07:01|07:01|03:03,0.0010258430584317848,Cluster_1
02:01|07:02|07:02|07:01|02:01,0.0029452376241788755,Cluster_1
02:17|35:08|04:01|03:01|02:01,3.0369292648946868e-05,Cluster_1
01:01|49:01|07:01|04:01|03:02,3.0369292648946868e-05,Cluster_1
02:01|44:02|05:01|04:03|03:02,0.0014577260471494496,Cluster_1
02:06|15:25|04:03|12:02|03:01,0.0004859086823831499,Cluster_1
01:01|49:01|07:01|13:01|03:02,3.0369292648946868e-05,Cluster_1
11:01|37:01|06:02|10:01|05:01,0.0014577260471494496,Cluster_1
01:01|35:01|04:01|04:02|04:02,3.0369292648946868e-05,Cluster_1
02:01|44:02|05:01|08:01|04:02,0.0009718173647662998,Cluster_1
29:02|15:01|01:02|09:01|03:03,0.0004859086823831499,Cluster_1
68:01|18:01|07:01|15:01|06:01,0.0004859086823831499,Cluster_1
24:07|15:01|04:01|04:06|03:02,0.0009718173647662998,Cluster_1
02:01|35:03|12:03|13:01|06:03,0.0004859086823831499,Cluster_1
32:01|51:01|04:01|03:01|02:01,0.0004859086823831499,Cluster_1
11:01|44:02|05:01|04:01|03:01,0.0014577260471494496,Cluster_1
01:01|40:06|03:04|11:04|02:01,3.0369292648946868e-05,Cluster_1
24:07|51:02|14:02|09:01|03:03,0.0004859086823831499,Cluster_1
33:03|58:01|03:02|07:01|02:01,0.001462159500202862,Cluster_1
31:01|44:03|07:01|03:01|02:01,0.0004859086666446636,Cluster_1
23:01|44:03|07:01|13:02|06:04,6.0738585297893736e-05,Cluster_1
02:06|40:06|15:02|13:01|06:03,0.0004859086823831499,Cluster_1
32:01|38:01|12:03|15:01|06:02,0.0004859086823831499,Cluster_1
11:01|35:01|07:01|08:04|04:02,3.0369292648946868e-05,Cluster_1
03:01|47:01|06:02|07:01|02:01,0.0009718173647662998,Cluster_1
24:02|52:01|12:02|04:03|03:02,0.0004859086823831499,Cluster_1
03:01|35:01|04:01|01:01|05:01,0.0019436347295325996,Cluster_1
01:01|49:01|05:01|04:01|03:02,3.0369292648946868e-05,Cluster_1
01:01|37:01|06:02|08:01|06:03,3.0369292648946868e-05,Cluster_1
02:01|35:03|04:01|13:02|06:09,0.0003484377284411765,Cluster_1
11:01|08:01|07:02|03:01|02:01,0.0063608179134293326,Cluster_1
33:03|39:01|07:02|08:03|06:01,0.0004859086823831465,Cluster_1
11:01|58:01|07:01|08:04|03:02,3.0369292648946868e-05,Cluster_1
01:01|08:01|07:01|13:02|06:04,0.0015102651548720317,Cluster_1
02:01|40:01|07:02|15:01|06:02,0.0004458758374257611,Cluster_1
68:50|15:17|07:01|13:02|06:04,0.0004859086823831499,Cluster_1
02:01|37:01|06:02|13:01|04:02,3.0369292648946868e-05,Cluster_1
03:01|50:01|06:02|07:01|02:01,0.001484261733247062,Cluster_1
74:01|45:01|16:01|11:01|03:01,3.0369292648946868e-05,Cluster_1
01:01|08:01|07:01|12:01|03:01,0.0004859086823831499,Cluster_1
11:01|40:01|03:04|04:05|04:01,0.0004859086823831499,Cluster_1
24:02|44:02|05:01|15:01|06:02,0.0009718173647662998,Cluster_1
02:20|58:01|03:02|13:01|06:03,0.0004859086823831499,Cluster_1
01:01|07:02|07:02|03:01|02:01,0.0004971033293844056,Cluster_1
24:02|51:08|15:02|01:01|05:01,0.0004859086823831499,Cluster_1
11:01|15:02|08:01|13:12|03:01,0.0004859086823831499,Cluster_1
23:01|40:01|15:02|15:01|06:02,3.0369292648946868e-05,Cluster_1
02:07|46:01|01:02|09:01|03:03,0.0019436347295325996,Cluster_1
30:04|42:01|17:01|03:02|04:02,0.0004859086823831499,Cluster_1
24:02|18:01|07:01|03:01|02:01,0.0004859086823831499,Cluster_1
03:01|35:02|04:01|01:01|05:01,0.0004859086823831499,Cluster_1
24:02|15:10|04:01|15:01|06:02,0.00048590596249337153,Cluster_1
02:01|15:01|03:04|07:01|02:01,0.0009718173647662998,Cluster_1
30:02|18:01|05:01|03:01|06:03,0.00024295434119157494,Cluster_1
31:01|40:01|03:04|08:01|04:02,0.0004859086823831499,Cluster_1
02:11|35:03|04:01|07:01|02:01,0.0014577260471494496,Cluster_1
11:01|55:02|07:01|14:05|05:03,3.0369292648946868e-05,Cluster_1
34:01|13:01|04:01|15:02|06:01,0.0004859086823831499,Cluster_1
11:01|51:01|16:02|04:03|03:02,0.0004859086823831499,Cluster_1
24:02|51:01|15:04|10:01|05:01,0.0004859086823831499,Cluster_1
24:02|35:02|04:01|13:02|06:04,0.00046325387355446884,Cluster_1
02:01|15:07|03:03|12:01|03:03,0.0004859086823831499,Cluster_1
24:02|35:08|04:01|07:01|03:01,3.0369292648946868e-05,Cluster_1
11:01|15:21|04:03|04:03|03:02,0.0004859086823831499,Cluster_1
24:02|40:01|03:03|09:01|03:03,0.0004859086823831499,Cluster_1
11:01|40:06|12:03|14:05|02:01,3.0369292648946868e-05,Cluster_1
23:01|50:01|06:02|15:01|06:02,3.0369292648946868e-05,Cluster_1
01:01|38:01|12:03|13:01|06:03,0.0004859086823831499,Cluster_1
34:01|15:21|04:03|12:02|03:01,0.0004859086823831499,Cluster_1
01:01|27:05|01:02|01:01|05:01,0.0019417955837912788,Cluster_1
33:03|40:02|03:02|15:02|05:02,0.0004859086823831499,Cluster_1
11:01|44:02|07:04|10:01|05:01,0.0004859086823831499,Cluster_1
25:01|40:01|03:04|13:02|06:04,0.0004859086823831499,Cluster_1
34:01|51:06|12:04|07:01|03:03,0.0009718173647662998,Cluster_1
68:01|51:01|15:02|03:01|02:01,0.0017635785627913314,Cluster_1
26:01|08:01|07:02|03:01|02:01,0.015062896138901395,Cluster_1
26:01|54:01|15:02|14:05|05:03,0.0004859086823831499,Cluster_1
23:01|49:01|07:01|11:01|03:01,0.0009718173647662998,Cluster_1
01:01|35:01|04:01|01:01|05:01,0.0004859086823831499,Cluster_1
24:07|35:05|04:01|07:01|03:03,0.00036878317350677446,Cluster_1
31:06|52:01|12:02|15:02|06:01,0.0004859086823831499,Cluster_1
24:02|18:01|07:04|12:02|03:01,0.0009718173647662998,Cluster_1
02:17|38:01|12:03|11:04|03:01,0.0004859086823831499,Cluster_1
31:01|15:02|08:01|07:01|02:01,0.0004859086823831499,Cluster_1
02:01|73:01|05:01|07:01|03:03,3.0369292648946868e-05,Cluster_1
33:03|27:05|02:02|09:01|03:03,0.0004859086823831499,Cluster_1
01:01|37:01|06:02|08:01|04:02,3.0369292648946868e-05,Cluster_1
02:07|46:01|01:02|14:01|05:02,0.0004859086823831499,Cluster_1
23:01|50:01|06:02|15:01|02:01,3.0369292648946868e-05,Cluster_1
26:01|14:02|08:02|01:02|05:01,0.0004859086823831499,Cluster_1
02:01|73:01|15:05|13:02|03:03,3.0369292648946868e-05,Cluster_1
03:01|07:02|07:02|07:01|03:03,0.0009867292992879085,Cluster_1
02:06|37:01|06:02|16:02|05:02,0.0004859086823831499,Cluster_1
02:01|15:01|01:02|08:01|04:02,0.0009718173647662998,Cluster_1
01:01|49:01|05:01|13:01|03:02,3.0369292648946868e-05,Cluster_1
03:01|40:01|03:04|07:01|02:01,0.0004859086823831499,Cluster_1
03:01|51:01|07:02|04:02|03:02,0.0004859086823831499,Cluster_1
31:01|07:02|04:01|15:01|06:02,0.00012147717059578747,Cluster_1
24:10|18:02|07:04|13:02|06:09,0.0004859086823831499,Cluster_1
02:01|15:01|04:01|13:01|06:03,0.0004859086823831499,Cluster_1
11:02|27:04|12:02|14:01|05:03,0.0009718173647662998,Cluster_1
01:01|15:39|04:01|08:02|03:01,0.00039777260818313494,Cluster_2
24:02|40:01|04:01|04:05|04:02,0.00039777260818313494,Cluster_2
31:01|35:03|12:03|12:01|03:01,0.00019888630409156747,Cluster_2
02:11|52:01|12:02|14:19|03:01,9.944315204578374e-05,Cluster_2
23:01|44:03|04:01|11:01|04:02,2.4860788011445934e-05,Cluster_2
02:05|50:01|06:02|15:02|06:01,2.4860788011445934e-05,Cluster_2
11:02|27:04|12:02|12:02|03:01,0.003977726081831354,Cluster_2
03:01|55:01|03:03|04:01|03:01,0.00039777260818313494,Cluster_2
69:01|18:01|07:01|04:03|03:01,2.4860788011445934e-05,Cluster_2
02:06|56:01|03:03|12:02|03:01,0.00039777260818313494,Cluster_2
02:01|48:01|07:04|15:01|03:01,2.4860788011445934e-05,Cluster_2
11:01|07:02|07:02|04:02|03:02,0.00039777260818313494,Cluster_2
32:01|13:01|02:02|12:02|06:03,2.4860788011445934e-05,Cluster_2
23:01|41:01|07:01|16:01|05:02,2.4860788011445934e-05,Cluster_2
02:03|39:09|07:02|04:05|03:02,0.00039777260818313494,Cluster_2
02:06|15:01|03:03|12:02|03:01,0.00039777260818313494,Cluster_2
03:01|13:01|02:02|12:02|06:03,2.4860788011445934e-05,Cluster_2
11:01|15:32|12:03|11:11|03:01,4.972157602289187e-05,Cluster_2
24:02|51:01|01:02|11:03|03:01,0.00039777260818313494,Cluster_2
11:01|15:02|08:01|15:01|06:01,0.0029252917318171702,Cluster_2
23:01|49:01|07:01|16:01|03:01,2.4860788011445934e-05,Cluster_2
02:03|40:02|12:03|13:12|05:03,2.4860788011445934e-05,Cluster_2
11:01|13:01|07:01|13:02|06:04,2.4860788011445934e-05,Cluster_2
02:11|15:38|03:03|12:02|03:01,0.00039777260818313494,Cluster_2
11:01|15:18|16:02|04:03|03:02,0.00039777260818313494,Cluster_2
29:02|50:01|05:01|15:02|06:01,2.4860788011445934e-05,Cluster_2
11:02|51:01|12:02|08:03|06:01,0.00039777260818313494,Cluster_2
02:11|40:06|16:02|13:01|03:01,2.4860788011445934e-05,Cluster_2
31:01|51:01|04:01|11:66|05:03,2.4860788011445934e-05,Cluster_2
01:01|56:01|14:02|07:01|03:03,2.4860788011445934e-05,Cluster_2
11:01|15:32|15:02|11:11|03:02,4.972157602289187e-05,Cluster_2
23:01|41:01|07:01|14:01|03:01,4.972157602289187e-05,Cluster_2
32:01|15:01|04:01|12:01|04:02,0.00039777260818313494,Cluster_2
24:07|35:05|04:01|04:05|05:03,0.00039777260818313494,Cluster_2
29:02|44:02|06:02|04:01|06:01,2.4860788011445934e-05,Cluster_2
32:01|44:02|08:01|12:02|03:01,2.4860788011445934e-05,Cluster_2
02:11|35:03|04:01|15:02|06:01,0.00039777260818313494,Cluster_2
02:01|40:06|16:01|11:02|05:03,2.4860788011445934e-05,Cluster_2
33:03|58:01|03:02|13:02|06:09,0.007955452163662698,Cluster_2
29:02|14:02|08:02|11:04|03:01,2.4860788011445934e-05,Cluster_2
11:01|57:01|06:02|14:04|05:03,0.0007955452163662699,Cluster_2
11:01|51:01|14:02|07:01|03:01,2.4860788011445934e-05,Cluster_2
24:02|40:11|03:04|08:02|03:01,2.4860788011445934e-05,Cluster_2
02:01|44:02|05:01|01:01|05:01,0.001240785031751774,Cluster_2
30:01|07:02|03:02|15:01|06:02,2.4860788011445934e-05,Cluster_2
33:03|51:01|03:03|04:03|03:02,2.4860788011445934e-05,Cluster_2
31:01|51:01|04:01|14:15|03:01,2.4860788011445934e-05,Cluster_2
24:02|40:06|12:04|14:04|03:01,2.4860788011445934e-05,Cluster_2
24:02|38:02|07:02|11:01|03:01,0.0008543997329565133,Cluster_2
30:01|13:02|06:02|07:01|02:01,0.0007955452163662699,Cluster_2
33:03|38:02|07:02|15:02|05:01,0.00039777260818313494,Cluster_2
01:01|15:21|04:03|08:03|06:01,2.4860788011445934e-05,Cluster_2
02:01|40:06|12:04|11:02|03:01,2.4860788011445934e-05,Cluster_2
24:07|27:04|08:01|12:02|03:01,0.00039777260818313494,Cluster_2
02:11|35:01|04:01|11:01|03:01,0.00039777260818313494,Cluster_2
24:02|15:32|12:03|15:02|06:01,0.00039777260818313494,Cluster_2
03:01|07:02|07:02|04:04|03:01,2.4860788011445934e-05,Cluster_2
23:01|44:03|04:01|03:02|03:01,2.4860788011445934e-05,Cluster_2
24:02|15:18|07:04|04:01|03:01,0.0007955496233590214,Cluster_2
24:07|40:01|03:04|12:01|03:02,0.00039777260818313494,Cluster_2
11:01|40:02|01:02|12:01|03:01,9.944315204578374e-05,Cluster_2
03:01|35:01|03:03|13:02|06:04,0.0007955452163662699,Cluster_2
24:07|40:01|01:02|12:02|03:01,0.00039777260818313494,Cluster_2
11:01|13:01|04:03|12:02|03:01,0.004375498690014484,Cluster_2
02:01|18:01|05:01|03:02|04:02,4.972157602289187e-05,Cluster_2
23:01|41:01|17:01|16:01|03:01,2.4860788011445934e-05,Cluster_2
02:01|44:02|05:01|04:02|03:02,0.00039777260818313494,Cluster_2
24:07|27:06|04:01|12:02|03:01,0.0007955452163662699,Cluster_2
26:01|51:02|08:01|03:01|02:01,0.00039777260818313494,Cluster_2
31:01|40:02|03:05|14:02|04:02,2.4860788011445934e-05,Cluster_2
34:01|55:02|12:03|04:05|05:03,2.4860788011445934e-05,Cluster_2
32:01|51:08|04:01|04:08|03:01,2.4860788011445934e-05,Cluster_2
01:01|41:01|07:01|12:01|05:02,2.4860788011445934e-05,Cluster_2
03:01|27:05|01:02|09:01|03:03,4.972157602289187e-05,Cluster_2
33:03|48:03|08:01|12:02|03:01,0.00039777260818313494,Cluster_2
33:01|45:01|06:02|04:05|03:01,2.4860788011445934e-05,Cluster_2
24:02|07:02|07:02|16:02|03:01,2.4860788011445934e-05,Cluster_2
11:01|44:02|05:01|13:01|06:03,0.0007955452163662699,Cluster_2
74:01|15:03|04:01|11:01|04:02,2.4860788011445934e-05,Cluster_2
11:02|15:11|07:01|09:01|03:01,2.4860788011445934e-05,Cluster_2
11:01|07:05|07:02|15:01|03:01,0.0004087767790365647,Cluster_2
68:01|35:03|04:01|04:05|04:01,0.00039777260818313494,Cluster_2
33:03|58:01|03:02|15:02|05:01,0.0007955452163662699,Cluster_2
01:01|18:01|07:04|08:03|06:01,0.00039777260818313494,Cluster_2
02:01|35:01|04:01|13:01|06:03,0.0015910904327325398,Cluster_2
11:01|15:32|15:02|11:11|03:01,4.972157602289187e-05,Cluster_2
24:02|38:01|12:03|14:06|03:01,2.4860788011445934e-05,Cluster_2
24:02|08:01|07:01|14:01|03:01,4.972157602289187e-05,Cluster_2
24:02|55:02|12:03|04:05|04:01,0.0007955452163662699,Cluster_2
33:03|18:01|12:02|16:02|05:02,0.00039777260818313494,Cluster_2
33:03|46:01|12:03|14:01|05:02,0.00039777260818313494,Cluster_2
24:02|51:01|06:02|04:03|03:02,2.4860788011445934e-05,Cluster_2
74:01|15:03|02:10|11:01|03:01,2.4860788011445934e-05,Cluster_2
24:02|52:01|12:02|15:01|03:01,9.944315204578374e-05,Cluster_2
24:07|40:01|04:JKTU|12:02|03:02,4.972157602289187e-05,Cluster_2
11:02|35:05|04:01|12:02|03:01,0.00039777260818313494,Cluster_2
30:02|55:01|03:03|15:01|06:02,9.944315204578374e-05,Cluster_2
33:03|35:03|04:01|08:02|04:02,0.00039777260818313494,Cluster_2
29:01|07:05|15:05|10:01|05:01,0.0027844082572819444,Cluster_2
24:07|35:05|04:01|12:02|03:01,0.04473746534245436,Cluster_2
03:01|44:02|07:04|04:04|03:02,0.00039777260818313494,Cluster_2
31:01|44:02|05:01|13:01|06:03,0.0007955452163662699,Cluster_2
11:01|48:04|08:01|14:04|05:03,0.00039777260818313494,Cluster_2
11:01|58:01|07:01|11:01|03:01,0.00039777260818313494,Cluster_2
24:02|07:02|07:02|15:01|06:02,0.0010946027919438751,Cluster_2
68:01|18:01|07:01|04:07|03:02,2.4860788011445934e-05,Cluster_2
01:01|39:06|03:04|08:01|03:01,2.4860788011445934e-05,Cluster_2
68:01|51:01|15:02|04:01|03:02,0.00039777260818313494,Cluster_2
74:01|15:02|08:01|12:02|03:01,0.000410127572653973,Cluster_2
11:01|54:01|01:02|04:05|04:01,0.0007830785871044366,Cluster_2
11:01|49:01|07:01|13:02|06:04,2.4860788011445934e-05,Cluster_2
31:01|51:01|01:02|04:08|03:01,0.00039777260818313494,Cluster_2
11:02|51:01|01:02|04:05|04:02,0.00039777260818313494,Cluster_2
34:02|41:01|08:02|14:01|05:03,4.972157602289187e-05,Cluster_2
29:02|38:01|01:02|13:03|03:01,4.972157602289187e-05,Cluster_2
02:01|40:01|04:03|12:02|03:01,0.00039777260818313494,Cluster_2
29:02|50:01|06:02|15:02|03:01,2.4860788011445934e-05,Cluster_2
26:01|44:03|15:02|04:01|03:01,2.4860788011445934e-05,Cluster_2
02:01|18:01|07:04|12:02|03:01,0.000696686897799524,Cluster_2
26:01|38:01|12:03|11:03|03:01,2.4860788011445934e-05,Cluster_2
23:01|14:02|07:01|08:04|03:01,4.972157602289187e-05,Cluster_2
11:01|13:01|03:04|11:03|03:02,2.4860788011445934e-05,Cluster_2
24:02|42:02|17:01|11:03|03:01,4.972157602289187e-05,Cluster_2
29:01|58:01|03:02|03:01|02:01,0.00039777260818313494,Cluster_2
11:01|51:01|14:02|09:01|03:03,0.00039777260818313494,Cluster_2
24:07|15:35|07:02|15:02|05:02,0.00041136134366965806,Cluster_2
32:01|13:01|04:03|12:02|05:03,2.4860788011445934e-05,Cluster_2
26:01|40:06|03:04|09:01|03:03,0.00039777260818313494,Cluster_2
23:01|41:01|07:01|12:01|05:02,2.4860788011445934e-05,Cluster_2
23:01|41:01|07:01|08:04|05:03,4.972157602289187e-05,Cluster_2
11:01|13:01|03:04|04:04|03:02,2.4860788011445934e-05,Cluster_2
11:01|15:35|07:02|15:02|05:02,0.001461969956067998,Cluster_2
02:06|37:01|06:02|14:02|03:01,0.0007955452163662699,Cluster_2
02:01|44:02|05:01|04:01|03:01,0.011638378966800497,Cluster_2
29:02|14:02|08:02|04:05|03:02,2.4860788011445934e-05,Cluster_2
02:11|40:06|16:02|13:01|06:03,2.4860788011445934e-05,Cluster_2
01:01|51:01|14:02|13:12|03:01,2.4860788011445934e-05,Cluster_2
01:01|39:24|07:01|08:03|06:01,2.4860788011445934e-05,Cluster_2
23:01|49:01|07:01|12:01|03:01,2.4860788011445934e-05,Cluster_2
02:05|50:01|05:01|04:01|06:01,2.4860788011445934e-05,Cluster_2
24:02|13:01|07:02|12:02|03:01,0.000446772234406407,Cluster_2
03:01|13:01|02:02|12:02|03:01,2.4860788011445934e-05,Cluster_2
02:05|51:01|01:02|04:03|03:01,2.4860788011445934e-05,Cluster_2
02:01|40:01|03:04|04:01|03:01,0.0015910904327325398,Cluster_2
33:03|15:08|01:02|13:02|06:09,0.0007955452163662699,Cluster_2
32:01|44:02|08:01|12:02|06:03,2.4860788011445934e-05,Cluster_2
24:02|35:08|04:01|11:01|03:01,0.00039795720985053636,Cluster_2
68:01|51:01|16:02|15:02|05:01,0.00039777260818313494,Cluster_2
24:02|18:01|07:04|15:02|03:01,0.00047099187949776095,Cluster_2
24:02|08:01|15:02|08:03|03:01,4.972157602289187e-05,Cluster_2
25:04|38:01|12:03|11:03|03:01,2.4860788011445934e-05,Cluster_2
02:07|39:01|07:02|08:03|06:01,0.00039777260818313494,Cluster_2
24:07|15:35|08:01|07:01|03:03,0.00039777260818313494,Cluster_2
24:02|40:01|04:01|16:02|05:02,0.0007955452163662699,Cluster_2
02:01|27:05|02:02|13:02|06:04,0.00039777260818313494,Cluster_2
11:01|15:02|07:02|15:01|06:01,0.00039777260818313494,Cluster_2
02:06|40:06|08:01|15:02|05:02,0.0007955452163662699,Cluster_2
68:01|18:01|07:01|04:07|03:01,2.4860788011445934e-05,Cluster_2
24:02|40:11|03:05|08:02|03:01,2.4860788011445934e-05,Cluster_2
02:03|48:01|08:01|12:02|05:02,0.00039777260818313494,Cluster_2
01:01|40:01|03:04|08:01|03:01,2.4860788011445934e-05,Cluster_2
33:03|35:05|04:01|13:12|03:01,0.00039777260818313494,Cluster_2
02:06|48:01|08:03|15:01|03:02,2.4860788011445934e-05,Cluster_2
30:01|13:02|06:02|15:02|05:01,0.00039777260818313494,Cluster_2
24:02|13:01|04:06|12:02|03:01,0.0011933178245494079,Cluster_2
24:02|51:01|01:02|11:04|03:01,2.4860788011445934e-05,Cluster_2
34:01|38:02|07:02|12:02|03:01,0.0004011229987809711,Cluster_2
11:01|40:06|15:02|11:11|03:02,4.972157602289187e-05,Cluster_2
24:02|07:02|04:01|04:05|03:01,2.4860788011445934e-05,Cluster_2
02:06|40:06|15:02|12:01|06:03,2.4860788011445934e-05,Cluster_2
11:01|56:01|01:02|07:01|03:03,2.4860788011445934e-05,Cluster_2
24:02|55:01|03:03|04:08|06:02,9.944315204578374e-05,Cluster_2
33:03|55:02|12:03|12:02|03:01,0.00039777260818313494,Cluster_2
33:03|52:01|12:02|15:02|03:01,2.4860788011445934e-05,Cluster_2
03:01|27:05|02:02|01:03|03:01,4.972157602289187e-05,Cluster_2
74:01|15:03|02:10|03:02|04:02,2.4860788011445934e-05,Cluster_2
24:02|40:06|08:01|08:03|06:01,0.00039777260818313494,Cluster_2
02:01|40:06|12:04|14:04|05:03,2.4860788011445934e-05,Cluster_2
24:02|08:01|04:01|13:03|03:01,2.4860788011445934e-05,Cluster_2
01:01|15:17|07:01|09:01|03:01,2.4860788011445934e-05,Cluster_2
24:02|15:21|04:03|01:01|05:01,0.00039777260818313494,Cluster_2
11:01|13:01|03:04|11:03|03:01,2.4860788011445934e-05,Cluster_2
01:01|39:24|04:03|11:02|03:01,2.4860788011445934e-05,Cluster_2
01:01|38:01|12:03|13:05|03:02,9.944315204578374e-05,Cluster_2
11:01|51:02|15:02|12:02|03:01,0.0007955452163662699,Cluster_2
24:02|38:01|16:01|13:03|03:01,4.972157602289187e-05,Cluster_2
24:02|40:01|04:JKTU|04:03|03:02,4.972157602289187e-05,Cluster_2
33:03|13:01|03:02|15:01|06:02,2.4860788011445934e-05,Cluster_2
11:03|56:01|12:02|11:06|03:01,0.00039777260818313494,Cluster_2
11:01|13:01|03:193|08:03|06:01,0.00039777260818313494,Cluster_2
02:01|45:01|16:01|11:02|05:03,2.4860788011445934e-05,Cluster_2
02:07|46:01|01:02|08:03|06:01,0.0007955452163662699,Cluster_2
02:01|40:01|07:02|04:05|04:01,0.0004226733093156822,Cluster_2
33:03|58:01|03:02|11:06|03:01,0.00039777260818313494,Cluster_2
11:01|44:03|07:01|12:01|03:01,2.4860788011445934e-05,Cluster_2
23:01|41:01|17:01|12:01|03:01,2.4860788011445934e-05,Cluster_2
02:01|52:01|12:02|08:03|03:02,0.00019888630409156747,Cluster_2
25:04|51:01|14:02|11:03|05:01,2.4860788011445934e-05,Cluster_2
02:01|38:02|07:02|15:02|05:02,0.0003053511676324101,Cluster_2
11:01|13:01|03:04|04:04|03:01,2.4860788011445934e-05,Cluster_2
29:02|14:02|08:02|04:05|03:01,2.4860788011445934e-05,Cluster_2
11:03|52:01|07:02|12:02|03:01,0.0012559153788670747,Cluster_2
11:01|35:08|07:01|12:01|05:02,2.4860788011445934e-05,Cluster_2
24:02|45:01|12:04|14:04|03:01,2.4860788011445934e-05,Cluster_2
24:02|38:01|12:03|14:06|06:03,2.4860788011445934e-05,Cluster_2
03:01|44:02|02:02|12:02|03:01,2.4860788011445934e-05,Cluster_2
24:02|40:06|16:01|14:04|03:01,2.4860788011445934e-05,Cluster_2
02:01|42:02|03:03|11:03|03:01,4.972157602289187e-05,Cluster_2
33:03|58:01|03:02|10:01|05:01,0.00039777260818313494,Cluster_2
24:07|35:05|04:01|15:02|05:01,0.0009770057714499035,Cluster_2
01:01|08:01|04:01|13:03|06:04,2.4860788011445934e-05,Cluster_2
03:01|07:02|03:04|11:03|03:02,2.4860788011445934e-05,Cluster_2
24:02|41:02|07:01|13:02|06:04,2.4860788011445934e-05,Cluster_2
02:01|15:01|03:03|13:01|06:03,0.0015910904327325398,Cluster_2
02:03|15:02|08:01|15:02|05:01,0.0003977726081831208,Cluster_2
02:01|18:01|07:01|11:03|03:01,4.972157602289187e-05,Cluster_2
24:02|52:01|04:01|15:06|05:02,2.4860788011445934e-05,Cluster_2
32:01|49:01|04:03|12:02|05:03,2.4860788011445934e-05,Cluster_2
01:01|38:01|03:03|11:03|03:01,2.4860788011445934e-05,Cluster_2
31:01|40:11|03:04|08:02|04:02,2.4860788011445934e-05,Cluster_2
02:01|35:03|04:01|04:08|03:01,2.4860788011445934e-05,Cluster_2
33:03|52:01|12:02|14:06|03:01,2.4860788011445934e-05,Cluster_2
03:01|07:02|03:04|04:04|03:02,2.4860788011445934e-05,Cluster_2
11:01|13:01|04:03|12:02|06:04,2.4860788011445934e-05,Cluster_2
01:01|15:21|07:01|08:03|03:01,2.4860788011445934e-05,Cluster_2
11:04|18:01|12:02|12:02|03:01,0.00039777260818313494,Cluster_2
01:01|18:01|15:02|11:04|03:01,0.00039777260818313494,Cluster_2
34:01|18:01|12:02|12:02|03:01,0.00023433415229099345,Cluster_2
68:01|07:02|07:02|10:01|05:01,0.00039777260818313494,Cluster_2
33:03|44:03|04:01|12:01|05:02,2.4860788011445934e-05,Cluster_2
11:01|35:01|15:02|14:15|05:03,2.4860788011445934e-05,Cluster_2
02:05|44:02|06:02|15:02|03:01,2.4860788011445934e-05,Cluster_2
03:01|48:03|08:01|11:01|03:01,0.00039777260818313494,Cluster_2
02:01|51:08|04:01|04:08|03:01,2.4860788011445934e-05,Cluster_2
23:01|45:01|06:02|07:01|02:01,0.00039777260818313494,Cluster_2
24:02|35:12|07:02|04:05|03:01,2.4860788011445934e-05,Cluster_2
24:02|08:01|07:01|08:03|05:03,4.972157602289187e-05,Cluster_2
02:06|48:01|08:03|15:01|03:01,2.4860788011445934e-05,Cluster_2
02:03|40:02|04:01|04:05|03:01,2.4860788011445934e-05,Cluster_2
24:02|52:01|07:02|15:06|05:02,2.4860788011445934e-05,Cluster_2
11:01|40:06|15:02|11:11|03:01,4.972157602289187e-05,Cluster_2
74:01|15:03|04:01|03:02|04:02,2.4860788011445934e-05,Cluster_2
11:01|49:01|07:01|12:02|06:04,2.4860788011445934e-05,Cluster_2
11:01|13:01|07:01|13:02|05:03,2.4860788011445934e-05,Cluster_2
02:11|40:06|15:02|12:01|03:01,2.4860788011445934e-05,Cluster_2
26:01|35:01|04:01|11:01|03:01,0.00039777260818313494,Cluster_2
68:01|50:01|06:02|07:01|02:01,0.00039777260818313494,Cluster_2
31:01|40:01|03:04|11:01|03:01,0.00019888630409156747,Cluster_2
11:01|52:01|04:01|15:06|05:02,2.4860788011445934e-05,Cluster_2
26:01|40:02|16:01|15:01|06:02,2.4860788011445934e-05,Cluster_2
11:01|57:01|06:02|11:01|03:01,0.00019888630409156747,Cluster_2
24:02|18:01|07:01|11:04|03:01,0.0007955452163662699,Cluster_2
01:01|38:01|12:03|13:05|03:01,9.944315204578374e-05,Cluster_2
24:07|15:13|08:01|12:02|03:01,0.003675767549103055,Cluster_2
01:01|52:01|12:02|04:06|03:02,0.00039777260818313494,Cluster_2
32:01|51:01|04:01|11:08|03:01,0.00039777260818313494,Cluster_2
66:01|38:01|12:03|04:05|03:01,4.972157602289187e-05,Cluster_2
24:02|27:05|16:02|11:04|03:02,4.972157602289187e-05,Cluster_2
02:01|51:08|16:02|04:08|03:01,2.4860788011445934e-05,Cluster_2
03:01|07:02|07:02|11:03|03:02,2.4860788011445934e-05,Cluster_2
11:01|35:08|04:01|12:01|03:01,2.4860788011445934e-05,Cluster_2
03:01|27:05|02:02|09:01|03:01,4.972157602289187e-05,Cluster_2
24:02|27:05|02:02|07:01|03:02,0.00039777260818313494,Cluster_2
02:11|51:01|15:02|12:01|03:01,2.4860788011445934e-05,Cluster_2
02:06|15:02|08:01|12:02|03:01,0.005171043906380748,Cluster_2
02:01|52:01|12:02|08:03|03:01,0.00019888630409156747,Cluster_2
32:01|51:02|14:02|08:03|06:01,0.0007955452163662699,Cluster_2
34:01|39:24|04:03|08:03|03:01,2.4860788011445934e-05,Cluster_2
24:02|35:12|07:02|16:02|04:01,2.4860788011445934e-05,Cluster_2
33:03|15:01|03:04|14:06|03:01,2.4860788011445934e-05,Cluster_2
24:02|40:01|03:04|03:01|02:01,1.0783173252334808e-06,Cluster_2
02:06|51:01|15:02|12:01|03:01,2.4860788011445934e-05,Cluster_2
11:01|40:10|04:03|11:01|03:01,0.00039777260818313494,Cluster_2
24:07|13:01|03:04|14:01|05:02,0.00039777260818313494,Cluster_2
24:03|52:01|07:02|11:06|03:01,0.00039777260818313494,Cluster_2
01:01|39:06|07:02|08:01|04:02,2.4860788011445934e-05,Cluster_2
24:02|51:01|02:02|11:04|03:02,4.972157602289187e-05,Cluster_2
03:01|07:02|03:04|11:03|03:01,2.4860788011445934e-05,Cluster_2
01:01|27:05|02:02|09:01|03:03,0.00039777260818313494,Cluster_2
24:07|35:05|04:JKTU|04:03|03:01,4.972157602289187e-05,Cluster_2
24:02|15:01|03:03|12:02|03:01,0.00039777260818313494,Cluster_2
11:01|51:01|07:02|11:01|03:01,0.00039777260818313494,Cluster_2
29:02|41:01|17:01|04:04|04:02,0.00039777260818313494,Cluster_2
26:01|40:06|15:02|08:03|03:01,0.00039777260818313494,Cluster_2
11:01|40:01|07:02|04:05|04:01,0.0011684171234168576,Cluster_2
01:01|56:01|01:02|07:01|03:03,2.4860788011445934e-05,Cluster_2
11:01|07:02|03:04|04:04|03:02,2.4860788011445934e-05,Cluster_2
31:01|40:02|16:01|04:01|06:02,2.4860788011445934e-05,Cluster_2
33:03|44:03|07:01|12:02|05:02,0.00039777260818313494,Cluster_2
68:01|35:03|04:01|11:01|03:01,0.0007955452163662699,Cluster_2
03:01|07:02|03:04|04:04|03:01,2.4860788011445934e-05,Cluster_2
02:03|55:02|04:01|04:05|03:01,2.4860788011445934e-05,Cluster_2
03:01|40:01|04:01|12:01|03:01,0.00039777260818313494,Cluster_2
24:02|40:02|03:04|08:02|03:01,2.4860788011445934e-05,Cluster_2
34:01|40:02|12:03|04:05|03:01,2.4860788011445934e-05,Cluster_2
11:01|51:01|04:01|14:15|05:03,2.4860788011445934e-05,Cluster_2
02:01|07:02|07:02|03:01|02:01,0.00039669429085790146,Cluster_2
02:01|35:03|04:01|11:01|03:01,0.00039777260818313494,Cluster_2
33:03|51:01|04:01|04:03|03:02,2.4860788011445934e-05,Cluster_2
02:01|45:01|12:04|11:02|05:03,2.4860788011445934e-05,Cluster_2
11:01|58:01|03:02|12:02|03:01,0.00039777260818313494,Cluster_2
02:07|15:12|03:03|15:02|05:02,0.00039777260818313494,Cluster_2
31:01|07:05|07:02|11:01|05:02,0.00039777260818313494,Cluster_2
69:01|40:01|07:01|04:07|03:02,2.4860788011445934e-05,Cluster_2
34:01|40:02|04:01|13:12|03:01,2.4860788011445934e-05,Cluster_2
24:02|52:01|12:02|14:19|06:01,9.944315204578374e-05,Cluster_2
26:01|51:01|14:02|01:01|03:01,2.4860788011445934e-05,Cluster_2
02:03|40:01|07:02|11:01|03:01,0.00039777260818313494,Cluster_2
33:03|55:01|01:02|11:11|03:01,9.944315204578374e-05,Cluster_2
24:02|40:01|07:02|12:01|03:01,0.00039777260818313494,Cluster_2
02:07|40:01|03:04|04:03|03:02,0.00039777260818313494,Cluster_2
32:01|51:08|16:02|14:01|05:03,2.4860788011445934e-05,Cluster_2
29:02|14:02|06:02|11:04|03:02,2.4860788011445934e-05,Cluster_2
11:01|51:01|15:02|11:01|03:01,0.0007955452163662699,Cluster_2
34:01|15:35|07:02|04:05|03:02,0.00039777260818313494,Cluster_2
66:01|57:01|12:03|04:05|03:02,4.972157602289187e-05,Cluster_2
24:02|40:11|03:05|14:02|04:02,2.4860788011445934e-05,Cluster_2
11:01|44:03|04:01|16:02|03:01,2.4860788011445934e-05,Cluster_2
02:01|18:01|07:01|03:02|03:01,4.972157602289187e-05,Cluster_2
24:02|38:01|01:02|13:03|03:01,4.972157602289187e-05,Cluster_2
24:02|40:06|12:02|15:02|06:01,0.00039777260818313494,Cluster_2
03:01|13:01|08:01|13:01|03:01,2.4860788011445934e-05,Cluster_2
11:01|07:05|03:04|12:02|03:01,0.00039777260818313494,Cluster_2
24:02|27:04|08:01|08:02|04:02,0.00039777260818313494,Cluster_2
24:02|35:01|04:01|11:01|03:01,0.0011933178245494048,Cluster_2
01:01|57:01|06:02|15:02|06:01,0.00039777260818313494,Cluster_2
24:02|51:02|14:02|15:01|05:02,0.00039777260818313494,Cluster_2
11:01|52:01|12:02|15:02|03:01,0.00039777260818313494,Cluster_2
02:06|40:06|15:02|12:01|03:01,2.4860788011445934e-05,Cluster_2
02:01|39:01|07:02|11:01|03:01,0.0007955452163662699,Cluster_2
24:07|27:06|03:04|12:02|03:01,0.005150728019937277,Cluster_2
02:06|40:06|08:01|04:03|03:02,0.00039777260818313494,Cluster_2
11:01|07:02|07:02|04:04|03:02,2.4860788011445934e-05,Cluster_2
11:02|15:27|04:01|12:02|03:01,0.00039777260818313494,Cluster_2
01:01|37:01|06:02|15:01|05:02,0.0007955452163662699,Cluster_2
03:01|44:02|02:02|12:02|06:03,2.4860788011445934e-05,Cluster_2
02:03|52:01|12:02|04:03|03:02,0.00039777260818313494,Cluster_2
02:05|50:01|06:02|07:01|02:01,0.0007955452163662699,Cluster_2
02:06|15:25|07:02|12:02|03:01,0.0011933178245494048,Cluster_2
11:01|35:12|07:02|04:05|04:01,2.4860788011445934e-05,Cluster_2
26:01|15:25|04:03|12:02|05:02,0.00039777260818313494,Cluster_2
02:07|46:01|01:02|12:02|03:01,0.002585973062097724,Cluster_2
03:01|51:01|02:02|11:01|03:01,0.00039777260818313494,Cluster_2
24:02|51:01|02:02|11:04|03:01,4.972157602289187e-05,Cluster_2
24:02|40:02|06:02|14:06|03:01,0.00019888630409156747,Cluster_2
24:07|40:01|04:01|04:03|03:02,0.000997047867922333,Cluster_2
02:06|15:01|03:04|15:02|06:01,2.4860788011445934e-05,Cluster_2
34:01|18:01|07:01|12:02|03:01,0.00039777260818313494,Cluster_2
02:06|15:01|04:01|04:05|04:01,0.00039777260818313494,Cluster_2
02:01|40:02|12:03|13:01|03:01,0.00039777260818313494,Cluster_2
01:01|38:01|03:03|11:03|06:03,2.4860788011445934e-05,Cluster_2
11:01|07:02|03:04|04:04|03:01,2.4860788011445934e-05,Cluster_2
03:01|55:01|01:02|11:11|06:02,9.944315204578374e-05,Cluster_2
31:01|51:01|15:02|11:66|05:03,2.4860788011445934e-05,Cluster_2
33:03|15:17|07:01|15:04|05:02,0.00039777260818313494,Cluster_2
26:01|38:01|12:03|11:03|05:01,2.4860788011445934e-05,Cluster_2
31:01|15:01|03:04|12:01|03:01,9.944315204578374e-05,Cluster_2
02:01|15:01|03:04|11:01|03:01,0.00039777260818313494,Cluster_2
11:02|15:11|03:03|09:01|03:01,2.4860788011445934e-05,Cluster_2
31:01|40:11|03:05|08:02|04:02,2.4860788011445934e-05,Cluster_2
33:03|15:01|04:01|12:01|03:02,2.4860788011445934e-05,Cluster_2
02:01|15:13|08:01|15:02|03:01,0.00039777260818313494,Cluster_2
24:02|40:11|03:04|14:02|03:01,2.4860788011445934e-05,Cluster_2
23:01|15:03|02:10|11:01|04:02,2.4860788011445934e-05,Cluster_2
33:03|27:06|03:04|14:05|05:03,0.00039777260818313494,Cluster_2
24:07|15:21|04:03|15:02|06:01,0.0004028064395350726,Cluster_2
03:01|18:01|12:05|11:01|03:01,0.00039777260818313494,Cluster_2
02:01|07:02|07:02|04:07|03:01,0.00039777260818313494,Cluster_2
02:06|15:01|03:04|14:06|03:01,2.4860788011445934e-05,Cluster_2
03:01|27:07|15:02|12:02|03:01,0.00039777260818313494,Cluster_2
11:01|15:02|08:01|15:02|03:01,0.0015910904327325398,Cluster_2
02:11|40:06|15:02|12:01|06:03,2.4860788011445934e-05,Cluster_2
33:03|51:01|04:01|04:03|03:01,2.4860788011445934e-05,Cluster_2
69:01|40:01|07:01|04:03|03:02,2.4860788011445934e-05,Cluster_2
74:01|35:01|04:01|15:02|05:02,0.00039777260818313494,Cluster_2
02:06|15:25|07:02|09:01|03:03,0.00039777260818313494,Cluster_2
69:01|40:01|07:01|04:07|03:01,2.4860788011445934e-05,Cluster_2
02:01|57:01|06:02|07:01|03:03,0.00039777260818313494,Cluster_2
31:01|51:01|15:02|14:15|03:01,2.4860788011445934e-05,Cluster_2
02:01|51:02|14:02|12:02|05:02,0.00039777260818313494,Cluster_2
29:02|14:02|06:02|11:04|03:01,2.4860788011445934e-05,Cluster_2
33:03|51:01|03:03|04:03|03:01,2.4860788011445934e-05,Cluster_2
11:01|35:03|12:03|13:01|06:03,0.00039777260818313494,Cluster_2
33:03|13:01|07:02|12:02|06:02,2.4860788011445934e-05,Cluster_2
11:01|13:01|07:02|04:04|03:02,2.4860788011445934e-05,Cluster_2
66:01|57:01|12:03|04:05|03:01,4.972157602289187e-05,Cluster_2
25:04|38:01|12:03|11:03|05:01,2.4860788011445934e-05,Cluster_2
02:06|15:18|08:03|08:02|03:02,2.4860788011445934e-05,Cluster_2
68:01|40:01|03:04|04:03|03:02,2.4860788011445934e-05,Cluster_2
02:07|40:01|07:02|15:02|05:01,0.00039777260818313494,Cluster_2
02:05|44:02|05:01|04:01|03:01,2.4860788011445934e-05,Cluster_2
02:11|51:01|15:02|12:01|06:03,2.4860788011445934e-05,Cluster_2
33:03|35:01|04:01|01:01|05:01,0.00039777260818313494,Cluster_2
02:01|35:03|16:02|14:01|03:01,2.4860788011445934e-05,Cluster_2
11:01|56:01|01:02|13:12|03:01,2.4860788011445934e-05,Cluster_2
68:01|18:01|05:01|11:03|04:02,4.972157602289187e-05,Cluster_2
03:01|35:01|04:01|04:06|03:02,0.00039777260818313494,Cluster_2
31:01|39:06|03:04|12:01|04:02,2.4860788011445934e-05,Cluster_2
34:02|14:02|08:02|14:01|05:03,4.972157602289187e-05,Cluster_2
11:01|15:13|07:04|11:01|03:01,0.00039777260818313494,Cluster_2
01:01|57:01|06:02|12:02|03:01,0.0011933178245494048,Cluster_2
02:06|51:01|15:02|12:01|06:03,2.4860788011445934e-05,Cluster_2
68:02|53:01|04:01|11:01|05:03,2.4860788011445934e-05,Cluster_2
31:01|40:02|15:02|15:01|06:02,2.4860788011445934e-05,Cluster_2
01:01|41:02|07:01|13:03|06:04,2.4860788011445934e-05,Cluster_2
02:01|41:02|17:01|15:01|05:02,0.00019888630409156747,Cluster_2
32:01|13:01|07:01|13:02|05:03,2.4860788011445934e-05,Cluster_2
66:01|57:01|06:02|04:05|03:02,4.972157602289187e-05,Cluster_2
01:01|51:01|01:02|13:12|03:01,2.4860788011445934e-05,Cluster_2
02:06|27:06|07:02|04:05|04:02,0.00039777260818313494,Cluster_2
34:01|15:21|04:03|15:01|06:02,0.0011755039267482325,Cluster_2
24:02|38:02|07:02|04:03|03:02,0.00020361231827394817,Cluster_2
23:01|08:01|07:02|13:03|03:01,0.0007955452163662699,Cluster_2
02:03|40:02|12:03|04:05|03:01,2.4860788011445934e-05,Cluster_2
11:01|55:01|03:03|04:07|03:01,0.0011933178245494048,Cluster_2
33:03|27:05|02:02|15:01|06:02,0.00039777260818313494,Cluster_2
01:01|49:01|17:01|16:01|03:01,2.4860788011445934e-05,Cluster_2
33:03|15:01|04:01|12:01|03:01,2.4860788011445934e-05,Cluster_2
31:01|40:01|03:04|12:01|03:01,2.4860788011445934e-05,Cluster_2
11:01|51:01|01:02|13:12|03:03,2.4860788011445934e-05,Cluster_2
24:02|44:29|05:01|15:01|05:02,0.00039777260818313494,Cluster_2
11:01|35:03|04:01|15:06|05:02,2.4860788011445934e-05,Cluster_2
02:01|13:01|03:04|11:01|03:01,0.0019888630409156745,Cluster_2
24:02|51:01|06:02|04:03|03:01,2.4860788011445934e-05,Cluster_2
25:04|51:01|14:02|01:01|03:01,2.4860788011445934e-05,Cluster_2
24:07|40:01|04:JKTU|12:02|03:01,4.972157602289187e-05,Cluster_2
02:06|51:01|04:01|04:03|03:02,2.4860788011445934e-05,Cluster_2
34:01|15:02|08:01|04:03|03:02,0.00039777260818313494,Cluster_2
31:01|40:02|03:04|12:01|03:01,9.944315204578374e-05,Cluster_2
69:01|40:01|07:01|04:03|03:01,2.4860788011445934e-05,Cluster_2
33:03|51:02|03:02|12:02|03:01,0.0007955452163662699,Cluster_2
11:01|40:01|03:04|04:06|03:02,0.00039777260818313494,Cluster_2
34:01|15:35|07:02|15:02|05:02,0.0009110769575444253,Cluster_2
02:07|46:01|01:02|11:01|03:01,0.0027844082572819444,Cluster_2
24:10|13:01|04:06|15:02|05:01,0.00039777260818313494,Cluster_2
24:02|15:35|08:01|15:02|05:01,0.0007955452163662699,Cluster_2
24:02|40:01|03:04|08:03|06:01,0.00039777260818313494,Cluster_2
24:07|15:02|08:01|12:02|03:01,0.010978008478146438,Cluster_2
02:06|51:01|03:03|04:03|03:02,2.4860788011445934e-05,Cluster_2
11:01|15:07|12:02|15:02|05:01,0.0007955452163662699,Cluster_2
11:01|40:01|03:04|11:01|03:01,0.0011933178245494048,Cluster_2
02:01|15:18|07:04|15:01|03:02,2.4860788011445934e-05,Cluster_2
26:01|40:01|04:01|11:01|03:01,0.00039777260818313494,Cluster_2
24:07|15:21|04:03|12:02|03:01,0.00039777260818313494,Cluster_2
30:01|07:02|12:03|04:04|03:02,0.00039777260818313494,Cluster_2
02:01|07:02|07:02|16:01|05:02,0.00039777260818313494,Cluster_2
11:01|13:01|07:02|04:04|03:01,2.4860788011445934e-05,Cluster_2
01:01|08:01|07:01|13:02|03:01,2.4860788011445934e-05,Cluster_2
74:01|51:01|14:02|11:06|05:02,0.00039777260818313494,Cluster_2
03:01|13:01|08:01|13:01|06:03,2.4860788011445934e-05,Cluster_2
11:01|54:01|01:02|04:08|03:02,0.00039777260818313494,Cluster_2
11:01|35:03|07:02|15:06|05:02,2.4860788011445934e-05,Cluster_2
24:10|35:30|04:01|12:02|05:02,0.0015910904327336094,Cluster_2
02:06|15:18|08:03|08:02|03:01,2.4860788011445934e-05,Cluster_2
66:01|51:01|14:02|13:02|06:04,0.00019888630409156747,Cluster_2
01:01|15:21|07:01|11:02|06:01,2.4860788011445934e-05,Cluster_2
68:01|40:01|03:04|04:03|03:01,2.4860788011445934e-05,Cluster_2
01:01|35:02|03:03|11:03|06:03,2.4860788011445934e-05,Cluster_2
24:02|15:25|04:03|09:01|03:03,0.00039777260818313494,Cluster_2
02:01|48:01|15:02|09:01|03:26,0.00039777260818313494,Cluster_2
02:01|15:13|08:01|15:01|03:01,0.00039777260818313494,Cluster_2
24:02|18:01|12:03|11:03|03:02,0.00019888630409156747,Cluster_2
02:01|15:02|08:01|15:01|06:10,0.00039777260818313494,Cluster_2
11:01|35:01|04:01|11:01|03:01,0.00039777260818313494,Cluster_2
11:01|15:02|08:01|12:02|03:01,0.04152216965351047,Cluster_2
02:01|15:13|08:01|12:02|03:01,0.017346396583322758,Cluster_2
31:01|51:02|15:02|09:01|03:03,0.00039777260818313494,Cluster_2
25:01|58:01|07:01|13:03|03:01,0.00039777260818313494,Cluster_2
01:01|15:17|03:03|09:01|03:01,2.4860788011445934e-05,Cluster_2
66:01|57:01|06:02|04:05|03:01,4.972157602289187e-05,Cluster_2
02:01|15:01|17:01|11:03|03:01,4.972157602289187e-05,Cluster_2
34:02|14:02|07:01|08:04|03:01,4.972157602289187e-05,Cluster_2
02:01|40:02|12:03|13:01|06:03,0.00039777260818313494,Cluster_2
24:02|27:05|02:02|11:04|03:02,4.972157602289187e-05,Cluster_2
24:02|15:25|15:02|15:06|05:02,0.00039777260818313494,Cluster_2
02:01|07:05|15:05|11:01|03:01,0.00039777260818313494,Cluster_2
24:02|07:02|07:02|04:05|03:01,2.4860788011445934e-05,Cluster_2
24:02|44:02|05:01|04:01|03:01,0.001307092475135659,Cluster_2
11:01|40:01|07:02|11:01|03:01,0.0007955452163662699,Cluster_2
34:02|41:01|07:01|08:04|03:01,4.972157602289187e-05,Cluster_2
02:10|40:06|15:02|09:01|03:03,0.00039777260818313494,Cluster_2
01:01|08:01|07:01|11:01|03:01,0.00039777260818313494,Cluster_2
11:01|51:01|16:02|07:01|02:01,0.00039777260818313494,Cluster_2
33:03|15:02|07:02|15:02|05:02,0.00039777260818313494,Cluster_2
31:01|40:02|03:04|08:02|04:02,2.4860788011445934e-05,Cluster_2
11:01|51:01|04:01|11:66|03:01,2.4860788011445934e-05,Cluster_2
24:02|15:12|03:03|12:02|03:01,0.0004548073394039581,Cluster_2
11:01|49:01|07:01|12:02|05:03,2.4860788011445934e-05,Cluster_2
24:02|52:01|04:01|04:01|05:02,2.4860788011445934e-05,Cluster_2
02:01|44:02|16:04|16:01|05:02,0.00039777260818313494,Cluster_2
24:02|08:01|07:02|03:01|02:01,0.00039777260818313494,Cluster_2
02:01|51:08|16:02|14:01|05:03,2.4860788011445934e-05,Cluster_2
02:07|54:01|01:02|04:05|04:01,0.00039777260818313494,Cluster_2
11:01|38:02|07:02|12:02|03:01,0.0024867147715864407,Cluster_2
02:01|40:06|15:02|11:01|03:01,0.0011933178245494048,Cluster_2
11:02|27:04|12:02|15:01|05:02,0.0003977726081831291,Cluster_2
29:02|14:02|06:02|04:05|03:02,2.4860788011445934e-05,Cluster_2
01:01|39:24|04:03|08:03|03:01,2.4860788011445934e-05,Cluster_2
11:01|38:02|07:02|15:04|05:02,0.00039777260818313494,Cluster_2
68:01|15:18|14:02|13:01|06:03,0.00039777260818313494,Cluster_2
32:01|44:02|02:02|13:01|03:01,2.4860788011445934e-05,Cluster_2
02:01|51:01|14:02|04:06|03:02,0.0007955452163662699,Cluster_2
02:01|35:01|04:01|08:02|03:72,0.00039777260818313494,Cluster_2
68:01|07:02|07:01|12:01|03:02,0.00039777260818313494,Cluster_2
24:02|35:08|04:01|15:01|06:02,0.0003975880065157334,Cluster_2
74:01|51:01|14:02|15:01|05:02,0.00039777260818313494,Cluster_2
01:01|40:01|07:02|08:01|03:01,2.4860788011445934e-05,Cluster_2
11:01|51:01|01:02|07:01|03:01,2.4860788011445934e-05,Cluster_2
11:01|15:32|12:03|11:06|03:01,0.0007955452163662699,Cluster_2
68:01|18:01|05:01|03:02|04:02,4.972157602289187e-05,Cluster_2
29:02|44:02|06:02|15:02|03:01,2.4860788011445934e-05,Cluster_2
33:03|35:08|04:01|12:01|03:01,2.4860788011445934e-05,Cluster_2
32:01|35:03|04:01|14:01|05:03,2.4860788011445934e-05,Cluster_2
33:03|15:01|03:04|15:02|03:01,2.4860788011445934e-05,Cluster_2
24:02|15:27|04:01|12:02|03:01,0.0007955452163662699,Cluster_2
02:06|51:01|03:03|04:03|03:01,2.4860788011445934e-05,Cluster_2
24:07|38:02|07:02|08:03|06:01,0.00039777260818313494,Cluster_2
02:06|15:18|07:04|15:01|03:02,2.4860788011445934e-05,Cluster_2
34:01|40:02|04:01|04:05|05:03,2.4860788011445934e-05,Cluster_2
02:03|13:02|06:02|07:01|02:01,0.00039777260818313494,Cluster_2
02:01|15:18|07:04|15:01|03:01,2.4860788011445934e-05,Cluster_2
02:06|52:01|12:02|15:02|06:01,2.4860788011445934e-05,Cluster_2
34:01|15:21|07:01|11:02|06:01,2.4860788011445934e-05,Cluster_2
01:01|41:01|07:01|16:01|03:01,2.4860788011445934e-05,Cluster_2
24:02|45:01|16:01|11:02|05:03,2.4860788011445934e-05,Cluster_2
33:03|58:01|03:02|12:01|03:01,0.0011933178245494048,Cluster_2
33:03|15:01|12:02|14:06|06:01,2.4860788011445934e-05,Cluster_2
02:03|40:01|03:03|13:01|06:03,0.00039777260818313494,Cluster_2
29:02|39:10|12:03|08:04|03:01,0.00039777260818313494,Cluster_2
33:03|35:08|07:01|12:01|03:01,2.4860788011445934e-05,Cluster_2
02:01|56:01|08:01|12:02|03:01,0.00039777260818313494,Cluster_2
02:01|27:05|02:02|01:03|03:01,4.972157602289187e-05,Cluster_2
31:01|40:06|15:02|08:03|03:01,0.00039777260818313494,Cluster_2
11:01|27:06|03:04|12:02|03:01,0.0015910904327325398,Cluster_2
02:06|52:01|12:02|14:06|03:01,2.4860788011445934e-05,Cluster_2
02:01|18:01|05:01|04:01|03:01,0.00039777260818313494,Cluster_2
02:01|27:05|01:02|01:03|03:03,4.972157602289187e-05,Cluster_2
26:01|40:02|15:02|04:01|06:02,2.4860788011445934e-05,Cluster_2
24:02|40:01|04:JKTU|04:03|03:01,4.972157602289187e-05,Cluster_2
33:03|07:02|03:02|15:01|03:01,2.4860788011445934e-05,Cluster_2
26:01|51:01|14:02|01:01|05:01,2.4860788011445934e-05,Cluster_2
24:02|50:01|06:02|04:03|03:02,2.4860788011445934e-05,Cluster_2
32:01|51:01|14:02|11:01|03:01,0.00019888630409156747,Cluster_2
11:01|35:01|03:03|15:01|06:02,0.00039777260818313494,Cluster_2
68:01|18:01|03:04|04:07|03:02,2.4860788011445934e-05,Cluster_2
23:01|15:03|02:10|03:02|04:02,2.4860788011445934e-05,Cluster_2
11:01|44:03|07:01|16:02|05:02,2.4860788011445934e-05,Cluster_2
01:01|15:17|07:01|09:01|03:03,2.4860788011445934e-05,Cluster_2
11:01|40:06|12:02|11:01|03:01,0.00039777260818313494,Cluster_2
11:01|52:01|07:02|15:06|05:02,2.4860788011445934e-05,Cluster_2
02:01|57:01|06:02|03:01|02:01,0.00039777260818313494,Cluster_2
02:03|55:02|01:02|08:03|03:01,0.00019888630409156747,Cluster_2
02:01|56:01|01:02|04:01|03:01,0.00039777260818313494,Cluster_2
02:03|51:02|14:02|14:04|05:03,0.00039777260818313494,Cluster_2
29:02|14:02|06:02|04:05|03:01,2.4860788011445934e-05,Cluster_2
24:02|51:01|16:02|11:04|03:02,4.972157602289187e-05,Cluster_2
11:01|13:02|06:02|12:01|03:01,0.00019888630409156747,Cluster_2
01:01|49:01|17:01|12:01|03:01,2.4860788011445934e-05,Cluster_2
03:01|15:18|04:01|11:01|03:01,2.4860788011445934e-05,Cluster_2
11:01|56:01|14:02|13:12|03:03,2.4860788011445934e-05,Cluster_2
02:01|46:01|01:03|08:03|06:01,0.00026518173878875014,Cluster_2
02:07|15:02|08:01|12:02|03:01,0.0015910904327325398,Cluster_2
24:02|13:01|04:06|15:02|05:01,0.00021308161960675965,Cluster_2
01:01|35:03|04:01|15:02|06:01,0.00039777260818313494,Cluster_2
24:02|57:01|06:02|14:06|03:01,0.00019888630409156747,Cluster_2
34:01|55:02|04:01|13:12|03:01,2.4860788011445934e-05,Cluster_2
01:01|51:01|14:02|07:01|03:01,2.4860788011445934e-05,Cluster_2
11:01|35:03|12:03|12:02|03:01,0.0019888630409156745,Cluster_2
11:01|56:04|01:02|07:01|02:01,0.00039777260818313494,Cluster_2
26:01|15:01|03:03|11:01|03:01,0.0003975880065157334,Cluster_2
02:06|15:18|07:04|15:01|03:01,2.4860788011445934e-05,Cluster_2
24:10|18:02|07:04|12:02|03:01,0.006437266735858289,Cluster_2
11:01|51:02|15:02|04:06|03:02,0.0007955452163662699,Cluster_2
33:03|56:04|01:02|09:01|03:03,0.00039777260818313494,Cluster_2
32:01|18:01|05:01|13:01|06:03,0.00039777260818313494,Cluster_2
11:01|56:03|01:02|12:01|03:01,0.00039777260818313494,Cluster_2
11:01|15:21|04:03|15:02|06:01,0.00039777260818313494,Cluster_2
24:07|38:02|07:02|04:05|05:03,0.00039777260818313494,Cluster_2
02:03|44:02|05:01|14:01|06:02,0.00039777260818313494,Cluster_2
11:01|51:01|14:02|12:02|05:02,0.0007955452163662699,Cluster_2
24:02|40:01|03:04|12:02|03:01,0.0007993918273945951,Cluster_2
02:11|52:01|12:02|15:01|03:01,9.944315204578374e-05,Cluster_2
24:02|50:01|01:02|11:04|03:02,2.4860788011445934e-05,Cluster_2
68:01|40:01|03:04|04:01|03:01,0.00039777260818313494,Cluster_2
02:01|08:01|07:01|08:03|03:01,4.972157602289187e-05,Cluster_2
03:01|40:06|15:02|03:01|02:01,0.00039777260818313494,Cluster_2
03:01|39:06|12:03|13:01|03:01,2.4860788011445934e-05,Cluster_2
29:02|38:01|16:01|11:02|03:01,4.972157602289187e-05,Cluster_2
03:01|08:01|07:02|11:01|03:01,0.00039777260818313494,Cluster_2
24:02|27:05|16:02|11:04|03:01,4.972157602289187e-05,Cluster_2
02:03|40:01|04:03|12:02|03:01,0.0019888630409156745,Cluster_2
03:01|07:02|07:02|11:03|03:01,2.4860788011445934e-05,Cluster_2
11:01|37:01|06:02|10:01|05:01,0.00039777260818313494,Cluster_2
11:01|35:08|04:01|16:02|05:02,2.4860788011445934e-05,Cluster_2
01:01|35:02|03:03|11:03|03:01,2.4860788011445934e-05,Cluster_2
02:07|46:01|01:02|12:01|03:01,0.00039777260818313494,Cluster_2
24:10|18:02|07:04|09:01|03:03,0.00039777260818313494,Cluster_2
69:01|40:01|03:04|04:03|03:02,2.4860788011445934e-05,Cluster_2
23:01|15:03|04:01|11:01|04:02,2.4860788011445934e-05,Cluster_2
02:01|55:02|01:02|10:01|05:01,0.00039777260818313494,Cluster_2
11:01|40:01|03:04|12:01|03:01,0.0007955452163662699,Cluster_2
03:01|44:02|07:04|11:04|03:01,0.00022689468082224328,Cluster_2
11:01|55:02|01:02|12:02|03:01,0.0007955452163662699,Cluster_2
01:01|08:01|07:01|13:02|06:04,2.4860788011445934e-05,Cluster_2
24:02|39:06|12:03|13:01|03:01,2.4860788011445934e-05,Cluster_2
02:01|15:18|08:03|08:02|03:02,2.4860788011445934e-05,Cluster_2
68:01|18:01|03:04|04:03|03:02,2.4860788011445934e-05,Cluster_2
33:03|15:01|04:01|04:03|03:02,2.4860788011445934e-05,Cluster_2
24:02|51:01|16:02|11:04|03:01,4.972157602289187e-05,Cluster_2
32:01|44:02|02:02|13:01|06:03,2.4860788011445934e-05,Cluster_2
34:01|15:13|08:01|14:04|05:03,0.00039777260818313494,Cluster_2
03:01|39:06|07:02|13:01|03:01,2.4860788011445934e-05,Cluster_2
02:03|13:01|04:06|16:02|05:02,0.00039777260818313494,Cluster_2
31:01|40:02|15:02|04:01|03:01,2.4860788011445934e-05,Cluster_2
11:01|49:01|07:01|13:02|05:03,2.4860788011445934e-05,Cluster_2
25:01|07:02|07:02|11:04|03:01,0.00039777260818313494,Cluster_2
11:01|40:02|03:04|12:01|03:01,9.944315204578374e-05,Cluster_2
24:02|08:01|04:01|13:03|06:04,2.4860788011445934e-05,Cluster_2
34:01|15:35|07:02|07:01|03:03,0.00039777260818313494,Cluster_2
02:01|48:01|07:04|08:02|03:02,2.4860788011445934e-05,Cluster_2
11:01|56:01|14:02|07:01|03:01,2.4860788011445934e-05,Cluster_2
24:07|15:02|03:03|04:05|03:01,0.0007955452163662699,Cluster_2
11:01|46:01|01:02|12:02|03:01,0.0011933178245494048,Cluster_2
24:02|41:02|04:01|13:03|03:01,2.4860788011445934e-05,Cluster_2
26:01|15:02|08:01|11:01|03:01,0.0002698696027837771,Cluster_2
11:01|40:01|07:02|12:01|03:01,0.0026518173878875596,Cluster_2
24:07|13:01|07:02|15:02|05:02,0.0003487729819598628,Cluster_2
33:03|15:32|12:03|11:06|03:01,0.00039777260818313494,Cluster_2
01:01|55:01|03:04|15:01|06:02,0.00039777260818313494,Cluster_2
25:01|37:01|06:02|15:01|06:02,0.0007955452163662699,Cluster_2
26:01|38:01|14:02|11:03|03:01,2.4860788011445934e-05,Cluster_2
03:01|35:03|04:01|11:01|03:01,0.0011933178245494048,Cluster_2
24:02|50:01|01:02|11:04|03:01,2.4860788011445934e-05,Cluster_2
01:01|41:01|07:01|12:01|03:01,2.4860788011445934e-05,Cluster_2
32:01|49:01|07:01|13:02|06:04,2.4860788011445934e-05,Cluster_2
11:01|15:35|08:01|12:02|03:01,0.00039777260818299795,Cluster_2
31:01|52:01|12:02|12:01|06:01,0.00039777260818313494,Cluster_2
25:04|51:01|14:02|01:01|05:01,2.4860788011445934e-05,Cluster_2
02:01|18:02|07:04|12:02|03:01,0.00041283222616385963,Cluster_2
69:01|18:01|03:04|04:03|03:02,2.4860788011445934e-05,Cluster_2
23:01|41:01|08:02|14:01|05:03,4.972157602289187e-05,Cluster_2
29:02|44:02|05:01|04:01|03:01,2.4860788011445934e-05,Cluster_2
11:01|15:21|12:02|15:02|06:01,0.00039777260818313494,Cluster_2
74:01|44:03|02:10|11:01|04:02,2.4860788011445934e-05,Cluster_2
11:01|51:01|04:01|04:05|04:01,0.00039777260818313494,Cluster_2
02:05|51:01|06:02|04:03|03:02,2.4860788011445934e-05,Cluster_2
24:02|15:07|12:02|12:02|05:02,0.0007955452163662699,Cluster_2
11:01|51:01|14:02|07:01|03:03,2.4860788011445934e-05,Cluster_2
24:02|55:01|01:02|12:02|03:01,0.00039777260818313494,Cluster_2
34:01|39:15|03:04|14:04|05:03,0.00019888630409156747,Cluster_2
11:01|07:02|07:02|04:04|03:01,2.4860788011445934e-05,Cluster_2
03:01|44:02|05:01|04:01|03:01,0.0005313300290880431,Cluster_2
31:01|35:01|04:01|11:66|03:01,2.4860788011445934e-05,Cluster_2
02:01|15:02|08:01|12:02|03:01,0.005634516598831644,Cluster_2
30:01|13:02|06:02|16:01|05:02,0.00039777260818313494,Cluster_2
01:01|46:01|01:02|11:01|03:01,0.0007955452163662699,Cluster_2
34:01|15:21|04:03|15:02|06:01,0.005947747571436535,Cluster_2
02:01|15:18|08:03|08:02|03:01,2.4860788011445934e-05,Cluster_2
02:06|48:01|07:04|08:02|03:02,2.4860788011445934e-05,Cluster_2
02:03|54:01|01:02|14:05|05:03,0.0007955452163662699,Cluster_2
23:01|14:02|07:01|14:01|03:01,4.972157602289187e-05,Cluster_2
01:01|35:01|04:01|01:03|03:01,0.00039777260818313494,Cluster_2
24:02|08:01|15:02|14:01|03:01,4.972157602289187e-05,Cluster_2
26:01|51:02|07:02|08:03|06:01,0.00039777260818313494,Cluster_2
24:02|35:12|04:01|16:02|03:01,2.4860788011445934e-05,Cluster_2
32:01|35:03|16:02|04:08|03:01,2.4860788011445934e-05,Cluster_2
74:01|44:03|04:01|03:02|04:02,2.4860788011445934e-05,Cluster_2
24:02|27:05|07:02|09:01|03:03,0.00039777260818313494,Cluster_2
02:01|15:01|03:04|15:01|06:02,0.0011933178245494048,Cluster_2
29:02|14:02|08:02|01:02|03:01,0.00019888630409156747,Cluster_2
02:01|48:01|07:04|08:02|03:01,2.4860788011445934e-05,Cluster_2
23:01|41:01|07:01|14:01|05:03,4.972157602289187e-05,Cluster_2
11:02|38:02|07:02|08:03|06:01,0.00039777260818313494,Cluster_2
02:01|67:01|07:02|04:03|03:02,0.00039777260818313494,Cluster_2
02:05|51:01|01:02|11:04|03:02,2.4860788011445934e-05,Cluster_2
02:03|46:01|01:02|12:02|02:01,0.0007955452163662699,Cluster_2
26:02|15:01|03:03|12:01|03:02,0.00019888630409156747,Cluster_2
11:02|15:11|07:01|09:01|03:03,2.4860788011445934e-05,Cluster_2
74:05|46:01|01:02|11:01|03:01,0.00039777260818313494,Cluster_2
11:01|44:02|05:01|11:04|03:01,0.00039777260818313494,Cluster_2
03:01|35:02|04:01|12:01|03:01,0.00039777260818313494,Cluster_2
24:02|40:01|04:01|11:01|03:01,0.0007955452163662699,Cluster_2
01:01|38:01|03:03|13:01|03:01,2.4860788011445934e-05,Cluster_2
02:03|15:18|07:04|04:01|03:01,0.00039776820119038326,Cluster_2
01:01|55:01|04:10|15:02|06:01,0.00039777260818313494,Cluster_2
24:02|35:02|04:01|11:04|03:01,0.0015910904327325398,Cluster_2
02:06|51:02|15:02|15:01|06:02,0.00039777260818313494,Cluster_2
03:01|27:05|01:02|01:03|03:01,4.972157602289187e-05,Cluster_2
31:12|07:02|07:02|04:03|03:02,0.00039777260818313494,Cluster_2
24:02|40:01|07:02|04:01|03:01,0.00039777260818313494,Cluster_2
01:01|08:01|04:01|13:02|03:01,2.4860788011445934e-05,Cluster_2
29:02|50:01|06:02|04:01|06:01,2.4860788011445934e-05,Cluster_2
24:02|27:05|16:02|04:03|03:02,4.972157602289187e-05,Cluster_2
03:01|39:06|12:03|13:01|06:03,2.4860788011445934e-05,Cluster_2
31:01|51:01|04:01|14:15|05:03,2.4860788011445934e-05,Cluster_2
24:02|40:06|12:04|14:04|05:03,2.4860788011445934e-05,Cluster_2
29:01|15:25|07:02|12:02|03:01,0.00039777260818313494,Cluster_2
24:02|40:06|15:02|11:11|03:02,4.972157602289187e-05,Cluster_2
02:01|40:06|12:04|11:02|05:03,2.4860788011445934e-05,Cluster_2
33:03|58:01|03:02|03:01|02:01,0.0027844082572819444,Cluster_2
31:01|51:01|14:02|08:02|04:02,0.00039777260818313494,Cluster_2
02:06|15:13|08:01|12:02|03:01,0.0007955410005171871,Cluster_2
33:03|44:03|07:01|08:03|06:01,0.00039777260818313494,Cluster_2
11:01|15:02|08:01|10:01|05:01,0.00039777260818313494,Cluster_2
29:02|38:01|01:02|11:02|03:01,4.972157602289187e-05,Cluster_2
02:05|51:01|06:02|04:03|03:01,2.4860788011445934e-05,Cluster_2
31:01|35:01|15:02|11:66|03:01,2.4860788011445934e-05,Cluster_2
01:01|51:01|02:02|11:14|03:01,0.00039777260818313494,Cluster_2
68:02|15:18|04:01|11:01|03:01,2.4860788011445934e-05,Cluster_2
24:02|51:01|02:02|04:03|03:02,4.972157602289187e-05,Cluster_2
02:03|18:01|07:04|15:02|06:01,0.00039776473777715143,Cluster_2
24:02|51:01|16:02|04:03|03:02,4.972157602289187e-05,Cluster_2
24:10|13:01|04:03|09:01|03:03,0.00039777260818313494,Cluster_2
68:01|40:01|07:01|04:03|03:02,2.4860788011445934e-05,Cluster_2
24:02|40:02|03:04|14:02|04:02,2.4860788011445934e-05,Cluster_2
24:02|15:21|04:03|15:02|05:01,0.00039777260818313494,Cluster_2
11:01|13:01|04:03|12:02|05:03,2.4860788011445934e-05,Cluster_2
11:01|56:01|12:03|11:01|03:01,0.00039777260818313494,Cluster_2
24:02|39:06|12:03|13:01|06:03,2.4860788011445934e-05,Cluster_2
31:01|40:01|03:04|08:01|03:01,2.4860788011445934e-05,Cluster_2
24:02|42:02|03:03|11:03|03:01,4.972157602289187e-05,Cluster_2
02:01|27:07|15:02|16:01|05:02,0.00039777260818313494,Cluster_2
29:01|07:05|15:05|16:02|05:02,0.00039777260818313494,Cluster_2
24:03|51:06|12:04|04:05|04:01,0.00039777260818313494,Cluster_2
23:01|44:03|04:01|07:01|02:01,0.00039777260818313494,Cluster_2
02:06|48:01|07:04|08:02|03:01,2.4860788011445934e-05,Cluster_2
24:02|40:06|16:01|11:02|03:01,2.4860788011445934e-05,Cluster_2
32:01|51:08|04:01|04:08|05:03,2.4860788011445934e-05,Cluster_2
30:02|55:01|03:03|04:08|03:01,9.944315204578374e-05,Cluster_2
03:01|39:06|07:02|13:01|06:03,2.4860788011445934e-05,Cluster_2
24:02|40:02|03:05|08:02|04:02,2.4860788011445934e-05,Cluster_2
33:03|35:02|04:01|11:04|05:01,0.0007955452163662699,Cluster_2
11:01|15:25|04:03|12:02|03:01,0.004925393973393894,Cluster_2
33:03|15:01|12:02|15:02|06:01,2.4860788011445934e-05,Cluster_2
24:02|35:05|04:JKTU|12:02|03:02,4.972157602289187e-05,Cluster_2
03:01|41:01|17:01|15:03|06:02,0.00039777260818313494,Cluster_2
02:01|52:01|07:02|12:02|03:01,0.00039777260818313494,Cluster_2
24:02|51:01|14:02|15:02|06:01,0.0004287468214391901,Cluster_2
01:01|51:01|01:02|13:12|03:03,2.4860788011445934e-05,Cluster_2
01:01|15:11|07:01|11:04|03:01,2.4860788011445934e-05,Cluster_2
24:02|13:01|03:04|15:01|06:10,0.0007955452163662699,Cluster_2
68:01|18:01|07:01|03:02|03:01,4.972157602289187e-05,Cluster_2
24:02|41:01|17:01|12:01|03:01,0.0011933178245494048,Cluster_2
24:02|08:01|07:01|14:01|05:03,4.972157602289187e-05,Cluster_2
02:01|35:03|04:01|14:01|03:01,2.4860788011445934e-05,Cluster_2
02:05|51:01|01:02|11:04|03:01,2.4860788011445934e-05,Cluster_2
33:03|58:01|07:01|09:01|03:03,0.00039777260818313494,Cluster_2
26:02|15:01|03:03|12:01|03:01,0.00019888630409156747,Cluster_2
11:01|35:05|04:01|12:02|03:01,0.0027630207547446176,Cluster_2
26:01|46:01|01:02|08:03|06:01,0.00039777260818313494,Cluster_2
24:07|13:01|04:06|12:02|05:02,0.0008506642942291766,Cluster_2
11:01|40:10|04:03|15:02|05:02,0.00039777260818313494,Cluster_2
02:11|40:06|15:02|11:66|03:01,0.00039777260818313494,Cluster_2
26:01|40:02|16:01|04:01|03:01,2.4860788011445934e-05,Cluster_2
01:01|51:01|14:02|13:12|03:03,2.4860788011445934e-05,Cluster_2
02:06|51:01|04:01|04:03|03:01,2.4860788011445934e-05,Cluster_2
24:02|48:01|08:01|12:02|03:01,0.0011933178245494048,Cluster_2
34:01|39:24|04:03|11:02|06:01,2.4860788011445934e-05,Cluster_2
02:03|15:13|08:01|12:02|03:01,0.00039777260818313494,Cluster_2
01:01|35:01|04:01|07:01|02:01,0.00039777260818313494,Cluster_2
24:02|52:01|07:02|04:01|05:02,2.4860788011445934e-05,Cluster_2
24:02|27:05|16:02|04:03|03:01,4.972157602289187e-05,Cluster_2
68:01|18:01|07:01|11:03|04:02,4.972157602289187e-05,Cluster_2
31:01|40:02|02:02|01:01|05:01,0.00039777260818313494,Cluster_2
01:01|38:02|07:02|12:02|03:01,0.0011933178245494048,Cluster_2
33:01|14:02|08:02|11:04|03:02,2.4860788011445934e-05,Cluster_2
24:02|39:06|07:02|13:01|06:03,2.4860788011445934e-05,Cluster_2
11:01|15:02|08:01|13:02|06:04,0.0004015600381071352,Cluster_2
01:01|57:01|06:02|11:01|03:01,0.00039777260818313494,Cluster_2
31:01|40:01|07:02|12:01|04:02,2.4860788011445934e-05,Cluster_2
02:01|40:01|03:04|09:01|03:03,0.00039777260818313494,Cluster_2
01:01|40:02|02:02|01:01|05:01,0.00039777260818313494,Cluster_2
24:02|51:01|02:02|04:03|03:01,4.972157602289187e-05,Cluster_2
24:02|18:01|12:03|11:03|03:01,0.00019888630409156747,Cluster_2
11:01|38:02|07:27|11:01|03:01,0.00039777260818313283,Cluster_2
68:01|40:01|07:01|04:03|03:01,2.4860788011445934e-05,Cluster_2
24:02|57:01|01:02|14:06|03:01,0.00019888630409156747,Cluster_2
24:02|52:01|04:01|15:06|03:01,2.4860788011445934e-05,Cluster_2
23:01|14:02|07:01|08:04|05:03,4.972157602289187e-05,Cluster_2
34:01|15:35|04:01|15:02|03:01,0.00039777260818313494,Cluster_2
02:01|15:56|03:03|03:01|02:01,0.00039777260818313494,Cluster_2
24:02|38:01|16:01|11:02|03:01,4.972157602289187e-05,Cluster_2
11:02|15:11|07:01|11:04|03:01,2.4860788011445934e-05,Cluster_2
02:11|52:01|12:02|14:19|06:01,9.944315204578374e-05,Cluster_2
24:02|52:01|12:02|15:02|06:01,1.4098820134912763e-05,Cluster_2
31:01|27:06|07:02|11:01|05:02,0.00039777260818313494,Cluster_2
32:01|44:02|02:02|12:02|03:01,2.4860788011445934e-05,Cluster_2
02:01|35:08|04:01|15:06|05:02,0.00039777260818313494,Cluster_2
34:01|15:21|07:01|08:03|06:01,2.4860788011445934e-05,Cluster_2
31:01|39:06|07:02|12:01|03:01,2.4860788011445934e-05,Cluster_2
24:02|15:35|07:02|09:01|03:03,0.00039777260818313494,Cluster_2
24:10|18:02|07:04|11:06|03:01,0.0011933178245494048,Cluster_2
03:01|27:05|02:02|01:03|03:03,4.972157602289187e-05,Cluster_2
24:02|27:05|02:02|11:04|03:01,4.972157602289187e-05,Cluster_2
11:01|18:01|07:01|11:01|03:01,0.0023866356490988097,Cluster_2
33:03|44:03|04:01|12:01|03:01,2.4860788011445934e-05,Cluster_2
02:01|15:11|04:01|01:01|05:01,0.00039777260818313494,Cluster_2
01:01|15:17|07:01|13:02|06:04,0.0011933178245494048,Cluster_2
33:03|44:03|14:03|13:02|06:04,0.0011933178245494048,Cluster_2
24:02|35:05|04:JKTU|12:02|03:01,4.972157602289187e-05,Cluster_2
01:01|15:17|03:03|09:01|03:03,2.4860788011445934e-05,Cluster_2
02:01|51:01|07:01|08:03|03:01,4.972157602289187e-05,Cluster_2
02:01|18:01|12:03|13:05|03:01,0.00039777260818313494,Cluster_2
26:01|08:01|07:02|12:02|03:01,0.00039777260818313494,Cluster_2
69:01|40:01|03:04|04:07|03:02,2.4860788011445934e-05,Cluster_2
24:02|52:01|07:02|15:06|03:01,2.4860788011445934e-05,Cluster_2
02:06|51:01|16:02|12:01|03:01,2.4860788011445934e-05,Cluster_2
03:01|38:01|07:02|13:01|03:01,2.4860788011445934e-05,Cluster_2
24:07|35:05|04:01|15:01|06:02,0.0009211303534275287,Cluster_2
31:01|51:01|14:02|15:02|06:01,0.0003667983949270797,Cluster_2
24:02|18:01|07:01|11:06|05:02,0.00039777260818313494,Cluster_2
34:01|15:01|03:03|09:01|03:03,0.00039777260818313494,Cluster_2
01:01|35:02|06:02|11:03|03:01,2.4860788011445934e-05,Cluster_2
01:01|38:01|03:03|13:01|06:03,2.4860788011445934e-05,Cluster_2
01:01|51:01|01:02|07:01|03:01,2.4860788011445934e-05,Cluster_2
01:01|35:02|04:01|10:01|03:01,0.00039777260818313494,Cluster_2
03:01|27:04|12:02|15:01|03:01,9.944315204578374e-05,Cluster_2
24:02|35:05|04:01|11:01|03:01,0.00040817897351986984,Cluster_2
33:03|51:01|15:02|04:01|03:01,0.00039777260818313494,Cluster_2
02:01|40:01|07:02|09:01|03:03,0.0007955452163662699,Cluster_2
24:02|08:01|15:02|08:03|05:03,4.972157602289187e-05,Cluster_2
24:02|44:02|05:01|09:01|03:03,0.00039777260818313494,Cluster_2
33:03|44:03|07:01|12:01|05:02,2.4860788011445934e-05,Cluster_2
26:01|44:03|15:02|04:01|06:02,2.4860788011445934e-05,Cluster_2
33:03|35:08|04:01|16:02|05:02,2.4860788011445934e-05,Cluster_2
02:03|58:01|03:02|09:01|03:03,0.00039777260818313494,Cluster_2
11:01|35:12|07:02|16:02|03:01,2.4860788011445934e-05,Cluster_2
24:02|51:01|12:03|09:01|03:03,0.0007955452163662699,Cluster_2
31:01|35:01|03:03|14:03|03:01,0.0005966589122747023,Cluster_2
02:06|52:01|03:04|15:02|03:01,2.4860788011445934e-05,Cluster_2
24:02|15:01|17:01|08:04|03:01,4.972157602289187e-05,Cluster_2
30:01|07:02|07:02|15:01|03:01,2.4860788011445934e-05,Cluster_2
02:01|13:01|03:04|15:01|06:01,6.825165291834165e-05,Cluster_2
32:01|51:01|01:02|14:01|05:03,0.00039777260818313494,Cluster_2
11:01|51:01|01:02|07:01|03:03,2.4860788011445934e-05,Cluster_2
02:01|07:02|07:02|14:01|05:03,0.00039777260818313494,Cluster_2
30:01|07:02|07:02|12:02|03:01,2.4860788011445934e-05,Cluster_2
23:01|41:01|07:01|16:01|03:01,2.4860788011445934e-05,Cluster_2
01:01|38:01|06:02|13:05|03:02,9.944315204578374e-05,Cluster_2
24:02|40:02|15:02|04:05|04:01,0.00039777260818313494,Cluster_2
03:01|40:06|01:02|15:01|06:01,0.00039777260818313494,Cluster_2
24:02|15:35|07:02|15:02|05:02,0.0019888630409155375,Cluster_2
03:01|53:01|07:04|14:01|03:01,2.4860788011445934e-05,Cluster_2
33:03|35:08|07:01|16:02|05:02,2.4860788011445934e-05,Cluster_2
02:03|15:01|04:01|11:11|05:01,0.00039777260818313494,Cluster_2
34:01|15:21|04:03|16:02|05:02,0.00039777260818313494,Cluster_2
69:01|18:01|03:04|04:07|03:02,2.4860788011445934e-05,Cluster_2
11:01|51:01|16:02|04:06|03:02,0.00039777260818313494,Cluster_2
24:02|50:01|06:02|04:03|03:01,2.4860788011445934e-05,Cluster_2
26:01|38:01|14:02|11:03|05:01,2.4860788011445934e-05,Cluster_2
68:02|15:18|07:04|14:01|03:01,2.4860788011445934e-05,Cluster_2
11:01|55:02|01:02|12:01|03:01,0.00039777260818313494,Cluster_2
11:01|35:03|04:01|15:01|03:01,0.00039777260818313494,Cluster_2
68:01|18:01|03:04|04:07|03:01,2.4860788011445934e-05,Cluster_2
02:06|15:01|12:02|15:02|06:01,2.4860788011445934e-05,Cluster_2
02:01|27:05|02:02|01:03|03:03,4.972157602289187e-05,Cluster_2
02:01|42:02|17:01|11:03|03:01,4.972157602289187e-05,Cluster_2
01:01|38:01|06:02|13:01|06:03,2.4860788011445934e-05,Cluster_2
24:07|40:02|07:02|15:02|05:01,0.00039777260818313494,Cluster_2
34:01|38:02|07:02|15:02|06:01,0.00039777260818313494,Cluster_2
24:02|45:01|12:04|14:04|05:03,2.4860788011445934e-05,Cluster_2
31:01|40:02|03:04|14:02|03:01,2.4860788011445934e-05,Cluster_2
26:03|15:01|03:03|04:06|03:02,0.00039777260818313494,Cluster_2
33:03|35:03|04:01|11:01|05:01,0.00039777260818313494,Cluster_2
03:01|15:18|07:04|14:01|03:01,2.4860788011445934e-05,Cluster_2
74:01|44:03|04:01|11:01|03:01,2.4860788011445934e-05,Cluster_2
24:02|40:06|16:01|14:04|05:03,2.4860788011445934e-05,Cluster_2
69:01|40:01|03:04|04:07|03:01,2.4860788011445934e-05,Cluster_2
02:05|44:02|05:01|15:02|03:01,2.4860788011445934e-05,Cluster_2
02:06|52:01|03:04|14:06|03:01,2.4860788011445934e-05,Cluster_2
03:01|27:05|02:02|09:01|03:03,4.972157602289187e-05,Cluster_2
11:01|13:01|04:06|15:02|05:01,0.001775781421308915,Cluster_2
02:01|46:01|01:02|09:01|03:03,0.00039777260818313494,Cluster_2
32:01|49:01|07:01|13:02|05:03,2.4860788011445934e-05,Cluster_2
32:01|27:05|02:02|04:04|03:02,0.00039777260818313494,Cluster_2
03:01|51:01|16:02|04:01|03:01,0.00039777260818313494,Cluster_2
23:01|44:03|02:10|11:01|03:01,2.4860788011445934e-05,Cluster_2
02:05|50:01|05:01|15:02|03:01,2.4860788011445934e-05,Cluster_2
34:01|39:24|07:01|11:02|06:01,2.4860788011445934e-05,Cluster_2
11:01|51:01|02:02|11:01|03:01,0.0007955452163662699,Cluster_2
02:01|35:03|04:01|04:08|05:03,2.4860788011445934e-05,Cluster_2
11:01|18:01|07:04|15:02|05:01,0.0017184700704810502,Cluster_2
01:01|41:02|07:01|13:02|03:01,2.4860788011445934e-05,Cluster_2
31:01|40:11|03:04|14:02|03:01,2.4860788011445934e-05,Cluster_2
33:03|15:13|08:01|12:02|05:02,0.000795545216366193,Cluster_2
33:03|35:01|03:03|14:01|05:02,0.00039777260818313494,Cluster_2
01:01|07:02|07:02|11:01|03:01,0.0011933178245494332,Cluster_2
24:02|35:12|07:02|16:02|03:01,2.4860788011445934e-05,Cluster_2
01:01|37:01|06:02|07:01|02:01,0.0007955452163662699,Cluster_2
24:02|52:01|12:02|15:01|06:01,9.944315204578374e-05,Cluster_2
30:01|13:01|07:02|12:02|03:01,2.4860788011445934e-05,Cluster_2
24:05|15:18|07:04|13:01|06:03,0.00039777260818313494,Cluster_2
02:01|40:10|04:03|08:03|06:01,0.00039777260818313494,Cluster_2
02:01|51:08|04:01|04:08|05:03,2.4860788011445934e-05,Cluster_2
24:02|15:13|08:01|15:01|05:02,0.00039777260818313494,Cluster_2
02:03|40:02|04:01|04:05|05:03,2.4860788011445934e-05,Cluster_2
31:01|44:02|05:01|16:01|05:02,0.00039777260818313494,Cluster_2
02:01|15:25|01:02|12:02|03:01,0.0007955452163662699,Cluster_2
29:02|14:02|08:02|01:02|05:01,0.00019888630409156747,Cluster_2
11:01|40:02|03:03|15:01|06:01,0.00039777260818313494,Cluster_2
01:01|37:01|06:02|12:02|03:01,0.0015910904327325398,Cluster_2
02:06|15:01|12:02|14:06|06:01,2.4860788011445934e-05,Cluster_2
11:01|27:05|15:02|15:01|05:02,0.00039777260818313494,Cluster_2
02:06|40:06|16:02|12:01|06:03,2.4860788011445934e-05,Cluster_2
31:01|44:03|15:02|15:01|03:01,2.4860788011445934e-05,Cluster_2
66:01|51:01|01:02|13:02|06:04,0.00019888630409156747,Cluster_2
02:11|40:06|15:02|13:01|03:01,2.4860788011445934e-05,Cluster_2
32:01|44:02|02:02|12:02|06:03,2.4860788011445934e-05,Cluster_2
02:01|55:01|03:04|16:01|05:02,0.0007955452163662699,Cluster_2
24:02|07:02|07:02|07:01|02:01,0.0015910904327325398,Cluster_2
69:01|18:01|03:04|04:07|03:01,2.4860788011445934e-05,Cluster_2
24:02|40:01|04:JKTU|12:02|03:02,4.972157602289187e-05,Cluster_2
01:01|15:17|07:01|11:04|03:01,2.4860788011445934e-05,Cluster_2
24:02|39:06|07:02|13:01|03:01,2.4860788011445934e-05,Cluster_2
11:01|35:05|04:01|14:04|05:03,0.00039777260818313494,Cluster_2
03:01|51:01|16:02|15:02|06:01,0.00039777260818313494,Cluster_2
31:01|44:03|16:01|15:01|03:01,2.4860788011445934e-05,Cluster_2
01:01|15:17|03:03|11:04|03:01,2.4860788011445934e-05,Cluster_2
02:01|51:08|16:02|04:08|05:03,2.4860788011445934e-05,Cluster_2
34:01|55:02|12:03|13:12|03:01,2.4860788011445934e-05,Cluster_2
24:02|40:01|03:03|15:02|05:02,0.00039777260818313494,Cluster_2
11:02|15:17|07:01|09:01|03:01,2.4860788011445934e-05,Cluster_2
24:02|15:35|07:02|15:14|05:02,0.00039777260818313494,Cluster_2
24:02|15:27|04:01|15:01|06:02,0.00039777260818313494,Cluster_2
66:01|14:01|15:05|11:02|03:01,0.00039777260818313494,Cluster_2
24:02|54:01|01:02|11:01|03:01,0.00039777260818313494,Cluster_2
34:01|15:21|04:03|04:05|04:01,0.0007955452163662699,Cluster_2
11:01|58:01|08:01|08:03|06:01,0.0007955452163662699,Cluster_2
68:01|40:01|07:01|04:07|03:02,2.4860788011445934e-05,Cluster_2
69:01|40:01|03:04|04:03|03:01,2.4860788011445934e-05,Cluster_2
02:06|51:01|16:02|12:01|06:03,2.4860788011445934e-05,Cluster_2
24:02|38:01|01:02|11:02|03:01,4.972157602289187e-05,Cluster_2
03:01|38:01|07:02|13:01|06:03,2.4860788011445934e-05,Cluster_2
03:01|40:01|03:04|04:01|03:01,0.00039777260818313494,Cluster_2
24:02|15:02|08:01|11:06|03:01,0.00039777260818313494,Cluster_2
02:11|51:01|15:02|13:01|03:01,2.4860788011445934e-05,Cluster_2
33:01|14:02|08:02|04:05|03:02,2.4860788011445934e-05,Cluster_2
02:06|51:01|14:02|12:02|03:01,0.0015910904327325398,Cluster_2
01:01|55:01|01:02|09:01|03:03,0.00039777260818313494,Cluster_2
68:01|18:01|03:04|04:03|03:01,2.4860788011445934e-05,Cluster_2
33:03|15:01|04:01|04:03|03:01,2.4860788011445934e-05,Cluster_2
11:02|52:01|12:02|11:06|03:01,0.00039777260818313494,Cluster_2
02:01|07:05|07:02|14:04|05:03,0.000317115124585363,Cluster_2
01:01|35:02|06:02|11:03|06:03,2.4860788011445934e-05,Cluster_2
24:07|48:01|08:01|04:05|04:02,0.0003977726073928619,Cluster_2
02:06|51:01|15:02|13:01|03:01,2.4860788011445934e-05,Cluster_2
02:01|51:02|14:02|12:02|03:01,0.00039777260818313494,Cluster_2
01:01|52:01|12:02|15:01|06:01,0.00039777260818313494,Cluster_2
11:01|35:03|04:01|04:01|05:02,2.4860788011445934e-05,Cluster_2
02:01|27:05|01:02|11:01|03:01,0.0011933178245494048,Cluster_2
11:01|49:01|04:03|13:02|06:04,2.4860788011445934e-05,Cluster_2
02:03|55:02|04:01|04:05|05:03,2.4860788011445934e-05,Cluster_2
03:01|35:01|04:01|04:01|03:01,0.00039777260818313494,Cluster_2
31:01|35:01|04:01|04:08|03:01,0.00039777260818313494,Cluster_2
34:01|40:02|12:03|04:05|05:03,2.4860788011445934e-05,Cluster_2
24:02|40:01|03:04|11:01|03:01,0.0019877847235904413,Cluster_2
26:01|44:02|07:04|11:01|03:01,0.00039777260818313494,Cluster_2
24:02|13:01|03:04|12:02|03:01,0.005934746065623825,Cluster_2
33:03|52:01|03:04|14:06|03:01,2.4860788011445934e-05,Cluster_2
02:06|15:18|08:03|15:01|03:02,2.4860788011445934e-05,Cluster_2
24:02|27:06|07:02|09:01|03:03,0.00039777260818313494,Cluster_2
33:03|07:02|03:02|15:01|06:02,2.4860788011445934e-05,Cluster_2
11:02|15:11|03:03|09:01|03:03,2.4860788011445934e-05,Cluster_2
24:02|07:05|04:01|14:04|05:03,0.00039777260818313494,Cluster_2
24:02|51:01|06:02|11:04|03:02,2.4860788011445934e-05,Cluster_2
02:01|35:05|04:01|12:02|03:01,0.00041730734622290837,Cluster_2
26:01|40:01|12:03|12:01|03:01,0.00039777260818313494,Cluster_2
68:01|35:03|04:01|15:01|06:01,0.00039777260818313494,Cluster_2
26:01|35:01|04:01|01:01|05:01,0.00039777260818313494,Cluster_2
34:01|40:02|04:01|13:12|05:03,2.4860788011445934e-05,Cluster_2
02:11|07:05|15:05|10:01|05:01,0.00039777260818313494,Cluster_2
32:01|35:01|04:01|11:01|03:01,0.0015910904327325398,Cluster_2
24:02|40:02|03:04|11:01|03:01,0.0011933178245494048,Cluster_2
11:01|35:03|07:02|04:01|05:02,2.4860788011445934e-05,Cluster_2
30:01|50:01|06:02|01:02|05:01,0.00039777260818313494,Cluster_2
11:01|56:01|14:02|07:01|03:03,2.4860788011445934e-05,Cluster_2
23:01|44:03|02:10|03:02|04:02,2.4860788011445934e-05,Cluster_2
25:01|18:01|12:03|15:01|06:02,0.0007955452163662699,Cluster_2
24:02|08:01|07:01|13:03|03:01,2.4860788011445934e-05,Cluster_2
11:01|51:01|15:02|11:66|03:01,2.4860788011445934e-05,Cluster_2
26:01|52:01|12:02|08:03|03:01,0.0007955452163662699,Cluster_2
69:01|18:01|03:04|04:03|03:01,2.4860788011445934e-05,Cluster_2
23:01|41:01|07:01|12:01|03:01,2.4860788011445934e-05,Cluster_2
24:02|55:01|03:03|15:01|03:01,9.944315204578374e-05,Cluster_2
32:01|51:01|01:02|11:01|03:01,0.00019888630409156747,Cluster_2
74:01|44:03|02:10|03:02|03:01,2.4860788011445934e-05,Cluster_2
24:02|40:01|04:JKTU|12:02|03:01,4.972157602289187e-05,Cluster_2
02:11|13:01|04:03|04:05|04:02,0.00039777260818313494,Cluster_2
01:01|13:02|06:02|07:01|02:01,0.00039777260818313494,Cluster_2
11:01|13:02|06:02|12:01|06:02,0.00019888630409156747,Cluster_2
33:03|52:01|12:02|15:02|06:01,2.4860788011445934e-05,Cluster_2
02:01|07:02|07:02|11:01|03:01,0.0012205839207082958,Cluster_2
34:01|18:01|07:04|15:02|05:01,0.0007483139656758812,Cluster_2
33:03|13:01|07:02|15:01|03:01,2.4860788011445934e-05,Cluster_2
03:01|13:01|07:02|11:03|03:02,2.4860788011445934e-05,Cluster_2
24:02|51:01|14:02|14:03|03:01,0.0011933178245494048,Cluster_2
24:02|15:01|17:01|11:03|03:01,4.972157602289187e-05,Cluster_2
24:02|15:02|08:01|12:02|03:01,0.013619956843877451,Cluster_2
01:01|39:24|04:03|11:02|06:01,2.4860788011445934e-05,Cluster_2
24:02|35:03|12:03|13:01|03:01,0.00019888630409156747,Cluster_2
02:07|38:02|07:02|11:06|03:01,0.00039777260818313494,Cluster_2
03:01|53:01|04:01|11:01|03:01,2.4860788011445934e-05,Cluster_2
11:01|35:03|04:01|15:06|03:01,2.4860788011445934e-05,Cluster_2
68:01|40:01|07:01|04:07|03:01,2.4860788011445934e-05,Cluster_2
24:07|15:12|03:03|15:01|06:01,0.00039777260818313494,Cluster_2
24:07|18:01|15:02|12:02|03:01,0.0007955452163662699,Cluster_2
34:02|41:01|07:01|14:01|03:01,4.972157602289187e-05,Cluster_2
33:01|14:02|08:02|04:05|03:01,2.4860788011445934e-05,Cluster_2
24:10|18:02|07:04|04:05|04:02,0.0003247909117090813,Cluster_2
11:01|56:01|01:02|13:12|03:03,2.4860788011445934e-05,Cluster_2
33:03|13:01|03:02|12:02|03:01,2.4860788011445934e-05,Cluster_2
68:01|46:01|01:02|15:01|06:01,0.00039777260818313494,Cluster_2
33:03|55:01|01:02|11:11|06:02,9.944315204578374e-05,Cluster_2
01:01|38:01|06:02|13:01|03:01,2.4860788011445934e-05,Cluster_2
11:01|35:03|07:02|15:06|03:01,2.4860788011445934e-05,Cluster_2
31:01|40:11|03:05|14:02|03:01,2.4860788011445934e-05,Cluster_2
24:02|45:01|12:04|11:02|03:01,2.4860788011445934e-05,Cluster_2
24:07|27:06|03:04|15:02|06:01,0.000411580328141686,Cluster_2
02:06|15:18|08:03|15:01|03:01,2.4860788011445934e-05,Cluster_2
24:07|40:01|07:02|08:09|04:02,0.00039777260818313494,Cluster_2
31:01|39:06|07:02|08:01|04:02,2.4860788011445934e-05,Cluster_2
33:03|52:01|12:02|14:06|06:01,2.4860788011445934e-05,Cluster_2
24:02|50:01|01:02|04:03|03:02,2.4860788011445934e-05,Cluster_2
03:01|51:01|01:02|11:04|03:01,0.0007955452163662699,Cluster_2
01:01|15:21|07:01|08:03|06:01,2.4860788011445934e-05,Cluster_2
02:01|38:01|12:03|13:01|03:01,0.0007955452163662699,Cluster_2
01:01|40:01|03:04|12:01|04:02,2.4860788011445934e-05,Cluster_2
24:02|51:01|06:02|11:04|03:01,2.4860788011445934e-05,Cluster_2
33:03|18:01|07:04|12:02|03:01,0.0003977726070583483,Cluster_2
03:01|52:01|12:02|04:03|03:02,0.00039777260818313494,Cluster_2
68:01|44:02|04:01|04:01|03:01,0.00039777260818313494,Cluster_2
31:01|46:01|01:02|11:01|03:01,0.00019888630409156747,Cluster_2
11:01|15:01|04:01|04:06|03:02,0.0011811444003652647,Cluster_2
31:01|51:01|15:02|14:15|05:03,2.4860788011445934e-05,Cluster_2
34:01|15:35|07:02|11:01|06:01,0.0007955452163662699,Cluster_2
32:01|55:01|01:02|12:02|03:01,0.00039777260818313494,Cluster_2
02:06|40:06|07:02|09:01|03:03,0.00039777260818313494,Cluster_2
34:01|15:21|04:03|15:01|06:01,0.0001293979591321452,Cluster_2
24:02|27:06|07:02|15:02|05:01,0.0011933178245494035,Cluster_2
02:11|40:06|15:02|13:01|06:03,2.4860788011445934e-05,Cluster_2
11:01|15:01|04:01|11:01|03:01,0.0011933178245494048,Cluster_2
02:01|15:02|08:01|11:01|03:01,0.0006076121760631924,Cluster_2
24:02|40:06|15:02|11:11|03:01,4.972157602289187e-05,Cluster_2
02:11|40:06|15:02|15:01|06:01,0.0015910904327325398,Cluster_2
03:01|27:05|01:02|01:03|03:03,4.972157602289187e-05,Cluster_2
24:02|40:02|03:05|14:02|04:02,2.4860788011445934e-05,Cluster_2
29:02|44:03|16:01|11:02|03:01,4.972157602289187e-05,Cluster_2
11:01|18:01|07:01|11:04|03:01,0.00039777260818313494,Cluster_2
31:01|44:03|07:01|08:03|06:01,0.00039777260818313494,Cluster_2
24:02|15:13|12:02|12:02|03:01,0.0007955452163662699,Cluster_2
24:02|35:01|04:01|01:01|05:01,0.00039777260818313494,Cluster_2
11:01|35:08|07:01|12:01|03:01,2.4860788011445934e-05,Cluster_2
01:01|41:02|07:01|13:02|06:04,2.4860788011445934e-05,Cluster_2
01:01|39:06|03:04|12:01|03:01,2.4860788011445934e-05,Cluster_2
24:02|15:32|15:02|04:03|03:02,4.972157602289187e-05,Cluster_2
68:01|44:02|07:04|11:01|03:01,0.00039777260818313494,Cluster_2
03:01|13:01|07:02|11:03|03:01,2.4860788011445934e-05,Cluster_2
34:01|15:21|04:03|11:02|03:01,2.4860788011445934e-05,Cluster_2
02:01|35:03|16:02|14:01|05:03,2.4860788011445934e-05,Cluster_2
23:01|15:03|04:01|03:02|04:02,2.4860788011445934e-05,Cluster_2
29:01|51:08|16:02|13:03|03:01,0.00039777260818313494,Cluster_2
68:01|51:01|15:07|15:01|06:01,0.00039777260818313494,Cluster_2
24:02|51:01|16:02|04:03|03:01,4.972157602289187e-05,Cluster_2
02:06|40:06|16:02|12:01|03:01,2.4860788011445934e-05,Cluster_2
24:02|40:06|12:02|11:01|03:01,0.000759778404462905,Cluster_2
31:01|35:01|03:03|11:01|03:01,0.00039777260818313494,Cluster_2
11:01|48:01|08:01|12:01|03:01,0.0007955452163662699,Cluster_2
01:01|15:17|07:01|07:01|03:03,0.00039777260818313494,Cluster_2
01:01|40:01|07:02|12:01|04:02,2.4860788011445934e-05,Cluster_2
29:02|50:01|05:01|04:01|06:01,2.4860788011445934e-05,Cluster_2
03:02|44:02|16:04|13:01|06:03,0.00039777260818313494,Cluster_2
11:01|52:01|04:01|04:01|05:02,2.4860788011445934e-05,Cluster_2
11:01|07:05|03:04|04:03|03:02,0.00039777260818313494,Cluster_2
02:11|51:01|15:02|13:01|06:03,2.4860788011445934e-05,Cluster_2
34:01|35:05|04:01|11:01|03:01,0.0009841308778948872,Cluster_2
24:02|55:02|12:03|16:02|05:02,0.00039777260818313494,Cluster_2
24:02|51:01|07:01|08:03|03:01,4.972157602289187e-05,Cluster_2
24:02|41:02|04:01|13:03|06:04,2.4860788011445934e-05,Cluster_2
02:03|39:09|07:02|12:02|03:01,0.00039777260818313494,Cluster_2
02:06|51:01|15:02|13:01|06:03,2.4860788011445934e-05,Cluster_2
02:03|40:02|12:03|04:05|05:03,2.4860788011445934e-05,Cluster_2
11:01|38:02|07:02|16:02|05:02,0.0007955452163662699,Cluster_2
32:01|13:01|07:01|12:02|06:04,2.4860788011445934e-05,Cluster_2
24:02|15:32|12:03|11:11|03:02,4.972157602289187e-05,Cluster_2
24:02|51:01|15:02|08:03|03:01,4.972157602289187e-05,Cluster_2
11:01|44:02|05:01|04:07|03:01,0.00039777260818313494,Cluster_2
11:02|15:11|03:03|11:04|03:01,2.4860788011445934e-05,Cluster_2
30:01|07:02|07:02|14:01|05:03,0.00039777260818313494,Cluster_2
01:01|39:06|07:02|12:01|03:01,2.4860788011445934e-05,Cluster_2
11:01|52:01|07:02|04:01|05:02,2.4860788011445934e-05,Cluster_2
26:01|38:01|14:02|01:01|03:01,2.4860788011445934e-05,Cluster_2
24:02|50:01|01:02|04:03|03:01,2.4860788011445934e-05,Cluster_2
01:01|35:02|03:03|13:01|03:01,2.4860788011445934e-05,Cluster_2
03:01|27:02|02:02|11:01|03:01,0.00039777260818313494,Cluster_2
02:05|50:01|06:02|04:03|03:02,2.4860788011445934e-05,Cluster_2
11:01|13:01|04:03|04:03|03:02,0.00039777260818313494,Cluster_2
11:01|52:01|04:01|15:06|03:01,2.4860788011445934e-05,Cluster_2
31:01|40:01|07:02|08:01|04:02,2.4860788011445934e-05,Cluster_2
01:01|35:01|04:01|09:01|03:03,0.0007955452163662699,Cluster_2
02:01|08:01|07:01|14:01|03:01,4.972157602289187e-05,Cluster_2
34:05|38:02|07:02|15:02|05:02,0.00039777260685227374,Cluster_2
26:01|39:15|07:01|15:02|06:01,0.0007955452163662699,Cluster_2
02:01|48:01|08:01|11:01|03:01,0.0014845308051615353,Cluster_2
26:01|45:01|06:02|07:01|02:01,0.00039777260818313494,Cluster_2
11:01|40:06|08:01|09:01|03:03,0.0009741307745882745,Cluster_2
33:03|51:01|14:02|12:02|03:01,0.0007955452163662699,Cluster_2
68:01|51:01|16:02|13:01|06:03,0.00039777260818313494,Cluster_2
33:01|14:02|08:02|11:04|03:01,2.4860788011445934e-05,Cluster_2
11:01|44:03|07:01|16:02|03:01,2.4860788011445934e-05,Cluster_2
02:06|48:01|08:03|04:03|03:04,0.00039777260818313494,Cluster_2
02:01|51:01|15:02|08:03|03:01,4.972157602289187e-05,Cluster_2
01:01|57:01|06:02|15:01|06:02,0.00039777260818313494,Cluster_2
11:01|52:01|07:02|15:06|03:01,2.4860788011445934e-05,Cluster_2
24:02|35:01|04:01|04:04|03:02,0.00039777260818313494,Cluster_2
24:02|35:03|12:03|13:01|06:03,0.00019888630409156747,Cluster_2
24:02|38:02|07:02|11:01|06:01,0.0015910904327325398,Cluster_2
02:06|35:01|03:03|11:01|03:01,0.0007955452163662699,Cluster_2
03:01|35:43|01:02|03:02|03:01,0.00039777260818313494,Cluster_2
25:04|38:01|14:02|01:01|03:01,2.4860788011445934e-05,Cluster_2
11:01|35:01|04:01|11:66|03:01,2.4860788011445934e-05,Cluster_2
02:01|52:01|12:02|15:02|06:01,0.0019335897721195665,Cluster_2
02:01|15:01|03:04|04:01|03:02,0.0007955452163662699,Cluster_2
11:01|52:01|12:02|15:02|06:01,4.1174448661195336e-05,Cluster_2
34:02|14:02|07:01|08:04|05:03,4.972157602289187e-05,Cluster_2
24:02|08:01|04:01|13:02|03:01,2.4860788011445934e-05,Cluster_2
24:02|35:05|04:01|12:02|05:02,0.0004101223784672382,Cluster_2
68:02|53:01|07:04|14:01|03:01,2.4860788011445934e-05,Cluster_2
01:01|08:01|04:01|13:02|06:04,2.4860788011445934e-05,Cluster_2
34:02|41:01|07:01|08:04|05:03,4.972157602289187e-05,Cluster_2
68:01|27:07|15:02|11:01|05:02,0.00039777260818313494,Cluster_2
11:01|35:05|04:01|11:01|03:01,0.00039777260818313494,Cluster_2
29:02|44:02|05:01|15:02|03:01,2.4860788011445934e-05,Cluster_2
33:03|44:03|04:01|16:02|05:02,2.4860788011445934e-05,Cluster_2
11:02|15:11|07:01|11:04|03:03,2.4860788011445934e-05,Cluster_2
11:01|51:01|04:01|11:66|05:03,2.4860788011445934e-05,Cluster_2
24:02|08:01|07:01|13:03|06:04,2.4860788011445934e-05,Cluster_2
02:05|50:01|01:02|11:04|03:02,2.4860788011445934e-05,Cluster_2
33:03|15:01|03:03|12:01|03:02,2.4860788011445934e-05,Cluster_2
24:02|48:01|08:01|11:01|03:01,0.008805650745772012,Cluster_2
01:01|40:01|03:04|13:02|06:04,0.00039777260818313494,Cluster_2
01:01|37:01|06:02|14:01|05:03,0.00039777260818313494,Cluster_2
33:03|44:03|07:01|15:04|05:02,0.00039777260818313494,Cluster_2
32:01|51:08|16:02|04:08|03:01,2.4860788011445934e-05,Cluster_2
24:02|15:32|12:03|04:03|03:02,4.972157602289187e-05,Cluster_2
01:01|41:02|04:01|13:02|03:01,2.4860788011445934e-05,Cluster_2
02:01|38:01|12:03|13:01|06:03,0.0007955452163662699,Cluster_2
02:05|50:01|06:02|04:03|03:01,2.4860788011445934e-05,Cluster_2
32:01|51:08|04:01|14:01|03:01,2.4860788011445934e-05,Cluster_2
03:01|39:06|07:02|14:06|03:01,2.4860788011445934e-05,Cluster_2
23:01|14:02|08:02|08:04|03:01,4.972157602289187e-05,Cluster_2
11:03|52:01|07:02|04:01|03:01,0.00039777260818312464,Cluster_2
03:01|18:01|07:01|15:01|06:01,0.00039777260818313494,Cluster_2
74:01|35:05|04:01|12:02|05:02,0.0003854228378990316,Cluster_2
24:02|35:03|04:01|15:06|05:02,2.4860788011445934e-05,Cluster_2
24:02|18:01|05:01|11:01|03:01,0.0007955452163662699,Cluster_2
02:03|55:02|03:03|15:02|05:01,0.00039777260818313494,Cluster_2
01:01|15:11|03:03|09:01|03:01,2.4860788011445934e-05,Cluster_2
24:02|44:02|05:01|15:02|05:02,0.00039777260818313494,Cluster_2
11:01|35:08|04:01|16:02|03:01,2.4860788011445934e-05,Cluster_2
02:01|15:13|08:01|04:05|04:02,0.00039777260818313494,Cluster_2
26:01|44:03|16:01|15:01|03:01,2.4860788011445934e-05,Cluster_2
31:01|40:02|03:05|08:02|03:01,2.4860788011445934e-05,Cluster_2
30:02|55:01|03:03|04:08|06:02,9.944315204578374e-05,Cluster_2
74:01|15:02|08:01|15:01|06:01,0.0003977674139964001,Cluster_2
33:03|35:01|04:01|08:04|03:01,0.0007955452163662699,Cluster_2
30:01|13:01|07:02|15:01|03:01,2.4860788011445934e-05,Cluster_2
11:01|35:01|15:02|11:66|03:01,2.4860788011445934e-05,Cluster_2
01:01|51:01|14:02|07:01|03:03,2.4860788011445934e-05,Cluster_2
24:02|39:06|07:02|14:06|03:01,2.4860788011445934e-05,Cluster_2
01:01|38:01|06:02|13:05|03:01,9.944315204578374e-05,Cluster_2
24:02|13:01|04:06|14:05|05:03,0.0003977726081831324,Cluster_2
11:01|15:02|08:01|04:05|04:02,0.00047075430465718857,Cluster_2
24:02|35:03|07:02|15:06|05:02,2.4860788011445934e-05,Cluster_2
02:01|15:18|08:03|15:01|03:02,2.4860788011445934e-05,Cluster_2
02:07|40:01|07:02|08:03|06:01,0.00039777260818313494,Cluster_2
33:03|07:02|07:02|15:01|03:01,2.4860788011445934e-05,Cluster_2
11:01|49:01|04:03|13:02|05:03,2.4860788011445934e-05,Cluster_2
11:01|44:03|07:01|07:01|02:01,0.00039777260818313494,Cluster_2
24:07|38:02|07:02|12:01|03:01,0.00039777260818313494,Cluster_2
33:03|52:01|03:04|15:02|03:01,2.4860788011445934e-05,Cluster_2
11:01|13:01|07:01|12:02|06:04,2.4860788011445934e-05,Cluster_2
33:03|07:02|07:02|12:02|03:01,2.4860788011445934e-05,Cluster_2
29:02|50:01|06:02|15:02|06:01,2.4860788011445934e-05,Cluster_2
69:01|18:01|07:01|04:07|03:02,2.4860788011445934e-05,Cluster_2
32:01|13:01|08:01|13:01|03:01,2.4860788011445934e-05,Cluster_2
26:01|40:02|16:01|04:01|06:02,2.4860788011445934e-05,Cluster_2
32:01|35:03|04:01|04:01|03:01,0.0007955452163662699,Cluster_2
11:02|15:17|03:03|09:01|03:01,2.4860788011445934e-05,Cluster_2
26:01|38:01|12:03|07:01|02:01,0.00039777260818313494,Cluster_2
26:01|51:01|14:02|11:03|03:01,2.4860788011445934e-05,Cluster_2
02:06|15:01|07:02|14:01|05:02,0.00039777260818313494,Cluster_2
02:05|50:01|01:02|11:04|03:01,2.4860788011445934e-05,Cluster_2
11:01|07:02|04:01|16:02|04:01,2.4860788011445934e-05,Cluster_2
01:01|07:02|07:02|15:01|06:02,0.00039777260818313494,Cluster_2
24:02|15:32|12:03|04:03|03:01,4.972157602289187e-05,Cluster_2
25:01|18:01|12:03|04:01|03:01,0.0004452398153855043,Cluster_2
01:01|35:02|03:03|13:01|06:03,2.4860788011445934e-05,Cluster_2
68:02|14:02|08:02|13:03|03:01,0.0011933178245494048,Cluster_2
24:02|40:11|03:04|08:02|04:02,2.4860788011445934e-05,Cluster_2
03:01|15:18|04:01|11:01|05:03,2.4860788011445934e-05,Cluster_2
34:02|41:01|08:02|08:04|03:01,4.972157602289187e-05,Cluster_2
02:07|27:05|01:02|11:01|03:01,0.00039777260818313494,Cluster_2
24:17|27:04|12:03|15:01|06:01,0.00039777260818313494,Cluster_2
02:03|40:01|03:04|12:02|03:01,0.0007955452163662699,Cluster_2
26:01|44:03|04:01|07:01|02:01,0.00039777260818313494,Cluster_2
11:01|38:02|07:02|04:03|03:02,0.0005919328980923216,Cluster_2
02:01|44:02|07:04|15:01|06:02,0.0009664231437271616,Cluster_2
23:01|49:01|17:01|16:01|05:02,2.4860788011445934e-05,Cluster_2
34:01|55:02|04:01|13:12|05:03,2.4860788011445934e-05,Cluster_2
11:01|35:12|07:02|04:05|03:01,2.4860788011445934e-05,Cluster_2
24:07|54:01|01:02|04:05|04:01,0.0004102392374449682,Cluster_2
11:01|07:02|07:02|16:02|04:01,2.4860788011445934e-05,Cluster_2
02:01|55:01|03:03|11:01|03:01,0.0007955452163662699,Cluster_2
02:01|57:01|06:02|11:01|03:01,0.00019888630409156747,Cluster_2
24:02|40:01|15:02|11:01|03:01,0.00039777260818313494,Cluster_2
33:03|44:03|07:01|11:01|03:01,0.0007955452163662699,Cluster_2
02:01|51:01|03:04|13:02|06:04,0.0007955452163662699,Cluster_2
02:01|46:01|01:03|12:01|03:01,0.0005303634775775199,Cluster_2
24:07|40:01|04:01|15:02|05:01,0.0003977726073928547,Cluster_2
02:01|08:01|07:01|08:03|05:03,4.972157602289187e-05,Cluster_2
02:01|15:18|08:03|15:01|03:01,2.4860788011445934e-05,Cluster_2
24:02|37:01|06:02|08:03|03:01,0.00039777260818313494,Cluster_2
02:06|48:01|07:04|15:01|03:02,2.4860788011445934e-05,Cluster_2
11:01|40:01|03:04|11:06|05:02,0.00039777260818312936,Cluster_2
24:07|52:01|07:02|03:01|02:01,0.0007955452163662699,Cluster_2
02:01|15:18|07:04|04:03|03:02,0.00039777260818313494,Cluster_2
32:01|44:02|08:01|13:01|03:01,2.4860788011445934e-05,Cluster_2
24:02|46:01|01:02|12:01|03:01,0.00039777260818313494,Cluster_2
11:01|15:02|08:01|13:12|03:01,0.0023866356490988097,Cluster_2
69:01|18:01|07:01|04:07|03:01,2.4860788011445934e-05,Cluster_2
24:02|07:05|07:02|14:04|05:03,0.0004784300917809069,Cluster_2
03:01|27:04|12:02|15:01|06:02,9.944315204578374e-05,Cluster_2
03:01|27:06|03:04|15:02|05:01,0.00039777260818313494,Cluster_2
30:02|51:01|03:04|03:01|02:01,0.00039777260818313494,Cluster_2
02:03|27:06|07:02|12:02|03:01,0.0031821808654650795,Cluster_2
11:01|51:01|12:03|11:04|03:01,0.0007955452163662699,Cluster_2
33:03|73:01|15:05|04:05|02:01,0.00039777260818313494,Cluster_2
24:02|15:25|04:03|11:01|05:02,0.00039777260818313494,Cluster_2
01:01|35:02|04:01|13:03|03:01,0.00039777260818313494,Cluster_2
02:03|15:02|03:04|12:02|03:01,0.0007955452163662699,Cluster_2
31:01|39:06|03:04|08:01|04:02,2.4860788011445934e-05,Cluster_2
01:01|15:17|07:01|11:04|03:03,2.4860788011445934e-05,Cluster_2
01:01|15:21|04:03|11:02|03:01,2.4860788011445934e-05,Cluster_2
11:02|15:17|07:01|09:01|03:03,2.4860788011445934e-05,Cluster_2
03:01|15:18|04:01|14:01|03:01,2.4860788011445934e-05,Cluster_2
02:05|44:02|06:02|04:01|03:01,2.4860788011445934e-05,Cluster_2
32:01|27:05|01:02|04:07|06:02,0.00039777260818313494,Cluster_2
11:01|13:01|03:04|12:02|03:01,0.003977726081831349,Cluster_2
01:01|39:06|03:04|08:01|04:02,2.4860788011445934e-05,Cluster_2
03:01|39:06|07:02|14:06|06:03,2.4860788011445934e-05,Cluster_2
24:02|40:01|07:02|04:05|03:02,0.00039777260818313494,Cluster_2
68:01|35:03|08:01|12:02|03:01,0.00039777260818313494,Cluster_2
33:01|14:02|06:02|04:05|03:02,2.4860788011445934e-05,Cluster_2
24:02|44:03|16:01|11:02|03:01,4.972157602289187e-05,Cluster_2
34:02|14:02|07:01|14:01|03:01,4.972157602289187e-05,Cluster_2
02:11|51:01|16:02|12:01|03:01,2.4860788011445934e-05,Cluster_2
01:01|39:24|04:03|08:03|06:01,2.4860788011445934e-05,Cluster_2
02:05|50:01|06:02|04:01|03:01,2.4860788011445934e-05,Cluster_2
11:01|18:01|12:03|14:04|05:03,0.00039777260818313494,Cluster_2
24:07|39:05|08:01|12:02|03:01,0.00039777260818313494,Cluster_2
24:07|15:01|03:03|04:10|04:02,0.00039777260818313494,Cluster_2
29:02|58:01|07:01|08:04|04:02,0.00039777260818313494,Cluster_2
02:03|15:12|03:03|15:02|05:02,0.00039777260818313494,Cluster_2
24:02|15:02|08:01|13:02|06:04,0.00039777260818313494,Cluster_2
33:03|15:25|15:02|12:02|03:01,0.0007955452163662699,Cluster_2
01:01|35:03|04:01|11:01|03:01,0.0015910904327325398,Cluster_2
33:03|07:05|07:02|12:02|03:01,0.00039777260818313494,Cluster_2
02:01|50:01|14:02|13:03|03:01,0.00039777260818313494,Cluster_2
33:03|15:01|03:04|15:02|06:01,2.4860788011445934e-05,Cluster_2
01:01|35:02|06:02|13:01|03:01,2.4860788011445934e-05,Cluster_2
24:02|39:06|07:02|14:06|06:03,2.4860788011445934e-05,Cluster_2
02:01|13:01|03:04|12:02|03:01,0.0017687577307765765,Cluster_2
01:01|38:01|06:02|11:03|03:01,2.4860788011445934e-05,Cluster_2
02:05|44:02|06:02|15:02|06:01,2.4860788011445934e-05,Cluster_2
32:01|13:01|04:03|13:02|06:04,2.4860788011445934e-05,Cluster_2
26:01|38:01|14:02|01:01|05:01,2.4860788011445934e-05,Cluster_2
32:01|13:01|07:01|12:02|05:03,2.4860788011445934e-05,Cluster_2
24:02|35:05|04:01|15:02|05:02,0.00032194270811589614,Cluster_2
26:01|39:01|07:02|10:01|05:01,0.00039777260818313494,Cluster_2
26:03|15:01|04:01|01:01|05:01,0.00039777260818313494,Cluster_2
02:06|48:01|07:04|15:01|03:01,2.4860788011445934e-05,Cluster_2
02:07|15:21|04:03|15:02|06:01,0.00039777260818313494,Cluster_2
32:01|14:01|08:02|13:02|06:04,0.00039777260818313494,Cluster_2
33:03|40:06|03:02|16:02|05:02,0.00039777260818313494,Cluster_2
11:01|35:24|03:03|15:01|06:02,0.00039777260818313494,Cluster_2
34:01|13:01|03:04|11:01|06:01,0.00039777260818313494,Cluster_2
02:03|55:02|12:03|04:05|03:01,2.4860788011445934e-05,Cluster_2
32:01|13:01|08:01|13:01|06:03,2.4860788011445934e-05,Cluster_2
11:01|56:01|01:02|04:06|03:02,0.00039777260818313494,Cluster_2
24:07|15:02|08:01|16:02|05:02,0.00039777260818313494,Cluster_2
24:02|52:01|04:01|04:01|03:01,2.4860788011445934e-05,Cluster_2
26:01|15:02|08:01|15:01|06:01,0.00039777260818313494,Cluster_2
11:02|46:01|01:02|09:01|03:03,0.00039777260818313494,Cluster_2
02:01|51:08|04:01|14:01|03:01,2.4860788011445934e-05,Cluster_2
02:01|07:02|07:02|15:01|06:02,0.003217387612780987,Cluster_2
31:01|40:02|15:02|04:01|06:02,2.4860788011445934e-05,Cluster_2
11:01|40:01|07:02|09:01|03:01,0.00039777260818313494,Cluster_2
02:01|51:01|07:01|14:01|03:01,4.972157602289187e-05,Cluster_2
31:01|35:01|04:01|11:66|05:03,2.4860788011445934e-05,Cluster_2
02:11|52:01|12:02|04:03|03:02,0.00039777260818313494,Cluster_2
31:01|51:01|14:02|14:03|03:01,0.0005966589122747025,Cluster_2
26:01|51:01|14:02|08:03|03:01,0.00039777260818313494,Cluster_2
11:01|15:32|12:03|08:03|05:02,0.00039777260818313494,Cluster_2
32:01|35:03|04:01|04:08|03:01,2.4860788011445934e-05,Cluster_2
11:01|38:02|07:02|15:02|05:02,0.002887187238236861,Cluster_2
24:07|13:01|04:06|12:02|03:01,0.0008136454098179885,Cluster_2
30:01|13:01|07:02|12:02|06:02,2.4860788011445934e-05,Cluster_2
11:02|40:01|07:02|08:02|04:02,0.00039777260818313494,Cluster_2
02:01|44:02|06:02|11:01|03:01,0.00039777260818313494,Cluster_2
34:01|15:06|04:03|15:02|06:01,0.00039777260818313494,Cluster_2
24:02|52:01|07:02|04:01|03:01,2.4860788011445934e-05,Cluster_2
23:01|14:02|07:01|14:01|05:03,4.972157602289187e-05,Cluster_2
01:01|15:11|07:01|09:01|03:01,2.4860788011445934e-05,Cluster_2
34:01|39:24|04:03|08:03|06:01,2.4860788011445934e-05,Cluster_2
24:02|08:01|15:02|14:01|05:03,4.972157602289187e-05,Cluster_2
25:04|38:01|14:02|01:01|05:01,2.4860788011445934e-05,Cluster_2
33:03|15:01|03:04|14:06|06:01,2.4860788011445934e-05,Cluster_2
26:01|51:01|12:03|11:03|03:01,2.4860788011445934e-05,Cluster_2
02:01|15:01|17:01|08:04|03:01,4.972157602289187e-05,Cluster_2
24:02|40:11|03:05|08:02|04:02,2.4860788011445934e-05,Cluster_2
01:01|41:01|17:01|16:01|05:02,2.4860788011445934e-05,Cluster_2
24:02|40:01|04:01|04:03|03:02,0.002185132997542747,Cluster_2
32:01|35:03|16:02|04:08|05:03,2.4860788011445934e-05,Cluster_2
24:02|40:01|07:02|09:01|03:03,0.00027497375534650466,Cluster_2
02:03|55:02|01:02|08:03|06:01,0.00019888630409156747,Cluster_2
11:01|55:02|01:02|04:03|03:02,0.0007955452163662699,Cluster_2
02:01|39:06|07:02|15:01|06:02,0.00039777260818313494,Cluster_2
31:01|44:03|15:02|15:01|06:02,2.4860788011445934e-05,Cluster_2
31:01|35:01|04:01|14:15|03:01,2.4860788011445934e-05,Cluster_2
11:01|40:01|07:02|12:02|03:01,0.004640680428803242,Cluster_2
34:01|13:01|03:03|15:02|05:01,0.00039777260818313494,Cluster_2
24:02|44:02|05:01|07:01|03:03,0.00039777260818313494,Cluster_2
24:20|15:25|04:03|11:06|03:01,0.00039777260818313494,Cluster_2
11:01|15:32|15:02|04:03|03:02,4.972157602289187e-05,Cluster_2
24:02|35:01|08:01|04:10|04:02,0.00039777260818313494,Cluster_2
24:02|38:01|12:03|13:01|03:01,2.4860788011445934e-05,Cluster_2
11:01|55:01|03:03|15:01|06:02,0.00039777260818313494,Cluster_2
31:01|44:03|16:01|15:01|06:02,2.4860788011445934e-05,Cluster_2
01:01|49:01|07:01|12:01|05:02,2.4860788011445934e-05,Cluster_2
01:01|39:24|07:01|11:02|03:01,2.4860788011445934e-05,Cluster_2
02:01|08:01|15:02|08:03|03:01,4.972157602289187e-05,Cluster_2
02:01|13:01|04:06|11:01|05:02,0.00039777260818313494,Cluster_2
01:01|15:11|07:01|11:04|03:03,2.4860788011445934e-05,Cluster_2
30:04|49:01|07:01|04:02|03:02,0.00039777260818313494,Cluster_2
02:01|18:01|05:01|11:03|03:01,4.972157602289187e-05,Cluster_2
24:02|35:03|12:03|14:06|06:03,0.00039777260818313494,Cluster_2
24:07|40:06|12:02|11:01|03:01,0.0004335394200864997,Cluster_2
32:01|44:02|08:01|13:01|06:03,2.4860788011445934e-05,Cluster_2
23:01|49:01|17:01|12:01|05:02,2.4860788011445934e-05,Cluster_2
03:01|14:02|08:02|15:01|06:02,0.00039777260818313494,Cluster_2
03:01|07:02|07:02|07:01|02:01,0.0011933178245494048,Cluster_2
24:02|15:01|01:02|11:01|03:01,0.0007955452163662699,Cluster_2
33:01|14:02|06:02|11:04|03:02,2.4860788011445934e-05,Cluster_2
11:01|35:08|07:01|16:02|05:02,2.4860788011445934e-05,Cluster_2
24:07|15:21|04:03|15:01|05:03,0.0007955452163662699,Cluster_2
24:02|15:32|15:02|04:03|03:01,4.972157602289187e-05,Cluster_2
68:02|15:18|04:01|11:01|05:03,2.4860788011445934e-05,Cluster_2
24:02|35:01|03:03|11:01|03:01,0.00039777260818313494,Cluster_2
02:01|18:01|07:01|11:03|04:02,4.972157602289187e-05,Cluster_2
33:01|14:02|08:02|03:01|03:01,0.0007955452163662699,Cluster_2
02:01|15:03|02:10|01:01|05:01,0.00039777260818313494,Cluster_2
32:01|49:01|04:03|13:02|06:04,2.4860788011445934e-05,Cluster_2
03:01|07:02|07:02|12:02|03:01,0.0007955452163662699,Cluster_2
02:01|15:18|07:04|08:02|03:02,2.4860788011445934e-05,Cluster_2
03:01|15:18|07:04|11:01|03:01,2.4860788011445934e-05,Cluster_2
29:02|45:01|08:02|11:04|03:02,2.4860788011445934e-05,Cluster_2
11:01|51:01|15:02|14:15|03:01,2.4860788011445934e-05,Cluster_2
31:01|38:02|07:02|08:03|06:01,0.00039777260818313494,Cluster_2
02:07|46:01|01:02|13:01|06:03,0.00039777260818313494,Cluster_2
24:02|40:06|16:01|11:02|05:03,2.4860788011445934e-05,Cluster_2
11:01|55:02|15:02|14:18|05:03,0.00039777260818313494,Cluster_2
33:03|58:01|03:02|11:01|03:01,0.0015910904327325398,Cluster_2
23:01|44:03|04:01|11:01|03:01,2.4860788011445934e-05,Cluster_2
33:03|44:03|07:01|12:01|03:01,2.4860788011445934e-05,Cluster_2
24:07|35:05|04:01|11:06|06:01,0.00039777260818313494,Cluster_2
24:02|50:01|06:02|11:04|03:02,2.4860788011445934e-05,Cluster_2
02:07|46:01|01:02|15:01|06:01,0.0011933178245494048,Cluster_2
11:01|51:02|04:03|04:06|03:02,0.00039777260818313494,Cluster_2
02:11|51:01|16:02|12:01|06:03,2.4860788011445934e-05,Cluster_2
11:01|13:01|03:04|08:03|06:01,0.00039777260818313494,Cluster_2
31:01|35:01|15:02|14:15|03:01,2.4860788011445934e-05,Cluster_2
24:02|55:02|01:02|14:05|05:03,0.00039777260818313494,Cluster_2
11:01|51:02|14:02|12:02|03:01,0.0030152780242708585,Cluster_2
02:01|27:06|03:04|12:02|03:01,0.00040428077466806003,Cluster_2
24:02|15:32|12:03|11:11|03:01,4.972157602289187e-05,Cluster_2
02:07|35:01|03:03|04:05|04:01,0.00039777260818313494,Cluster_2
02:01|40:06|16:01|14:04|03:01,2.4860788011445934e-05,Cluster_2
24:02|27:06|03:04|04:03|03:02,0.00039777260818313494,Cluster_2
26:01|15:25|04:03|11:06|03:01,0.00039777260818313494,Cluster_2
02:06|48:01|08:03|08:02|03:02,2.4860788011445934e-05,Cluster_2
11:01|15:32|15:02|04:03|03:01,4.972157602289187e-05,Cluster_2
24:02|55:01|03:03|15:01|06:02,9.944315204578374e-05,Cluster_2
11:01|51:01|14:02|12:02|03:01,0.0015910904327325398,Cluster_2
02:06|15:25|15:02|12:02|03:01,0.00039777260818313494,Cluster_2
11:01|44:03|04:01|12:01|05:02,2.4860788011445934e-05,Cluster_2
26:01|51:01|14:02|11:03|05:01,2.4860788011445934e-05,Cluster_2
11:01|13:01|07:01|12:02|05:03,2.4860788011445934e-05,Cluster_2
02:06|48:03|08:01|11:01|03:01,0.0011933178245494048,Cluster_2
01:01|35:02|06:02|13:01|06:03,2.4860788011445934e-05,Cluster_2
02:01|44:03|16:01|13:02|06:04,0.00039777260818313494,Cluster_2
02:01|55:02|15:02|14:04|05:03,0.00039777260818313494,Cluster_2
24:02|48:01|08:06|04:01|03:02,0.00039777260818313494,Cluster_2
34:01|39:24|07:01|08:03|03:01,2.4860788011445934e-05,Cluster_2
24:02|41:02|07:01|13:03|03:01,2.4860788011445934e-05,Cluster_2
33:03|13:01|07:02|15:01|06:02,2.4860788011445934e-05,Cluster_2
02:01|45:01|12:04|14:04|03:01,2.4860788011445934e-05,Cluster_2
33:03|35:08|07:01|16:02|03:01,2.4860788011445934e-05,Cluster_2
01:01|38:01|06:02|11:03|06:03,2.4860788011445934e-05,Cluster_2
32:01|35:01|04:01|01:01|05:01,0.00039777260818313494,Cluster_2
24:07|15:11|03:03|09:01|03:03,0.00039777260818313494,Cluster_2
24:02|51:01|07:01|15:01|05:02,0.00039777260818313494,Cluster_2
02:01|35:02|04:01|03:01|02:01,0.0007955452163662699,Cluster_2
34:01|51:01|01:02|15:02|05:01,0.00039777260818313494,Cluster_2
02:01|54:01|01:02|08:03|06:02,0.00039777260818313494,Cluster_2
02:06|15:01|03:04|14:06|06:01,2.4860788011445934e-05,Cluster_2
29:02|50:01|06:02|08:06|06:02,0.0007955452163662699,Cluster_2
01:01|51:01|01:02|07:01|03:03,2.4860788011445934e-05,Cluster_2
02:01|41:02|17:01|13:03|03:01,0.00039777260818313494,Cluster_2
25:04|51:01|12:03|01:01|03:01,2.4860788011445934e-05,Cluster_2
34:01|51:01|04:01|12:02|03:01,0.0007955452163662699,Cluster_2
26:01|39:01|07:02|08:03|03:01,0.0007955452163662699,Cluster_2
33:03|13:01|03:02|12:02|06:02,2.4860788011445934e-05,Cluster_2
33:01|14:02|06:02|11:04|03:01,2.4860788011445934e-05,Cluster_2
01:01|07:02|07:02|04:01|03:01,0.00039777260818310643,Cluster_2
11:01|41:02|17:01|15:01|05:02,0.00019888630409156747,Cluster_2
68:01|52:01|12:02|07:01|02:01,0.00039777260818313494,Cluster_2
03:01|44:02|08:01|13:01|03:01,2.4860788011445934e-05,Cluster_2
24:02|40:01|01:02|11:01|03:01,0.0007955452163662699,Cluster_2
24:02|35:01|04:01|04:04|03:01,0.00039777260818313494,Cluster_2
02:01|15:35|07:02|04:05|04:02,0.00039777260818313494,Cluster_2
02:11|35:03|04:01|13:01|06:03,0.00039777260818313494,Cluster_2
02:01|35:03|04:01|12:02|03:01,0.00039777260818313494,Cluster_2
11:01|35:12|04:01|16:02|04:01,2.4860788011445934e-05,Cluster_2
29:02|44:03|01:02|13:03|03:01,4.972157602289187e-05,Cluster_2
24:02|40:01|03:04|04:01|03:02,0.00039777260818313494,Cluster_2
26:01|51:01|14:02|08:03|06:03,0.00039777260818313494,Cluster_2
11:01|07:05|15:05|10:01|05:01,0.00039777260818313494,Cluster_2
02:01|15:18|07:04|08:02|03:01,2.4860788011445934e-05,Cluster_2
02:05|44:02|05:01|04:01|06:01,2.4860788011445934e-05,Cluster_2
26:01|40:02|15:02|15:01|03:01,2.4860788011445934e-05,Cluster_2
24:02|40:02|01:02|11:01|03:01,0.00019888630409156747,Cluster_2
33:03|15:13|08:01|12:02|03:01,0.0011092960975164106,Cluster_2
24:02|44:03|07:01|11:06|03:01,0.00039777260818313494,Cluster_2
11:01|55:02|01:02|04:08|03:04,0.00039777260818313494,Cluster_2
24:02|15:13|08:01|12:02|03:01,0.003703629922726952,Cluster_2
02:06|15:01|04:01|04:03|03:02,2.4860788011445934e-05,Cluster_2
24:02|40:02|03:04|08:02|04:02,2.4860788011445934e-05,Cluster_2
24:02|50:01|06:02|11:04|03:01,2.4860788011445934e-05,Cluster_2
03:01|35:03|04:01|13:01|03:01,0.0007955452163662699,Cluster_2
02:07|51:02|14:02|12:01|05:02,0.00039777260818313494,Cluster_2
11:01|40:10|04:03|09:01|03:03,0.00039777260818313494,Cluster_2
02:01|51:01|07:01|08:03|05:03,4.972157602289187e-05,Cluster_2
01:01|41:02|04:01|13:03|03:01,2.4860788011445934e-05,Cluster_2
02:01|18:01|05:01|03:02|03:01,4.972157602289187e-05,Cluster_2
33:03|15:01|03:03|12:01|03:01,2.4860788011445934e-05,Cluster_2
02:06|48:01|08:03|08:02|03:01,2.4860788011445934e-05,Cluster_2
31:01|40:02|03:05|14:02|03:01,2.4860788011445934e-05,Cluster_2
01:01|41:01|17:01|12:01|05:02,2.4860788011445934e-05,Cluster_2
24:02|38:01|12:03|13:01|06:03,2.4860788011445934e-05,Cluster_2
02:06|15:25|03:04|08:03|06:01,0.00039777260818313494,Cluster_2
29:02|44:03|16:01|13:03|03:01,4.972157602289187e-05,Cluster_2
03:01|18:01|07:04|12:02|03:01,0.00039777260818313494,Cluster_2
03:01|15:01|04:01|04:04|04:02,0.00039777260818313494,Cluster_2
74:01|15:03|04:01|11:01|03:01,2.4860788011445934e-05,Cluster_2
24:02|51:01|14:02|11:01|03:01,0.0015910904327325398,Cluster_2
33:03|27:05|02:02|10:01|05:01,0.00039777260818313494,Cluster_2
02:06|51:01|16:02|13:01|03:01,2.4860788011445934e-05,Cluster_2
01:01|15:05|03:03|12:02|03:01,0.0007955452163662699,Cluster_2
01:01|38:01|06:02|11:04|03:01,0.00039777260818313494,Cluster_2
11:01|13:02|06:02|07:01|03:01,0.00039777260818313494,Cluster_2
02:01|18:01|07:01|03:02|04:02,4.972157602289187e-05,Cluster_2
01:01|49:01|07:01|16:01|05:02,2.4860788011445934e-05,Cluster_2
23:01|15:03|02:10|11:01|03:01,2.4860788011445934e-05,Cluster_2
23:01|44:03|04:01|03:02|04:02,2.4860788011445934e-05,Cluster_2
34:02|14:02|08:02|08:04|03:01,4.972157602289187e-05,Cluster_2
33:01|50:01|06:02|11:03|03:01,0.00039777260818313494,Cluster_2
34:01|15:35|07:02|15:02|05:01,0.00039777260818313494,Cluster_2
30:01|13:01|03:02|12:02|03:01,2.4860788011445934e-05,Cluster_2
02:01|14:02|08:02|04:08|03:01,0.00039777260818313494,Cluster_2
26:01|51:01|12:03|01:01|03:01,2.4860788011445934e-05,Cluster_2
31:01|40:02|16:01|15:01|03:01,2.4860788011445934e-05,Cluster_2
24:07|15:02|08:01|15:01|06:01,0.001099763347699739,Cluster_2
24:02|38:01|03:03|11:03|03:01,2.4860788011445934e-05,Cluster_2
68:02|53:01|04:01|14:01|03:01,2.4860788011445934e-05,Cluster_2
24:02|35:03|04:01|11:04|06:01,0.00039777260818313494,Cluster_2
02:07|46:01|01:02|04:04|03:02,0.0007955452163662699,Cluster_2
02:03|55:02|12:03|13:12|03:01,2.4860788011445934e-05,Cluster_2
02:07|39:01|12:03|15:01|06:01,0.00039777260818313494,Cluster_2
32:01|13:01|08:01|12:02|03:01,2.4860788011445934e-05,Cluster_2
03:01|53:01|07:04|14:01|05:03,2.4860788011445934e-05,Cluster_2
02:01|27:05|01:02|09:01|03:01,4.972157602289187e-05,Cluster_2
11:01|18:01|07:04|03:01|02:01,0.00039777260818313494,Cluster_2
11:01|35:03|04:01|04:01|03:01,2.4860788011445934e-05,Cluster_2
24:02|40:02|15:02|15:02|05:02,1.0478094008912353e-05,Cluster_2
24:02|40:11|03:04|14:02|04:02,2.4860788011445934e-05,Cluster_2
29:02|50:01|05:01|15:02|03:01,2.4860788011445934e-05,Cluster_2
68:02|15:18|07:04|14:01|05:03,2.4860788011445934e-05,Cluster_2
02:05|51:01|06:02|11:04|03:02,2.4860788011445934e-05,Cluster_2
02:06|15:01|04:01|04:03|03:01,2.4860788011445934e-05,Cluster_2
24:07|35:05|04:01|11:01|03:01,0.004320945998183453,Cluster_2
68:01|18:01|05:01|11:03|03:01,4.972157602289187e-05,Cluster_2
33:03|07:05|07:02|11:06|03:01,0.0007955452163662699,Cluster_2
30:01|35:01|04:01|04:07|03:01,0.00039777260818313494,Cluster_2
24:02|40:01|03:04|04:05|04:01,0.0007955452163662699,Cluster_2
74:01|15:03|02:10|11:01|04:02,2.4860788011445934e-05,Cluster_2
02:06|15:01|03:03|12:01|03:02,2.4860788011445934e-05,Cluster_2
03:01|15:18|07:04|14:01|05:03,2.4860788011445934e-05,Cluster_2
11:02|40:01|07:02|15:01|06:01,0.00039777260818313494,Cluster_2
11:02|15:02|08:01|09:01|03:03,0.00039777260818313494,Cluster_2
01:01|15:17|03:03|11:04|03:03,2.4860788011445934e-05,Cluster_2
29:02|44:02|06:02|04:01|03:01,2.4860788011445934e-05,Cluster_2
02:01|48:01|08:03|08:02|03:02,2.4860788011445934e-05,Cluster_2
02:06|40:01|07:02|15:02|05:01,0.00039777260818313494,Cluster_2
30:01|07:02|07:02|15:01|06:02,2.4860788011445934e-05,Cluster_2
11:02|15:17|03:03|09:01|03:03,2.4860788011445934e-05,Cluster_2
11:01|35:03|07:02|04:01|03:01,2.4860788011445934e-05,Cluster_2
01:01|53:01|04:01|03:02|04:02,0.00039777260818313494,Cluster_2
02:01|51:01|14:02|11:01|03:01,0.00039777260818313494,Cluster_2
69:01|55:01|01:02|11:01|03:01,0.00039777260818313494,Cluster_2
02:07|51:01|16:02|09:01|03:03,0.00039777260818313494,Cluster_2
30:01|07:02|07:02|12:02|06:02,2.4860788011445934e-05,Cluster_2
03:01|40:01|03:04|13:02|06:04,0.0011933178245494048,Cluster_2
31:01|51:01|14:02|11:01|03:01,0.00039777260818313494,Cluster_2
32:01|38:01|12:03|04:03|03:02,0.00039777260818313494,Cluster_2
02:06|40:01|07:02|08:03|06:01,0.00039777260818313494,Cluster_2
01:01|15:21|04:03|08:03|03:01,2.4860788011445934e-05,Cluster_2
24:02|41:02|04:01|13:02|03:01,2.4860788011445934e-05,Cluster_2
24:02|08:01|04:01|13:02|06:04,2.4860788011445934e-05,Cluster_2
11:01|55:02|01:02|04:05|04:01,0.00039777260818313494,Cluster_2
02:01|27:05|02:02|11:01|03:01,0.0007955452163662699,Cluster_2
26:01|51:01|12:03|11:03|05:01,2.4860788011445934e-05,Cluster_2
31:01|51:01|07:02|11:01|03:01,0.0007955452163662699,Cluster_2
24:07|51:01|04:01|10:01|05:01,0.00039777260818313494,Cluster_2
29:02|45:01|08:02|04:05|03:02,2.4860788011445934e-05,Cluster_2
26:01|52:01|12:02|15:02|06:01,0.00039777260818313494,Cluster_2
02:01|55:02|01:02|14:03|03:01,0.00039777260818313494,Cluster_2
24:02|38:02|07:02|15:02|05:02,0.0020370637638174147,Cluster_2
02:11|35:01|03:04|08:03|03:01,0.00039777260818313494,Cluster_2
29:02|44:02|06:02|15:02|06:01,2.4860788011445934e-05,Cluster_2
01:01|56:01|14:02|13:12|03:01,2.4860788011445934e-05,Cluster_2
03:01|27:04|12:02|04:03|03:02,0.00039777260818313494,Cluster_2
03:01|44:02|08:01|13:01|06:03,2.4860788011445934e-05,Cluster_2
11:01|52:01|12:02|11:01|03:01,0.0027844082572819444,Cluster_2
24:02|52:01|07:01|11:01|05:01,0.00039777260818313494,Cluster_2
24:02|51:01|07:01|14:01|03:01,4.972157602289187e-05,Cluster_2
01:01|41:02|04:01|13:02|06:04,2.4860788011445934e-05,Cluster_2
24:17|15:02|08:01|12:02|03:01,0.0007955452163662699,Cluster_2
24:02|41:02|07:01|13:03|06:04,2.4860788011445934e-05,Cluster_2
31:01|40:01|03:04|12:01|04:02,2.4860788011445934e-05,Cluster_2
02:01|45:01|16:01|14:04|03:01,2.4860788011445934e-05,Cluster_2
02:05|51:01|06:02|11:04|03:01,2.4860788011445934e-05,Cluster_2
74:01|15:02|08:01|14:04|05:03,0.00039777260818313494,Cluster_2
02:06|35:05|04:01|15:02|05:02,0.00039777260818313494,Cluster_2
24:02|35:02|03:03|11:03|03:01,2.4860788011445934e-05,Cluster_2
74:01|15:03|02:10|03:02|03:01,2.4860788011445934e-05,Cluster_2
24:02|51:01|15:02|14:01|03:01,4.972157602289187e-05,Cluster_2
24:03|51:06|12:04|07:01|03:03,0.0015910904327325398,Cluster_2
02:06|52:01|12:02|14:06|06:01,2.4860788011445934e-05,Cluster_2
68:01|58:01|03:02|12:02|03:01,0.00039777260818313494,Cluster_2
02:06|15:01|03:03|12:01|03:01,2.4860788011445934e-05,Cluster_2
24:02|51:01|14:02|07:01|03:03,0.00039777260818313494,Cluster_2
02:01|15:32|12:03|12:02|05:02,0.00039777260818313494,Cluster_2
02:05|50:01|01:02|04:03|03:02,2.4860788011445934e-05,Cluster_2
26:01|44:03|16:01|15:01|06:02,2.4860788011445934e-05,Cluster_2
02:01|48:01|08:03|08:02|03:01,2.4860788011445934e-05,Cluster_2
68:01|50:01|06:02|13:01|06:03,0.00039777260818313494,Cluster_2
01:01|15:11|03:03|11:04|03:01,2.4860788011445934e-05,Cluster_2
24:02|42:02|03:03|08:04|03:01,4.972157602289187e-05,Cluster_2
30:01|13:01|07:02|15:01|06:02,2.4860788011445934e-05,Cluster_2
02:06|51:01|16:02|13:01|06:03,2.4860788011445934e-05,Cluster_2
34:01|40:01|07:02|14:05|05:03,0.00039777260818313494,Cluster_2
11:01|07:05|07:02|12:02|03:01,0.0011933178245494048,Cluster_2
02:03|15:13|08:01|15:02|05:02,0.00039777260818313494,Cluster_2
33:01|14:02|06:02|04:05|03:01,2.4860788011445934e-05,Cluster_2
34:01|15:21|04:03|08:03|03:01,2.4860788011445934e-05,Cluster_2
01:01|40:01|03:04|08:01|04:02,2.4860788011445934e-05,Cluster_2
11:01|07:02|04:01|04:05|04:01,2.4860788011445934e-05,Cluster_2
24:07|40:01|14:02|12:02|03:01,0.00039777260818313494,Cluster_2
24:02|40:06|08:01|09:01|03:03,0.0002191870499611302,Cluster_2
33:03|07:02|07:02|15:01|06:02,2.4860788011445934e-05,Cluster_2
25:01|15:01|01:02|04:08|03:01,0.00039777260818313494,Cluster_2
24:02|40:06|12:04|11:02|03:01,2.4860788011445934e-05,Cluster_2
11:01|40:06|12:03|04:03|03:02,4.972157602289187e-05,Cluster_2
02:01|54:01|01:02|14:05|05:03,0.0007955452163662699,Cluster_2
24:07|18:01|07:04|12:02|03:01,0.0020282428979171824,Cluster_2
24:02|40:02|02:02|11:01|03:01,0.0007955452163662699,Cluster_2
24:02|38:01|03:03|11:03|06:03,2.4860788011445934e-05,Cluster_2
02:01|51:01|15:02|14:01|03:01,4.972157602289187e-05,Cluster_2
34:01|55:02|04:01|04:05|03:01,2.4860788011445934e-05,Cluster_2
33:03|07:02|07:02|12:02|06:02,2.4860788011445934e-05,Cluster_2
29:02|45:01|08:02|04:05|03:01,2.4860788011445934e-05,Cluster_2
11:01|13:01|04:03|13:02|06:04,2.4860788011445934e-05,Cluster_2
31:01|40:11|03:04|08:02|03:01,2.4860788011445934e-05,Cluster_2
11:01|52:01|12:02|14:04|05:03,0.00039777260818313494,Cluster_2
11:01|15:02|03:04|12:02|03:01,0.00039777260818313494,Cluster_2
24:02|44:03|16:01|11:01|03:01,0.0007955452163662699,Cluster_2
01:01|57:01|12:03|13:05|03:02,9.944315204578374e-05,Cluster_2
11:01|52:01|04:01|04:01|03:01,2.4860788011445934e-05,Cluster_2
02:06|15:11|03:04|12:02|03:01,0.00039777260818313494,Cluster_2
11:01|35:05|04:01|16:02|05:02,0.00039777260818313494,Cluster_2
01:01|37:54|06:02|15:01|06:01,0.0007955452163662699,Cluster_2
33:03|57:01|03:02|07:01|03:03,0.00039777260818313494,Cluster_2
32:01|13:01|08:01|12:02|06:03,2.4860788011445934e-05,Cluster_2
11:01|07:02|07:02|04:05|04:01,2.4860788011445934e-05,Cluster_2
11:01|51:01|15:02|11:66|05:03,2.4860788011445934e-05,Cluster_2
02:01|52:01|12:02|14:04|05:03,0.00039777260818313494,Cluster_2
68:01|40:01|03:04|04:07|03:02,2.4860788011445934e-05,Cluster_2
68:01|15:01|03:03|15:01|03:02,0.00039777260818313494,Cluster_2
24:07|37:01|06:02|12:02|03:01,0.00039777260818313494,Cluster_2
74:01|15:03|04:01|03:02|03:01,2.4860788011445934e-05,Cluster_2
02:11|52:01|12:02|15:01|06:01,9.944315204578374e-05,Cluster_2
31:01|35:01|15:02|11:66|05:03,2.4860788011445934e-05,Cluster_2
24:02|44:03|01:02|13:03|03:01,4.972157602289187e-05,Cluster_2
01:01|39:24|07:01|08:03|03:01,2.4860788011445934e-05,Cluster_2
68:02|53:01|07:04|11:01|03:01,2.4860788011445934e-05,Cluster_2
02:11|40:06|16:02|12:01|03:01,2.4860788011445934e-05,Cluster_2
11:02|15:17|07:01|11:04|03:01,2.4860788011445934e-05,Cluster_2
02:06|51:01|14:02|15:01|06:02,0.00039777260818313494,Cluster_2
03:01|53:01|04:01|11:01|05:03,2.4860788011445934e-05,Cluster_2
11:02|15:17|03:03|11:04|03:01,2.4860788011445934e-05,Cluster_2
26:01|40:06|15:02|04:05|04:02,0.00039777260818313494,Cluster_2
11:01|46:01|01:02|04:03|03:02,0.00039777260818313494,Cluster_2
03:01|53:01|07:04|11:01|03:01,2.4860788011445934e-05,Cluster_2
25:04|51:01|12:03|01:01|05:01,2.4860788011445934e-05,Cluster_2
02:01|35:03|04:01|12:01|03:02,0.00039777260818313494,Cluster_2
01:01|40:01|07:02|08:01|04:02,2.4860788011445934e-05,Cluster_2
11:XX|15:01|04:01|04:06|03:02,0.00039777260818313494,Cluster_2
24:07|39:01|07:02|16:02|05:02,0.0003977726073928619,Cluster_2
02:06|15:11|03:03|12:01|03:01,0.00039777260818313494,Cluster_2
74:01|44:03|07:01|04:02|03:02,0.00039777260818313494,Cluster_2
02:06|40:01|03:04|12:02|03:01,0.00039777260818313494,Cluster_2
34:02|41:01|07:01|14:01|05:03,4.972157602289187e-05,Cluster_2
02:05|50:01|01:02|04:03|03:01,2.4860788011445934e-05,Cluster_2
11:01|40:01|07:02|09:01|03:03,0.0005564704181265378,Cluster_2
24:02|13:01|15:02|14:04|05:03,0.0007955452163662699,Cluster_2
11:01|15:01|01:02|12:01|03:01,9.944315204578374e-05,Cluster_2
68:02|15:18|07:04|11:01|03:01,2.4860788011445934e-05,Cluster_2
24:02|40:02|03:04|15:01|06:01,0.00039777260818313494,Cluster_2
03:01|38:01|12:03|13:01|06:03,2.4860788011445934e-05,Cluster_2
33:03|35:08|04:01|16:02|03:01,2.4860788011445934e-05,Cluster_2
24:02|38:01|07:02|13:01|03:01,2.4860788011445934e-05,Cluster_2
02:11|51:01|16:02|13:01|03:01,2.4860788011445934e-05,Cluster_2
02:05|44:02|05:01|15:02|06:01,2.4860788011445934e-05,Cluster_2
26:01|40:01|03:04|07:01|02:02,0.00039777260818313494,Cluster_2
29:02|45:01|06:02|14:01|05:03,0.00039777260818313494,Cluster_2
24:03|15:02|08:01|12:02|03:01,0.00045130685112530045,Cluster_2
24:02|45:01|12:04|11:02|05:03,2.4860788011445934e-05,Cluster_2
01:01|39:06|07:02|08:01|03:01,2.4860788011445934e-05,Cluster_2
02:05|50:01|05:01|15:02|06:01,2.4860788011445934e-05,Cluster_2
01:01|15:11|07:01|09:01|03:03,2.4860788011445934e-05,Cluster_2
02:01|51:01|01:02|12:01|03:01,0.0007955452163662699,Cluster_2
11:01|40:06|12:03|04:03|03:01,4.972157602289187e-05,Cluster_2
02:01|35:03|04:01|14:01|05:03,2.4860788011445934e-05,Cluster_2
23:01|14:02|08:02|14:01|03:01,4.972157602289187e-05,Cluster_2
11:01|57:01|06:02|07:01|03:03,0.0007955452163662699,Cluster_2
02:06|07:05|07:02|12:02|03:01,0.0007955452163662699,Cluster_2
11:01|38:02|08:01|08:03|06:01,0.00039777260818313494,Cluster_2
11:02|15:11|03:03|11:04|03:03,2.4860788011445934e-05,Cluster_2
11:01|40:01|03:04|08:03|03:01,0.0007955452163662699,Cluster_2
03:01|35:01|04:01|11:04|03:01,0.00039777260818313494,Cluster_2
01:01|57:01|12:03|13:05|03:01,9.944315204578374e-05,Cluster_2
03:01|27:02|04:01|04:07|03:01,0.00039777260818313494,Cluster_2
24:02|07:05|07:02|16:02|05:02,0.00039777260818313494,Cluster_2
24:02|35:05|04:01|12:02|03:01,0.003690819883752755,Cluster_2
24:02|35:03|04:01|04:01|05:02,2.4860788011445934e-05,Cluster_2
24:02|35:03|04:01|11:01|03:01,0.00039777260818313494,Cluster_2
68:01|40:01|03:04|04:07|03:01,2.4860788011445934e-05,Cluster_2
33:03|44:03|04:01|16:02|03:01,2.4860788011445934e-05,Cluster_2
74:01|18:01|07:01|15:02|06:01,0.00039777260818313494,Cluster_2
24:02|35:12|04:01|04:05|04:01,2.4860788011445934e-05,Cluster_2
11:01|46:01|01:02|15:01|06:01,0.0007955452163662699,Cluster_2
66:01|38:01|06:02|04:05|03:02,4.972157602289187e-05,Cluster_2
24:02|35:02|03:03|11:03|06:03,2.4860788011445934e-05,Cluster_2
11:01|40:02|03:04|15:02|05:01,0.00039777260818313494,Cluster_2
24:02|44:03|16:01|13:03|03:01,4.972157602289187e-05,Cluster_2
01:01|57:01|06:02|13:05|03:02,9.944315204578374e-05,Cluster_2
03:01|53:01|04:01|14:01|03:01,2.4860788011445934e-05,Cluster_2
24:02|52:01|07:01|04:03|03:02,0.00039777260818313494,Cluster_2
24:07|35:05|04:JKTU|12:02|03:02,4.972157602289187e-05,Cluster_2
24:02|41:02|04:01|13:02|06:04,2.4860788011445934e-05,Cluster_2
26:01|51:01|12:03|01:01|05:01,2.4860788011445934e-05,Cluster_2
29:02|44:02|05:01|04:01|06:01,2.4860788011445934e-05,Cluster_2
02:05|08:01|07:02|13:13|03:01,0.00039777260818313494,Cluster_2
24:02|35:02|06:02|13:01|03:01,2.4860788011445934e-05,Cluster_2
24:02|51:02|15:02|11:01|06:01,0.00039777260818313494,Cluster_2
24:02|40:11|03:05|14:02|03:01,2.4860788011445934e-05,Cluster_2
25:04|38:01|14:02|11:03|03:01,2.4860788011445934e-05,Cluster_2
24:02|38:01|06:02|11:03|03:01,2.4860788011445934e-05,Cluster_2
11:01|07:05|07:02|15:02|05:01,0.00039777260818313494,Cluster_2
24:02|51:01|07:01|08:03|05:03,4.972157602289187e-05,Cluster_2
68:02|15:18|04:01|14:01|03:01,2.4860788011445934e-05,Cluster_2
29:02|45:01|08:02|11:04|03:01,2.4860788011445934e-05,Cluster_2
24:10|15:13|08:01|12:02|03:01,0.0007955452163662699,Cluster_2
66:01|15:10|03:04|13:02|06:04,0.00039777260818313494,Cluster_2
24:02|35:03|04:01|15:06|03:01,2.4860788011445934e-05,Cluster_2
02:06|40:06|16:02|13:01|03:01,2.4860788011445934e-05,Cluster_2
33:03|44:03|07:01|16:02|05:02,2.4860788011445934e-05,Cluster_2
02:07|40:02|07:02|12:02|03:01,0.00039777260818313494,Cluster_2
03:01|13:01|03:04|04:04|03:02,2.4860788011445934e-05,Cluster_2
24:02|40:06|15:02|14:04|05:03,0.0007955452163662691,Cluster_2
24:07|18:01|07:04|15:02|05:01,0.0010723277352533117,Cluster_2
24:02|40:02|15:02|15:01|06:01,0.00039777260818313494,Cluster_2
01:01|57:01|06:02|13:01|06:03,0.00039777260818313494,Cluster_2
24:02|18:02|07:04|12:02|03:01,0.0011782582065686803,Cluster_2
24:02|07:02|04:01|16:02|04:01,2.4860788011445934e-05,Cluster_2
31:01|51:01|04:01|15:02|05:02,0.00039777260818313494,Cluster_2
24:02|51:01|15:02|08:03|05:03,4.972157602289187e-05,Cluster_2
24:02|35:01|03:03|04:03|03:02,0.0015910904327325398,Cluster_2
01:01|40:06|06:02|12:02|05:02,0.00039777260818313494,Cluster_2
02:01|42:02|17:01|08:04|03:01,4.972157602289187e-05,Cluster_2
02:07|54:01|14:02|04:05|04:01,0.00039777260818313494,Cluster_2
33:03|51:01|15:02|16:01|05:02,0.00039777260818313494,Cluster_2
24:02|40:01|03:04|04:04|03:02,0.0015910904327325398,Cluster_2
23:01|41:01|08:02|08:04|03:01,4.972157602289187e-05,Cluster_2
26:01|40:01|03:04|11:01|03:01,0.0005055438474432215,Cluster_2
02:01|15:01|03:03|08:04|03:01,4.972157602289187e-05,Cluster_2
02:01|39:06|07:02|01:01|05:01,0.00039777260818313494,Cluster_2
11:02|27:04|12:02|14:10|05:03,0.0007955452163662699,Cluster_2
24:02|35:03|07:02|15:06|03:01,2.4860788011445934e-05,Cluster_2
02:06|35:30|04:01|16:02|05:02,0.00039777260818313494,Cluster_2
02:03|40:02|04:01|13:12|03:01,2.4860788011445934e-05,Cluster_2
31:01|40:11|03:05|08:02|03:01,2.4860788011445934e-05,Cluster_2
33:03|58:01|03:02|04:03|03:02,0.00039777260818313494,Cluster_2
02:01|08:01|07:01|14:01|05:03,4.972157602289187e-05,Cluster_2
26:01|44:03|15:02|15:01|03:01,2.4860788011445934e-05,Cluster_2
02:03|51:01|14:02|15:02|05:01,0.00039777260818313494,Cluster_2
24:02|07:02|07:02|16:02|04:01,2.4860788011445934e-05,Cluster_2
01:01|35:02|04:01|15:02|06:01,0.00039777260818313494,Cluster_2
11:01|40:01|07:02|08:03|06:01,0.0006629543469719017,Cluster_2
24:07|13:01|04:06|14:04|05:03,0.00039777260818313494,Cluster_2
32:01|35:03|16:02|14:01|03:01,2.4860788011445934e-05,Cluster_2
02:06|40:06|15:02|13:01|03:01,2.4860788011445934e-05,Cluster_2
03:01|13:01|07:02|04:04|03:02,2.4860788011445934e-05,Cluster_2
02:01|18:01|07:04|15:02|05:01,0.00041473871523323006,Cluster_2
03:01|57:01|06:02|04:04|03:02,0.00039777260818313494,Cluster_2
02:05|50:01|06:02|15:02|03:01,2.4860788011445934e-05,Cluster_2
02:01|51:01|15:02|08:03|05:03,4.972157602289187e-05,Cluster_2
11:01|07:05|07:02|15:14|05:02,0.00039777260818313494,Cluster_2
03:01|07:02|07:02|11:01|03:01,0.0015649026538988539,Cluster_2
02:01|35:01|03:03|15:01|06:02,0.0005966589122747025,Cluster_2
66:01|38:01|06:02|04:05|03:01,4.972157602289187e-05,Cluster_2
30:01|13:01|03:02|15:01|03:01,2.4860788011445934e-05,Cluster_2
02:11|40:06|16:02|12:01|06:03,2.4860788011445934e-05,Cluster_2
01:01|15:11|03:03|09:01|03:03,2.4860788011445934e-05,Cluster_2
03:01|38:02|07:02|08:03|03:01,0.0007955452163662699,Cluster_2
01:01|57:01|06:02|13:05|03:01,9.944315204578374e-05,Cluster_2
02:01|27:06|03:04|04:06|03:02,0.00039777260818313494,Cluster_2
24:07|35:05|04:JKTU|12:02|03:01,4.972157602289187e-05,Cluster_2
26:01|15:02|08:01|12:02|03:01,0.0005466943333111941,Cluster_2
11:01|35:01|04:01|11:66|05:03,2.4860788011445934e-05,Cluster_2
02:01|51:08|16:02|13:02|06:04,0.00039777260818313494,Cluster_2
26:01|38:01|12:03|04:02|03:02,4.972157602289187e-05,Cluster_2
11:01|15:13|08:01|12:02|03:01,0.003202314460548831,Cluster_2
02:01|40:01|03:04|12:02|03:01,0.0015910904327325398,Cluster_2
11:01|40:06|15:02|04:03|03:02,4.972157602289187e-05,Cluster_2
33:03|07:02|03:02|12:02|03:01,2.4860788011445934e-05,Cluster_2
24:02|38:01|07:02|13:01|06:03,2.4860788011445934e-05,Cluster_2
23:01|49:01|17:01|16:01|03:01,2.4860788011445934e-05,Cluster_2
02:11|51:01|16:02|13:01|06:03,2.4860788011445934e-05,Cluster_2
68:02|53:01|07:04|14:01|05:03,2.4860788011445934e-05,Cluster_2
33:03|35:03|04:01|12:02|03:01,0.00039777260818313494,Cluster_2
31:01|39:06|03:04|12:01|03:01,2.4860788011445934e-05,Cluster_2
24:02|18:05|12:03|16:01|05:02,0.00039777260818313494,Cluster_2
02:03|55:02|04:01|13:12|03:01,2.4860788011445934e-05,Cluster_2
24:02|40:01|12:02|09:01|03:03,0.00039777260818313494,Cluster_2
34:01|38:02|07:02|15:02|05:02,0.0019118273051883664,Cluster_2
31:01|52:01|12:02|15:02|06:01,0.00039777260818313494,Cluster_2
32:01|13:01|04:03|13:02|05:03,2.4860788011445934e-05,Cluster_2
32:01|51:08|16:02|04:08|05:03,2.4860788011445934e-05,Cluster_2
11:01|18:01|05:01|14:01|05:03,0.0007955452163662699,Cluster_2
31:01|41:01|17:01|12:02|03:01,0.00039777260818313494,Cluster_2
11:01|48:01|08:01|04:10|04:02,0.00039777260818313494,Cluster_2
34:01|40:02|12:03|13:12|03:01,2.4860788011445934e-05,Cluster_2
11:01|27:06|04:01|12:02|03:01,0.00039777260818313494,Cluster_2
30:01|13:02|06:02|15:01|06:02,0.00039777260818313494,Cluster_2
33:01|45:01|08:02|11:04|03:02,2.4860788011445934e-05,Cluster_2
33:03|58:01|03:02|04:05|03:01,0.00039777260818313494,Cluster_2
24:02|52:01|12:02|14:19|03:01,9.944315204578374e-05,Cluster_2
24:02|35:05|04:JKTU|04:03|03:02,4.972157602289187e-05,Cluster_2
03:01|38:01|12:03|13:01|03:01,2.4860788011445934e-05,Cluster_2
34:01|15:13|08:01|15:02|05:01,0.00039777260818313494,Cluster_2
32:01|51:08|04:01|14:01|05:03,2.4860788011445934e-05,Cluster_2
11:01|40:06|12:03|11:11|03:02,4.972157602289187e-05,Cluster_2
23:01|14:02|08:02|08:04|05:03,4.972157602289187e-05,Cluster_2
34:01|15:35|07:02|04:05|04:02,0.0011933178245494048,Cluster_2
24:02|40:02|06:02|11:01|03:01,0.00019888630409156747,Cluster_2
30:01|35:01|03:03|09:01|03:03,0.00039777260818313494,Cluster_2
32:01|49:01|07:01|12:02|06:04,2.4860788011445934e-05,Cluster_2
11:01|18:01|07:04|12:02|03:01,0.0016980455358754525,Cluster_2
26:01|38:02|07:27|15:02|05:02,0.00039777260818313494,Cluster_2
03:01|07:02|07:02|15:01|06:02,0.00029040296611186536,Cluster_2
11:01|35:01|04:01|14:15|03:01,2.4860788011445934e-05,Cluster_2
02:01|40:01|07:02|12:02|03:01,0.0007955452163662699,Cluster_2
11:01|52:01|12:02|11:04|03:01,0.0011933178245494048,Cluster_2
01:01|56:01|01:02|13:12|03:01,2.4860788011445934e-05,Cluster_2
02:01|51:02|14:02|16:02|05:02,0.00039777260818313494,Cluster_2
11:01|13:01|04:06|15:01|06:01,0.00039777260818313494,Cluster_2
03:01|35:02|04:01|11:04|03:01,0.00039777260818313494,Cluster_2
11:01|07:02|04:01|16:02|03:01,2.4860788011445934e-05,Cluster_2
02:01|15:01|03:03|11:01|03:01,0.0007955452163662699,Cluster_2
03:01|13:01|07:02|04:04|03:01,2.4860788011445934e-05,Cluster_2
26:01|38:01|12:03|01:01|03:01,2.4860788011445934e-05,Cluster_2
31:01|46:01|01:02|11:01|06:01,0.00019888630409156747,Cluster_2
24:02|15:01|03:03|09:01|03:03,0.00039777260818313494,Cluster_2
02:01|38:02|16:02|15:02|05:01,0.00039777260818313494,Cluster_2
11:01|35:01|15:02|11:66|05:03,2.4860788011445934e-05,Cluster_2
26:01|38:01|12:03|11:04|03:01,0.0007955452163662699,Cluster_2
01:01|38:02|14:02|15:01|06:01,0.00039777260818313494,Cluster_2
11:01|35:12|04:01|04:05|04:01,2.4860788011445934e-05,Cluster_2
24:02|35:02|06:02|13:01|06:03,2.4860788011445934e-05,Cluster_2
11:01|35:03|04:01|12:02|03:01,0.00039777260818313494,Cluster_2
01:01|15:13|08:01|14:07|05:03,0.00039777260818313494,Cluster_2
11:01|07:05|07:02|11:06|03:01,0.0007955452163662699,Cluster_2
24:02|38:01|06:02|11:03|06:03,2.4860788011445934e-05,Cluster_2
02:06|15:01|03:04|15:02|03:01,2.4860788011445934e-05,Cluster_2
11:01|07:02|07:02|16:02|03:01,2.4860788011445934e-05,Cluster_2
33:03|15:02|08:01|12:02|03:01,0.000481794335216129,Cluster_2
26:01|38:01|12:03|04:02|03:01,4.972157602289187e-05,Cluster_2
31:01|44:03|15:02|04:01|03:01,2.4860788011445934e-05,Cluster_2
34:01|55:02|12:03|13:12|05:03,2.4860788011445934e-05,Cluster_2
02:06|40:06|16:02|13:01|06:03,2.4860788011445934e-05,Cluster_2
11:01|40:06|15:02|04:03|03:01,4.972157602289187e-05,Cluster_2
24:07|35:30|04:01|15:02|05:01,0.00039777260818313494,Cluster_2
24:07|35:05|04:AKWXK|16:02|05:02,0.00039777260818313494,Cluster_2
24:02|55:02|03:03|07:01|02:01,0.00039777260818313494,Cluster_2
11:01|49:01|04:03|12:02|06:04,2.4860788011445934e-05,Cluster_2
24:02|40:01|04:01|12:02|03:01,0.0019888630409156814,Cluster_2
24:02|13:01|04:03|12:02|03:01,0.0015910904327325398,Cluster_2
02:01|51:01|14:02|15:01|06:02,0.0005966589122747023,Cluster_2
31:01|44:03|16:01|04:01|03:01,2.4860788011445934e-05,Cluster_2
24:02|40:02|03:04|14:02|03:01,2.4860788011445934e-05,Cluster_2
02:16|07:05|07:02|15:01|06:01,0.00039777260818313494,Cluster_2
02:03|38:02|07:02|08:03|06:01,0.0007955452163662699,Cluster_2
23:01|15:01|03:04|08:03|03:01,0.00039777260818313494,Cluster_2
24:02|40:02|03:05|08:02|03:01,2.4860788011445934e-05,Cluster_2
33:01|45:01|08:02|11:04|03:01,2.4860788011445934e-05,Cluster_2
34:01|15:21|04:03|15:02|05:02,0.0023504322142674475,Cluster_2
02:01|08:01|15:02|14:01|03:01,4.972157602289187e-05,Cluster_2
01:01|15:02|08:01|14:01|05:02,0.0007955452163662699,Cluster_2
24:02|35:05|04:JKTU|04:03|03:01,4.972157602289187e-05,Cluster_2
31:01|40:02|03:04|08:02|03:01,2.4860788011445934e-05,Cluster_2
24:02|15:01|03:03|08:04|03:01,4.972157602289187e-05,Cluster_2
11:01|40:06|12:03|11:11|03:01,4.972157602289187e-05,Cluster_2
32:64|37:01|06:02|14:04|05:03,0.00039777260818313494,Cluster_2
02:01|35:03|16:02|04:08|03:01,2.4860788011445934e-05,Cluster_2
31:01|27:02|02:02|16:01|05:02,0.00039777260818313494,Cluster_2
02:06|40:06|15:02|13:01|06:03,2.4860788011445934e-05,Cluster_2
03:01|35:01|04:01|01:01|05:01,0.0015910904327325398,Cluster_2
32:01|49:01|04:03|13:02|05:03,2.4860788011445934e-05,Cluster_2
31:01|40:02|01:02|12:01|03:01,9.944315204578374e-05,Cluster_2
02:01|44:02|05:01|11:01|03:01,0.0031821808654650795,Cluster_2
11:01|13:01|07:02|11:03|03:02,2.4860788011445934e-05,Cluster_2
02:07|46:01|01:02|09:01|03:03,0.006165024317931244,Cluster_2
01:01|41:02|04:01|13:03|06:04,2.4860788011445934e-05,Cluster_2
24:02|45:01|16:01|14:04|03:01,2.4860788011445934e-05,Cluster_2
31:01|40:01|03:04|08:01|04:02,2.4860788011445934e-05,Cluster_2
29:02|45:01|06:02|04:05|03:02,2.4860788011445934e-05,Cluster_2
02:06|52:01|03:04|15:02|06:01,2.4860788011445934e-05,Cluster_2
68:01|18:01|05:01|03:02|03:01,4.972157602289187e-05,Cluster_2
68:01|18:01|07:01|11:03|03:01,4.972157602289187e-05,Cluster_2
02:01|15:01|03:03|11:03|03:01,4.972157602289187e-05,Cluster_2
24:02|15:02|04:01|12:02|03:01,0.00039777260818313494,Cluster_2
30:01|07:02|03:02|12:02|03:01,2.4860788011445934e-05,Cluster_2
01:01|56:01|14:02|13:12|03:03,2.4860788011445934e-05,Cluster_2
31:01|51:01|14:02|04:03|03:02,0.00039777260818313494,Cluster_2
24:02|39:06|12:03|14:06|03:01,2.4860788011445934e-05,Cluster_2
02:01|40:01|04:01|11:01|03:01,0.00039777260818313494,Cluster_2
01:01|41:01|17:01|16:01|03:01,2.4860788011445934e-05,Cluster_2
31:01|40:01|07:02|12:01|03:01,2.4860788011445934e-05,Cluster_2
24:02|08:01|07:01|13:02|03:01,2.4860788011445934e-05,Cluster_2
02:07|46:01|01:02|14:01|05:02,0.0007955452163662693,Cluster_2
01:01|27:05|03:310|08:01|04:02,0.00039777260818313494,Cluster_2
68:01|18:01|07:01|03:02|04:02,4.972157602289187e-05,Cluster_2
24:02|55:01|03:03|04:01|03:01,0.0011933178245494048,Cluster_2
02:03|40:02|12:03|13:12|03:01,2.4860788011445934e-05,Cluster_2
24:02|35:12|07:02|04:05|04:01,2.4860788011445934e-05,Cluster_2
02:05|50:01|05:01|04:01|03:01,2.4860788011445934e-05,Cluster_2
11:01|52:01|07:02|04:01|03:01,2.4860788011445934e-05,Cluster_2
34:01|18:01|04:03|12:02|03:01,0.00039777260818313494,Cluster_2
24:02|38:01|07:02|14:06|03:01,2.4860788011445934e-05,Cluster_2
24:02|27:06|03:04|12:02|03:01,0.0019888630409156745,Cluster_2
11:01|35:03|04:01|13:01|06:03,0.00039777260818313494,Cluster_2
01:01|27:04|12:02|03:01|02:01,0.00039777260818313494,Cluster_2
11:02|27:04|12:02|12:01|03:03,0.00039777260818313494,Cluster_2
31:01|51:01|04:01|11:66|03:01,2.4860788011445934e-05,Cluster_2
24:07|48:01|08:01|11:01|03:01,0.0004496788700110963,Cluster_2
32:01|07:02|07:02|12:01|03:01,0.00039777260818313494,Cluster_2
29:02|44:02|05:01|15:02|06:01,2.4860788011445934e-05,Cluster_2
03:01|15:18|04:01|14:01|05:03,2.4860788011445934e-05,Cluster_2
11:01|44:03|07:01|12:01|05:02,2.4860788011445934e-05,Cluster_2
23:01|15:03|02:10|03:02|03:01,2.4860788011445934e-05,Cluster_2
11:03|52:01|07:02|12:02|05:02,0.00033517505386547556,Cluster_2
33:03|58:01|03:02|08:09|04:02,0.00039777260818313494,Cluster_2
02:06|15:02|08:01|11:04|03:01,0.00039777260818313494,Cluster_2
34:02|14:02|07:01|14:01|05:03,4.972157602289187e-05,Cluster_2
24:07|07:05|07:02|04:03|03:02,0.00039777260818313494,Cluster_2
02:06|52:01|03:04|14:06|06:01,2.4860788011445934e-05,Cluster_2
25:04|38:01|14:02|11:03|05:01,2.4860788011445934e-05,Cluster_2
24:02|35:30|15:02|12:02|05:02,0.00039777260818313494,Cluster_2
02:01|40:01|04:06|04:05|04:01,0.0007955452163662699,Cluster_2
02:01|40:06|16:01|11:02|03:01,2.4860788011445934e-05,Cluster_2
11:01|35:08|07:01|16:02|03:01,2.4860788011445934e-05,Cluster_2
33:03|15:01|03:03|04:03|03:02,2.4860788011445934e-05,Cluster_2
34:01|40:02|15:02|15:02|05:02,0.0015819407024498932,Cluster_2
31:01|13:01|03:04|12:02|03:01,0.0004287468214391901,Cluster_2
11:01|13:01|07:02|11:03|03:01,2.4860788011445934e-05,Cluster_2
33:03|44:03|07:01|01:01|05:01,0.00039777260818313494,Cluster_2
24:02|27:06|07:02|12:02|03:01,0.0007955452163662709,Cluster_2
26:01|57:01|12:03|04:02|03:02,4.972157602289187e-05,Cluster_2
02:05|50:01|06:02|11:04|03:02,2.4860788011445934e-05,Cluster_2
26:01|27:05|01:02|11:01|03:01,0.00039777260818313494,Cluster_2
33:03|13:01|01:02|09:01|03:03,0.00039777260818313494,Cluster_2
03:01|13:01|08:01|12:02|03:01,2.4860788011445934e-05,Cluster_2
11:01|15:25|04:03|04:05|04:01,0.00039777260818313494,Cluster_2
31:01|39:06|07:02|12:01|04:02,2.4860788011445934e-05,Cluster_2
32:01|35:01|04:01|13:05|03:01,0.00019888630409156747,Cluster_2
26:01|51:01|16:02|11:01|03:01,0.00039777260818313494,Cluster_2
01:01|37:01|06:02|04:08|03:01,0.00039777260818313494,Cluster_2
02:03|55:02|12:03|04:05|05:03,2.4860788011445934e-05,Cluster_2
33:01|45:01|08:02|04:05|03:02,2.4860788011445934e-05,Cluster_2
02:07|46:01|01:02|15:02|05:01,0.00039777260818313494,Cluster_2
02:01|51:08|04:01|14:01|05:03,2.4860788011445934e-05,Cluster_2
26:01|18:01|05:01|10:01|05:01,0.00039777260818313494,Cluster_2
02:01|51:01|07:01|14:01|05:03,4.972157602289187e-05,Cluster_2
01:01|56:01|14:02|07:01|03:01,2.4860788011445934e-05,Cluster_2
24:02|40:01|03:03|15:02|05:01,0.00039777260818313494,Cluster_2
34:01|55:02|12:03|04:05|03:01,2.4860788011445934e-05,Cluster_2
33:03|52:01|03:04|15:02|06:01,2.4860788011445934e-05,Cluster_2
24:02|18:01|07:04|12:02|05:02,0.00039777260818313494,Cluster_2
23:01|15:01|03:04|08:03|06:03,0.00039777260818313494,Cluster_2
30:01|35:02|06:02|11:04|03:01,0.00039777260818313494,Cluster_2
24:02|40:01|04:01|08:03|06:01,0.00039777260818313494,Cluster_2
11:01|44:03|04:01|12:01|03:01,2.4860788011445934e-05,Cluster_2
03:01|13:01|03:04|11:03|03:02,2.4860788011445934e-05,Cluster_2
24:10|15:13|08:01|15:01|03:01,0.00039777260818313494,Cluster_2
32:01|35:03|04:01|04:08|05:03,2.4860788011445934e-05,Cluster_2
02:03|38:02|07:02|07:01|02:01,0.00039777260818313494,Cluster_2
24:02|35:03|07:02|04:01|05:02,2.4860788011445934e-05,Cluster_2
24:07|35:05|04:01|15:02|05:02,0.0018729875437311766,Cluster_2
11:02|15:17|07:01|11:04|03:03,2.4860788011445934e-05,Cluster_2
33:03|39:01|07:02|12:02|03:01,0.00039777260818313494,Cluster_2
29:02|45:01|06:02|11:04|03:02,2.4860788011445934e-05,Cluster_2
34:01|40:01|03:04|09:01|03:03,0.0007955452163662699,Cluster_2
11:01|51:02|15:02|07:01|03:03,0.00039777260818313494,Cluster_2
23:01|15:03|04:01|11:01|03:01,2.4860788011445934e-05,Cluster_2
24:07|38:02|08:01|12:02|03:01,0.0012153507382018259,Cluster_2
31:01|35:01|04:01|14:15|05:03,2.4860788011445934e-05,Cluster_2
02:06|52:01|12:02|15:02|03:01,2.4860788011445934e-05,Cluster_2
34:01|40:02|03:03|11:01|03:01,0.00039777260818313494,Cluster_2
34:01|15:21|07:01|11:02|03:01,2.4860788011445934e-05,Cluster_2
02:01|51:01|03:03|15:01|03:01,0.00019888630409156747,Cluster_2
23:01|49:01|07:01|16:01|05:02,2.4860788011445934e-05,Cluster_2
24:07|40:06|08:01|15:02|05:01,0.00039777260818313494,Cluster_2
02:01|15:11|03:03|12:02|03:01,0.00039777260818313494,Cluster_2
33:03|15:01|03:03|04:03|03:01,2.4860788011445934e-05,Cluster_2
03:01|07:02|07:02|11:04|03:01,0.0005686505355440266,Cluster_2
25:01|39:01|02:02|11:01|03:01,0.00039777260818313494,Cluster_2
02:01|08:01|15:02|08:03|05:03,4.972157602289187e-05,Cluster_2
26:01|57:01|12:03|04:02|03:01,4.972157602289187e-05,Cluster_2
31:01|51:01|12:02|04:05|04:01,0.00039777260818313494,Cluster_2
02:05|50:01|06:02|11:04|03:01,2.4860788011445934e-05,Cluster_2
31:01|15:01|12:03|15:02|06:01,0.00039777260818313494,Cluster_2
33:03|52:01|03:04|14:06|06:01,2.4860788011445934e-05,Cluster_2
24:02|40:01|07:02|14:05|05:03,0.00039777260818313494,Cluster_2
34:02|41:01|08:02|14:01|03:01,4.972157602289187e-05,Cluster_2
02:03|39:01|07:02|03:01|02:01,0.00039777260818313494,Cluster_2
24:02|39:06|12:03|14:06|06:03,2.4860788011445934e-05,Cluster_2
03:01|44:02|08:01|12:02|03:01,2.4860788011445934e-05,Cluster_2
24:02|57:01|06:02|11:01|03:01,0.00019888630409156747,Cluster_2
30:02|51:01|16:02|16:01|05:02,0.00039777260818313494,Cluster_2
03:01|18:01|07:01|11:04|03:01,0.00039777260818313494,Cluster_2
24:02|40:06|15:02|04:03|03:02,4.972157602289187e-05,Cluster_2
31:01|40:02|03:04|14:02|04:02,2.4860788011445934e-05,Cluster_2
02:01|18:01|07:01|04:03|03:02,0.0007955452163662699,Cluster_2
33:01|45:01|08:02|04:05|03:01,2.4860788011445934e-05,Cluster_2
74:01|44:03|04:01|11:01|04:02,2.4860788011445934e-05,Cluster_2
25:04|51:01|12:03|11:03|03:01,2.4860788011445934e-05,Cluster_2
29:02|44:03|01:02|11:02|03:01,4.972157602289187e-05,Cluster_2
11:02|15:12|03:03|12:02|03:01,0.00036540230659205114,Cluster_2
26:01|38:01|06:02|04:02|03:02,4.972157602289187e-05,Cluster_2
26:01|38:01|12:03|01:01|05:01,2.4860788011445934e-05,Cluster_2
01:01|41:01|17:01|12:01|03:01,2.4860788011445934e-05,Cluster_2
23:01|44:03|02:10|11:01|04:02,2.4860788011445934e-05,Cluster_2
24:02|38:01|07:02|14:06|06:03,2.4860788011445934e-05,Cluster_2
02:03|18:01|07:04|12:02|03:01,0.0011933178245494048,Cluster_2
24:03|15:25|04:03|12:02|03:01,0.0003442383652409693,Cluster_2
24:02|15:01|03:03|11:03|03:01,4.972157602289187e-05,Cluster_2
23:01|41:01|07:01|08:04|03:01,4.972157602289187e-05,Cluster_2
03:01|13:01|03:04|11:03|03:01,2.4860788011445934e-05,Cluster_2
32:01|49:01|07:01|12:02|05:03,2.4860788011445934e-05,Cluster_2
24:02|39:23|07:02|14:06|03:02,0.00019888630409156747,Cluster_2
24:02|55:01|03:03|04:08|03:01,9.944315204578374e-05,Cluster_2
03:01|15:18|07:04|11:01|05:03,2.4860788011445934e-05,Cluster_2
01:01|40:02|15:02|11:06|06:03,0.00019888630409156747,Cluster_2
26:01|15:25|04:03|16:02|05:02,0.00039777260818313494,Cluster_2
26:01|27:04|12:02|10:01|05:01,0.0007955452163662699,Cluster_2
31:01|40:11|03:04|14:02|04:02,2.4860788011445934e-05,Cluster_2
74:01|44:03|02:10|11:01|03:01,2.4860788011445934e-05,Cluster_2
02:01|44:02|05:01|12:01|03:01,0.0015910904327325398,Cluster_2
01:01|49:01|07:01|16:01|03:01,2.4860788011445934e-05,Cluster_2
24:02|51:01|04:01|15:02|05:02,0.00039777260818313494,Cluster_2
29:02|45:01|06:02|11:04|03:01,2.4860788011445934e-05,Cluster_2
03:01|13:01|03:04|04:04|03:01,2.4860788011445934e-05,Cluster_2
26:01|51:02|14:02|12:02|03:01,0.0015910904327325398,Cluster_2
23:01|53:01|04:01|03:02|04:02,0.00039777260818313494,Cluster_2
31:01|35:01|15:02|14:15|05:03,2.4860788011445934e-05,Cluster_2
11:01|35:12|04:01|16:02|03:01,2.4860788011445934e-05,Cluster_2
32:01|40:02|15:02|13:05|03:01,0.00039777260818313494,Cluster_2
02:06|13:01|12:02|15:01|06:01,0.00039777260818313494,Cluster_2
24:07|38:02|07:02|11:01|03:01,0.00040253915600816737,Cluster_2
68:01|41:02|17:01|13:03|03:01,0.0007955452163662699,Cluster_2
23:01|41:01|17:01|16:01|05:02,2.4860788011445934e-05,Cluster_2
02:01|40:06|16:01|14:04|05:03,2.4860788011445934e-05,Cluster_2
34:02|53:01|16:01|03:02|04:02,0.00039777260818313494,Cluster_2
03:01|38:01|12:03|14:06|03:01,2.4860788011445934e-05,Cluster_2
24:02|48:01|08:03|01:01|05:01,0.00039777260818313494,Cluster_2
34:01|18:01|12:02|09:01|03:03,0.0005612110640752764,Cluster_2
31:01|35:03|04:01|15:01|06:01,0.00039777260818313494,Cluster_2
02:06|15:01|03:03|04:03|03:02,2.4860788011445934e-05,Cluster_2
02:01|40:01|04:01|12:01|03:01,0.0007955452163662699,Cluster_2
02:06|35:01|03:03|13:01|06:03,0.00039777260818313494,Cluster_2
31:01|15:01|01:02|12:01|03:01,9.944315204578374e-05,Cluster_2
25:01|51:01|15:02|01:01|05:01,0.00039777260818313494,Cluster_2
11:01|07:02|03:04|11:03|03:02,2.4860788011445934e-05,Cluster_2
24:07|18:01|07:04|03:01|02:01,0.00039777260818313494,Cluster_2
24:07|15:21|04:03|15:02|05:01,0.0004440110959095432,Cluster_2
26:01|40:01|03:04|15:01|06:02,0.0002900013689230484,Cluster_2
11:01|07:05|07:02|15:01|05:02,0.00038676843732970517,Cluster_2
03:01|13:01|08:01|12:02|06:03,2.4860788011445934e-05,Cluster_2
74:01|44:03|04:01|03:02|03:01,2.4860788011445934e-05,Cluster_2
26:01|18:01|07:01|11:04|03:01,0.00039777260818313494,Cluster_2
11:01|48:01|08:03|08:03|03:01,0.00039777260818313494,Cluster_2
24:07|15:17|07:01|13:01|06:03,0.00039777260818313494,Cluster_2
33:03|27:04|12:02|15:01|03:01,9.944315204578374e-05,Cluster_2
32:01|35:01|04:01|10:01|05:01,0.00039777260818313494,Cluster_2
24:02|27:06|03:04|14:04|05:03,0.0007955452163662699,Cluster_2
33:03|27:04|12:02|12:02|03:01,0.0009281360857606517,Cluster_2
01:01|08:01|07:01|13:03|03:01,2.4860788011445934e-05,Cluster_2
26:01|38:02|07:02|15:02|05:01,0.0011722991048207032,Cluster_2
31:01|40:01|15:02|15:01|06:02,0.00039777260818313494,Cluster_2
24:02|51:01|01:02|04:03|03:02,2.4860788011445934e-05,Cluster_2
02:01|40:06|12:04|14:04|03:01,2.4860788011445934e-05,Cluster_2
24:07|35:05|04:01|12:02|05:02,0.0012043219954028345,Cluster_2
26:01|44:03|16:01|04:01|03:01,2.4860788011445934e-05,Cluster_2
11:01|51:01|04:JKTU|11:01|02:02,0.00039777260818313494,Cluster_2
24:10|15:13|08:01|15:02|05:01,0.00039777260818313494,Cluster_2
26:01|38:01|06:02|04:02|03:01,4.972157602289187e-05,Cluster_2
02:01|45:01|16:01|11:02|03:01,2.4860788011445934e-05,Cluster_2
11:01|07:02|07:02|11:03|03:02,2.4860788011445934e-05,Cluster_2
02:01|15:21|01:02|08:03|06:01,0.00039777260818313494,Cluster_2
02:01|48:01|08:03|15:01|03:02,2.4860788011445934e-05,Cluster_2
24:02|15:12|03:03|15:02|05:01,0.0003407378769623118,Cluster_2
68:01|13:01|04:03|04:03|03:02,0.00039777260818313494,Cluster_2
03:01|38:01|07:02|14:06|03:01,2.4860788011445934e-05,Cluster_2
11:01|27:06|03:04|14:01|05:02,0.00039777260818313494,Cluster_2
34:01|15:21|04:03|11:02|06:01,2.4860788011445934e-05,Cluster_2
34:01|15:35|07:02|04:03|03:02,0.00039777260818313494,Cluster_2
29:01|40:01|12:03|13:01|06:03,0.00039777260818313494,Cluster_2
34:01|39:15|12:02|14:04|05:03,0.00019888630409156747,Cluster_2
02:01|27:05|02:02|09:01|03:01,4.972157602289187e-05,Cluster_2
02:01|51:01|02:02|11:01|03:01,0.0011933178245494048,Cluster_2
11:01|13:01|04:03|13:02|05:03,2.4860788011445934e-05,Cluster_2
34:01|38:02|07:27|15:02|05:02,0.0011933178245494048,Cluster_2
02:03|15:05|03:03|04:03|03:02,0.00039777260818313494,Cluster_2
24:07|18:02|07:04|11:01|05:02,0.00039777260818313494,Cluster_2
24:07|40:10|04:03|08:03|06:01,0.00039777260818313494,Cluster_2
02:01|46:01|01:02|14:01|05:03,0.00039777260818313494,Cluster_2
24:02|40:02|15:02|04:05|05:03,0.0019888630409156745,Cluster_2
02:01|27:05|01:02|09:01|03:03,4.972157602289187e-05,Cluster_2
32:01|13:01|02:02|13:01|03:01,2.4860788011445934e-05,Cluster_2
25:04|38:01|12:03|01:01|03:01,2.4860788011445934e-05,Cluster_2
03:01|13:01|02:02|13:01|03:01,2.4860788011445934e-05,Cluster_2
24:02|07:02|04:01|04:05|04:01,2.4860788011445934e-05,Cluster_2
03:01|37:01|07:04|08:01|04:02,0.00039777260818313494,Cluster_2
26:03|40:02|03:03|04:05|04:01,0.00039777260818313494,Cluster_2
24:02|40:06|12:03|04:03|03:02,4.972157602289187e-05,Cluster_2
02:06|15:01|03:03|04:03|03:01,2.4860788011445934e-05,Cluster_2
31:01|18:01|07:01|04:05|04:02,0.00039777260818313494,Cluster_2
24:02|55:02|03:03|12:02|03:01,0.00039777260818313494,Cluster_2
02:01|44:02|05:01|11:04|03:01,0.00039777260818313494,Cluster_2
33:03|46:01|03:02|04:03|03:02,0.0007955452163662699,Cluster_2
11:01|18:01|03:03|15:02|05:02,0.0007955452163662699,Cluster_2
11:01|07:02|03:04|11:03|03:01,2.4860788011445934e-05,Cluster_2
25:01|39:01|02:02|11:01|06:03,0.00039777260818313494,Cluster_2
34:02|41:01|08:02|08:04|05:03,4.972157602289187e-05,Cluster_2
11:01|35:01|15:02|14:15|03:01,2.4860788011445934e-05,Cluster_2
23:01|49:01|07:01|12:01|05:02,2.4860788011445934e-05,Cluster_2
24:02|08:01|07:01|08:03|03:01,4.972157602289187e-05,Cluster_2
74:01|44:03|02:10|03:02|04:02,2.4860788011445934e-05,Cluster_2
02:01|44:03|16:01|07:01|02:01,0.00039777260818313494,Cluster_2
24:02|40:01|03:04|09:01|03:03,0.0011933178245494048,Cluster_2
34:02|14:02|08:02|08:04|05:03,4.972157602289187e-05,Cluster_2
24:02|07:02|07:02|04:05|04:01,2.4860788011445934e-05,Cluster_2
02:01|15:13|08:01|11:01|03:01,0.00039777260818313494,Cluster_2
24:02|56:04|01:02|15:02|05:02,0.0011933178245415342,Cluster_2
03:01|39:06|12:03|14:06|03:01,2.4860788011445934e-05,Cluster_2
01:01|39:24|07:01|11:02|06:01,2.4860788011445934e-05,Cluster_2
24:02|52:01|07:02|14:10|05:03,0.00039777260818313494,Cluster_2
03:01|44:02|08:01|12:02|06:03,2.4860788011445934e-05,Cluster_2
68:01|39:01|07:01|14:01|05:03,0.00039777260818313494,Cluster_2
26:01|40:02|15:02|15:01|06:02,2.4860788011445934e-05,Cluster_2
24:10|35:30|04:01|16:02|05:02,0.00039777260818206516,Cluster_2
24:02|51:01|01:02|04:03|03:01,2.4860788011445934e-05,Cluster_2
11:01|15:01|03:03|15:01|06:02,0.00039777260818313494,Cluster_2
68:02|53:01|04:01|14:01|05:03,2.4860788011445934e-05,Cluster_2
01:01|56:01|01:02|13:12|03:03,2.4860788011445934e-05,Cluster_2
24:02|56:01|07:02|15:02|05:01,0.00039777260818313494,Cluster_2
31:01|44:02|05:01|01:01|05:01,0.00039777260818313494,Cluster_2
24:02|40:02|03:04|14:01|05:02,0.00039777260818313494,Cluster_2
02:01|40:01|03:04|11:01|03:01,0.0007955452163662699,Cluster_2
02:03|55:02|12:03|13:12|05:03,2.4860788011445934e-05,Cluster_2
24:10|38:02|07:02|11:06|03:01,0.00039777260818313494,Cluster_2
11:01|07:02|07:02|11:03|03:01,2.4860788011445934e-05,Cluster_2
24:07|40:01|04:01|12:02|03:01,0.00039777260818313494,Cluster_2
24:07|13:01|04:06|15:02|05:02,0.0003245533368685089,Cluster_2
02:06|15:02|03:03|08:03|06:01,0.00039777260818313494,Cluster_2
02:06|15:01|04:01|12:01|03:02,2.4860788011445934e-05,Cluster_2
02:05|50:01|06:02|13:02|06:04,0.0007955452163662699,Cluster_2
02:03|40:01|03:03|14:04|05:03,0.00039777260818313494,Cluster_2
24:02|40:02|03:05|14:02|03:01,2.4860788011445934e-05,Cluster_2
30:01|07:02|03:02|15:01|03:01,2.4860788011445934e-05,Cluster_2
01:03|07:02|07:02|15:01|06:02,0.0007955452163662699,Cluster_2
31:01|40:11|03:05|14:02|04:02,2.4860788011445934e-05,Cluster_2
24:02|15:02|08:01|14:04|05:03,0.0007955452163662699,Cluster_2
33:03|27:07|15:02|07:01|03:03,0.00039777260818313494,Cluster_2
03:01|44:02|02:02|13:01|03:01,2.4860788011445934e-05,Cluster_2
11:01|15:02|08:01|12:02|05:02,0.002069560788683984,Cluster_2
32:01|35:01|04:01|13:05|05:01,0.00019888630409156747,Cluster_2
02:03|40:01|07:02|04:03|03:02,0.00039777260818313494,Cluster_2
01:01|40:01|07:02|12:01|03:01,2.4860788011445934e-05,Cluster_2
03:01|38:01|12:03|14:06|06:03,2.4860788011445934e-05,Cluster_2
01:01|49:01|07:01|12:01|03:01,2.4860788011445934e-05,Cluster_2
11:01|51:01|14:02|13:12|03:01,2.4860788011445934e-05,Cluster_2
02:03|54:01|02:02|04:01|03:02,0.00039777260818313494,Cluster_2
24:02|40:06|12:03|04:03|03:01,4.972157602289187e-05,Cluster_2
30:01|13:01|03:02|12:02|06:02,2.4860788011445934e-05,Cluster_2
02:06|51:01|03:03|12:01|03:02,2.4860788011445934e-05,Cluster_2
34:01|40:06|08:01|12:02|03:01,0.00039777260818313494,Cluster_2
24:02|38:01|06:02|13:01|03:01,2.4860788011445934e-05,Cluster_2
31:01|40:02|16:01|15:01|06:02,2.4860788011445934e-05,Cluster_2
01:01|40:02|15:02|11:06|03:01,0.00019888630409156747,Cluster_2
02:03|38:01|12:03|12:02|03:01,0.0007955452163662699,Cluster_2
25:01|40:01|03:04|01:01|05:01,0.00039777260818313494,Cluster_2
23:01|41:01|17:01|12:01|05:02,2.4860788011445934e-05,Cluster_2
11:01|46:01|01:02|09:01|03:03,0.0015910904327325398,Cluster_2
01:01|57:01|06:02|07:01|03:03,0.0035799534736482143,Cluster_2
34:01|35:05|04:01|12:02|03:01,0.004206481444762156,Cluster_2
11:01|51:01|04:01|14:15|03:01,2.4860788011445934e-05,Cluster_2
30:01|13:01|03:02|15:01|06:02,2.4860788011445934e-05,Cluster_2
29:02|50:01|06:02|04:01|03:01,2.4860788011445934e-05,Cluster_2
23:01|49:01|17:01|12:01|03:01,2.4860788011445934e-05,Cluster_2
02:01|45:01|12:04|11:02|03:01,2.4860788011445934e-05,Cluster_2
24:02|40:01|03:04|15:02|05:01,0.00039777260818313494,Cluster_2
68:01|51:01|15:04|07:01|03:03,0.00039777260818313494,Cluster_2
23:01|44:03|04:01|07:01|03:01,0.0007955452163662699,Cluster_2
24:10|35:05|04:01|12:02|03:01,0.00039777260818313494,Cluster_2
26:01|57:01|06:02|04:02|03:02,4.972157602289187e-05,Cluster_2
02:01|51:01|16:04|04:08|03:01,0.0015910904327325398,Cluster_2
24:07|40:02|15:02|11:01|03:01,0.00039777260818313494,Cluster_2
01:01|15:11|03:03|11:04|03:03,2.4860788011445934e-05,Cluster_2
34:01|39:24|07:01|08:03|06:01,2.4860788011445934e-05,Cluster_2
33:03|27:04|12:02|08:03|06:01,0.000662954346971888,Cluster_2
01:01|15:21|07:01|11:02|03:01,2.4860788011445934e-05,Cluster_2
32:01|51:08|16:02|14:01|03:01,2.4860788011445934e-05,Cluster_2
11:01|15:01|03:04|12:01|03:01,9.944315204578374e-05,Cluster_2
29:02|45:01|06:02|04:05|03:01,2.4860788011445934e-05,Cluster_2
24:07|51:01|15:02|15:02|05:01,0.00039777260818313494,Cluster_2
29:02|39:01|12:03|04:04|03:02,0.00039777260818313494,Cluster_2
02:01|18:01|07:01|04:01|03:01,0.00039777260818313494,Cluster_2
30:02|55:01|03:03|15:01|03:01,9.944315204578374e-05,Cluster_2
02:01|40:01|15:02|11:01|03:01,0.007557679555479564,Cluster_2
31:13|40:01|03:04|11:01|03:01,0.0023866356490988097,Cluster_2
24:07|51:02|14:02|12:02|03:01,0.0013602206657436255,Cluster_2
24:02|51:01|07:01|14:01|05:03,4.972157602289187e-05,Cluster_2
02:01|44:02|05:01|11:03|03:01,0.00039777260818313494,Cluster_2
03:01|38:01|07:02|14:06|06:03,2.4860788011445934e-05,Cluster_2
02:06|15:01|04:01|12:01|03:01,2.4860788011445934e-05,Cluster_2
24:02|38:02|07:02|12:02|03:01,0.006320124822122205,Cluster_2
01:01|56:01|01:02|07:01|03:01,2.4860788011445934e-05,Cluster_2
02:01|51:01|01:02|01:01|05:01,0.00039777260818313494,Cluster_2
02:06|40:01|15:02|13:12|03:01,0.00039777260818313494,Cluster_2
68:01|51:01|16:02|15:02|03:01,0.00039777260818313494,Cluster_2
02:01|48:01|07:04|15:01|03:02,2.4860788011445934e-05,Cluster_2
31:01|51:01|14:02|04:03|03:01,0.00039777260818313494,Cluster_2
33:03|15:01|12:02|15:02|03:01,2.4860788011445934e-05,Cluster_2
11:01|38:02|07:02|10:01|05:01,0.00039777260818313494,Cluster_2
11:01|15:32|12:03|11:11|03:02,4.972157602289187e-05,Cluster_2
02:01|45:01|16:01|14:04|05:03,2.4860788011445934e-05,Cluster_2
01:01|39:06|07:02|12:01|04:02,2.4860788011445934e-05,Cluster_2
11:01|15:11|07:02|11:01|03:01,0.00039777260818313494,Cluster_2
32:01|13:01|02:02|13:01|06:03,2.4860788011445934e-05,Cluster_2
23:01|40:02|02:02|15:01|06:02,0.00039777260818313494,Cluster_2
02:07|15:02|08:01|11:01|03:01,0.00039777260818313494,Cluster_2
24:02|51:01|15:02|14:01|05:03,4.972157602289187e-05,Cluster_2
03:01|13:01|02:02|13:01|06:03,2.4860788011445934e-05,Cluster_2
33:03|35:08|07:01|12:01|05:02,2.4860788011445934e-05,Cluster_2
02:06|58:01|03:02|13:02|06:09,0.00039777260818313494,Cluster_2
24:02|15:17|07:01|13:02|06:04,0.0007955452163662699,Cluster_2
24:02|39:01|12:03|04:04|03:02,0.00019888630409156747,Cluster_2
31:01|51:01|15:02|11:66|03:01,2.4860788011445934e-05,Cluster_2
24:02|38:01|03:03|13:01|03:01,2.4860788011445934e-05,Cluster_2
24:02|44:03|01:02|11:02|03:01,4.972157602289187e-05,Cluster_2
24:02|42:02|17:01|08:04|03:01,4.972157602289187e-05,Cluster_2
25:04|51:01|12:03|11:03|05:01,2.4860788011445934e-05,Cluster_2
11:01|35:08|04:01|12:01|05:02,2.4860788011445934e-05,Cluster_2
24:02|57:01|01:02|11:01|03:01,0.00019888630409156747,Cluster_2
11:02|15:02|08:01|12:02|03:01,0.001623460734323613,Cluster_2
34:01|39:24|04:03|11:02|03:01,2.4860788011445934e-05,Cluster_2
26:01|38:01|12:03|13:01|06:03,0.00039777260818313494,Cluster_2
11:02|15:17|03:03|11:04|03:03,2.4860788011445934e-05,Cluster_2
31:01|07:02|07:02|04:07|03:01,0.00039777260818313494,Cluster_2
24:02|40:02|01:02|14:06|03:01,0.00019888630409156747,Cluster_2
24:02|35:02|06:02|11:03|03:01,2.4860788011445934e-05,Cluster_2
24:02|07:02|07:02|11:02|03:01,0.00039777260818313494,Cluster_2
24:02|15:32|15:02|11:11|03:02,4.972157602289187e-05,Cluster_2
24:02|40:06|12:04|11:02|05:03,2.4860788011445934e-05,Cluster_2
03:01|39:06|12:03|14:06|06:03,2.4860788011445934e-05,Cluster_2
33:03|15:01|04:01|15:06|05:02,0.00039777260818313494,Cluster_2
29:02|38:01|16:01|13:03|03:01,4.972157602289187e-05,Cluster_2
26:01|57:01|06:02|04:02|03:01,4.972157602289187e-05,Cluster_2
02:01|51:01|15:02|14:01|05:03,4.972157602289187e-05,Cluster_2
29:02|58:01|07:18|11:01|03:01,0.0007955452163662699,Cluster_2
34:01|55:02|04:01|04:05|05:03,2.4860788011445934e-05,Cluster_2
31:01|44:03|15:02|04:01|06:02,2.4860788011445934e-05,Cluster_2
02:01|27:04|12:02|12:01|03:01,0.00039777260818313494,Cluster_2
33:03|15:01|12:02|14:06|03:01,2.4860788011445934e-05,Cluster_2
23:01|41:01|08:02|14:01|03:01,4.972157602289187e-05,Cluster_2
02:06|46:01|03:04|04:03|03:02,0.00039777260818313494,Cluster_2
24:03|15:12|03:03|13:01|06:03,0.00039777260818313494,Cluster_2
31:01|44:03|16:01|04:01|06:02,2.4860788011445934e-05,Cluster_2
11:01|52:01|07:02|14:01|05:02,0.00039777260818313494,Cluster_2
03:02|35:01|04:01|11:01|03:01,0.0011933178245494048,Cluster_2
33:03|44:03|07:01|16:02|03:01,2.4860788011445934e-05,Cluster_2
34:01|15:21|07:01|08:03|03:01,2.4860788011445934e-05,Cluster_2
03:01|27:05|01:02|09:01|03:01,4.972157602289187e-05,Cluster_2
02:01|13:01|03:04|14:05|05:03,0.00039777260818313494,Cluster_2
24:02|39:01|07:02|04:04|03:02,0.00039777260818313494,Cluster_2
02:01|40:06|08:01|08:02|04:02,0.00039777260818313494,Cluster_2
34:02|14:02|08:02|14:01|03:01,4.972157602289187e-05,Cluster_2
68:02|53:01|04:01|11:01|03:01,2.4860788011445934e-05,Cluster_2
11:04|15:02|08:01|15:02|05:01,0.0007955452163662699,Cluster_2
24:02|15:02|07:02|15:02|05:01,0.0004198055218355558,Cluster_2
02:01|15:17|07:01|16:02|05:02,0.00039777260818313494,Cluster_2
03:01|44:02|02:02|13:01|06:03,2.4860788011445934e-05,Cluster_2
68:02|53:01|07:04|11:01|05:03,2.4860788011445934e-05,Cluster_2
33:01|45:01|06:02|04:05|03:02,2.4860788011445934e-05,Cluster_2
34:01|40:01|12:03|04:05|04:02,0.00039777260818313494,Cluster_2
11:01|15:32|12:03|04:03|03:02,4.972157602289187e-05,Cluster_2
03:01|53:01|07:04|11:01|05:03,2.4860788011445934e-05,Cluster_2
11:01|44:03|04:01|16:02|05:02,2.4860788011445934e-05,Cluster_2
11:01|13:01|04:06|04:05|03:01,0.00039777260818313494,Cluster_2
02:03|15:13|08:01|09:01|03:03,0.00039777260818313494,Cluster_2
24:02|39:01|12:03|04:04|03:01,0.00019888630409156747,Cluster_2
24:02|38:01|06:02|13:01|06:03,2.4860788011445934e-05,Cluster_2
11:01|15:12|03:03|12:02|03:01,0.0008279155179573535,Cluster_2
11:01|51:01|15:02|14:15|05:03,2.4860788011445934e-05,Cluster_2
11:01|07:05|03:04|12:02|05:02,0.00039777260818313494,Cluster_2
24:02|35:12|04:01|04:05|03:01,2.4860788011445934e-05,Cluster_2
68:02|15:18|07:04|11:01|05:03,2.4860788011445934e-05,Cluster_2
24:07|13:01|03:04|15:01|06:01,0.0002986842967053788,Cluster_2
66:01|41:02|17:01|13:03|03:01,0.0011933178245494048,Cluster_2
01:01|15:21|04:03|11:02|06:01,2.4860788011445934e-05,Cluster_2
24:02|40:06|12:03|11:11|03:02,4.972157602289187e-05,Cluster_2
33:03|51:01|04:01|12:01|03:02,2.4860788011445934e-05,Cluster_2
33:03|13:01|03:02|15:01|03:01,2.4860788011445934e-05,Cluster_2
31:01|40:02|03:05|08:02|04:02,2.4860788011445934e-05,Cluster_2
33:03|15:13|08:01|16:02|05:02,0.00039777260818313494,Cluster_2
11:01|13:01|03:04|15:01|06:01,0.0014451286371150603,Cluster_2
30:01|07:02|03:02|12:02|06:02,2.4860788011445934e-05,Cluster_2
25:01|40:01|07:02|08:09|04:02,0.00039777260818313494,Cluster_2
24:02|40:01|07:02|12:02|03:01,0.0011574188674426322,Cluster_2
24:02|15:32|15:02|11:11|03:01,4.972157602289187e-05,Cluster_2
02:05|44:02|06:02|04:01|06:01,2.4860788011445934e-05,Cluster_2
24:02|08:01|07:01|13:02|06:04,2.4860788011445934e-05,Cluster_2
02:01|51:01|07:04|12:01|03:01,0.0007955452163662699,Cluster_2
32:01|15:01|03:03|11:01|03:01,0.0007955452163662699,Cluster_2
02:01|42:02|03:03|08:04|03:01,4.972157602289187e-05,Cluster_2
23:01|14:02|08:02|14:01|05:03,4.972157602289187e-05,Cluster_2
24:02|35:01|04:01|01:03|05:01,0.00039777260818313494,Cluster_2
25:04|38:01|12:03|01:01|05:01,2.4860788011445934e-05,Cluster_2
02:05|50:01|06:02|04:01|06:01,2.4860788011445934e-05,Cluster_2
24:02|35:02|03:03|13:01|03:01,2.4860788011445934e-05,Cluster_2
02:06|13:01|04:03|11:01|03:01,0.00039777260818313494,Cluster_2
02:01|45:01|12:04|14:04|05:03,2.4860788011445934e-05,Cluster_2
24:02|38:02|07:02|15:02|05:01,0.0007925692260217095,Cluster_2
24:02|27:06|03:04|15:01|06:02,0.00039777260818313494,Cluster_2
01:01|08:01|04:01|13:03|03:01,2.4860788011445934e-05,Cluster_2
02:01|18:01|12:03|11:04|03:01,0.0011933178245494048,Cluster_2
11:01|49:01|04:03|12:02|05:03,2.4860788011445934e-05,Cluster_2
11:03|52:01|12:02|14:04|05:03,0.00039777260818313494,Cluster_2
24:02|41:02|07:01|13:02|03:01,2.4860788011445934e-05,Cluster_2
24:02|07:02|04:01|16:02|03:01,2.4860788011445934e-05,Cluster_2
24:02|51:01|14:02|12:02|03:01,0.0023866356490987325,Cluster_2
33:03|51:01|03:03|12:01|03:02,2.4860788011445934e-05,Cluster_2
23:01|14:02|08:02|01:02|05:01,0.00039777260818313494,Cluster_2
24:02|35:12|04:01|16:02|04:01,2.4860788011445934e-05,Cluster_2
68:01|58:02|06:02|03:01|02:01,0.00039777260818313494,Cluster_2
24:02|44:02|05:01|12:01|03:01,0.0007955452163662699,Cluster_2
02:06|15:01|12:02|15:02|03:01,2.4860788011445934e-05,Cluster_2
24:02|40:06|15:02|04:03|03:01,4.972157602289187e-05,Cluster_2
11:01|56:01|04:10|11:04|03:01,0.00039777260818313494,Cluster_2
03:01|53:01|04:01|14:01|05:03,2.4860788011445934e-05,Cluster_2
23:01|44:03|02:10|03:02|03:01,2.4860788011445934e-05,Cluster_2
11:01|51:01|01:02|13:12|03:01,2.4860788011445934e-05,Cluster_2
11:01|15:25|04:03|15:02|05:01,0.00025270654063253934,Cluster_2
11:01|15:32|12:03|04:03|03:01,4.972157602289187e-05,Cluster_2
24:02|38:01|03:03|13:01|06:03,2.4860788011445934e-05,Cluster_2
33:01|14:02|08:02|11:01|03:01,0.0007955452163662699,Cluster_2
24:02|39:23|07:02|14:06|03:01,0.00019888630409156747,Cluster_2
24:02|13:01|03:04|11:01|03:01,0.00039777260818313494,Cluster_2
68:02|15:18|04:01|14:01|05:03,2.4860788011445934e-05,Cluster_2
02:11|15:05|03:03|14:04|05:03,0.00039777260818313494,Cluster_2
34:01|39:24|07:01|11:02|03:01,2.4860788011445934e-05,Cluster_2
02:01|51:08|16:02|14:01|03:01,2.4860788011445934e-05,Cluster_2
11:03|35:01|03:04|12:02|05:02,0.00039777260818313494,Cluster_2
26:01|40:02|16:01|15:01|03:01,2.4860788011445934e-05,Cluster_2
02:05|51:01|01:02|04:03|03:02,2.4860788011445934e-05,Cluster_2
02:03|15:02|08:01|12:02|03:01,0.0031821808654650934,Cluster_2
24:02|51:01|14:02|09:01|03:03,0.00039777260818313494,Cluster_2
24:02|40:06|12:03|11:11|03:01,4.972157602289187e-05,Cluster_2
33:03|51:01|04:01|12:01|03:01,2.4860788011445934e-05,Cluster_2
26:01|40:02|15:02|04:01|03:01,2.4860788011445934e-05,Cluster_2
31:01|39:06|03:04|08:01|03:01,2.4860788011445934e-05,Cluster_2
24:02|35:02|06:02|11:03|06:03,2.4860788011445934e-05,Cluster_2
11:01|40:01|15:02|12:01|03:01,0.00039777260818313494,Cluster_2
24:02|40:01|03:04|13:02|06:04,0.0007916986053379446,Cluster_2
26:01|40:02|03:04|04:03|03:02,0.00039777260818313494,Cluster_2
02:03|40:01|07:02|04:05|04:01,0.00039777260818313494,Cluster_2
02:07|13:01|08:01|16:02|05:02,0.00039777260818313494,Cluster_2
23:01|41:01|08:02|08:04|05:03,4.972157602289187e-05,Cluster_2
32:01|35:03|04:01|14:01|03:01,2.4860788011445934e-05,Cluster_2
11:01|56:01|01:02|07:01|03:01,2.4860788011445934e-05,Cluster_2
34:01|15:21|04:03|08:03|06:01,2.4860788011445934e-05,Cluster_2
02:06|15:01|12:02|14:06|03:01,2.4860788011445934e-05,Cluster_2
11:233|40:06|01:02|11:08|03:01,0.00039777260818313494,Cluster_2
11:01|40:01|07:02|13:12|03:01,0.00039777260818313494,Cluster_2
02:03|40:02|04:01|13:12|05:03,2.4860788011445934e-05,Cluster_2
34:01|40:02|04:01|04:05|03:01,2.4860788011445934e-05,Cluster_2
01:01|49:01|17:01|16:01|05:02,2.4860788011445934e-05,Cluster_2
33:01|45:01|06:02|11:04|03:02,2.4860788011445934e-05,Cluster_2
24:07|40:02|15:02|15:02|05:02,0.0003964442444568692,Cluster_2
24:02|51:01|01:02|11:04|03:02,2.4860788011445934e-05,Cluster_2
31:01|40:02|16:01|04:01|03:01,2.4860788011445934e-05,Cluster_2
24:02|45:01|16:01|11:02|03:01,2.4860788011445934e-05,Cluster_2
29:01|07:05|15:05|15:01|03:01,0.0007955452163662699,Cluster_2
33:03|51:01|03:03|12:01|03:01,2.4860788011445934e-05,Cluster_2
32:01|35:03|16:02|14:01|05:03,2.4860788011445934e-05,Cluster_2
01:01|52:01|12:02|01:02|05:01,0.00039777260818313494,Cluster_2
02:03|51:02|15:02|12:02|05:02,0.0007955452163662699,Cluster_2
02:06|39:01|07:02|09:01|03:03,0.00039777260818313494,Cluster_2
25:01|18:01|12:03|01:01|05:01,0.0007480780091639004,Cluster_2
31:01|39:06|07:02|08:01|03:01,2.4860788011445934e-05,Cluster_2
02:06|27:06|03:04|15:02|05:01,0.00039777260818313494,Cluster_2
01:01|40:01|03:04|12:01|03:01,2.4860788011445934e-05,Cluster_2
02:01|55:04|03:03|14:01|05:03,0.00039777260818313494,Cluster_2
24:02|15:01|04:01|04:06|03:02,1.217342418412118e-05,Cluster_2
24:07|40:01|03:04|12:02|03:01,0.00039777260818313494,Cluster_2
33:03|15:13|08:01|15:02|06:01,0.00039777260818313494,Cluster_2
24:02|51:01|04:01|04:05|04:01,0.0015910904327325398,Cluster_2
24:02|27:05|02:02|04:03|03:02,4.972157602289187e-05,Cluster_2
30:01|40:01|07:02|12:02|03:01,0.00039777260818313494,Cluster_2
68:01|51:02|15:02|04:06|03:02,0.00039777260818313494,Cluster_2
02:01|48:01|08:03|15:01|03:01,2.4860788011445934e-05,Cluster_2
25:01|35:03|04:01|04:07|03:01,0.00039777260818313494,Cluster_2
02:01|51:01|03:03|15:01|06:02,0.00019888630409156747,Cluster_2
03:01|07:02|07:02|13:01|06:03,0.0007955452163662699,Cluster_2
03:01|15:01|03:03|13:01|06:03,0.00039777260818313494,Cluster_2
32:01|13:01|02:02|12:02|03:01,2.4860788011445934e-05,Cluster_2
02:07|15:02|08:01|15:02|05:02,0.00039777260818313494,Cluster_2
11:01|55:02|03:03|12:02|03:01,0.00039777260818313494,Cluster_2
23:01|15:03|04:01|03:02|03:01,2.4860788011445934e-05,Cluster_2
02:06|51:01|04:01|12:01|03:02,2.4860788011445934e-05,Cluster_2
02:01|15:01|03:03|04:07|03:01,0.0007955452163662699,Cluster_2
24:07|07:05|07:02|12:02|03:01,0.0023866356490988097,Cluster_2
11:01|35:12|04:01|04:05|03:01,2.4860788011445934e-05,Cluster_2
26:01|44:03|15:02|15:01|06:02,2.4860788011445934e-05,Cluster_2
02:03|55:02|04:01|13:12|05:03,2.4860788011445934e-05,Cluster_2
02:01|27:05|02:02|09:01|03:03,4.972157602289187e-05,Cluster_2
34:01|40:02|12:03|13:12|05:03,2.4860788011445934e-05,Cluster_2
68:01|18:01|07:01|04:03|03:02,2.4860788011445934e-05,Cluster_2
32:01|13:01|07:01|13:02|06:04,2.4860788011445934e-05,Cluster_2
26:01|55:01|03:03|14:01|05:03,0.00039777260818313494,Cluster_2
24:02|35:02|03:03|13:01|06:03,2.4860788011445934e-05,Cluster_2
31:01|40:01|12:02|11:01|03:01,0.00019888630409156747,Cluster_2
32:01|13:01|04:03|12:02|06:04,2.4860788011445934e-05,Cluster_2
02:01|54:01|01:02|12:01|03:01,0.00039777260818313494,Cluster_2
11:01|40:06|08:01|11:01|03:01,0.00039777260818313494,Cluster_2
34:05|38:02|07:02|04:05|04:02,0.00039777260818313494,Cluster_2
33:01|45:01|06:02|11:04|03:01,2.4860788011445934e-05,Cluster_2
11:01|35:01|04:01|14:15|05:03,2.4860788011445934e-05,Cluster_2
02:02|41:01|17:01|03:01|02:01,0.00039777260818313494,Cluster_2
03:01|55:01|01:02|11:11|03:01,9.944315204578374e-05,Cluster_2
11:02|15:01|03:03|11:01|03:01,0.00039777260818313494,Cluster_2
01:01|39:06|03:04|12:01|04:02,2.4860788011445934e-05,Cluster_2
02:01|27:05|01:02|01:03|03:01,4.972157602289187e-05,Cluster_2
02:03|57:01|06:02|13:01|06:03,0.00039777260818313494,Cluster_2
24:02|48:01|08:03|12:02|03:01,0.0007955452163662699,Cluster_2
33:03|07:02|03:02|12:02|06:02,2.4860788011445934e-05,Cluster_2
31:01|40:01|07:02|08:01|03:01,2.4860788011445934e-05,Cluster_2
03:01|15:01|03:04|04:01|03:02,0.00039777260818313494,Cluster_2
11:01|13:01|03:04|04:05|04:01,0.00039777260818313494,Cluster_2
68:01|44:02|07:04|13:02|06:04,0.0007955452163662699,Cluster_2
24:07|40:01|04:JKTU|04:03|03:02,4.972157602289187e-05,Cluster_2
02:01|35:02|04:01|07:01|03:03,0.00039777260818313494,Cluster_2
33:03|35:08|04:01|12:01|05:02,2.4860788011445934e-05,Cluster_2
66:01|38:01|12:03|04:05|03:02,4.972157602289187e-05,Cluster_2
24:02|27:05|02:02|04:03|03:01,4.972157602289187e-05,Cluster_2
02:06|15:18|07:04|08:02|03:02,2.4860788011445934e-05,Cluster_2
31:01|35:03|12:03|12:01|03:02,0.00019888630409156747,Cluster_2
11:01|07:02|04:01|04:05|03:01,2.4860788011445934e-05,Cluster_2
02:01|40:06|15:02|14:15|05:03,0.00039777260818313494,Cluster_2
69:01|18:01|07:01|04:03|03:02,2.4860788011445934e-05,Cluster_2
30:01|15:18|07:04|09:01|03:03,0.00039777260818313494,Cluster_2
01:01|41:01|07:01|16:01|05:02,2.4860788011445934e-05,Cluster_2
11:01|40:01|01:02|04:05|04:02,0.00039777260818313494,Cluster_2
02:07|13:01|03:04|12:02|03:01,0.0011933178245494048,Cluster_2
11:01|56:01|14:02|13:12|03:01,2.4860788011445934e-05,Cluster_2
11:01|35:12|07:02|16:02|04:01,2.4860788011445934e-05,Cluster_2
68:01|51:01|07:02|04:03|03:02,0.00039777260818313494,Cluster_2
24:02|35:01|04:01|12:02|03:01,0.0007955452163662699,Cluster_2
11:01|27:05|01:02|01:01|05:01,0.0007955452163662699,Cluster_2
33:03|13:01|07:02|12:02|03:01,2.4860788011445934e-05,Cluster_2
24:07|35:05|04:JKTU|04:03|03:02,4.972157602289187e-05,Cluster_2
03:01|40:02|01:02|08:01|04:02,0.00039777260818313494,Cluster_2
02:06|51:01|04:01|12:01|03:01,2.4860788011445934e-05,Cluster_2
02:06|15:25|04:03|12:02|03:01,0.0007955452163662699,Cluster_2
02:01|54:01|01:02|08:02|04:02,0.00039777260818313494,Cluster_2
29:02|57:01|06:02|01:02|05:01,0.00039777260818313494,Cluster_2
33:03|27:04|12:02|15:01|06:02,9.944315204578374e-05,Cluster_2
01:01|08:01|07:01|13:03|06:04,2.4860788011445934e-05,Cluster_2
11:01|07:02|07:02|04:05|03:01,2.4860788011445934e-05,Cluster_2
11:01|44:02|05:01|04:01|03:01,0.0011933178245494237,Cluster_2
11:01|18:02|07:04|12:02|03:01,0.0015910904327325372,Cluster_2
01:01|51:01|12:03|01:01|05:01,0.00039777260818313494,Cluster_2
02:03|48:01|08:03|14:01|05:02,0.0007955452163662699,Cluster_2
11:01|15:13|08:01|15:01|05:02,0.00039777260818313494,Cluster_2
02:06|51:01|03:03|12:01|03:01,2.4860788011445934e-05,Cluster_2
01:01|27:05|02:02|12:02|03:01,0.00039777260818313494,Cluster_2
11:02|15:18|07:04|04:01|06:02,0.00039777260818313494,Cluster_2
68:01|18:01|07:01|04:03|03:01,2.4860788011445934e-05,Cluster_2
31:01|40:02|15:02|15:01|03:01,2.4860788011445934e-05,Cluster_2
02:01|18:01|05:01|11:03|04:02,4.972157602289187e-05,Cluster_2
02:01|08:01|15:02|14:01|05:03,4.972157602289187e-05,Cluster_2
24:07|38:02|07:02|15:02|05:02,0.0006931585391169561,Cluster_2
24:02|35:03|04:01|04:01|03:01,2.4860788011445934e-05,Cluster_2
01:01|41:02|07:01|13:03|03:01,2.4860788011445934e-05,Cluster_2
26:01|44:03|16:01|04:01|06:02,2.4860788011445934e-05,Cluster_2
31:01|51:01|15:02|13:01|06:03,0.00039777260818313494,Cluster_2
11:01|51:01|14:02|13:12|03:03,2.4860788011445934e-05,Cluster_2
29:01|07:05|15:05|15:02|05:01,0.00039777260818313494,Cluster_2
33:03|58:01|03:02|12:02|03:01,0.0015910904327325398,Cluster_2
02:01|35:03|16:02|04:08|05:03,2.4860788011445934e-05,Cluster_2
29:02|14:02|08:02|11:04|03:02,2.4860788011445934e-05,Cluster_2
24:07|15:25|04:03|15:02|05:01,0.0011935569721194831,Cluster_2
34:01|15:21|04:03|12:02|03:01,0.0026765968630144766,Cluster_2
01:01|49:01|17:01|12:01|05:02,2.4860788011445934e-05,Cluster_2
01:01|52:01|12:02|11:01|03:01,0.00039777260818313494,Cluster_2
24:02|18:01|07:04|12:02|03:01,0.0054719998514163645,Cluster_2
02:07|51:01|14:02|15:02|05:02,0.00039777260818313494,Cluster_2
25:04|51:01|14:02|11:03|03:01,2.4860788011445934e-05,Cluster_2
74:01|40:01|03:04|15:04|05:02,0.00039777260818313494,Cluster_2
34:01|15:25|04:03|12:02|03:01,0.0004440110959095433,Cluster_2
24:02|45:01|16:01|14:04|05:03,2.4860788011445934e-05,Cluster_2
24:02|35:03|07:02|04:01|03:01,2.4860788011445934e-05,Cluster_2
24:07|40:01|04:JKTU|04:03|03:01,4.972157602289187e-05,Cluster_2
03:01|07:02|07:02|04:04|03:02,2.4860788011445934e-05,Cluster_2
32:01|49:01|04:03|12:02|06:04,2.4860788011445934e-05,Cluster_2
02:06|15:18|07:04|08:02|03:01,2.4860788011445934e-05,Cluster_2
29:02|50:01|05:01|04:01|03:01,2.4860788011445934e-05,Cluster_2
03:01|40:01|12:02|15:01|03:03,2.0019242865763517e-05,Cluster_3
30:02|51:01|16:01|10:01|05:01,2.0019242865763517e-05,Cluster_3
11:01|40:06|08:03|04:03|03:02,2.0019242865763517e-05,Cluster_3
24:02|07:05|14:02|11:06|03:01,0.00032030788585221627,Cluster_3
33:03|52:01|12:02|04:07|05:01,2.0019242865763517e-05,Cluster_3
23:01|41:01|08:02|15:03|03:03,2.0019242865763517e-05,Cluster_3
02:06|40:01|03:04|08:03|06:01,0.00032030788585221627,Cluster_3
01:01|08:01|07:01|04:05|04:01,0.00032030788585221627,Cluster_3
33:03|35:01|03:258|04:06|06:01,2.0019242865763517e-05,Cluster_3
24:02|35:01|03:03|09:01|03:03,0.0009609236575566489,Cluster_3
02:03|39:09|07:02|04:05|03:02,0.0003203078858522194,Cluster_3
32:01|08:01|07:02|10:01|05:01,2.0019242865763517e-05,Cluster_3
24:07|48:01|08:01|04:03|03:02,0.00032030788585221627,Cluster_3
01:01|55:01|03:03|14:04|03:02,2.0019242865763517e-05,Cluster_3
02:11|52:01|12:02|04:07|03:02,2.0019242865763517e-05,Cluster_3
11:01|15:02|08:01|15:01|06:01,0.0022650807678814464,Cluster_3
02:03|38:02|07:02|15:02|05:02,0.000334644009753276,Cluster_3
02:01|13:01|04:03|15:02|05:01,0.00032030788585221627,Cluster_3
02:01|46:01|01:02|15:01|06:02,2.1124447637726886e-06,Cluster_3
02:01|49:01|07:01|13:01|06:03,0.00032030788585221735,Cluster_3
02:03|40:01|12:03|04:05|05:02,2.0019242865763517e-05,Cluster_3
03:01|18:01|12:03|11:04|06:03,2.0019242865763517e-05,Cluster_3
31:01|50:01|06:02|14:01|06:03,2.0019242865763517e-05,Cluster_3
11:01|14:02|08:02|15:03|03:02,2.0019242865763517e-05,Cluster_3
23:01|51:01|16:02|15:02|02:01,2.0019242865763517e-05,Cluster_3
26:01|07:02|07:02|16:01|05:02,0.00032030788585221627,Cluster_3
11:01|56:01|01:02|16:02|05:01,0.00032030788585221627,Cluster_3
34:01|44:03|07:01|10:01|05:01,0.00032030788585221627,Cluster_3
01:01|35:02|04:01|11:04|06:03,0.0006406157717044325,Cluster_3
11:01|18:02|07:04|13:02|06:09,4.0038485731527034e-05,Cluster_3
01:01|51:02|06:02|14:01|05:02,4.0038485731527034e-05,Cluster_3
03:01|15:25|04:01|15:02|05:01,2.0019242865763517e-05,Cluster_3
24:02|55:02|01:02|16:02|05:02,0.0003203078858522162,Cluster_3
23:01|41:01|06:02|13:01|06:02,2.0019242865763517e-05,Cluster_3
24:02|51:02|15:02|12:02|06:01,2.0019242865763517e-05,Cluster_3
02:07|18:01|08:01|04:04|06:10,2.0019242865763517e-05,Cluster_3
33:03|35:05|07:01|15:02|03:02,2.0019242865763517e-05,Cluster_3
30:01|53:01|08:02|10:01|05:01,4.0038485731527034e-05,Cluster_3
11:01|37:01|01:02|10:01|05:01,8.007697146305407e-05,Cluster_3
02:ACKBY|46:01|01:03|09:01|06:01,4.0038485731527034e-05,Cluster_3
02:03|15:35|07:02|14:01|05:03,0.0003057050310685463,Cluster_3
02:07|35:05|04:01|04:03|05:02,2.0019242865763517e-05,Cluster_3
24:02|51:01|14:02|10:01|05:01,0.00032030788585221627,Cluster_3
24:07|35:05|04:01|04:05|05:03,0.00032030788585221627,Cluster_3
02:01|40:06|15:02|15:02|06:01,0.001281231543408865,Cluster_3
02:03|55:02|12:03|16:02|04:01,2.0019242865763517e-05,Cluster_3
24:02|51:01|15:02|08:02|04:02,0.00032030788585221627,Cluster_3
33:03|40:02|15:02|14:15|05:03,0.00032030788585221627,Cluster_3
66:01|41:01|17:01|15:02|05:01,2.0019242865763517e-05,Cluster_3
11:01|54:01|01:02|16:02|05:02,0.0003203078400399432,Cluster_3
30:01|44:02|03:02|04:05|04:01,2.0019242865763517e-05,Cluster_3
24:07|07:05|07:02|14:04|05:03,8.007697146305407e-05,Cluster_3
23:01|07:02|07:02|15:03|03:02,2.0019242865763517e-05,Cluster_3
34:01|15:141|12:03|14:01|06:74,2.0019242865763517e-05,Cluster_3
33:03|48:01|08:01|15:06|05:02,0.00032030788585221627,Cluster_3
02:01|44:03|15:02|14:15|05:01,2.0019242865763517e-05,Cluster_3
03:01|40:01|08:02|11:01|05:02,2.0019242865763517e-05,Cluster_3
33:03|58:01|03:02|13:02|06:09,0.005749375166999864,Cluster_3
23:01|58:02|06:02|13:01|03:03,2.0019242865763517e-05,Cluster_3
01:01|15:17|07:01|15:01|06:01,0.00032030788585221627,Cluster_3
02:CAVH|40:CAVMH|07:CAVPF|14:54|06:BYFKE,0.00016015394292610813,Cluster_3
24:02|44:02|07:04|15:01|06:02,0.0003202947937406354,Cluster_3
24:02|15:25|12:03|16:01|05:01,2.0019242865763517e-05,Cluster_3
02:01|56:01|01:02|15:01|06:02,0.0003726467389293856,Cluster_3
02:07|40:01|07:02|09:01|03:03,0.00032212284400909486,Cluster_3
01:01|55:01|07:26|04:03|03:02,2.0019242865763517e-05,Cluster_3
32:01|44:02|05:01|13:02|04:01,2.0019242865763517e-05,Cluster_3
02:01|51:01|16:02|16:01|05:02,4.0038485731527034e-05,Cluster_3
11:02|27:04|12:02|09:01|03:03,0.0016015394292610815,Cluster_3
02:11|35:01|04:01|04:06|03:02,2.0019242865763517e-05,Cluster_3
11:04|18:02|07:04|13:02|06:09,0.00032030788585221627,Cluster_3
02:01|44:02|05:01|01:01|05:01,0.0011409735828781904,Cluster_3
11:01|40:10|12:02|08:03|06:01,0.00032030788585221627,Cluster_3
33:03|40:06|07:02|15:01|05:01,2.0019242865763517e-05,Cluster_3
24:02|55:02|12:03|08:03|06:01,0.0006406157717044325,Cluster_3
25:01|41:01|17:01|07:01|03:03,2.0019242865763517e-05,Cluster_3
30:01|13:02|06:02|07:01|02:01,0.0009609236575566489,Cluster_3
68:01|40:06|07:02|15:01|06:01,4.0038485731527034e-05,Cluster_3
02:03|52:01|07:02|04:03|03:02,0.00033855489197712635,Cluster_3
02:03|40:01|03:03|16:02|05:02,0.00032971120841437186,Cluster_3
34:01|58:01|04:01|14:04|05:03,0.00032026536906341787,Cluster_3
02:03|15:32|17:01|15:02|05:01,2.0019242865763517e-05,Cluster_3
24:02|15:32|12:03|15:02|06:01,0.00032030788585221627,Cluster_3
30:01|42:02|03:04|12:01|05:01,2.0019242865763517e-05,Cluster_3
68:01|15:05|12:09|15:02|05:03,0.00032030788585221627,Cluster_3
32:01|35:03|04:01|14:01|05:01,2.0019242865763517e-05,Cluster_3
02:03|48:01|03:04|15:01|06:02,2.0019242865763517e-05,Cluster_3
31:01|52:01|12:02|04:03|03:02,0.00032030788539225336,Cluster_3
03:01|55:01|03:04|12:01|05:01,2.0019242865763517e-05,Cluster_3
68:01|44:03|16:01|01:03|05:01,2.0019242865763517e-05,Cluster_3
02:05|58:01|12:02|15:02|06:01,2.0019242865763517e-05,Cluster_3
11:01|40:01|07:02|14:05|05:03,0.0016015394292610815,Cluster_3
68:01|39:06|07:02|09:01|03:03,0.00016015394292610813,Cluster_3
32:01|51:01|14:02|15:02|06:01,0.0006406157742239252,Cluster_3
33:03|54:01|01:02|04:05|04:01,0.0003115737790414456,Cluster_3
11:01|73:01|03:03|01:02|03:02,2.0019242865763517e-05,Cluster_3
24:07|38:02|07:02|15:01|05:02,0.0009609236575566489,Cluster_3
24:02|38:01|12:03|15:02|06:01,0.00032030788585221627,Cluster_3
24:02|14:02|08:02|01:02|05:01,0.0006405855922325588,Cluster_3
02:01|44:02|05:01|04:02|03:02,0.0003203078858522162,Cluster_3
02:03|27:05|03:04|14:07|06:02,2.0019242865763517e-05,Cluster_3
34:01|40:01|12:02|04:05|04:02,0.0003203078858513894,Cluster_3
02:01|41:01|17:01|07:01|03:03,2.0019242865763517e-05,Cluster_3
11:01|44:02|05:01|13:01|06:03,0.00032030788585221714,Cluster_3
32:01|49:01|07:01|14:01|04:01,2.0019242865763517e-05,Cluster_3
02:05|18:01|04:01|14:01|06:02,2.0019242865763517e-05,Cluster_3
33:03|55:02|03:03|08:03|06:01,0.00032030788585221627,Cluster_3
31:01|51:02|12:03|08:12|05:02,2.0019242865763517e-05,Cluster_3
26:01|55:02|01:02|08:03|06:01,0.00032030788585221627,Cluster_3
31:01|40:02|03:03|15:01|06:02,4.0038485731527034e-05,Cluster_3
33:03|58:01|03:02|15:02|05:01,0.00032030788585221627,Cluster_3
26:01|15:01|04:01|13:02|06:04,0.00032030788585221627,Cluster_3
01:01|27:05|06:02|04:04|03:02,4.0038485731527034e-05,Cluster_3
02:01|35:01|04:01|13:01|06:03,0.00032030788585221627,Cluster_3
11:01|13:01|04:06|15:02|05:02,0.00032030788585221627,Cluster_3
02:06|15:02|08:01|15:01|06:01,0.0012812311722782477,Cluster_3
33:03|44:03|04:01|15:02|03:02,2.0019242865763517e-05,Cluster_3
34:01|51:01|04:01|04:05|04:01,0.001994405340676574,Cluster_3
24:02|35:03|04:01|13:01|06:03,0.0006406157717044325,Cluster_3
02:01|18:01|17:01|10:01|05:01,2.0019242865763517e-05,Cluster_3
34:01|15:21|04:03|15:02|05:01,0.0011645708556280064,Cluster_3
68:01|18:01|07:01|04:02|03:05,0.0003203078858521559,Cluster_3
01:01|15:01|03:03|14:01|05:03,0.0009609236575560057,Cluster_3
02:01|40:01|03:04|16:02|05:02,0.0006406157717044322,Cluster_3
01:01|15:25|07:26|04:03|05:03,2.0019242865763517e-05,Cluster_3
11:02|14:02|07:02|13:02|05:02,2.0019242865763517e-05,Cluster_3
30:01|07:02|07:02|13:02|06:04,0.00032030788585221627,Cluster_3
24:02|38:01|04:01|15:02|05:01,2.0019242865763517e-05,Cluster_3
30:01|13:02|06:02|09:01|03:03,0.0006406157717044325,Cluster_3
33:03|35:03|04:01|08:02|04:02,0.00032030788585221627,Cluster_3
23:01|07:02|16:02|15:02|02:01,2.0019242865763517e-05,Cluster_3
33:03|44:02|05:01|01:01|03:02,2.0019242865763517e-05,Cluster_3
29:01|07:05|15:05|10:01|05:01,0.008968620803862057,Cluster_3
02:01|54:01|01:02|04:03|03:02,0.0009609236575566487,Cluster_3
31:01|40:06|08:03|14:04|05:03,2.0019242865763517e-05,Cluster_3
34:05|07:05|12:02|08:03|06:01,0.0003203078858522162,Cluster_3
24:07|40:01|03:04|10:01|05:01,0.00032030788585221627,Cluster_3
31:01|15:32|12:03|12:02|05:02,2.0019242865763517e-05,Cluster_3
24:02|07:02|07:02|15:01|06:02,0.0034493554607496306,Cluster_3
68:01|51:01|15:02|04:01|03:02,0.00032030788585221627,Cluster_3
11:01|54:01|01:02|04:05|04:01,0.0012812315434087966,Cluster_3
02:01|44:02|05:01|04:04|03:02,0.0006406157717061528,Cluster_3
01:01|35:03|04:01|10:01|05:01,0.0009609236575566962,Cluster_3
24:07|51:01|14:02|16:02|05:02,0.00032030788585221627,Cluster_3
01:01|18:01|12:02|04:03|05:01,4.0038485731527034e-05,Cluster_3
03:01|35:03|12:03|14:01|06:03,2.0019242865763517e-05,Cluster_3
11:01|49:01|07:01|13:02|06:04,0.00032030788585221627,Cluster_3
03:01|27:04|08:01|15:01|06:01,2.0019242865763517e-05,Cluster_3
02:01|57:01|06:02|09:01|03:03,0.00032030788585221627,Cluster_3
02:03|40:01|04:01|12:02|05:02,0.00032030788585221627,Cluster_3
30:02|41:01|16:01|08:01|05:01,2.0019242865763517e-05,Cluster_3
24:02|39:01|07:02|09:01|03:03,0.0006406157717044324,Cluster_3
02:11|40:12|07:02|15:03|06:02,2.0019242865763517e-05,Cluster_3
03:01|40:01|08:01|09:01|03:03,2.0019242865763517e-05,Cluster_3
01:01|15:01|04:01|13:01|06:03,0.00032030788585221627,Cluster_3
24:02|51:02|12:03|12:02|06:01,2.0019242865763517e-05,Cluster_3
34:01|38:01|07:02|14:01|06:74,2.0019242865763517e-05,Cluster_3
02:06|48:01|03:02|04:07|04:01,2.0019242865763517e-05,Cluster_3
11:02|14:02|07:02|11:01|05:02,2.0019242865763517e-05,Cluster_3
30:02|15:02|05:01|15:01|06:10,2.0019242865763517e-05,Cluster_3
24:02|15:13|08:01|04:05|04:01,0.00032030788585221627,Cluster_3
02:A|46:01|01:02|08:03|06:01,4.0038485731527034e-05,Cluster_3
03:01|18:01|12:03|04:02|03:02,2.0019242865763517e-05,Cluster_3
23:01|58:02|06:02|13:01|06:02,2.0019242865763517e-05,Cluster_3
33:03|27:04|12:02|15:01|03:03,2.0019242865763517e-05,Cluster_3
33:CAUVS|44:BZEGX|07:CAVPC|07:BMSUC|02:CAVTA,0.00032030788585221627,Cluster_3
33:03|40:01|08:01|09:01|03:03,2.0019242865763517e-05,Cluster_3
24:02|52:01|07:01|15:01|05:02,0.0006406157717043997,Cluster_3
24:02|51:01|16:02|14:04|05:03,0.0003203078840879799,Cluster_3
11:01|51:01|14:02|09:01|03:03,0.0003385549222113486,Cluster_3
26:01|39:01|02:02|16:02|05:02,4.0038485731527034e-05,Cluster_3
33:03|58:01|03:02|14:04|05:03,0.00032030788585221627,Cluster_3
24:07|15:35|07:02|15:02|05:02,0.0004467606563093346,Cluster_3
34:01|35:01|12:02|15:01|06:02,0.00032030788585221627,Cluster_3
24:02|39:01|08:02|14:01|05:02,0.00016015394292610813,Cluster_3
24:02|39:01|07:02|14:01|05:02,0.00016015394292610813,Cluster_3
24:02|44:02|05:01|04:01|03:02,0.00032030788585221627,Cluster_3
26:01|73:01|03:03|04:03|05:01,2.0019242865763517e-05,Cluster_3
11:01|15:35|07:02|15:02|05:02,0.006844534059144198,Cluster_3
11:01|52:01|07:02|15:01|05:02,0.0006406157717044325,Cluster_3
11:01|18:01|07:01|08:01|04:02,0.00032030788585221627,Cluster_3
11:01|54:01|07:02|04:05|04:01,0.0006406157717044325,Cluster_3
02:06|39:09|07:02|04:06|03:02,0.00032030788585221627,Cluster_3
02:01|27:05|01:02|01:01|05:01,0.0006804049031217455,Cluster_3
01:01|37:01|15:02|15:01|05:02,4.0038485731527034e-05,Cluster_3
33:03|44:03|14:03|08:03|06:01,0.0009609236575566489,Cluster_3
11:01|07:02|08:01|15:02|06:01,1.5035520515349702e-05,Cluster_3
03:01|44:02|05:01|15:01|06:02,0.00041310415542313245,Cluster_3
66:01|41:02|17:01|04:04|04:02,0.00032030788585221627,Cluster_3
24:02|15:05|03:03|14:01|05:03,0.00032030788585221627,Cluster_3
24:02|15:32|12:03|12:02|06:01,2.0019242865763517e-05,Cluster_3
30:01|44:02|05:01|13:02|04:01,2.0019242865763517e-05,Cluster_3
02:11|07:02|07:02|15:03|06:02,2.0019242865763517e-05,Cluster_3
30:01|35:01|04:01|15:02|06:01,8.007697146305407e-05,Cluster_3
02:11|52:01|12:02|01:01|05:01,2.0019242865763517e-05,Cluster_3
11:01|15:25|04:03|15:01|05:02,0.0025624630868176343,Cluster_3
03:01|38:01|12:03|16:01|05:02,2.0019242865763517e-05,Cluster_3
32:01|40:06|04:01|10:01|05:01,2.0019242865763517e-05,Cluster_3
02:01|46:01|01:02|15:02|05:02,0.0003203078858522089,Cluster_3
11:01|55:01|03:03|07:01|03:03,0.0002832922450441884,Cluster_3
31:01|40:06|16:02|04:03|03:02,2.0019242865763517e-05,Cluster_3
24:02|38:01|07:02|14:01|06:74,2.0019242865763517e-05,Cluster_3
24:07|48:01|08:01|04:05|05:03,0.0006406157717044318,Cluster_3
31:01|48:01|08:03|04:03|03:02,2.0019242865763517e-05,Cluster_3
02:A|46:01|01:03|09:01|03:03,4.0038485731527034e-05,Cluster_3
02:06|40:06|08:01|15:02|05:02,0.00032030788585221627,Cluster_3
01:01|35:03|04:01|13:02|06:04,0.0006406157717044325,Cluster_3
02:03|38:02|07:02|04:03|03:02,0.0006406157717044325,Cluster_3
23:01|58:01|07:01|01:01|06:02,2.0019242865763517e-05,Cluster_3
02:06|15:21|04:03|15:02|06:01,0.00032030788585221627,Cluster_3
11:01|51:01|15:02|14:01|05:03,0.0006406157717040802,Cluster_3
34:01|40:02|15:02|15:02|05:01,0.0006406157717044325,Cluster_3
02:03|40:01|07:02|09:01|03:03,0.0006340895659958021,Cluster_3
34:01|15:141|07:02|14:01|06:74,2.0019242865763517e-05,Cluster_3
03:01|35:03|04:01|15:02|06:01,0.00032030788585221627,Cluster_3
24:02|49:01|07:01|13:02|06:04,0.0006406288638160136,Cluster_3
02:01|15:11|03:03|04:03|03:02,0.00032030788585221627,Cluster_3
33:03|51:01|15:02|11:04|03:02,2.0019242865763517e-05,Cluster_3
03:01|15:25|03:03|04:03|03:02,2.0019242865763517e-05,Cluster_3
31:01|18:01|07:01|13:01|06:03,0.00032030788585221627,Cluster_3
33:03|58:01|03:258|04:06|06:01,2.0019242865763517e-05,Cluster_3
24:02|55:01|03:03|11:03|03:01,0.00032030788585221627,Cluster_3
24:02|40:06|08:01|08:03|06:01,0.0009609236575566489,Cluster_3
02:06|54:01|01:02|04:05|04:01,0.00016015394292610813,Cluster_3
24:02|55:01|01:02|13:01|06:03,0.0006406157717044325,Cluster_3
24:02|56:01|07:04|14:01|05:02,2.0019242865763517e-05,Cluster_3
34:01|55:02|01:02|11:05|06:02,0.00032030788585221627,Cluster_3
33:03|57:04|15:02|16:02|05:03,2.0019242865763517e-05,Cluster_3
33:03|40:01|12:02|09:01|03:03,2.0019242865763517e-05,Cluster_3
68:01|44:02|07:04|07:01|03:03,0.00032030788585221627,Cluster_3
03:01|35:03|06:02|14:01|06:03,2.0019242865763517e-05,Cluster_3
23:01|58:01|04:01|11:01|06:02,2.0019242865763517e-05,Cluster_3
11:01|48:01|08:01|14:05|05:03,0.00032030788585221627,Cluster_3
03:01|49:01|07:01|01:01|05:04,0.00032030788585221627,Cluster_3
02:07|46:01|01:02|08:03|06:01,0.006085849831191632,Cluster_3
26:01|48:01|08:01|04:05|04:01,0.00032030788585221627,Cluster_3
02:03|18:01|15:02|15:01|06:01,0.00032030788585221627,Cluster_3
03:01|38:01|04:01|16:01|05:01,2.0019242865763517e-05,Cluster_3
02:01|07:05|07:02|15:01|05:02,0.00032030788585221627,Cluster_3
31:01|67:01|12:03|04:05|03:02,0.0006406157717044325,Cluster_3
02:01|38:02|07:02|15:02|05:02,0.001374110954526494,Cluster_3
01:01|48:01|03:04|14:07|05:03,2.0019242865763517e-05,Cluster_3
32:01|58:01|03:02|04:05|06:09,2.0019242865763517e-05,Cluster_3
30:02|18:01|05:01|04:04|06:10,2.0019242865763517e-05,Cluster_3
03:01|27:05|07:02|11:04|03:01,0.00032030788585221627,Cluster_3
02:03|51:02|06:02|14:01|05:02,4.0038485731527034e-05,Cluster_3
11:01|27:04|12:02|14:01|06:01,0.00032030788585221627,Cluster_3
68:01|51:01|16:02|14:04|05:03,4.0038485731527034e-05,Cluster_3
02:06|51:01|14:02|09:01|03:03,0.0003203078858488793,Cluster_3
24:07|35:05|04:01|15:02|05:01,0.002932480021444786,Cluster_3
26:01|52:01|12:02|04:01|03:02,0.0006406157717044325,Cluster_3
02:11|44:02|05:01|01:01|03:02,2.0019242865763517e-05,Cluster_3
02:01|15:01|03:03|13:01|06:03,0.0006883698849514054,Cluster_3
33:03|27:04|12:02|14:10|05:03,0.00032030788585221627,Cluster_3
11:01|15:12|07:02|15:02|05:02,0.00032030788585221627,Cluster_3
34:GWR|15:21|07:CAVPF|15:BFBXD|05:CAVTE,0.00032030788585221627,Cluster_3
30:02|41:01|17:01|10:01|05:01,2.0019242865763517e-05,Cluster_3
02:01|51:02|14:02|09:01|03:03,0.00032030788585221627,Cluster_3
02:03|13:01|04:03|15:02|05:01,0.0006406157717044325,Cluster_3
02:03|15:02|08:01|15:02|05:01,6.52620570863059e-06,Cluster_3
01:01|48:01|01:02|14:07|05:03,2.0019242865763517e-05,Cluster_3
02:03|48:01|03:04|16:02|05:02,0.00032030788585221627,Cluster_3
74:01|58:02|08:02|13:01|03:03,2.0019242865763517e-05,Cluster_3
32:01|40:02|02:02|16:01|05:02,4.0038485731527034e-05,Cluster_3
33:03|15:06|01:02|15:02|03:03,8.007697146305407e-05,Cluster_3
03:01|35:01|04:BCZHN|14:04|05:01,2.0019242865763517e-05,Cluster_3
03:02|18:01|15:02|07:01|02:02,0.0019218473151132978,Cluster_3
24:02|15:24|03:03|04:05|03:02,0.00032030788585221627,Cluster_3
11:01|15:02|08:16|16:02|05:02,0.00032030788585199433,Cluster_3
02:01|53:01|04:01|13:02|06:04,0.00032030788585221556,Cluster_3
31:01|49:01|07:01|14:01|04:01,2.0019242865763517e-05,Cluster_3
24:02|58:01|03:02|13:02|06:09,0.0006406157717044325,Cluster_3
33:03|15:02|08:01|04:05|04:01,0.0002832922430362573,Cluster_3
24:02|13:01|03:04|09:01|03:03,0.0004908875972131445,Cluster_3
02:01|14:02|08:02|13:02|06:09,0.00032030788585221627,Cluster_3
11:01|13:01|04:03|14:04|05:03,0.0006406157695198274,Cluster_3
32:01|55:01|01:02|10:01|05:01,0.0006406157717044325,Cluster_3
68:02|14:02|08:02|04:03|03:02,2.0019242865763517e-05,Cluster_3
01:01|07:02|07:02|08:01|04:02,0.0006132917719226652,Cluster_3
34:01|15:35|07:02|11:01|03:01,0.0006406157717044184,Cluster_3
02:05|52:01|07:01|16:01|05:02,2.0019242865763517e-05,Cluster_3
29:01|27:05|02:02|01:01|05:01,0.00032030788585221627,Cluster_3
11:01|35:01|04:01|14:04|05:03,0.00032030788585221627,Cluster_3
33:03|15:01|04:01|04:06|03:02,0.00032030788585221627,Cluster_3
24:02|51:01|14:02|12:01|04:02,8.007697146305407e-05,Cluster_3
02:07|44:03|07:01|15:02|03:02,2.0019242865763517e-05,Cluster_3
11:01|15:02|08:01|14:05|05:02,0.00032030788585221627,Cluster_3
02:01|51:01|16:04|15:03|06:03,4.0038485731527034e-05,Cluster_3
03:01|51:01|14:02|04:01|03:02,0.00032030788585221627,Cluster_3
02:03|52:01|07:02|04:05|04:01,0.00032030788585221627,Cluster_3
02:11|07:02|04:04|04:03|03:02,2.0019242865763517e-05,Cluster_3
24:10|35:01|04:01|15:01|06:02,0.00032030788585221627,Cluster_3
11:01|40:02|07:02|08:03|06:01,0.00032030788585221627,Cluster_3
24:02|07:02|07:02|04:02|03:02,0.0006406157878007877,Cluster_3
11:01|56:01|07:04|14:04|05:02,2.0019242865763517e-05,Cluster_3
33:03|27:04|08:01|09:01|03:03,2.0019242865763517e-05,Cluster_3
32:01|35:03|04:01|01:01|04:01,2.0019242865763517e-05,Cluster_3
02:06|59:01|01:02|04:05|06:02,0.00016015394292610813,Cluster_3
11:01|07:05|07:02|04:05|04:01,0.00032030788585221627,Cluster_3
01:01|48:01|01:02|14:07|06:02,2.0019242865763517e-05,Cluster_3
01:01|35:01|04:01|04:03|03:02,0.0006406157717044325,Cluster_3
02:03|48:01|01:02|15:01|06:02,2.0019242865763517e-05,Cluster_3
23:01|44:03|04:01|14:01|03:02,4.0038485731527034e-05,Cluster_3
11:01|13:01|03:04|09:01|03:03,0.0018280313077060951,Cluster_3
02:ACKBY|46:01|01:03|08:03|03:03,4.0038485731527034e-05,Cluster_3
24:02|40:01|03:04|14:05|05:03,0.00032030788585221627,Cluster_3
33:03|15:11|03:03|09:01|03:03,0.00032030788585221627,Cluster_3
26:01|35:01|03:03|04:06|03:02,0.00032030788585221627,Cluster_3
02:03|13:01|03:04|15:01|06:01,0.001281231543408865,Cluster_3
11:01|07:02|07:02|01:01|05:01,0.0003586462481800986,Cluster_3
01:01|07:02|07:02|04:07|03:01,0.00032030788585221627,Cluster_3
68:01|38:01|12:03|13:01|06:03,0.00032030788585221627,Cluster_3
68:01|51:01|07:02|15:01|06:01,4.0038485731527034e-05,Cluster_3
31:01|40:02|03:04|11:01|03:01,0.00032030788585221627,Cluster_3
03:01|35:01|14:02|01:01|05:01,2.0019242865763517e-05,Cluster_3
11:02|40:01|08:02|11:01|05:02,2.0019242865763517e-05,Cluster_3
11:02|40:01|07:02|11:01|05:02,2.0019242865763517e-05,Cluster_3
01:01|35:08|04:01|10:01|05:01,0.00032030788585216894,Cluster_3
03:01|27:04|12:02|09:01|06:01,2.0019242865763517e-05,Cluster_3
30:01|18:01|07:04|15:02|05:02,0.00032030788585221627,Cluster_3
02:11|40:06|15:02|14:04|06:01,0.00032030788585221627,Cluster_3
34:01|15:01|03:03|04:10|04:02,0.00032030788585221627,Cluster_3
23:01|51:01|15:05|09:01|02:01,2.0019242865763517e-05,Cluster_3
66:01|15:32|12:03|04:05|05:01,2.0019242865763517e-05,Cluster_3
24:02|38:01|12:03|15:01|06:74,2.0019242865763517e-05,Cluster_3
24:07|52:01|07:01|09:01|03:03,0.00032030788585222717,Cluster_3
01:01|39:06|07:02|08:01|04:02,0.00032033743058287406,Cluster_3
11:02|15:01|12:02|14:01|05:01,0.0003202883343939907,Cluster_3
26:08|45:01|06:02|15:01|06:02,0.00032030788585221627,Cluster_3
31:01|35:03|07:01|14:01|04:01,2.0019242865763517e-05,Cluster_3
30:02|51:01|17:01|08:01|04:02,2.0019242865763517e-05,Cluster_3
01:01|18:01|12:03|04:03|03:02,4.0038485731527034e-05,Cluster_3
30:02|15:02|05:01|15:01|03:02,2.0019242865763517e-05,Cluster_3
30:01|42:02|17:01|08:01|05:01,2.0019242865763517e-05,Cluster_3
11:01|13:01|03:04|14:01|05:02,0.00041412389325745544,Cluster_3
11:01|18:01|07:02|14:04|05:03,0.00016015394292610813,Cluster_3
11:01|40:01|07:02|04:05|04:01,0.0012800397048151348,Cluster_3
24:02|13:01|03:04|15:02|05:02,0.00032030788585221627,Cluster_3
23:01|35:01|04:01|14:01|05:03,4.0038485731527034e-05,Cluster_3
02:06|40:01|03:02|04:05|04:01,2.0019242865763517e-05,Cluster_3
02:03|48:01|03:04|15:01|05:03,2.0019242865763517e-05,Cluster_3
34:01|38:01|12:03|14:01|06:74,2.0019242865763517e-05,Cluster_3
68:01|44:03|07:01|13:01|06:03,0.00032030788585221616,Cluster_3
11:02|14:02|08:02|13:02|05:02,2.0019242865763517e-05,Cluster_3
11:01|14:02|01:02|04:03|03:02,2.0019242865763517e-05,Cluster_3
34:01|38:02|07:02|15:02|05:01,0.0007224373579206824,Cluster_3
02:03|27:05|03:04|14:07|05:03,2.0019242865763517e-05,Cluster_3
68:01|35:03|12:03|14:01|05:03,0.0006406157717044318,Cluster_3
33:03|40:06|18:01|16:02|05:02,2.0019242865763517e-05,Cluster_3
26:01|51:01|16:04|16:01|05:02,4.0038485731527034e-05,Cluster_3
03:01|35:03|06:02|13:01|06:03,2.0019242865763517e-05,Cluster_3
33:03|48:01|03:02|04:07|04:01,2.0019242865763517e-05,Cluster_3
02:06|39:04|07:02|09:01|03:03,0.00032030788585221627,Cluster_3
24:10|40:01|12:02|04:06|03:02,0.00016015394292610813,Cluster_3
11:01|15:35|07:02|04:03|03:02,0.0016015394292598502,Cluster_3
26:02|48:01|03:04|09:01|03:03,0.00032030788585221627,Cluster_3
02:05|18:01|04:01|14:01|05:03,2.0019242865763517e-05,Cluster_3
01:01|07:05|04:01|15:02|06:01,4.0038485731527034e-05,Cluster_3
30:01|13:02|06:02|10:01|05:01,0.0006406157717044325,Cluster_3
74:01|42:01|08:02|10:01|05:01,4.0038485731527034e-05,Cluster_3
02:03|38:02|07:02|16:02|05:02,0.0012812312722467515,Cluster_3
23:01|58:02|08:02|15:03|03:03,2.0019242865763517e-05,Cluster_3
11:01|14:02|08:02|04:03|03:02,2.0019242865763517e-05,Cluster_3
74:01|58:02|08:02|13:01|06:02,2.0019242865763517e-05,Cluster_3
03:01|40:01|08:02|13:02|06:09,2.0019242865763517e-05,Cluster_3
03:01|18:01|12:03|04:02|06:03,2.0019242865763517e-05,Cluster_3
02:01|07:02|07:02|15:01|05:02,0.00032030788585221627,Cluster_3
11:01|35:01|04:01|14:01|05:03,0.00033769339337504165,Cluster_3
32:01|40:02|02:02|04:05|05:03,0.00032030788585221627,Cluster_3
24:02|51:06|14:02|15:01|06:01,0.00032030788585221627,Cluster_3
31:01|40:02|03:04|15:01|06:02,4.0038485731527034e-05,Cluster_3
31:01|67:01|07:02|14:01|05:02,0.00032030788585221627,Cluster_3
11:02|14:02|08:02|11:01|05:02,2.0019242865763517e-05,Cluster_3
26:01|55:02|01:02|11:01|03:01,0.00032030788585221627,Cluster_3
03:01|50:01|06:02|14:01|06:03,2.0019242865763517e-05,Cluster_3
02:01|40:01|03:04|01:01|05:01,0.0006945485714062205,Cluster_3
23:01|52:01|12:02|15:02|06:01,2.0019242865763517e-05,Cluster_3
24:02|15:141|12:03|15:01|06:74,2.0019242865763517e-05,Cluster_3
01:01|57:01|06:02|15:02|06:01,0.00016015394292610813,Cluster_3
11:01|56:01|07:04|14:01|05:02,2.0019242865763517e-05,Cluster_3
23:01|18:01|02:02|14:01|06:02,2.0019242865763517e-05,Cluster_3
32:01|51:01|01:02|08:01|04:02,0.00032030788585221627,Cluster_3
02:05|52:01|07:01|15:02|06:01,2.0019242865763517e-05,Cluster_3
11:01|18:02|07:04|04:06|03:02,4.0038485731527034e-05,Cluster_3
01:01|07:05|07:02|15:02|06:01,4.0038485731527034e-05,Cluster_3
23:01|58:01|07:01|16:01|06:01,2.0019242865763517e-05,Cluster_3
03:01|51:01|16:01|10:01|05:01,2.0019242865763517e-05,Cluster_3
01:01|37:01|06:02|15:01|05:02,4.0038485731527034e-05,Cluster_3
02:01|15:27|04:01|04:06|03:02,0.00028882882390201696,Cluster_3
68:01|39:06|08:02|09:01|03:03,0.00016015394292610813,Cluster_3
30:01|15:01|03:04|13:02|06:04,0.00032030788585221627,Cluster_3
02:01|51:01|15:02|04:02|03:02,0.00032030788585221627,Cluster_3
24:07|18:01|07:01|15:02|05:01,0.000320307885852221,Cluster_3
02:07|15:02|08:01|15:01|06:10,2.0019242865763517e-05,Cluster_3
11:01|18:02|16:02|04:06|03:02,4.0038485731527034e-05,Cluster_3
02:06|51:BCZHE|14:02|14:04|05:01,2.0019242865763517e-05,Cluster_3
11:01|18:01|07:02|04:03|05:03,0.00016015394292610813,Cluster_3
11:01|27:05|01:02|10:01|05:01,8.007697146305407e-05,Cluster_3
23:01|44:03|04:01|04:04|05:03,4.0038485731527034e-05,Cluster_3
23:01|07:02|04:04|04:03|06:02,2.0019242865763517e-05,Cluster_3
11:01|51:01|07:04|13:02|06:09,4.0038485731527034e-05,Cluster_3
24:07|40:01|04:01|04:03|03:02,0.0009978546963512486,Cluster_3
24:02|15:02|08:01|16:02|05:02,0.000960923657555196,Cluster_3
02:05|52:01|12:02|16:01|06:01,2.0019242865763517e-05,Cluster_3
32:01|40:02|12:03|16:02|05:02,4.0038485731527034e-05,Cluster_3
02:05|53:01|04:01|14:01|06:02,2.0019242865763517e-05,Cluster_3
01:01|27:05|08:02|04:04|03:02,4.0038485731527034e-05,Cluster_3
68:01|51:01|16:02|14:04|06:01,4.0038485731527034e-05,Cluster_3
11:01|73:01|03:03|01:02|05:01,2.0019242865763517e-05,Cluster_3
01:01|07:02|07:02|16:01|05:02,0.00032030788585221627,Cluster_3
02:03|55:02|12:03|16:02|05:02,2.0019242865763517e-05,Cluster_3
30:01|58:01|05:01|04:05|04:01,2.0019242865763517e-05,Cluster_3
02:01|56:01|01:02|04:03|03:02,0.00032030788585221627,Cluster_3
32:01|40:02|12:03|16:01|05:02,4.0038485731527034e-05,Cluster_3
02:01|51:01|14:02|14:01|05:03,0.00032030788585218423,Cluster_3
31:01|44:03|04:01|14:01|05:03,4.0038485731527034e-05,Cluster_3
11:01|27:04|07:02|15:01|03:02,4.0038485731527034e-05,Cluster_3
01:01|44:03|07:02|16:01|05:02,2.0019242865763517e-05,Cluster_3
24:07|15:21|04:03|15:02|06:01,0.00032030788585221627,Cluster_3
24:02|15:05|03:03|14:04|05:03,0.0009609236575566489,Cluster_3
02:06|35:01|04:BCZHN|14:04|05:01,2.0019242865763517e-05,Cluster_3
34:01|58:01|03:02|10:01|05:01,0.0006406157717044325,Cluster_3
02:03|18:01|07:01|15:01|05:02,0.00032030788585221627,Cluster_3
02:11|51:01|07:02|15:01|05:03,4.0038485731527034e-05,Cluster_3
33:03|44:03|07:01|15:02|05:03,0.00032030788585221627,Cluster_3
33:03|08:01|04:01|10:01|06:01,2.0019242865763517e-05,Cluster_3
23:01|52:01|12:02|14:01|05:03,0.00032030788585221627,Cluster_3
11:02|15:27|04:01|09:01|03:03,0.00032030788585221627,Cluster_3
02:01|55:01|01:02|15:01|06:02,0.0003203078854179024,Cluster_3
24:CAVJJ|15:CAVKV|04:CAVNU|04:06|03:CAVTB,0.0006406157717044325,Cluster_3
68:01|40:06|15:02|14:15|05:03,2.0019242865763517e-05,Cluster_3
31:01|51:02|15:02|08:12|06:01,2.0019242865763517e-05,Cluster_3
11:01|56:01|01:02|15:01|05:02,0.0006406157717044325,Cluster_3
32:01|35:03|07:01|14:01|05:01,2.0019242865763517e-05,Cluster_3
24:02|15:141|07:02|15:01|06:74,2.0019242865763517e-05,Cluster_3
31:01|48:01|16:02|04:03|05:03,2.0019242865763517e-05,Cluster_3
01:01|40:01|06:02|15:01|06:01,0.00032030788585221627,Cluster_3
26:01|40:01|03:04|09:01|03:03,0.00032030788585183246,Cluster_3
24:02|55:02|01:02|04:05|04:01,0.0009609236575566489,Cluster_3
33:03|51:01|15:02|11:04|06:03,2.0019242865763517e-05,Cluster_3
33:03|15:06|16:02|15:02|03:03,8.007697146305407e-05,Cluster_3
02:01|57:01|06:02|07:01|03:03,0.0012234969602798328,Cluster_3
33:03|48:01|03:02|04:05|03:02,2.0019242865763517e-05,Cluster_3
26:01|55:02|01:02|14:04|05:03,0.00032030788585221627,Cluster_3
24:02|40:06|14:02|14:04|05:03,0.00032030788585221627,Cluster_3
11:01|58:01|03:02|13:02|06:09,0.00032030788585221627,Cluster_3
32:01|15:25|04:03|10:01|05:01,4.0038485731527034e-05,Cluster_3
02:07|35:05|04:01|15:02|05:02,2.0019242865763517e-05,Cluster_3
26:01|73:01|15:05|01:02|05:01,2.0019242865763517e-05,Cluster_3
03:01|51:01|12:03|04:02|03:02,2.0019242865763517e-05,Cluster_3
34:01|15:35|07:02|04:05|03:01,0.0006406157717044325,Cluster_3
33:03|44:02|05:01|01:01|05:01,2.0019242865763517e-05,Cluster_3
02:11|51:01|16:02|15:02|06:01,0.00032030788585221627,Cluster_3
02:07|38:02|07:02|16:02|05:02,0.00035478099558222675,Cluster_3
01:01|14:01|06:02|04:04|04:02,4.0038485731527034e-05,Cluster_3
01:01|18:01|07:01|09:01|03:03,0.00032030788585221627,Cluster_3
02:11|35:01|03:258|04:06|06:01,2.0019242865763517e-05,Cluster_3
31:01|59:01|01:02|04:03|03:02,0.0006406157717044325,Cluster_3
02:06|15:11|03:03|09:01|03:03,0.00032030788585221627,Cluster_3
24:02|40:06|08:01|15:02|06:02,0.00032030788585221627,Cluster_3
02:01|40:01|03:04|04:04|03:02,0.0015200031490077298,Cluster_3
31:01|15:32|15:02|12:02|06:01,2.0019242865763517e-05,Cluster_3
33:03|58:01|04:01|04:06|06:01,2.0019242865763517e-05,Cluster_3
11:01|15:32|12:03|08:03|06:01,0.00032030788585221627,Cluster_3
30:01|55:01|17:01|12:01|05:01,2.0019242865763517e-05,Cluster_3
03:01|51:BCZHE|14:02|14:04|05:01,2.0019242865763517e-05,Cluster_3
26:01|27:05|01:02|01:01|05:01,0.0009536159023619347,Cluster_3
23:01|58:02|08:02|15:03|06:02,2.0019242865763517e-05,Cluster_3
33:03|58:01|03:02|15:01|06:02,0.00032030788585221627,Cluster_3
02:06|35:01|14:02|01:01|05:01,2.0019242865763517e-05,Cluster_3
11:02|40:01|07:02|15:01|03:02,0.00032030788585221627,Cluster_3
32:01|40:06|04:01|15:01|05:01,2.0019242865763517e-05,Cluster_3
02:06|40:01|04:01|09:01|03:03,0.0006406157717043021,Cluster_3
02:01|18:01|01:02|07:01|03:03,4.0038485731527034e-05,Cluster_3
24:02|15:18|08:01|15:02|05:02,0.00032030788585221627,Cluster_3
03:01|55:01|01:02|10:01|05:01,0.00032030788585221627,Cluster_3
03:01|42:02|03:04|12:01|05:01,2.0019242865763517e-05,Cluster_3
02:01|51:01|16:02|15:03|05:02,4.0038485731527034e-05,Cluster_3
30:02|45:01|16:01|10:01|05:01,8.007697146305407e-05,Cluster_3
23:01|40:12|07:02|15:03|03:02,2.0019242865763517e-05,Cluster_3
33:03|40:06|04:01|15:01|05:01,2.0019242865763517e-05,Cluster_3
33:03|15:06|16:02|07:01|03:03,8.007697146305407e-05,Cluster_3
01:01|51:01|14:02|13:01|06:03,0.0006406157717044325,Cluster_3
24:02|51:02|15:02|08:12|06:01,2.0019242865763517e-05,Cluster_3
66:01|41:01|12:03|04:05|05:01,2.0019242865763517e-05,Cluster_3
03:01|51:BCZHE|14:02|01:01|05:03,2.0019242865763517e-05,Cluster_3
68:02|14:02|08:02|15:03|06:02,2.0019242865763517e-05,Cluster_3
02:03|55:02|12:03|04:05|04:01,2.0019242865763517e-05,Cluster_3
03:01|51:01|17:01|08:01|05:01,2.0019242865763517e-05,Cluster_3
31:01|44:03|07:01|07:01|03:03,0.00032030788585221627,Cluster_3
24:02|40:06|03:04|10:01|05:01,0.000320307885852215,Cluster_3
11:01|51:02|15:02|14:01|05:03,0.00032030788585221627,Cluster_3
31:01|40:02|02:02|07:01|03:03,0.00032030788585221627,Cluster_3
68:01|51:01|16:02|15:01|05:03,4.0038485731527034e-05,Cluster_3
11:01|40:06|07:02|04:02|06:01,4.0038485731527034e-05,Cluster_3
02:07|46:01|01:03|09:01|03:03,0.0035233867443743793,Cluster_3
34:01|15:35|07:02|15:02|05:02,0.005355757735232076,Cluster_3
11:01|27:05|02:02|13:02|06:04,0.0006406157717044325,Cluster_3
24:02|15:35|08:01|15:02|05:01,0.002242155200965638,Cluster_3
03:01|38:01|04:01|15:02|05:02,2.0019242865763517e-05,Cluster_3
24:02|40:01|03:04|08:03|06:01,0.0006887942075658106,Cluster_3
11:01|35:03|14:02|04:01|03:02,4.0038485731527034e-05,Cluster_3
11:03|52:01|07:02|11:06|03:01,0.00032030788585221627,Cluster_3
24:02|15:141|12:03|14:01|05:03,2.0019242865763517e-05,Cluster_3
02:11|07:02|04:04|15:03|06:02,2.0019242865763517e-05,Cluster_3
03:01|52:01|12:02|14:04|05:03,0.00017252210875198928,Cluster_3
02:01|07:02|07:02|16:01|05:02,0.00032030788585221627,Cluster_3
01:01|51:02|06:02|15:01|05:02,4.0038485731527034e-05,Cluster_3
02:03|40:02|03:04|04:03|03:02,0.00032030788585221627,Cluster_3
31:01|54:01|01:02|15:01|06:02,0.0003203078858084663,Cluster_3
24:02|37:01|06:02|01:01|05:01,0.0003203078858516869,Cluster_3
24:10|35:30|04:01|12:02|05:02,0.0019218473151132978,Cluster_3
31:01|27:05|02:02|08:01|04:02,0.00026088808330189254,Cluster_3
03:01|40:06|15:02|16:02|05:02,2.0019242865763517e-05,Cluster_3
02:07|18:01|08:01|04:04|03:02,2.0019242865763517e-05,Cluster_3
03:01|40:01|12:02|15:01|06:01,2.0019242865763517e-05,Cluster_3
24:02|48:01|07:02|15:02|05:02,0.00032030788585221627,Cluster_3
74:01|53:01|17:01|10:01|05:01,4.0038485731527034e-05,Cluster_3
02:11|07:02|07:02|04:03|06:02,2.0019242865763517e-05,Cluster_3
02:11|58:01|03:258|15:01|03:02,2.0019242865763517e-05,Cluster_3
03:01|40:06|18:01|16:02|05:03,2.0019242865763517e-05,Cluster_3
23:01|51:01|15:05|15:02|06:01,2.0019242865763517e-05,Cluster_3
24:02|54:01|01:02|04:05|04:01,0.004466039079446111,Cluster_3
11:01|15:01|03:03|14:01|05:02,0.00022649187844697716,Cluster_3
68:01|07:02|07:02|15:01|05:02,0.0009609236575566489,Cluster_3
02:01|49:01|07:01|10:01|05:01,8.007697146305407e-05,Cluster_3
02:05|58:01|07:01|15:02|06:01,2.0019242865763517e-05,Cluster_3
24:07|15:12|04:03|04:05|04:02,0.00032030788585221627,Cluster_3
31:01|51:02|15:02|09:01|03:03,0.00032030788585221627,Cluster_3
30:02|49:01|16:01|10:01|05:01,8.007697146305407e-05,Cluster_3
33:03|51:01|15:02|04:02|03:02,2.0019242865763517e-05,Cluster_3
02:06|48:01|03:02|04:05|03:02,2.0019242865763517e-05,Cluster_3
01:01|35:03|12:03|14:01|05:03,0.00032030788585221627,Cluster_3
02:06|40:01|15:02|14:01|05:02,0.00032030788585221627,Cluster_3
32:01|58:01|03:02|13:02|04:01,2.0019242865763517e-05,Cluster_3
02:01|13:01|03:04|15:01|06:02,0.00032030788585221627,Cluster_3
33:03|52:01|05:01|01:01|03:02,2.0019242865763517e-05,Cluster_3
02:03|55:02|12:03|04:05|05:02,2.0019242865763517e-05,Cluster_3
36:01|53:01|04:01|11:01|05:01,2.0019242865763517e-05,Cluster_3
23:01|51:01|15:05|15:02|02:01,2.0019242865763517e-05,Cluster_3
25:01|18:01|17:01|07:01|05:01,2.0019242865763517e-05,Cluster_3
02:01|44:03|15:02|14:15|05:03,2.0019242865763517e-05,Cluster_3
11:01|40:06|16:02|04:03|05:03,2.0019242865763517e-05,Cluster_3
11:01|14:02|01:02|15:03|06:02,2.0019242865763517e-05,Cluster_3
34:05|40:02|07:02|15:02|05:01,2.6950345424972098e-05,Cluster_3
24:02|40:01|07:02|15:01|06:02,0.0015550534352976892,Cluster_3
02:01|18:01|12:03|13:01|06:03,0.00032030788585221627,Cluster_3
02:01|18:01|17:01|10:01|03:03,2.0019242865763517e-05,Cluster_3
23:01|58:01|04:01|01:01|05:01,2.0019242865763517e-05,Cluster_3
03:01|57:04|15:02|16:02|05:02,2.0019242865763517e-05,Cluster_3
02:01|55:01|04:01|15:01|06:02,0.0003203078172650878,Cluster_3
31:01|55:01|01:02|04:03|06:01,8.007697146305407e-05,Cluster_3
02:03|48:01|01:02|15:01|05:03,2.0019242865763517e-05,Cluster_3
02:07|15:02|08:01|15:01|03:02,2.0019242865763517e-05,Cluster_3
03:01|51:BCZHE|04:BCZHN|14:04|05:01,2.0019242865763517e-05,Cluster_3
33:03|44:03|04:01|04:03|05:02,2.0019242865763517e-05,Cluster_3
33:03|57:04|18:01|16:02|05:03,2.0019242865763517e-05,Cluster_3
33:03|44:02|05:01|04:07|03:02,2.0019242865763517e-05,Cluster_3
02:01|44:03|15:02|01:03|05:01,2.0019242865763517e-05,Cluster_3
24:CAVJJ|38:CAVM|04:BCZH|15:BFBXD|05:CAVTE,0.00016015394292610813,Cluster_3
31:01|51:01|14:02|04:06|03:02,0.00032030788585221627,Cluster_3
31:01|15:18|04:01|01:01|05:01,0.00032030788585221627,Cluster_3
11:01|15:01|04:01|15:06|05:02,0.0006406157717044325,Cluster_3
31:01|15:32|12:03|08:12|05:02,2.0019242865763517e-05,Cluster_3
02:01|18:01|01:02|07:01|06:02,4.0038485731527034e-05,Cluster_3
33:03|07:02|07:02|01:01|05:01,8.734106810770687e-06,Cluster_3
03:01|15:25|12:03|16:01|05:01,2.0019242865763517e-05,Cluster_3
23:01|58:01|12:02|16:01|06:01,2.0019242865763517e-05,Cluster_3
02:06|40:01|03:02|04:07|04:01,2.0019242865763517e-05,Cluster_3
03:01|15:25|07:26|04:03|05:03,2.0019242865763517e-05,Cluster_3
68:01|15:32|12:03|10:01|05:01,0.00032030788585221627,Cluster_3
32:01|44:02|05:01|04:05|04:01,2.0019242865763517e-05,Cluster_3
68:01|44:03|16:01|01:03|05:03,2.0019242865763517e-05,Cluster_3
24:02|18:01|07:04|14:01|05:03,2.0019242865763517e-05,Cluster_3
11:01|35:01|04:01|15:01|06:02,0.000640615771704069,Cluster_3
02:06|52:01|12:02|15:02|06:01,0.0011988420925235146,Cluster_3
11:01|55:01|03:03|01:01|05:01,0.00037927887973994445,Cluster_3
02:06|27:05|16:02|15:01|06:02,0.00032030788585221627,Cluster_3
11:01|56:01|01:02|01:03|05:01,0.00032030788585221627,Cluster_3
11:01|15:02|08:01|09:01|03:03,0.0050750721928417685,Cluster_3
02:07|46:01|01:02|14:54|05:02,0.00256246308681773,Cluster_3
32:01|15:25|04:03|15:02|05:01,4.0038485731527034e-05,Cluster_3
02:01|51:01|02:02|13:01|06:03,0.00032030788585223345,Cluster_3
24:02|35:01|04:AKWXK|04:03|03:02,0.00032030788585221627,Cluster_3
02:01|15:01|05:01|07:01|06:02,4.0038485731527034e-05,Cluster_3
03:01|57:04|18:01|16:02|05:02,2.0019242865763517e-05,Cluster_3
24:02|51:02|12:03|08:12|06:01,2.0019242865763517e-05,Cluster_3
26:01|51:06|14:02|15:01|06:01,0.00032030788585221627,Cluster_3
68:02|14:02|01:02|04:03|06:02,2.0019242865763517e-05,Cluster_3
11:01|07:05|07:02|14:04|05:03,0.0006406157717044325,Cluster_3
25:01|18:01|12:03|10:01|05:01,2.0019242865763517e-05,Cluster_3
11:01|15:01|04:01|08:03|06:01,0.00032030788585221627,Cluster_3
03:01|55:01|07:26|14:04|05:03,2.0019242865763517e-05,Cluster_3
24:02|15:02|08:01|13:01|06:03,0.00041412386835638004,Cluster_3
02:01|15:02|08:01|08:03|06:01,0.00032030788585221627,Cluster_3
03:01|50:01|12:03|14:01|06:03,2.0019242865763517e-05,Cluster_3
02:01|35:01|04:01|14:01|05:03,0.0010198971142388862,Cluster_3
24:02|56:01|01:02|04:01|03:02,0.00032030788585221627,Cluster_3
30:02|51:01|16:01|08:01|04:02,2.0019242865763517e-05,Cluster_3
11:01|15:02|08:01|14:01|05:02,0.0006406157717044325,Cluster_3
02:01|40:01|07:01|13:02|06:04,0.00016015394292610813,Cluster_3
11:02|40:01|08:02|13:02|06:09,2.0019242865763517e-05,Cluster_3
11:02|40:01|07:02|13:02|06:09,2.0019242865763517e-05,Cluster_3
24:02|15:02|08:01|15:01|06:01,0.0007933698003079689,Cluster_3
03:01|14:02|08:02|01:01|05:01,0.0006406157717044325,Cluster_3
02:01|15:13|08:01|13:02|06:09,0.00032030788585221627,Cluster_3
02:03|41:01|17:01|04:05|05:01,2.0019242865763517e-05,Cluster_3
24:02|52:01|12:02|15:01|06:02,0.0006406157717044334,Cluster_3
24:02|51:02|14:02|15:02|06:01,0.00032030788585221627,Cluster_3
11:01|35:01|03:03|15:01|06:02,0.0006406157717044325,Cluster_3
30:01|35:01|04:01|15:02|04:02,8.007697146305407e-05,Cluster_3
01:01|27:05|03:04|14:07|06:02,2.0019242865763517e-05,Cluster_3
11:01|52:01|14:02|04:01|03:02,4.0038485731527034e-05,Cluster_3
26:01|15:07|15:05|01:02|03:02,2.0019242865763517e-05,Cluster_3
02:07|35:05|04:01|04:03|03:02,2.0019242865763517e-05,Cluster_3
02:11|51:01|14:02|04:02|03:02,0.00032030788585221627,Cluster_3
24:02|39:06|07:02|01:01|05:01,0.00032030788585221627,Cluster_3
30:02|41:01|16:01|10:01|05:01,2.0019242865763517e-05,Cluster_3
11:01|40:01|03:04|12:01|03:02,0.0006406157717044325,Cluster_3
24:02|38:02|07:02|16:02|05:02,0.0006061426619744222,Cluster_3
66:01|41:01|17:01|04:05|02:01,2.0019242865763517e-05,Cluster_3
23:01|18:01|02:02|14:01|05:03,2.0019242865763517e-05,Cluster_3
24:02|15:32|12:03|08:12|06:01,2.0019242865763517e-05,Cluster_3
31:01|51:01|14:02|15:01|06:02,0.0002933024565582295,Cluster_3
24:02|35:03|12:03|07:01|03:03,0.00032030788585221627,Cluster_3
26:01|44:03|14:03|08:03|06:01,0.00032030788585221627,Cluster_3
02:01|18:01|07:01|13:02|06:04,0.00016015394292610813,Cluster_3
24:02|15:07|03:03|04:03|03:02,0.0009609236575566489,Cluster_3
01:01|08:01|07:01|04:05|03:02,0.0006406157717044325,Cluster_3
31:01|50:01|06:02|14:01|05:03,2.0019242865763517e-05,Cluster_3
34:01|27:06|04:01|04:05|04:01,0.0003203078781097786,Cluster_3
11:01|51:01|16:02|13:02|06:09,4.0038485731527034e-05,Cluster_3
02:01|40:01|07:02|14:01|05:02,0.00032030788585221627,Cluster_3
02:05|44:02|05:01|01:01|05:01,0.00032030788585221627,Cluster_3
33:03|13:01|03:02|15:01|06:01,0.00032030788585221627,Cluster_3
02:11|52:01|12:02|04:07|05:01,2.0019242865763517e-05,Cluster_3
01:01|18:01|12:03|04:03|05:01,4.0038485731527034e-05,Cluster_3
11:01|53:01|04:01|13:02|06:09,0.00032030788585221627,Cluster_3
32:01|08:01|04:01|10:01|06:01,2.0019242865763517e-05,Cluster_3
03:01|51:01|12:03|04:02|06:03,2.0019242865763517e-05,Cluster_3
24:07|38:02|07:02|11:01|06:01,0.00032030788585221627,Cluster_3
34:01|55:02|01:02|08:03|06:01,0.00032030788585217675,Cluster_3
32:01|44:05|02:02|04:07|03:01,0.00032030788585221627,Cluster_3
32:01|35:03|07:01|01:01|04:01,2.0019242865763517e-05,Cluster_3
11:01|51:02|15:02|04:06|03:02,0.0006406157717044325,Cluster_3
02:06|40:01|03:04|15:01|06:02,0.00030017038674227405,Cluster_3
30:01|55:01|03:04|08:01|05:01,2.0019242865763517e-05,Cluster_3
11:01|15:21|04:03|15:02|06:01,0.0013802369857318908,Cluster_3
24:02|35:30|04:01|12:02|05:02,0.00032030788585221627,Cluster_3
74:01|53:01|17:01|13:02|05:01,4.0038485731527034e-05,Cluster_3
02:05|53:01|04:01|14:01|05:03,2.0019242865763517e-05,Cluster_3
02:01|15:13|08:01|15:02|05:01,0.0003203078858522509,Cluster_3
02:01|18:01|05:01|12:01|06:02,4.0038485731527034e-05,Cluster_3
02:06|35:01|14:02|01:01|05:03,2.0019242865763517e-05,Cluster_3
02:05|14:01|08:02|04:04|03:02,4.0038485731527034e-05,Cluster_3
24:02|18:01|04:10|14:04|05:03,2.0019242865763517e-05,Cluster_3
02:03|15:02|08:01|15:01|05:02,0.0009609236172113765,Cluster_3
03:01|40:01|08:01|09:01|06:01,2.0019242865763517e-05,Cluster_3
02:11|15:01|07:02|15:02|06:01,4.0038485731527034e-05,Cluster_3
02:05|53:01|02:02|14:01|06:02,2.0019242865763517e-05,Cluster_3
02:07|18:01|05:01|15:01|06:10,2.0019242865763517e-05,Cluster_3
11:01|56:01|04:10|14:04|05:03,2.0019242865763517e-05,Cluster_3
33:03|27:04|12:02|15:01|06:01,2.0019242865763517e-05,Cluster_3
33:03|40:01|08:01|09:01|06:01,2.0019242865763517e-05,Cluster_3
24:02|38:01|07:02|15:01|06:74,2.0019242865763517e-05,Cluster_3
24:07|15:02|08:01|14:04|05:03,0.00032030788585098543,Cluster_3
11:02|55:02|03:17|16:02|04:01,2.0019242865763517e-05,Cluster_3
02:01|15:01|04:01|08:01|04:02,0.00032030788585221627,Cluster_3
24:02|40:03|03:03|14:05|05:03,0.00032030788585221627,Cluster_3
24:02|48:01|03:03|14:07|05:02,0.00032030788585199433,Cluster_3
32:01|49:01|04:01|14:01|05:01,2.0019242865763517e-05,Cluster_3
02:11|52:01|05:01|01:01|03:02,2.0019242865763517e-05,Cluster_3
01:01|15:25|03:03|14:04|03:02,2.0019242865763517e-05,Cluster_3
24:02|48:01|08:01|15:02|03:02,0.00032030788585222554,Cluster_3
34:01|15:141|07:02|15:01|06:74,2.0019242865763517e-05,Cluster_3
11:01|37:01|06:02|10:01|05:01,0.00032030788585221627,Cluster_3
03:01|40:01|07:02|13:02|05:02,2.0019242865763517e-05,Cluster_3
24:07|15:35|12:02|15:02|05:02,0.00032030788585221627,Cluster_3
11:01|40:01|04:01|09:01|03:03,0.00032030788585221627,Cluster_3
02:01|40:02|03:04|04:06|05:03,0.00016015394292610813,Cluster_3
26:01|55:01|01:02|15:02|03:02,8.007697146305407e-05,Cluster_3
02:07|46:01|01:02|12:01|03:01,0.0004138088210388432,Cluster_3
24:10|18:02|07:04|09:01|03:03,0.00032030788585221627,Cluster_3
11:01|48:01|08:03|14:04|05:03,2.0019242865763517e-05,Cluster_3
30:01|44:02|05:01|04:05|04:01,2.0019242865763517e-05,Cluster_3
23:01|18:01|05:01|08:01|04:02,0.00032030788585221627,Cluster_3
02:07|35:30|04:01|15:01|05:01,0.00032030788585221627,Cluster_3
11:01|38:02|07:02|08:03|06:01,0.0003568019283362587,Cluster_3
24:02|38:02|07:02|15:01|05:03,0.0003203078455069439,Cluster_3
24:02|54:01|14:02|09:01|03:03,0.0006406157717044325,Cluster_3
32:01|44:02|02:02|13:01|06:03,0.00032030788585221627,Cluster_3
02:11|44:02|05:01|04:07|03:02,2.0019242865763517e-05,Cluster_3
74:01|42:01|17:01|13:02|05:01,4.0038485731527034e-05,Cluster_3
24:02|38:01|04:01|16:01|05:01,2.0019242865763517e-05,Cluster_3
11:01|18:01|07:XX|16:02|05:01,0.0003203078858522023,Cluster_3
26:01|15:18|07:04|09:01|03:03,0.00032030788585221627,Cluster_3
32:01|58:01|05:01|13:02|06:09,2.0019242865763517e-05,Cluster_3
33:03|40:06|18:01|14:04|05:03,2.0019242865763517e-05,Cluster_3
33:03|40:06|15:02|14:04|05:03,2.0019242865763517e-05,Cluster_3
32:01|35:01|02:02|10:01|05:01,4.0038485731527034e-05,Cluster_3
32:01|40:06|07:02|15:01|05:01,2.0019242865763517e-05,Cluster_3
02:A|46:01|01:03|09:01|06:01,4.0038485731527034e-05,Cluster_3
02:07|35:05|07:01|04:03|05:02,2.0019242865763517e-05,Cluster_3
33:03|40:06|07:02|15:01|06:01,2.0019242865763517e-05,Cluster_3
24:07|44:03|07:01|15:02|05:01,0.0006406157717044279,Cluster_3
02:01|51:01|02:02|04:04|03:02,0.00032030788585221627,Cluster_3
02:03|51:02|06:02|15:01|05:02,4.0038485731527034e-05,Cluster_3
24:02|35:05|07:02|14:04|05:03,8.007697146305407e-05,Cluster_3
11:01|51:01|14:02|04:03|03:02,0.0006406157717043721,Cluster_3
02:01|44:03|03:04|10:01|05:01,2.0019242865763517e-05,Cluster_3
30:02|18:01|05:01|04:04|03:02,2.0019242865763517e-05,Cluster_3
33:03|35:01|04:01|15:01|06:01,2.0019242865763517e-05,Cluster_3
02:01|13:02|06:02|04:10|04:02,0.00032030788585221627,Cluster_3
24:02|13:01|04:03|15:01|06:01,0.0009609235839681304,Cluster_3
11:01|52:01|07:02|15:02|06:01,0.001281231543408865,Cluster_3
02:01|27:05|02:02|08:01|04:02,0.00037972768840254006,Cluster_3
02:01|07:05|08:01|15:01|06:01,0.00032030788585221627,Cluster_3
11:01|15:32|12:03|04:06|03:02,0.00032030788585221627,Cluster_3
30:01|42:02|03:04|08:01|05:01,2.0019242865763517e-05,Cluster_3
02:11|58:01|04:01|04:06|03:02,2.0019242865763517e-05,Cluster_3
11:01|40:01|07:02|14:01|05:02,0.00032030788585221627,Cluster_3
11:02|55:02|03:17|16:02|05:02,2.0019242865763517e-05,Cluster_3
68:01|44:03|15:02|14:15|05:01,2.0019242865763517e-05,Cluster_3
03:01|55:01|03:04|08:01|05:01,2.0019242865763517e-05,Cluster_3
24:02|51:01|14:02|08:02|04:02,8.007697146305407e-05,Cluster_3
34:01|48:01|07:02|09:01|03:03,0.0007347543090616847,Cluster_3
01:01|15:25|07:26|14:04|03:02,2.0019242865763517e-05,Cluster_3
02:01|15:01|07:02|16:01|05:01,2.0019242865763517e-05,Cluster_3
25:01|18:01|12:03|10:01|03:03,2.0019242865763517e-05,Cluster_3
32:01|49:01|07:01|13:02|06:04,0.0009609105654450681,Cluster_3
24:02|18:01|04:10|14:01|05:03,2.0019242865763517e-05,Cluster_3
24:02|40:01|07:02|16:02|05:02,0.0006657301169066688,Cluster_3
33:03|40:01|12:02|09:01|06:01,2.0019242865763517e-05,Cluster_3
68:01|35:01|07:04|08:03|06:01,0.00032030788585221627,Cluster_3
32:01|40:06|07:02|10:01|05:01,2.0019242865763517e-05,Cluster_3
01:01|15:25|03:03|04:03|03:02,2.0019242865763517e-05,Cluster_3
33:03|51:01|15:02|04:02|06:03,2.0019242865763517e-05,Cluster_3
68:01|44:03|16:01|14:15|05:01,2.0019242865763517e-05,Cluster_3
33:03|08:01|07:02|10:01|06:01,2.0019242865763517e-05,Cluster_3
03:01|35:03|12:03|14:01|05:03,2.0019242865763517e-05,Cluster_3
02:01|13:01|03:04|16:02|05:02,0.0016015394292610815,Cluster_3
11:01|15:21|12:02|15:02|06:01,0.00032030788585221627,Cluster_3
26:01|51:01|16:04|15:03|05:02,4.0038485731527034e-05,Cluster_3
02:05|58:01|07:01|16:01|05:02,2.0019242865763517e-05,Cluster_3
02:06|37:01|06:02|10:01|05:01,0.0004026973367375672,Cluster_3
11:01|18:01|07:01|14:01|05:03,0.00032030788585221627,Cluster_3
02:06|35:01|03:03|04:05|04:01,0.00037046580329663196,Cluster_3
29:02|40:02|02:02|16:01|05:02,0.00032030788585221627,Cluster_3
23:01|49:01|07:01|13:01|06:03,0.00032030788585221524,Cluster_3
24:02|38:01|12:03|14:01|05:03,2.0019242865763517e-05,Cluster_3
33:03|44:02|12:02|01:01|03:02,2.0019242865763517e-05,Cluster_3
24:02|35:01|07:02|15:01|06:02,0.00032030788585221627,Cluster_3
24:02|51:01|14:02|16:02|05:02,0.0006406157717044325,Cluster_3
03:01|51:BCZHE|04:BCZHN|14:04|05:03,2.0019242865763517e-05,Cluster_3
03:01|35:01|04:BCZHN|14:04|05:03,2.0019242865763517e-05,Cluster_3
11:01|37:01|01:02|01:03|05:01,8.007697146305407e-05,Cluster_3
32:01|27:05|01:02|01:01|05:01,0.000144121405670551,Cluster_3
31:01|35:01|14:02|07:01|03:03,0.00032030788585221627,Cluster_3
24:02|13:01|03:04|15:01|05:02,0.0006406157717044236,Cluster_3
25:01|41:01|12:03|07:01|05:01,2.0019242865763517e-05,Cluster_3
03:01|27:05|01:02|01:01|05:01,0.0007843208756634992,Cluster_3
23:01|53:01|04:01|11:01|05:01,2.0019242865763517e-05,Cluster_3
31:01|51:01|14:02|12:01|03:01,0.00032030788585221627,Cluster_3
34:01|15:21|04:03|15:02|06:01,0.012072694220060104,Cluster_3
11:01|27:06|03:04|08:03|06:01,0.00032030788585221627,Cluster_3
33:03|35:05|04:01|04:03|05:02,2.0019242865763517e-05,Cluster_3
11:01|51:01|15:02|04:03|03:02,0.0003203078858525687,Cluster_3
34:01|27:04|12:02|04:03|03:02,0.00047003145106719324,Cluster_3
31:01|56:01|01:02|15:01|06:01,0.00016015394292610813,Cluster_3
24:02|15:25|04:01|15:02|05:02,2.0019242865763517e-05,Cluster_3
33:03|15:06|01:02|15:02|06:01,8.007697146305407e-05,Cluster_3
24:02|54:01|01:02|08:03|06:01,0.000960923703368922,Cluster_3
11:01|40:06|07:02|15:01|03:02,4.0038485731527034e-05,Cluster_3
24:03|44:05|02:02|11:04|03:01,0.0006406157717044325,Cluster_3
33:03|51:01|16:02|15:02|03:03,8.007697146305407e-05,Cluster_3
24:02|35:05|07:01|15:02|06:01,0.00032030788585221627,Cluster_3
02:01|39:05|07:02|04:07|03:02,0.00032030788585221627,Cluster_3
31:01|27:07|15:02|04:08|03:02,0.00032030788585221627,Cluster_3
11:01|15:07|03:03|04:03|03:02,2.0019242865763517e-05,Cluster_3
36:01|53:01|04:01|11:01|06:02,2.0019242865763517e-05,Cluster_3
24:07|15:13|08:01|14:04|05:03,0.0006406157717044325,Cluster_3
31:01|40:06|08:03|04:03|03:02,2.0019242865763517e-05,Cluster_3
24:02|13:01|02:02|14:05|05:03,0.00032030788585221627,Cluster_3
24:17|27:05|02:02|04:04|03:02,0.0006406157717044325,Cluster_3
02:07|35:01|04:03|10:01|05:01,4.0038485731527034e-05,Cluster_3
02:01|15:01|05:01|07:01|03:03,4.0038485731527034e-05,Cluster_3
30:02|51:01|17:01|10:01|04:02,2.0019242865763517e-05,Cluster_3
23:01|58:01|04:01|01:01|06:02,2.0019242865763517e-05,Cluster_3
23:01|49:01|07:01|04:03|03:05,0.0006406157717044325,Cluster_3
11:04|51:02|15:02|15:02|05:01,0.00032030788585221627,Cluster_3
11:01|39:01|07:02|15:02|06:01,0.00032030788585221627,Cluster_3
24:02|38:01|07:02|14:01|05:03,2.0019242865763517e-05,Cluster_3
11:01|35:03|14:02|13:01|03:02,4.0038485731527034e-05,Cluster_3
03:01|35:01|14:02|01:01|05:03,2.0019242865763517e-05,Cluster_3
33:03|27:04|08:01|09:01|06:01,2.0019242865763517e-05,Cluster_3
11:01|15:01|04:01|11:01|03:02,0.0009609236575566489,Cluster_3
34:01|15:141|07:02|14:01|05:03,2.0019242865763517e-05,Cluster_3
36:01|53:01|04:01|01:01|05:01,2.0019242865763517e-05,Cluster_3
02:07|46:01|01:02|04:06|03:02,0.000960923657565774,Cluster_3
02:06|54:01|01:02|15:01|06:02,0.00016015394292610813,Cluster_3
31:01|51:01|14:02|08:02|04:02,8.007697146305407e-05,Cluster_3
02:01|54:01|04:01|07:01|03:03,0.00032030788585221627,Cluster_3
34:01|15:01|07:02|04:05|05:03,0.0006406157717044325,Cluster_3
02:07|51:01|14:02|14:01|05:02,0.00032030788585221627,Cluster_3
24:07|40:02|15:02|11:01|06:01,0.00039152915197927075,Cluster_3
11:01|73:01|15:05|04:03|03:02,2.0019242865763517e-05,Cluster_3
11:02|55:02|03:17|04:05|04:01,2.0019242865763517e-05,Cluster_3
24:02|56:01|04:10|14:04|05:03,2.0019242865763517e-05,Cluster_3
02:01|56:01|01:02|01:01|05:01,0.000267969032775047,Cluster_3
01:01|15:01|03:04|16:01|05:01,2.0019242865763517e-05,Cluster_3
11:01|15:02|08:01|10:01|05:01,0.00032030783232044264,Cluster_3
02:ACKBY|46:01|01:03|08:03|06:01,4.0038485731527034e-05,Cluster_3
34:01|15:21|04:03|04:03|03:02,0.0006903249247106194,Cluster_3
11:02|40:01|03:17|16:02|04:01,2.0019242865763517e-05,Cluster_3
01:01|35:01|03:03|04:04|03:02,0.00032030788585221627,Cluster_3
66:01|15:32|12:03|15:02|02:01,2.0019242865763517e-05,Cluster_3
11:01|52:01|14:02|04:01|06:03,4.0038485731527034e-05,Cluster_3
11:01|15:01|03:03|09:01|03:03,0.00041412389325745544,Cluster_3
02:03|40:01|04:03|08:03|06:01,0.00032030788585221627,Cluster_3
24:02|40:01|07:02|04:05|04:01,0.00041666474953115613,Cluster_3
02:01|07:02|07:02|01:03|05:01,0.00032030788585221627,Cluster_3
01:01|13:02|06:02|08:01|04:02,0.00032029713402074935,Cluster_3
25:01|44:02|05:01|04:01|03:02,0.0006406157717044325,Cluster_3
31:01|35:01|04:01|01:01|05:01,0.00037972768840254006,Cluster_3
23:01|53:01|04:01|15:01|05:03,2.0019242865763517e-05,Cluster_3
02:05|18:01|04:01|15:01|05:03,2.0019242865763517e-05,Cluster_3
34:01|15:141|12:03|15:01|06:74,2.0019242865763517e-05,Cluster_3
23:01|40:12|07:02|04:03|03:02,2.0019242865763517e-05,Cluster_3
02:01|15:01|07:02|10:01|05:02,2.0019242865763517e-05,Cluster_3
24:02|15:25|04:01|16:01|05:01,2.0019242865763517e-05,Cluster_3
11:01|55:01|03:03|13:01|06:03,0.000447844884512774,Cluster_3
01:01|44:03|03:04|10:01|05:01,2.0019242865763517e-05,Cluster_3
11:01|51:02|14:02|15:02|05:02,0.00032030788585221627,Cluster_3
01:01|55:01|03:03|14:04|05:03,2.0019242865763517e-05,Cluster_3
03:01|41:01|16:01|08:01|04:02,2.0019242865763517e-05,Cluster_3
02:07|18:01|05:01|15:01|03:02,2.0019242865763517e-05,Cluster_3
68:02|14:02|08:02|04:03|06:02,2.0019242865763517e-05,Cluster_3
24:07|35:05|07:02|14:04|05:03,8.007697146305407e-05,Cluster_3
24:02|07:02|07:02|13:01|06:03,0.0010134365841838048,Cluster_3
31:01|51:02|12:03|12:02|05:02,2.0019242865763517e-05,Cluster_3
24:07|15:01|03:03|04:03|03:02,0.00032030788585199076,Cluster_3
03:01|35:03|06:02|14:01|05:03,2.0019242865763517e-05,Cluster_3
24:07|15:35|07:02|11:01|06:01,0.0008897023910703983,Cluster_3
03:01|15:25|12:03|15:02|05:02,2.0019242865763517e-05,Cluster_3
24:07|18:01|07:04|15:14|05:02,0.00032030788585221627,Cluster_3
02:01|51:01|16:02|16:01|06:03,4.0038485731527034e-05,Cluster_3
02:06|52:01|12:02|14:54|05:03,0.0019218473151132978,Cluster_3
24:02|07:02|07:02|15:01|06:01,0.00032030788585221627,Cluster_3
02:01|40:23|03:04|09:01|05:02,0.00032030788585221627,Cluster_3
02:03|38:02|07:02|14:01|05:02,0.00032030788585221627,Cluster_3
24:07|15:25|04:03|16:02|05:02,0.0003125482372901038,Cluster_3
02:03|15:32|17:01|04:05|05:01,2.0019242865763517e-05,Cluster_3
23:01|18:01|02:02|15:01|06:02,2.0019242865763517e-05,Cluster_3
30:02|41:01|17:01|08:01|04:02,2.0019242865763517e-05,Cluster_3
11:01|40:06|16:02|14:04|03:02,2.0019242865763517e-05,Cluster_3
02:11|07:02|04:04|04:03|06:02,2.0019242865763517e-05,Cluster_3
25:01|41:01|12:03|10:01|05:01,2.0019242865763517e-05,Cluster_3
30:01|44:03|16:01|14:01|05:03,0.0003203078857425363,Cluster_3
11:01|15:07|15:05|01:02|03:02,2.0019242865763517e-05,Cluster_3
03:01|51:01|15:02|11:04|03:02,2.0019242865763517e-05,Cluster_3
34:01|40:01|04:01|04:03|03:02,0.0011885410272750906,Cluster_3
02:11|35:01|04:01|15:01|06:01,2.0019242865763517e-05,Cluster_3
24:02|13:01|03:04|15:01|06:10,0.00032030788585222516,Cluster_3
03:01|55:01|17:01|12:01|05:01,2.0019242865763517e-05,Cluster_3
02:01|18:01|05:01|12:01|03:03,4.0038485731527034e-05,Cluster_3
11:01|35:03|04:01|14:04|05:03,0.0003203078858524802,Cluster_3
24:02|15:141|07:02|14:01|05:03,2.0019242865763517e-05,Cluster_3
24:07|27:04|12:02|13:02|06:09,0.00032030788585221627,Cluster_3
11:01|18:01|07:04|14:04|05:02,2.0019242865763517e-05,Cluster_3
24:02|13:01|12:02|08:03|06:01,0.00031911604725842535,Cluster_3
32:01|35:01|04:01|14:04|05:03,0.0006406157717044325,Cluster_3
01:01|18:01|12:03|10:01|03:02,4.0038485731527034e-05,Cluster_3
24:02|40:06|08:01|15:01|06:02,0.00032030788585221627,Cluster_3
33:03|52:01|05:01|01:01|05:01,2.0019242865763517e-05,Cluster_3
32:01|35:01|02:02|15:02|05:01,4.0038485731527034e-05,Cluster_3
03:01|07:05|07:02|08:03|06:01,0.00032030788585221627,Cluster_3
11:01|40:01|03:04|15:01|06:02,0.00032030788585221627,Cluster_3
03:01|55:01|17:01|08:01|04:02,2.0019242865763517e-05,Cluster_3
11:01|48:01|16:02|04:03|03:02,2.0019242865763517e-05,Cluster_3
02:06|55:01|01:02|13:01|06:03,0.00032030788585221627,Cluster_3
01:01|27:05|03:04|14:07|05:03,2.0019242865763517e-05,Cluster_3
02:03|13:01|03:04|09:01|03:03,0.00013276241894076278,Cluster_3
02:01|44:03|07:02|16:01|05:01,2.0019242865763517e-05,Cluster_3
01:01|15:01|07:02|16:01|05:01,2.0019242865763517e-05,Cluster_3
26:01|51:01|16:02|09:01|06:01,2.0019242865763517e-05,Cluster_3
34:01|51:01|04:01|15:02|05:02,0.0009609236575566489,Cluster_3
02:05|53:01|04:01|15:01|06:02,2.0019242865763517e-05,Cluster_3
24:07|27:06|03:04|04:05|04:02,0.0003203078858458107,Cluster_3
02:11|51:01|07:02|15:01|06:01,4.0038485731527034e-05,Cluster_3
11:02|55:02|03:17|04:05|05:02,2.0019242865763517e-05,Cluster_3
23:01|53:01|04:01|15:01|06:02,2.0019242865763517e-05,Cluster_3
24:02|38:01|12:03|16:01|05:01,2.0019242865763517e-05,Cluster_3
02:05|18:01|04:01|15:01|06:02,2.0019242865763517e-05,Cluster_3
02:11|44:02|05:01|01:01|05:01,2.0019242865763517e-05,Cluster_3
24:33|51:06|12:04|07:01|03:03,0.00032030788585221627,Cluster_3
03:01|18:01|12:03|10:01|05:01,0.00032030788585221627,Cluster_3
02:01|15:25|04:03|14:10|05:03,0.0006406157717044325,Cluster_3
68:01|27:04|07:02|15:01|06:01,4.0038485731527034e-05,Cluster_3
24:02|55:01|01:02|15:02|05:01,0.00032030788585221627,Cluster_3
24:02|27:06|01:02|13:13|03:01,0.00032030788585221627,Cluster_3
02:01|40:01|03:04|09:01|03:03,0.00032030770484637493,Cluster_3
33:03|44:02|05:01|04:07|05:01,2.0019242865763517e-05,Cluster_3
02:07|46:01|01:02|04:05|04:02,0.00032030788585221627,Cluster_3
11:01|46:01|01:02|08:03|06:01,0.0009609236575566489,Cluster_3
02:11|44:02|12:02|01:01|03:02,2.0019242865763517e-05,Cluster_3
02:06|51:BCZHE|14:02|14:04|05:03,2.0019242865763517e-05,Cluster_3
26:01|40:02|03:04|15:14|05:02,0.00032030788585221627,Cluster_3
24:02|07:02|07:02|01:01|05:01,0.0047503625054044945,Cluster_3
03:01|15:25|04:01|16:01|05:02,2.0019242865763517e-05,Cluster_3
25:01|41:01|17:01|10:01|05:01,2.0019242865763517e-05,Cluster_3
31:01|15:32|15:02|08:12|06:01,2.0019242865763517e-05,Cluster_3
11:01|14:02|08:02|15:03|06:02,2.0019242865763517e-05,Cluster_3
11:01|14:02|01:02|04:03|06:02,2.0019242865763517e-05,Cluster_3
68:01|55:01|01:02|15:06|05:02,0.00032030788585221627,Cluster_3
31:01|35:01|04:01|04:04|03:02,4.0038485731527034e-05,Cluster_3
31:01|35:03|12:03|13:01|06:03,2.0019242865763517e-05,Cluster_3
02:07|15:02|05:01|04:04|06:10,2.0019242865763517e-05,Cluster_3
32:01|58:01|05:01|04:05|06:09,2.0019242865763517e-05,Cluster_3
32:01|49:01|04:01|01:01|04:01,2.0019242865763517e-05,Cluster_3
25:01|41:01|12:03|07:01|03:03,2.0019242865763517e-05,Cluster_3
33:03|51:01|01:02|07:01|03:03,8.007697146305407e-05,Cluster_3
02:03|51:01|06:02|01:01|05:01,0.00032030788585221627,Cluster_3
24:02|52:01|12:02|15:02|06:01,0.0032217441288701913,Cluster_3
11:01|18:01|07:01|04:06|03:02,0.00032030788584309103,Cluster_3
02:01|13:02|06:02|04:04|03:02,0.0006406157717044325,Cluster_3
02:06|46:01|01:02|04:05|04:01,0.0003181954410884436,Cluster_3
31:01|51:01|15:02|01:01|05:01,0.00032030788585221627,Cluster_3
03:01|55:01|03:03|04:03|05:03,2.0019242865763517e-05,Cluster_3
03:01|51:01|02:02|01:01|05:01,0.0006406157717044312,Cluster_3
11:01|56:04|01:02|11:06|03:01,0.00032030788585221627,Cluster_3
02:06|35:01|04:BCZHN|14:04|05:03,2.0019242865763517e-05,Cluster_3
24:02|35:08|04:01|04:03|03:02,0.0006406157717044325,Cluster_3
33:03|08:01|04:01|15:01|05:01,2.0019242865763517e-05,Cluster_3
24:02|56:01|04:10|14:01|05:03,2.0019242865763517e-05,Cluster_3
32:01|08:01|04:01|15:01|06:01,2.0019242865763517e-05,Cluster_3
02:05|53:01|02:02|14:01|05:03,2.0019242865763517e-05,Cluster_3
24:02|18:02|07:04|15:02|05:01,0.0006406157716964241,Cluster_3
23:01|07:02|07:02|15:03|06:02,2.0019242865763517e-05,Cluster_3
01:01|15:17|07:01|13:02|06:04,0.001281231543408865,Cluster_3
33:03|44:03|14:03|13:02|06:04,0.0035233867443743793,Cluster_3
11:01|40:01|07:02|15:01|06:02,0.0006871017656675008,Cluster_3
02:07|55:02|03:03|14:05|05:03,0.00032030788585221627,Cluster_3
11:01|14:02|08:02|04:03|06:02,2.0019242865763517e-05,Cluster_3
02:01|41:01|17:01|10:01|05:01,2.0019242865763517e-05,Cluster_3
02:03|27:05|01:02|15:01|06:02,2.0019242865763517e-05,Cluster_3
02:07|15:25|02:02|10:01|05:01,4.0038485731527034e-05,Cluster_3
24:02|55:02|15:02|14:18|05:03,0.00032030788585221627,Cluster_3
34:01|38:01|07:02|15:01|06:74,2.0019242865763517e-05,Cluster_3
24:02|40:01|03:04|14:01|05:03,0.00037046580329727527,Cluster_3
33:05|14:02|08:02|01:02|05:01,0.00032030788585221627,Cluster_3
11:01|35:03|12:03|14:01|05:03,0.0006406157717044325,Cluster_3
11:01|35:01|04:01|04:03|03:02,0.00032030788585221627,Cluster_3
26:01|15:07|15:05|01:02|05:01,2.0019242865763517e-05,Cluster_3
31:01|55:01|01:02|15:02|06:01,8.007697146305407e-05,Cluster_3
33:03|57:04|15:02|14:04|05:03,2.0019242865763517e-05,Cluster_3
24:07|40:01|04:01|04:05|04:01,0.00032030788585221627,Cluster_3
33:03|15:06|16:02|15:02|06:01,8.007697146305407e-05,Cluster_3
11:01|18:01|07:04|14:01|05:02,2.0019242865763517e-05,Cluster_3
03:01|35:03|06:02|13:01|05:03,2.0019242865763517e-05,Cluster_3
03:01|51:BCZHE|14:02|14:04|05:03,2.0019242865763517e-05,Cluster_3
02:01|07:05|15:05|04:05|03:02,0.00032030788585221627,Cluster_3
26:01|08:01|07:01|14:04|03:05,0.00016015394292610813,Cluster_3
02:01|13:01|03:04|15:01|06:01,0.0010222077267617031,Cluster_3
03:01|42:02|17:01|12:01|05:01,2.0019242865763517e-05,Cluster_3
68:01|51:01|16:02|15:01|06:01,4.0038485731527034e-05,Cluster_3
68:01|27:04|07:02|04:02|03:02,4.0038485731527034e-05,Cluster_3
23:01|52:01|07:01|16:01|05:02,2.0019242865763517e-05,Cluster_3
33:03|58:01|03:02|04:01|03:02,0.00032030788585221627,Cluster_3
02:06|40:01|03:02|04:05|03:02,2.0019242865763517e-05,Cluster_3
24:07|37:01|06:02|10:01|05:01,0.0006406157717044325,Cluster_3
34:01|15:141|12:03|14:01|05:03,2.0019242865763517e-05,Cluster_3
01:01|15:01|07:02|10:01|05:02,2.0019242865763517e-05,Cluster_3
02:01|15:01|03:03|15:01|06:02,0.0006385033269433422,Cluster_3
02:03|40:01|03:17|16:02|04:01,2.0019242865763517e-05,Cluster_3
03:01|42:02|17:01|08:01|04:02,2.0019242865763517e-05,Cluster_3
30:01|13:02|06:02|13:12|03:01,0.00032030788585221627,Cluster_3
24:02|40:01|04:01|09:01|03:03,0.0013014764451737314,Cluster_3
24:07|55:02|03:03|15:02|05:01,0.00032030788585221627,Cluster_3
24:02|07:02|07:02|04:04|03:02,0.0009609236414602938,Cluster_3
03:01|51:01|17:01|10:01|05:01,2.0019242865763517e-05,Cluster_3
24:02|35:03|04:01|07:01|03:03,0.0006406157717044633,Cluster_3
33:03|58:01|03:02|16:02|05:02,0.0008731671105771974,Cluster_3
01:03|73:01|15:05|01:02|05:01,0.0006406157717044325,Cluster_3
01:03|47:01|06:02|04:04|03:02,0.00032030788585221627,Cluster_3
02:07|35:01|04:03|15:02|05:01,4.0038485731527034e-05,Cluster_3
24:02|38:01|12:03|15:01|06:02,0.00032030788585221134,Cluster_3
24:02|15:35|07:02|15:02|05:02,0.002629938507332015,Cluster_3
32:01|08:01|07:02|10:01|06:01,2.0019242865763517e-05,Cluster_3
02:01|15:01|03:04|16:01|05:02,2.0019242865763517e-05,Cluster_3
02:A|46:01|01:03|08:03|03:03,4.0038485731527034e-05,Cluster_3
33:03|48:01|03:02|04:07|03:02,2.0019242865763517e-05,Cluster_3
11:01|40:06|12:02|15:01|06:02,0.0006406157717044424,Cluster_3
24:02|15:141|12:03|15:01|05:03,2.0019242865763517e-05,Cluster_3
03:01|51:01|16:01|08:01|04:02,2.0019242865763517e-05,Cluster_3
03:01|50:01|06:02|14:01|05:03,2.0019242865763517e-05,Cluster_3
11:01|81:01|08:01|15:02|06:01,0.00032030788585221627,Cluster_3
02:11|40:06|15:02|16:02|05:02,0.0006406157717033585,Cluster_3
03:01|51:01|12:03|11:04|03:02,2.0019242865763517e-05,Cluster_3
11:01|51:01|16:02|04:06|03:02,4.0038485731527034e-05,Cluster_3
02:06|13:01|03:04|15:01|06:10,0.00032030788585221627,Cluster_3
03:02|44:02|16:04|04:02|03:02,0.0006406157717044325,Cluster_3
68:01|57:01|06:02|11:04|03:01,0.00032030788585221627,Cluster_3
30:02|45:01|07:01|10:01|05:01,8.007697146305407e-05,Cluster_3
24:07|40:02|07:02|15:02|05:01,0.0004628806773700846,Cluster_3
11:02|55:02|07:02|14:05|05:03,0.00032030788585221627,Cluster_3
32:01|35:01|04:03|10:01|05:01,4.0038485731527034e-05,Cluster_3
25:01|18:01|17:01|07:01|03:03,2.0019242865763517e-05,Cluster_3
31:01|35:03|06:02|13:01|06:03,2.0019242865763517e-05,Cluster_3
25:01|41:01|12:03|10:01|03:03,2.0019242865763517e-05,Cluster_3
24:02|15:27|04:01|04:06|03:02,0.0003517869478024157,Cluster_3
02:11|40:06|08:01|09:01|03:03,0.0003052723653368666,Cluster_3
33:03|15:06|16:02|07:01|06:01,8.007697146305407e-05,Cluster_3
26:01|55:01|01:02|08:03|03:01,0.00032030788585221627,Cluster_3
11:01|13:01|04:06|15:02|05:01,0.0019218473149621462,Cluster_3
02:01|46:01|01:02|09:01|03:03,0.000899639588348265,Cluster_3
02:06|40:01|03:04|04:03|03:02,0.0006406157717044325,Cluster_3
02:11|58:01|03:258|04:06|03:02,2.0019242865763517e-05,Cluster_3
24:02|35:08|04:01|01:01|05:01,0.0019218473151132978,Cluster_3
03:01|15:01|03:04|13:02|06:04,0.00032030788585221627,Cluster_3
03:01|41:01|16:01|10:01|04:02,2.0019242865763517e-05,Cluster_3
26:01|55:01|03:03|11:03|03:01,0.00032030788585221627,Cluster_3
33:03|51:01|12:03|11:04|03:02,2.0019242865763517e-05,Cluster_3
02:07|35:05|04:01|15:02|03:02,2.0019242865763517e-05,Cluster_3
02:03|37:01|06:02|14:01|05:02,4.0038485731527034e-05,Cluster_3
11:01|18:01|07:04|15:02|05:01,0.002100891180327216,Cluster_3
02:01|35:03|04:01|14:04|03:02,0.00016015394292610813,Cluster_3
11:01|18:01|04:10|14:04|05:03,2.0019242865763517e-05,Cluster_3
34:01|13:01|04:03|04:05|04:02,0.00014972818053656355,Cluster_3
02:01|40:06|07:04|14:04|05:03,0.00032030788585221627,Cluster_3
24:02|40:26|07:02|15:04|05:02,0.00032030788585221627,Cluster_3
24:02|48:01|08:01|08:03|06:01,0.00032030788585221627,Cluster_3
02:06|07:02|07:02|01:01|05:01,0.00032030788585221627,Cluster_3
11:01|52:01|12:02|03:01|02:01,0.00032030788585221627,Cluster_3
11:01|35:03|14:02|04:01|06:03,4.0038485731527034e-05,Cluster_3
11:01|35:03|14:02|13:01|06:03,4.0038485731527034e-05,Cluster_3
03:01|41:01|17:01|08:01|05:01,2.0019242865763517e-05,Cluster_3
31:01|48:01|08:03|04:03|05:03,2.0019242865763517e-05,Cluster_3
02:11|44:02|05:01|04:07|05:01,2.0019242865763517e-05,Cluster_3
02:03|40:01|03:17|16:02|05:02,2.0019242865763517e-05,Cluster_3
02:03|51:02|15:02|15:01|05:02,4.0038485731527034e-05,Cluster_3
01:01|35:01|04:01|01:03|05:01,0.0006406157717044325,Cluster_3
03:01|27:04|08:01|09:01|03:03,2.0019242865763517e-05,Cluster_3
02:11|40:02|15:02|12:02|05:02,0.00032030788585221627,Cluster_3
24:02|15:13|08:01|15:01|05:02,0.00032030788585221627,Cluster_3
02:11|51:01|16:02|14:04|05:03,4.0038485731527034e-05,Cluster_3
26:01|40:01|07:27|16:02|05:02,0.00032030788585221627,Cluster_3
02:01|67:01|07:02|12:02|05:02,0.00032030788585221627,Cluster_3
31:01|51:02|15:02|12:02|05:02,2.0019242865763517e-05,Cluster_3
33:03|18:01|12:03|11:04|03:02,2.0019242865763517e-05,Cluster_3
30:02|15:02|08:01|15:01|06:10,2.0019242865763517e-05,Cluster_3
03:01|14:02|08:02|01:02|05:01,0.0009609236575566489,Cluster_3
30:02|49:01|07:01|10:01|05:01,8.007697146305407e-05,Cluster_3
32:01|58:01|03:02|04:05|04:01,2.0019242865763517e-05,Cluster_3
02:03|15:32|12:03|04:05|05:01,2.0019242865763517e-05,Cluster_3
30:01|53:01|17:01|13:02|05:01,4.0038485731527034e-05,Cluster_3
31:01|48:01|16:02|14:04|03:02,2.0019242865763517e-05,Cluster_3
11:01|39:01|07:02|08:03|06:01,0.0008174219836232104,Cluster_3
02:07|46:01|01:02|15:02|05:02,0.0019598689898034636,Cluster_3
33:03|51:01|07:04|15:02|06:01,0.00032030788585221627,Cluster_3
02:01|54:01|01:02|09:01|03:03,0.00032030788585182417,Cluster_3
03:01|07:02|03:04|01:01|05:01,0.00032030788585221627,Cluster_3
68:02|07:02|07:02|09:01|02:01,0.00032030788585221627,Cluster_3
36:01|53:01|04:01|01:01|06:02,2.0019242865763517e-05,Cluster_3
02:01|18:01|12:03|10:01|05:01,2.0019242865763517e-05,Cluster_3
34:01|38:01|07:02|14:01|05:03,2.0019242865763517e-05,Cluster_3
02:01|40:02|03:03|08:02|03:02,4.0038485731527034e-05,Cluster_3
02:11|07:05|04:01|15:01|06:01,4.0038485731527034e-05,Cluster_3
01:01|08:01|07:01|01:01|05:01,0.001281231543408865,Cluster_3
11:01|51:01|07:04|04:06|03:02,4.0038485731527034e-05,Cluster_3
23:01|52:01|07:01|15:02|06:01,2.0019242865763517e-05,Cluster_3
33:03|58:01|03:02|15:02|06:01,0.0009609236575566489,Cluster_3
11:01|40:01|03:04|04:01|03:02,0.0009609236571891767,Cluster_3
03:01|51:01|15:02|11:04|06:03,2.0019242865763517e-05,Cluster_3
11:01|56:01|04:10|14:01|05:03,2.0019242865763517e-05,Cluster_3
02:01|44:03|15:02|01:03|05:03,2.0019242865763517e-05,Cluster_3
24:02|40:01|12:03|14:04|05:03,0.00032030788585221627,Cluster_3
26:01|07:02|15:05|09:01|06:01,2.0019242865763517e-05,Cluster_3
33:03|57:04|18:01|14:04|05:02,2.0019242865763517e-05,Cluster_3
30:01|42:02|17:01|12:01|05:01,2.0019242865763517e-05,Cluster_3
24:10|35:30|04:01|11:01|06:01,0.00032030788585221627,Cluster_3
02:01|54:01|01:02|14:01|05:02,0.00032030788585221627,Cluster_3
31:01|49:01|04:01|01:01|04:01,2.0019242865763517e-05,Cluster_3
02:01|51:01|16:02|10:01|05:01,0.0002989925815510651,Cluster_3
02:07|15:02|05:01|04:04|03:02,2.0019242865763517e-05,Cluster_3
30:02|51:01|16:01|10:01|04:02,2.0019242865763517e-05,Cluster_3
02:16|52:01|12:02|04:01|03:11,0.00032030788585221627,Cluster_3
11:02|27:04|12:02|04:05|04:01,0.00032030788585221627,Cluster_3
02:11|15:01|04:01|15:02|06:01,4.0038485731527034e-05,Cluster_3
02:07|15:25|02:02|15:02|05:01,4.0038485731527034e-05,Cluster_3
02:06|48:01|03:02|04:07|03:02,2.0019242865763517e-05,Cluster_3
02:11|07:05|07:02|15:01|06:01,4.0038485731527034e-05,Cluster_3
26:01|07:02|16:02|15:02|06:01,2.0019242865763517e-05,Cluster_3
32:01|07:02|07:02|01:03|05:01,0.00032030788585221627,Cluster_3
02:06|15:01|03:03|04:05|04:01,0.0006427282164250402,Cluster_3
02:03|40:02|15:02|04:05|05:03,0.0006406157717044325,Cluster_3
11:01|18:01|04:10|14:01|05:03,2.0019242865763517e-05,Cluster_3
02:01|15:01|01:02|12:01|06:02,4.0038485731527034e-05,Cluster_3
24:02|51:02|15:02|12:02|05:02,2.0019242865763517e-05,Cluster_3
66:01|15:32|17:01|04:05|05:01,2.0019242865763517e-05,Cluster_3
02:01|15:01|03:04|10:01|05:02,2.0019242865763517e-05,Cluster_3
34:01|56:04|01:02|12:02|05:02,0.00032026536906341787,Cluster_3
24:02|07:05|04:01|14:04|05:03,8.007697146305407e-05,Cluster_3
02:11|40:01|03:04|01:01|05:01,0.00032030788585221627,Cluster_3
11:04|18:01|12:02|04:03|03:02,4.0038485731527034e-05,Cluster_3
68:01|15:01|03:03|13:02|06:04,0.00032030788585221627,Cluster_3
23:01|18:01|02:02|15:01|05:03,2.0019242865763517e-05,Cluster_3
24:02|18:01|12:03|11:04|03:01,0.00032030788585221627,Cluster_3
02:07|35:05|07:01|15:02|05:02,2.0019242865763517e-05,Cluster_3
11:02|40:01|12:03|16:02|04:01,2.0019242865763517e-05,Cluster_3
30:01|50:01|06:02|01:02|05:01,0.00032030788585221627,Cluster_3
23:01|53:01|02:02|14:01|06:02,2.0019242865763517e-05,Cluster_3
02:05|18:01|02:02|14:01|06:02,2.0019242865763517e-05,Cluster_3
34:01|38:01|12:03|15:01|06:74,2.0019242865763517e-05,Cluster_3
25:01|18:01|12:03|15:01|06:02,0.0019218473150364576,Cluster_3
24:02|15:01|03:03|15:01|06:02,0.000960931780558634,Cluster_3
26:01|07:02|16:02|15:02|02:01,2.0019242865763517e-05,Cluster_3
02:03|37:01|15:02|14:01|05:02,4.0038485731527034e-05,Cluster_3
02:06|59:01|01:02|15:01|04:01,0.00016015394292610813,Cluster_3
24:07|35:05|04:01|16:02|05:02,0.00040981408206015223,Cluster_3
68:01|40:06|15:07|04:03|03:02,0.00032030788585221627,Cluster_3
23:01|40:12|04:04|15:03|03:02,2.0019242865763517e-05,Cluster_3
33:03|52:01|12:02|15:02|06:01,0.00032030788585221627,Cluster_3
34:01|40:01|04:AKWXK|11:01|03:01,0.0003203078781097786,Cluster_3
68:02|14:02|08:02|01:02|05:01,0.0009609538370284849,Cluster_3
32:01|40:06|04:01|15:01|06:01,2.0019242865763517e-05,Cluster_3
02:01|51:01|03:04|14:01|05:02,0.00016015394292610813,Cluster_3
11:01|38:02|07:27|15:02|05:02,0.001281231543408865,Cluster_3
24:02|40:01|04:03|15:02|05:03,0.0006406157717044325,Cluster_3
11:01|15:18|08:01|04:03|03:02,0.00032030788585221627,Cluster_3
26:01|51:01|16:04|16:01|06:03,4.0038485731527034e-05,Cluster_3
11:01|40:06|08:03|04:03|05:03,2.0019242865763517e-05,Cluster_3
02:05|53:01|04:01|15:01|05:03,2.0019242865763517e-05,Cluster_3
26:01|40:02|02:02|16:02|05:02,4.0038485731527034e-05,Cluster_3
30:02|18:01|08:01|04:04|06:10,2.0019242865763517e-05,Cluster_3
30:01|55:01|17:01|08:01|05:01,2.0019242865763517e-05,Cluster_3
11:01|51:01|14:02|01:01|05:01,0.0003203103884462397,Cluster_3
02:05|58:01|12:02|15:02|05:02,2.0019242865763517e-05,Cluster_3
33:03|40:06|04:01|15:01|06:01,2.0019242865763517e-05,Cluster_3
11:01|73:01|15:05|04:03|05:01,2.0019242865763517e-05,Cluster_3
33:03|44:03|04:01|04:03|03:02,2.0019242865763517e-05,Cluster_3
26:01|40:02|02:02|16:01|05:02,4.0038485731527034e-05,Cluster_3
33:03|35:01|03:258|15:01|03:02,2.0019242865763517e-05,Cluster_3
24:02|15:18|08:01|04:04|03:02,0.000320307885852158,Cluster_3
24:02|38:01|12:03|15:02|05:02,2.0019242865763517e-05,Cluster_3
02:01|15:01|03:03|04:01|03:02,0.00032030788585221627,Cluster_3
68:01|55:01|03:03|08:01|04:02,0.0003203078854847441,Cluster_3
03:01|51:01|03:03|13:01|06:03,0.00032030788585221627,Cluster_3
02:03|38:02|07:02|09:01|03:03,0.0008281612386158861,Cluster_3
03:01|55:01|03:04|12:01|04:02,2.0019242865763517e-05,Cluster_3
32:01|35:01|04:03|15:02|05:01,4.0038485731527034e-05,Cluster_3
26:01|46:01|01:02|15:02|05:01,0.00032030788585221627,Cluster_3
02:06|38:02|01:02|13:12|03:01,0.00032030788585221627,Cluster_3
31:01|51:01|14:02|12:01|03:03,8.007697146305407e-05,Cluster_3
32:01|40:06|04:01|10:01|06:01,2.0019242865763517e-05,Cluster_3
03:01|42:02|03:04|08:01|05:01,2.0019242865763517e-05,Cluster_3
32:01|15:32|12:03|09:01|03:03,0.00032030788585221627,Cluster_3
24:02|40:01|03:04|04:05|04:02,0.00032030788585221627,Cluster_3
30:01|42:01|17:01|10:01|05:01,4.0038485731527034e-05,Cluster_3
03:01|14:02|08:02|13:02|06:09,2.0019242865763517e-05,Cluster_3
34:01|39:01|07:02|08:03|06:01,0.00032030788585221627,Cluster_3
11:01|15:35|07:02|04:05|05:03,0.00032030788585221627,Cluster_3
02:11|51:01|14:02|13:01|06:03,0.00032030788585221627,Cluster_3
32:01|39:01|12:03|16:01|05:02,4.0038485731527034e-05,Cluster_3
11:02|40:01|12:03|16:02|05:02,2.0019242865763517e-05,Cluster_3
24:02|51:01|15:02|14:01|05:02,0.0009609236575566489,Cluster_3
30:01|13:02|06:02|15:02|06:01,0.00032030788585221627,Cluster_3
31:01|49:01|04:01|14:01|05:01,2.0019242865763517e-05,Cluster_3
24:10|40:01|12:02|04:06|05:03,0.00016015394292610813,Cluster_3
11:01|18:02|16:02|13:02|03:02,4.0038485731527034e-05,Cluster_3
02:01|40:06|16:01|14:15|05:01,2.0019242865763517e-05,Cluster_3
68:03|39:05|04:03|04:07|03:02,0.00032030788585221627,Cluster_3
33:03|40:01|03:02|04:05|04:01,2.0019242865763517e-05,Cluster_3
01:01|55:01|07:26|14:04|03:02,2.0019242865763517e-05,Cluster_3
11:01|40:01|07:02|08:09|04:02,0.0006406157717043776,Cluster_3
33:03|58:01|03:02|15:01|06:01,0.00032030788585221627,Cluster_3
11:01|15:07|15:05|01:02|05:01,2.0019242865763517e-05,Cluster_3
26:01|56:04|01:02|12:02|05:02,0.0006406157717044325,Cluster_3
11:01|15:01|04:01|04:06|03:02,0.003813546186616642,Cluster_3
02:01|51:01|15:02|09:01|03:03,0.0006406157717044402,Cluster_3
68:02|56:01|08:02|15:03|03:02,2.0019242865763517e-05,Cluster_3
34:01|15:35|07:02|11:01|06:01,0.0006406157717044325,Cluster_3
01:01|55:01|07:26|04:03|05:03,2.0019242865763517e-05,Cluster_3
01:01|53:01|04:01|01:02|05:01,0.00032030788585221627,Cluster_3
02:03|27:05|01:02|15:01|05:03,2.0019242865763517e-05,Cluster_3
24:07|15:35|08:01|15:02|05:01,0.0006406157717044325,Cluster_3
11:02|40:01|03:17|16:02|05:02,2.0019242865763517e-05,Cluster_3
03:01|07:02|07:02|15:02|06:01,0.0006406157717044325,Cluster_3
02:ACKBY|46:01|01:02|09:01|03:03,4.0038485731527034e-05,Cluster_3
01:01|18:01|12:03|10:01|05:01,4.0038485731527034e-05,Cluster_3
24:02|27:06|07:02|15:02|05:01,0.0006406157717044325,Cluster_3
02:11|51:01|16:02|14:04|06:01,4.0038485731527034e-05,Cluster_3
31:01|40:01|03:04|04:04|03:02,0.0009609236587697747,Cluster_3
33:03|13:01|04:06|16:02|05:02,0.00032030788585221627,Cluster_3
02:17|15:01|03:03|11:03|03:01,0.00032030788585221627,Cluster_3
02:01|40:01|03:04|13:02|06:04,0.0016015394292610815,Cluster_3
02:11|40:06|15:02|15:01|06:01,0.0009609236575566489,Cluster_3
03:01|14:02|08:02|11:01|06:09,2.0019242865763517e-05,Cluster_3
66:01|41:01|12:03|15:02|05:01,2.0019242865763517e-05,Cluster_3
33:03|38:02|03:02|09:01|03:03,0.00032030788585221627,Cluster_3
33:03|15:27|04:01|04:06|03:02,0.00032030788585221627,Cluster_3
25:01|18:01|12:03|08:01|04:02,0.00032030788585221627,Cluster_3
02:11|15:01|04:01|15:01|06:01,4.0038485731527034e-05,Cluster_3
24:10|13:01|03:04|15:01|05:01,0.00032030788585221627,Cluster_3
03:01|15:25|07:26|14:04|03:02,2.0019242865763517e-05,Cluster_3
33:03|40:01|08:01|04:05|04:01,2.0019242865763517e-05,Cluster_3
02:01|18:01|12:03|10:01|03:03,2.0019242865763517e-05,Cluster_3
11:01|15:25|12:02|09:01|03:03,0.0006406157717044325,Cluster_3
02:01|39:01|07:02|01:01|05:01,0.0003203078444004821,Cluster_3
24:07|18:01|07:04|12:02|05:02,0.00032030788585221627,Cluster_3
03:01|40:06|15:02|14:04|05:03,2.0019242865763517e-05,Cluster_3
02:01|67:01|04:06|15:01|06:01,0.00032030788585221627,Cluster_3
26:01|51:01|16:02|09:01|02:01,2.0019242865763517e-05,Cluster_3
02:03|40:06|12:02|15:02|05:01,0.00032030788585221627,Cluster_3
02:06|40:01|03:02|04:07|03:02,2.0019242865763517e-05,Cluster_3
29:01|58:01|03:02|04:04|06:02,0.00016015394292610813,Cluster_3
24:02|51:02|12:03|12:02|05:02,2.0019242865763517e-05,Cluster_3
24:07|35:05|04:01|15:02|06:01,0.00032030788585221627,Cluster_3
03:01|40:01|03:04|13:01|06:03,0.0006406127448381663,Cluster_3
03:01|50:01|12:03|14:01|05:03,2.0019242865763517e-05,Cluster_3
30:02|15:02|08:01|15:01|03:02,2.0019242865763517e-05,Cluster_3
11:01|13:01|07:02|15:02|06:02,0.0005924373438866068,Cluster_3
24:02|40:01|04:01|04:05|03:02,0.00032030788585221627,Cluster_3
02:05|27:05|06:02|04:04|03:02,4.0038485731527034e-05,Cluster_3
30:02|41:01|16:01|08:01|04:02,2.0019242865763517e-05,Cluster_3
33:03|51:01|12:03|11:04|06:03,2.0019242865763517e-05,Cluster_3
02:01|35:01|03:03|08:01|04:02,0.00032030788585221627,Cluster_3
02:03|38:02|07:02|15:02|05:01,0.003656394512259777,Cluster_3
11:01|56:01|01:02|08:03|06:01,0.00032030788585221627,Cluster_3
33:03|35:01|04:01|04:06|06:01,2.0019242865763517e-05,Cluster_3
03:01|55:01|03:03|14:04|03:02,2.0019242865763517e-05,Cluster_3
69:01|53:01|04:01|13:02|06:04,0.00032030788585221627,Cluster_3
31:01|51:01|14:02|04:05|04:01,0.0009609236575592543,Cluster_3
31:01|35:03|04:01|14:01|05:01,2.0019242865763517e-05,Cluster_3
03:01|35:01|04:01|13:01|06:03,0.0006406157717044325,Cluster_3
24:02|38:01|12:03|15:01|05:03,2.0019242865763517e-05,Cluster_3
02:07|46:01|01:02|04:03|03:02,0.0007798634001625433,Cluster_3
30:02|15:02|05:01|04:04|06:10,2.0019242865763517e-05,Cluster_3
33:03|27:04|12:02|09:01|03:03,2.0019242865763517e-05,Cluster_3
01:01|15:01|03:04|10:01|05:02,2.0019242865763517e-05,Cluster_3
68:01|44:03|15:02|14:15|05:03,2.0019242865763517e-05,Cluster_3
03:01|40:06|18:01|14:04|05:03,2.0019242865763517e-05,Cluster_3
01:01|18:01|12:02|10:01|03:02,4.0038485731527034e-05,Cluster_3
03:01|27:05|02:02|10:01|05:01,0.00032030788585221627,Cluster_3
02:06|15:11|03:03|14:05|05:03,0.00032030788585221627,Cluster_3
33:03|44:03|07:01|04:03|05:02,2.0019242865763517e-05,Cluster_3
24:07|52:01|12:02|15:02|06:01,0.00032030788585221627,Cluster_3
02:01|48:01|03:04|10:01|05:01,0.00032030788585221627,Cluster_3
02:05|50:01|06:02|04:03|03:02,0.00032030788585221627,Cluster_3
33:03|08:01|07:02|15:01|05:01,2.0019242865763517e-05,Cluster_3
34:01|38:01|12:03|14:01|05:03,2.0019242865763517e-05,Cluster_3
11:01|13:01|04:06|15:02|06:02,0.00032030788585221627,Cluster_3
01:01|14:01|08:02|04:04|04:02,4.0038485731527034e-05,Cluster_3
33:03|18:01|12:03|11:04|06:03,2.0019242865763517e-05,Cluster_3
26:02|15:01|03:03|08:02|03:02,0.00032030788585221627,Cluster_3
68:01|44:03|16:01|14:15|05:03,2.0019242865763517e-05,Cluster_3
24:02|27:04|12:02|04:03|03:02,0.0004908922064894557,Cluster_3
24:02|15:32|15:02|12:02|06:01,2.0019242865763517e-05,Cluster_3
24:02|15:32|12:03|12:02|05:02,2.0019242865763517e-05,Cluster_3
11:01|56:01|01:02|04:05|04:02,0.00032030788585221627,Cluster_3
29:01|51:01|16:02|01:01|05:01,0.00032030788585221627,Cluster_3
34:05|38:02|07:02|15:02|05:02,0.0012344234804496851,Cluster_3
02:03|40:01|03:03|15:02|05:01,0.001281231543408865,Cluster_3
68:01|44:03|15:02|01:03|05:01,2.0019242865763517e-05,Cluster_3
02:03|39:09|07:02|09:01|03:03,0.00032030788585221627,Cluster_3
24:02|15:02|08:01|15:02|05:01,0.0006340895660442398,Cluster_3
26:01|73:01|03:03|01:02|03:02,2.0019242865763517e-05,Cluster_3
34:01|38:02|07:02|14:04|05:03,0.00032030788570106455,Cluster_3
02:01|51:01|16:02|15:03|06:03,4.0038485731527034e-05,Cluster_3
01:01|57:01|06:02|15:01|06:02,0.0006405895514828725,Cluster_3
24:02|37:01|06:02|10:01|05:01,0.0006406157717049621,Cluster_3
02:01|49:01|07:01|01:01|05:01,0.00032030788585221627,Cluster_3
11:02|40:01|03:17|04:05|04:01,2.0019242865763517e-05,Cluster_3
26:01|55:01|01:02|04:03|06:01,8.007697146305407e-05,Cluster_3
24:02|35:03|12:03|13:01|06:03,0.0018280313480833672,Cluster_3
02:06|48:01|08:03|04:01|03:02,0.00032030788585220705,Cluster_3
03:01|57:04|15:02|14:04|05:02,2.0019242865763517e-05,Cluster_3
24:02|38:02|07:02|11:01|06:01,0.0004908885100547532,Cluster_3
03:01|07:02|07:02|08:01|04:02,0.0006679397714862,Cluster_3
02:03|41:01|12:03|15:02|05:01,2.0019242865763517e-05,Cluster_3
02:01|51:01|14:02|14:05|05:03,0.00032030788585221627,Cluster_3
33:03|40:01|07:02|13:01|06:03,0.000320305996073201,Cluster_3
24:02|27:06|07:02|12:02|05:02,0.0006406157717843773,Cluster_3
02:01|52:01|12:02|15:02|06:01,0.0022421552497712167,Cluster_3
03:01|57:04|18:01|14:04|05:03,2.0019242865763517e-05,Cluster_3
24:02|40:01|03:04|12:01|03:01,0.00032030788585221627,Cluster_3
68:01|15:17|07:01|13:02|06:04,0.00032030788585221627,Cluster_3
26:01|40:02|12:03|16:02|05:02,4.0038485731527034e-05,Cluster_3
11:01|40:01|03:04|15:01|06:01,0.0006353200579700771,Cluster_3
24:02|38:01|07:02|15:01|05:03,2.0019242865763517e-05,Cluster_3
02:05|27:05|08:02|04:04|03:02,4.0038485731527034e-05,Cluster_3
11:01|73:01|03:03|04:03|03:02,2.0019242865763517e-05,Cluster_3
02:01|15:01|03:04|04:01|03:02,0.002202366137954412,Cluster_3
11:01|52:01|12:02|15:02|06:01,0.0019031712441645308,Cluster_3
26:01|07:02|15:05|15:02|06:01,2.0019242865763517e-05,Cluster_3
02:01|44:03|07:02|10:01|05:02,2.0019242865763517e-05,Cluster_3
26:01|40:02|12:03|16:01|05:02,4.0038485731527034e-05,Cluster_3
24:07|35:05|04:01|11:05|05:03,0.00032030788337843576,Cluster_3
02:07|35:05|07:01|04:03|03:02,2.0019242865763517e-05,Cluster_3
23:01|07:02|15:05|15:02|06:01,2.0019242865763517e-05,Cluster_3
30:01|42:01|17:01|13:02|05:01,4.0038485731527034e-05,Cluster_3
33:03|51:01|16:02|15:02|06:01,8.007697146305407e-05,Cluster_3
02:01|15:01|01:02|12:01|03:03,4.0038485731527034e-05,Cluster_3
66:01|15:32|12:03|04:05|02:01,2.0019242865763517e-05,Cluster_3
23:01|07:02|16:02|09:01|06:01,2.0019242865763517e-05,Cluster_3
02:11|52:01|05:01|01:01|05:01,2.0019242865763517e-05,Cluster_3
32:04|40:02|02:02|04:03|03:05,0.00032030788585221627,Cluster_3
11:01|13:01|04:03|15:01|06:01,0.00032030788585221627,Cluster_3
01:01|37:01|06:02|14:01|05:03,0.001281231543408865,Cluster_3
11:02|40:01|07:02|12:02|05:02,0.0006406157717044325,Cluster_3
01:01|44:03|07:02|16:01|05:01,2.0019242865763517e-05,Cluster_3
02:06|46:01|01:02|14:01|05:02,0.00032030788585221627,Cluster_3
32:01|44:02|07:04|13:02|06:04,0.00032030788585221627,Cluster_3
02:01|38:01|12:03|13:01|06:03,0.0006406157717044325,Cluster_3
24:02|52:01|07:04|15:02|06:01,0.00032030788585221627,Cluster_3
26:01|73:01|15:05|04:03|03:02,2.0019242865763517e-05,Cluster_3
23:01|53:01|04:01|11:01|06:02,2.0019242865763517e-05,Cluster_3
33:03|48:01|08:01|04:05|04:01,2.0019242865763517e-05,Cluster_3
33:03|40:01|03:03|15:02|05:01,0.00032029581274045643,Cluster_3
24:02|27:05|02:02|08:01|04:02,0.0006406157717044325,Cluster_3
26:01|35:01|08:01|12:01|03:03,0.00032030788585221627,Cluster_3
11:03|51:01|15:02|12:02|05:02,0.00032030788585221627,Cluster_3
24:02|49:01|07:01|01:02|05:01,0.00032030788585221627,Cluster_3
11:01|15:07|03:03|01:02|03:02,2.0019242865763517e-05,Cluster_3
02:01|15:13|08:01|15:01|06:02,0.0003203078858511422,Cluster_3
26:01|52:01|12:02|07:01|03:03,0.00032030788585221627,Cluster_3
31:01|48:01|08:03|14:04|03:02,2.0019242865763517e-05,Cluster_3
02:03|38:02|07:02|15:01|05:02,0.00032030788585221307,Cluster_3
69:01|15:01|03:03|04:01|03:01,0.00016015394292610813,Cluster_3
02:03|46:01|01:02|09:01|03:03,0.000320307885852363,Cluster_3
24:02|48:01|07:02|09:01|03:03,0.0008667851201993968,Cluster_3
31:01|40:06|16:02|04:03|05:03,2.0019242865763517e-05,Cluster_3
23:01|49:01|07:01|09:01|03:03,0.0006406157717044325,Cluster_3
02:01|40:02|03:04|08:02|03:02,4.0038485731527034e-05,Cluster_3
26:01|51:01|16:02|16:01|05:02,4.0038485731527034e-05,Cluster_3
11:02|40:01|03:17|04:05|05:02,2.0019242865763517e-05,Cluster_3
33:03|51:01|12:03|04:02|03:02,2.0019242865763517e-05,Cluster_3
68:01|40:06|07:02|04:02|03:02,4.0038485731527034e-05,Cluster_3
11:01|55:01|03:03|14:01|05:03,0.0015251804650523778,Cluster_3
66:01|41:02|17:01|01:01|05:01,0.00032030788585221627,Cluster_3
30:02|41:01|17:01|10:01|04:02,2.0019242865763517e-05,Cluster_3
02:01|15:13|08:01|04:05|04:02,0.0006406157717043981,Cluster_3
11:01|40:01|07:02|15:01|06:01,0.00040201732145484485,Cluster_3
24:02|37:01|06:02|13:02|06:04,0.0006406157717044325,Cluster_3
24:10|15:21|04:03|12:02|05:02,0.00032030788585221627,Cluster_3
23:01|53:01|04:01|01:01|05:01,2.0019242865763517e-05,Cluster_3
24:02|15:141|07:02|15:01|05:03,2.0019242865763517e-05,Cluster_3
01:01|18:01|12:03|08:03|03:01,0.00032030788585221627,Cluster_3
66:01|41:01|17:01|15:02|02:01,2.0019242865763517e-05,Cluster_3
33:03|15:16|14:02|11:17|05:03,0.00032030788585221627,Cluster_3
03:01|40:01|03:04|04:04|03:02,0.0016015394280481498,Cluster_3
02:07|44:03|04:01|04:03|05:02,2.0019242865763517e-05,Cluster_3
02:11|35:01|04:01|04:06|06:01,2.0019242865763517e-05,Cluster_3
26:01|55:02|01:02|04:05|04:01,0.00032030788585221627,Cluster_3
25:01|41:01|17:01|10:01|03:03,2.0019242865763517e-05,Cluster_3
01:01|07:02|03:04|15:01|06:02,0.00032030788585221627,Cluster_3
03:01|15:25|03:03|04:03|05:03,2.0019242865763517e-05,Cluster_3
11:01|15:02|08:01|04:05|04:02,0.00032030788585221627,Cluster_3
11:01|35:01|04:01|01:01|05:01,0.0038436946267286563,Cluster_3
33:03|35:05|04:01|04:03|03:02,2.0019242865763517e-05,Cluster_3
68:02|53:01|04:01|13:02|06:04,0.0006405855922325967,Cluster_3
02:05|14:01|06:02|04:04|03:02,4.0038485731527034e-05,Cluster_3
24:02|40:01|04:01|15:02|05:02,0.00018876572451719794,Cluster_3
02:07|40:01|07:02|08:03|06:01,0.00032030788585221627,Cluster_3
02:01|39:01|12:03|01:01|05:01,0.00032030788585221627,Cluster_3
02:22|40:02|03:04|08:02|04:02,0.00032030788585221627,Cluster_3
23:01|44:03|04:01|14:04|05:03,0.0006406157717044325,Cluster_3
23:01|40:12|07:02|15:03|06:02,2.0019242865763517e-05,Cluster_3
32:01|49:01|07:01|14:01|05:01,2.0019242865763517e-05,Cluster_3
33:03|58:01|03:258|15:01|03:02,2.0019242865763517e-05,Cluster_3
02:11|40:12|07:02|04:03|03:02,2.0019242865763517e-05,Cluster_3
02:03|15:32|17:01|15:02|02:01,2.0019242865763517e-05,Cluster_3
30:04|14:01|08:02|04:04|04:02,0.0009609236575566489,Cluster_3
11:01|13:01|04:06|15:01|06:02,0.00032030788585221627,Cluster_3
11:01|55:01|01:02|16:02|05:02,0.00032030788585221627,Cluster_3
24:02|18:01|07:04|14:04|05:03,2.0019242865763517e-05,Cluster_3
24:02|40:02|04:01|15:02|05:02,0.00032030788585221627,Cluster_3
23:01|53:01|02:02|14:01|05:03,2.0019242865763517e-05,Cluster_3
24:02|48:01|08:01|04:05|04:02,0.00032030788585221627,Cluster_3
02:05|18:01|02:02|14:01|05:03,2.0019242865763517e-05,Cluster_3
24:02|40:02|15:02|12:01|03:01,0.0005471148365178057,Cluster_3
02:01|41:01|17:01|10:01|03:03,2.0019242865763517e-05,Cluster_3
11:01|15:12|03:03|04:04|03:02,0.00032030788585221627,Cluster_3
24:07|56:01|01:02|04:05|04:01,0.00032030788585221627,Cluster_3
01:01|07:02|07:02|15:01|06:02,0.0009882738775599765,Cluster_3
68:02|14:02|08:02|13:03|03:01,0.00032030788585221627,Cluster_3
33:03|44:02|12:02|01:01|05:01,2.0019242865763517e-05,Cluster_3
24:02|40:06|15:02|15:02|06:01,0.001281231543381881,Cluster_3
23:01|35:01|04:01|04:04|03:02,4.0038485731527034e-05,Cluster_3
03:01|40:01|12:02|09:01|03:03,2.0019242865763517e-05,Cluster_3
02:03|15:18|08:01|04:03|03:02,0.00032030788585221627,Cluster_3
02:07|46:01|01:02|16:02|05:02,0.00041698270966777635,Cluster_3
68:01|38:02|07:02|15:02|05:01,0.0003203078858521817,Cluster_3
24:02|07:05|07:02|15:02|05:01,0.0013605176362340428,Cluster_3
24:02|18:01|07:04|04:05|04:01,0.00032030788585221627,Cluster_3
26:01|51:01|15:05|09:01|06:01,2.0019242865763517e-05,Cluster_3
33:03|52:01|07:02|14:04|05:03,0.0009609236575566489,Cluster_3
02:05|53:01|02:02|15:01|05:03,2.0019242865763517e-05,Cluster_3
02:01|44:02|07:04|15:01|06:02,0.0006406157686371665,Cluster_3
02:11|54:01|01:02|09:01|03:01,0.00032030788585221627,Cluster_3
11:01|15:01|08:01|15:01|06:02,0.0006406157717044325,Cluster_3
11:01|54:01|03:04|04:05|04:01,0.00032030788585221627,Cluster_3
03:01|18:01|12:03|15:01|06:02,0.0007673343762886163,Cluster_3
02:03|48:01|03:04|14:07|06:02,2.0019242865763517e-05,Cluster_3
03:01|38:01|12:03|16:01|05:01,2.0019242865763517e-05,Cluster_3
01:01|44:03|07:02|10:01|05:02,2.0019242865763517e-05,Cluster_3
11:01|51:02|15:02|11:06|06:01,0.00032030788585221627,Cluster_3
03:01|38:01|04:01|15:02|05:01,2.0019242865763517e-05,Cluster_3
11:02|38:02|07:02|15:02|05:01,0.0009609236575566489,Cluster_3
32:01|40:06|07:02|10:01|06:01,2.0019242865763517e-05,Cluster_3
26:01|07:02|15:05|09:01|02:01,2.0019242865763517e-05,Cluster_3
01:01|40:01|07:02|16:02|06:02,0.00032030788585221627,Cluster_3
30:01|42:02|17:01|08:01|04:02,2.0019242865763517e-05,Cluster_3
24:02|39:01|07:02|11:01|03:01,0.00032030788585221627,Cluster_3
68:01|35:03|04:01|13:01|06:03,0.0009609236575566489,Cluster_3
26:01|52:01|07:02|04:05|03:02,0.00032030788585221627,Cluster_3
33:03|57:01|06:02|11:04|03:01,0.00032030788585221627,Cluster_3
02:11|55:01|01:02|13:02|06:09,0.0006406157717044325,Cluster_3
02:03|35:01|03:03|04:03|03:02,0.0003203078858522132,Cluster_3
26:01|51:01|16:02|15:02|06:01,2.0019242865763517e-05,Cluster_3
36:01|58:01|04:01|11:01|05:01,2.0019242865763517e-05,Cluster_3
02:11|40:06|07:02|09:01|03:03,0.00033534340636756594,Cluster_3
11:01|35:01|04:01|15:01|04:02,0.00032030788585221627,Cluster_3
02:03|40:01|03:17|04:05|04:01,2.0019242865763517e-05,Cluster_3
11:01|15:07|03:03|04:03|05:01,2.0019242865763517e-05,Cluster_3
29:01|07:02|07:02|16:01|05:02,0.00032030788585221627,Cluster_3
24:07|51:02|14:02|09:01|03:03,0.0006406157717044323,Cluster_3
24:07|40:01|04:01|15:02|05:01,0.0010000905928064362,Cluster_3
02:11|58:01|04:01|15:01|03:02,2.0019242865763517e-05,Cluster_3
33:03|51:01|01:02|07:01|06:01,8.007697146305407e-05,Cluster_3
33:03|40:01|03:02|04:07|04:01,2.0019242865763517e-05,Cluster_3
24:02|55:02|08:01|09:01|03:03,0.00032030788585221627,Cluster_3
23:01|53:01|07:01|11:01|05:01,2.0019242865763517e-05,Cluster_3
02:01|35:01|04:01|15:02|06:01,0.0003203078858526086,Cluster_3
24:02|27:06|03:04|15:02|05:02,0.00153851845064667,Cluster_3
68:01|40:06|16:01|14:15|05:01,2.0019242865763517e-05,Cluster_3
11:04|18:01|12:02|04:03|05:01,4.0038485731527034e-05,Cluster_3
24:03|15:01|03:04|01:01|05:01,0.00032030788585221627,Cluster_3
33:03|18:01|15:02|11:04|03:02,2.0019242865763517e-05,Cluster_3
23:01|44:03|04:01|14:01|05:03,4.0038485731527034e-05,Cluster_3
24:02|07:05|07:02|14:04|05:03,8.007697146305407e-05,Cluster_3
31:01|40:02|03:04|15:02|05:01,0.00032030788585221627,Cluster_3
11:04|15:32|12:03|15:02|06:01,0.00032030788585221627,Cluster_3
02:01|44:03|03:04|16:01|05:02,2.0019242865763517e-05,Cluster_3
23:01|52:01|12:02|15:02|05:02,2.0019242865763517e-05,Cluster_3
02:06|15:25|04:03|14:01|05:02,0.0006406157717044325,Cluster_3
68:01|52:01|12:02|13:01|06:03,0.00032030788585221643,Cluster_3
02:11|35:03|04:01|04:01|03:02,0.00032030788585221627,Cluster_3
34:01|15:141|12:03|15:01|05:03,2.0019242865763517e-05,Cluster_3
32:01|40:02|02:02|16:02|05:02,4.0038485731527034e-05,Cluster_3
11:01|27:05|01:02|01:03|05:01,8.007697146305407e-05,Cluster_3
02:05|52:01|07:01|15:02|05:02,2.0019242865763517e-05,Cluster_3
24:02|39:01|07:02|08:03|06:01,0.00046380955978599363,Cluster_3
36:01|53:01|07:01|11:01|05:01,2.0019242865763517e-05,Cluster_3
23:01|58:01|07:01|16:01|05:02,2.0019242865763517e-05,Cluster_3
02:05|53:01|02:02|15:01|06:02,2.0019242865763517e-05,Cluster_3
02:07|40:02|02:02|13:01|06:03,0.00032030788585221627,Cluster_3
02:01|40:01|01:02|09:01|03:03,0.0009609236553341357,Cluster_3
01:01|57:01|06:02|08:02|04:02,0.0006406157717044325,Cluster_3
03:01|40:06|15:02|11:01|03:01,0.00032030788585221627,Cluster_3
02:01|45:01|07:01|10:01|05:01,8.007697146305407e-05,Cluster_3
30:01|42:02|03:04|12:01|04:02,2.0019242865763517e-05,Cluster_3
29:01|15:25|03:04|16:02|05:02,0.00031993485215438977,Cluster_3
11:01|40:06|08:03|14:04|03:02,2.0019242865763517e-05,Cluster_3
02:03|40:01|03:03|07:01|03:03,0.00031090456329006084,Cluster_3
03:01|51:01|14:02|04:06|03:02,0.00032030788585221627,Cluster_3
11:01|51:01|14:02|08:03|06:01,0.0015832905031609185,Cluster_3
31:01|35:03|04:01|01:01|04:01,2.0019242865763517e-05,Cluster_3
02:05|52:01|12:02|16:01|05:02,2.0019242865763517e-05,Cluster_3
03:01|51:01|16:01|10:01|04:02,2.0019242865763517e-05,Cluster_3
02:01|40:02|01:02|09:01|03:03,0.00032030788585220857,Cluster_3
24:02|40:01|07:02|04:05|03:02,0.0006406157717044328,Cluster_3
02:01|45:01|16:01|10:01|05:01,8.007697146305407e-05,Cluster_3
02:01|41:01|12:03|07:01|05:01,2.0019242865763517e-05,Cluster_3
11:01|27:04|07:02|04:02|03:02,4.0038485731527034e-05,Cluster_3
68:02|56:01|01:02|15:03|03:02,2.0019242865763517e-05,Cluster_3
33:03|44:03|07:01|15:01|06:02,0.00032030788585221627,Cluster_3
01:01|15:01|04:01|15:02|06:01,4.0038485731527034e-05,Cluster_3
11:02|40:01|08:02|13:02|05:02,2.0019242865763517e-05,Cluster_3
11:02|40:01|07:02|13:02|05:02,2.0019242865763517e-05,Cluster_3
31:01|44:03|04:01|04:04|03:02,4.0038485731527034e-05,Cluster_3
01:01|15:18|07:04|04:01|03:02,0.0006406157717044325,Cluster_3
26:01|40:02|03:04|04:05|04:01,0.0009609236575566489,Cluster_3
23:01|40:12|04:04|04:03|03:02,2.0019242865763517e-05,Cluster_3
02:06|15:01|03:03|14:01|05:03,0.00032030788585221627,Cluster_3
03:01|51:01|15:02|01:01|05:01,0.00032030788585221627,Cluster_3
02:03|40:01|03:17|04:05|05:02,2.0019242865763517e-05,Cluster_3
11:01|18:02|07:04|13:02|03:02,4.0038485731527034e-05,Cluster_3
33:03|35:05|04:01|15:02|05:02,2.0019242865763517e-05,Cluster_3
33:03|44:03|07:01|04:05|04:02,0.00032030788585221627,Cluster_3
02:07|46:01|01:02|04:05|04:01,0.001281231543408865,Cluster_3
32:01|08:01|07:02|15:01|05:01,2.0019242865763517e-05,Cluster_3
66:01|41:01|12:03|04:05|02:01,2.0019242865763517e-05,Cluster_3
34:05|15:35|07:02|04:05|04:02,0.00044311943743338233,Cluster_3
32:01|39:01|12:03|16:02|05:02,4.0038485731527034e-05,Cluster_3
31:01|51:02|15:02|08:12|05:02,2.0019242865763517e-05,Cluster_3
02:03|15:02|08:01|14:04|05:03,0.0006406157717044325,Cluster_3
11:01|13:01|04:03|04:05|04:01,0.0022417821672676874,Cluster_3
01:01|55:01|03:03|04:03|03:02,2.0019242865763517e-05,Cluster_3
24:02|40:02|03:04|15:01|06:02,0.0012812234204033343,Cluster_3
25:01|18:01|07:01|04:01|03:02,0.00032030788585221627,Cluster_3
24:02|15:21|04:03|15:02|06:01,0.0009609236533352912,Cluster_3
02:03|37:01|06:02|15:01|05:02,4.0038485731527034e-05,Cluster_3
11:01|56:04|01:02|03:01|02:01,0.00032030788585221627,Cluster_3
24:02|15:25|12:03|15:02|05:02,2.0019242865763517e-05,Cluster_3
02:01|40:02|02:02|08:01|04:02,0.0006406157717044316,Cluster_3
02:A|46:01|01:03|08:03|06:01,4.0038485731527034e-05,Cluster_3
24:02|40:02|03:03|04:05|04:01,0.0006406157717044325,Cluster_3
03:01|41:01|17:01|10:01|05:01,2.0019242865763517e-05,Cluster_3
11:01|44:03|07:01|15:02|05:01,0.00032030788585221627,Cluster_3
03:01|51:01|15:02|04:02|03:02,2.0019242865763517e-05,Cluster_3
01:01|39:06|03:03|08:01|04:02,0.0006422900357154738,Cluster_3
31:01|40:02|03:03|08:02|03:02,4.0038485731527034e-05,Cluster_3
03:01|51:01|12:03|11:04|06:03,2.0019242865763517e-05,Cluster_3
01:01|15:25|03:03|14:04|05:03,2.0019242865763517e-05,Cluster_3
01:01|27:05|06:02|04:04|04:02,4.0038485731527034e-05,Cluster_3
02:03|51:01|15:02|16:01|05:02,0.00032030788585221627,Cluster_3
02:01|07:02|07:02|15:01|06:02,0.008212934158851387,Cluster_3
24:07|15:21|04:03|16:02|05:02,0.000640615769230652,Cluster_3
02:01|40:01|03:04|13:02|06:02,0.00032030788585221627,Cluster_3
26:01|40:01|07:02|04:05|04:01,0.00032030788585221627,Cluster_3
24:07|35:05|04:01|04:05|04:01,0.00032030788585221627,Cluster_3
34:01|13:01|04:01|15:02|05:01,0.00032030788585221627,Cluster_3
24:02|35:03|04:01|07:01|02:01,0.00032030788585221627,Cluster_3
31:01|15:32|15:02|12:02|05:02,2.0019242865763517e-05,Cluster_3
24:02|15:12|03:03|15:02|05:02,0.00032030788585221627,Cluster_3
02:01|49:01|16:01|10:01|05:01,8.007697146305407e-05,Cluster_3
32:01|58:01|05:01|13:02|04:01,2.0019242865763517e-05,Cluster_3
01:01|51:01|15:02|04:01|03:02,0.00032030788585221627,Cluster_3
11:01|38:02|07:02|15:02|05:02,0.007812562067389554,Cluster_3
31:01|35:03|12:03|13:01|05:03,2.0019242865763517e-05,Cluster_3
33:03|35:03|04:01|13:01|06:03,0.00032030788585221627,Cluster_3
33:03|51:02|14:02|14:01|05:03,0.00032030788585221627,Cluster_3
02:11|44:02|12:02|01:01|05:01,2.0019242865763517e-05,Cluster_3
33:03|40:06|15:02|16:02|05:02,2.0019242865763517e-05,Cluster_3
31:01|51:01|03:03|15:01|06:02,0.00032030788585221627,Cluster_3
33:03|40:06|07:02|10:01|05:01,2.0019242865763517e-05,Cluster_3
24:02|38:02|04:01|15:14|05:02,0.0003203078854930201,Cluster_3
02:01|13:01|03:04|09:01|03:03,0.0006406157717075683,Cluster_3
03:01|35:01|04:BCZHN|01:01|05:01,2.0019242865763517e-05,Cluster_3
01:01|37:01|06:02|15:01|06:02,0.00032030788585221627,Cluster_3
02:01|15:13|08:01|16:02|05:02,0.0003109045632911349,Cluster_3
31:01|49:01|07:01|14:01|05:01,2.0019242865763517e-05,Cluster_3
24:02|56:01|07:04|14:04|05:03,2.0019242865763517e-05,Cluster_3
02:01|51:01|14:02|04:05|04:01,0.0006406157380703352,Cluster_3
32:01|44:02|03:02|13:02|06:09,2.0019242865763517e-05,Cluster_3
01:01|27:05|01:02|15:01|05:03,2.0019242865763517e-05,Cluster_3
03:01|40:01|08:02|13:02|05:02,2.0019242865763517e-05,Cluster_3
68:02|56:01|08:02|04:03|03:02,2.0019242865763517e-05,Cluster_3
11:01|14:01|08:02|13:01|06:03,0.00032030788585221546,Cluster_3
01:01|41:01|17:01|16:01|05:02,0.00032030788585221627,Cluster_3
30:01|55:01|17:01|12:01|04:02,2.0019242865763517e-05,Cluster_3
24:02|40:01|04:01|04:03|03:02,0.004127071478856667,Cluster_3
24:02|15:01|04:03|04:05|05:03,0.00032030788585221627,Cluster_3
24:02|40:01|07:02|09:01|03:03,0.0011493494848835522,Cluster_3
33:03|15:02|07:02|12:02|05:02,0.00032030788585221627,Cluster_3
26:02|52:01|07:04|04:05|04:01,0.00032030788585221627,Cluster_3
11:01|13:01|07:02|16:02|05:02,0.0003203079594407349,Cluster_3
26:01|51:01|16:04|15:03|06:03,4.0038485731527034e-05,Cluster_3
25:01|27:05|03:03|04:01|03:02,0.00032030788585221627,Cluster_3
34:01|38:01|07:02|15:01|05:03,2.0019242865763517e-05,Cluster_3
33:03|51:01|12:03|04:02|06:03,2.0019242865763517e-05,Cluster_3
34:01|13:01|03:03|15:02|05:01,0.00032030788585221627,Cluster_3
24:02|35:08|04:01|09:01|03:03,0.00032030788585221627,Cluster_3
03:01|27:04|08:01|09:01|06:01,2.0019242865763517e-05,Cluster_3
02:05|52:01|12:02|15:02|06:01,2.0019242865763517e-05,Cluster_3
02:06|51:01|14:02|08:03|06:01,0.0009609236575566489,Cluster_3
11:01|40:06|08:01|13:02|06:04,0.00032030788585221627,Cluster_3
01:01|44:03|03:04|16:01|05:02,2.0019242865763517e-05,Cluster_3
02:07|18:01|08:01|15:01|06:10,2.0019242865763517e-05,Cluster_3
02:01|41:01|12:03|10:01|05:01,2.0019242865763517e-05,Cluster_3
03:01|50:01|06:02|04:03|03:02,0.00256246308681773,Cluster_3
03:01|42:02|03:04|12:01|04:02,2.0019242865763517e-05,Cluster_3
03:01|57:01|06:02|07:01|03:03,0.00037804240409745297,Cluster_3
11:01|18:01|15:02|14:04|05:03,0.00032030788585221627,Cluster_3
32:01|35:03|04:01|01:01|05:01,2.0019242865763517e-05,Cluster_3
68:02|57:01|06:02|04:04|04:02,0.00032030788585221627,Cluster_3
11:02|40:01|12:03|04:05|04:01,2.0019242865763517e-05,Cluster_3
33:03|40:01|03:02|09:01|03:03,0.00032030788585221627,Cluster_3
34:01|15:01|01:02|08:03|06:01,0.00032030788585221627,Cluster_3
11:01|35:03|12:02|04:01|03:02,4.0038485731527034e-05,Cluster_3
11:01|35:03|12:02|13:01|03:02,4.0038485731527034e-05,Cluster_3
01:01|15:25|07:26|14:04|05:03,2.0019242865763517e-05,Cluster_3
11:01|35:01|04:01|04:10|04:02,0.00032030788585221627,Cluster_3
02:01|51:01|03:04|04:05|04:02,0.00032030788585221627,Cluster_3
01:01|48:01|03:04|15:01|06:02,2.0019242865763517e-05,Cluster_3
01:01|15:17|07:01|15:06|05:02,0.00032030788585221627,Cluster_3
11:01|18:02|16:02|04:06|06:09,4.0038485731527034e-05,Cluster_3
33:03|57:01|06:02|07:01|03:03,0.00032030788585221627,Cluster_3
34:01|13:01|04:01|14:04|05:03,0.00032030788585221627,Cluster_3
11:01|56:01|01:02|15:03|03:02,2.0019242865763517e-05,Cluster_3
11:01|07:05|03:03|15:01|06:02,0.00032030788585221627,Cluster_3
03:01|51:01|17:01|08:01|04:02,2.0019242865763517e-05,Cluster_3
02:03|13:01|04:06|15:02|05:01,0.00032030788584454933,Cluster_3
31:01|50:01|06:02|13:01|06:03,2.0019242865763517e-05,Cluster_3
11:01|56:01|08:02|15:03|03:02,2.0019242865763517e-05,Cluster_3
03:01|55:01|07:26|04:03|03:02,2.0019242865763517e-05,Cluster_3
01:01|27:05|01:02|15:01|06:02,2.0019242865763517e-05,Cluster_3
01:01|48:01|01:02|15:01|06:02,2.0019242865763517e-05,Cluster_3
32:01|49:01|07:01|01:01|04:01,2.0019242865763517e-05,Cluster_3
02:11|35:01|03:258|15:01|03:02,2.0019242865763517e-05,Cluster_3
23:01|53:01|04:01|01:01|06:02,2.0019242865763517e-05,Cluster_3
30:01|53:01|08:02|13:02|05:01,4.0038485731527034e-05,Cluster_3
31:01|35:03|07:01|14:01|05:01,2.0019242865763517e-05,Cluster_3
33:03|58:01|04:01|15:01|03:02,2.0019242865763517e-05,Cluster_3
03:01|14:02|08:02|08:06|06:02,0.00032030788585221627,Cluster_3
03:01|40:01|07:02|11:01|06:09,2.0019242865763517e-05,Cluster_3
23:01|53:01|02:02|15:01|06:02,2.0019242865763517e-05,Cluster_3
02:05|18:01|02:02|15:01|06:02,2.0019242865763517e-05,Cluster_3
02:11|51:01|16:02|15:01|05:03,4.0038485731527034e-05,Cluster_3
30:01|58:01|03:02|13:02|06:09,2.0019242865763517e-05,Cluster_3
02:03|37:01|15:02|15:01|05:02,4.0038485731527034e-05,Cluster_3
02:05|58:01|07:01|15:02|05:02,2.0019242865763517e-05,Cluster_3
24:02|40:01|07:02|15:02|05:02,0.0003203078858522293,Cluster_3
34:01|15:141|07:02|15:01|05:03,2.0019242865763517e-05,Cluster_3
02:06|40:02|15:02|11:01|06:01,0.00032030788585221627,Cluster_3
11:01|27:06|03:04|08:02|04:02,0.00032030788585221627,Cluster_3
11:01|73:01|03:03|04:03|05:01,2.0019242865763517e-05,Cluster_3
31:01|35:03|06:02|13:01|05:03,2.0019242865763517e-05,Cluster_3
11:01|07:05|07:02|13:01|06:03,0.001281231543407415,Cluster_3
03:01|14:02|07:02|13:02|06:09,2.0019242865763517e-05,Cluster_3
02:06|55:12|08:01|09:01|03:03,0.00032030788585221627,Cluster_3
24:02|51:19|01:02|14:04|05:03,0.00032030788585221627,Cluster_3
29:01|07:05|15:05|09:01|03:03,0.00032030788585221627,Cluster_3
30:02|18:01|08:01|04:04|03:02,2.0019242865763517e-05,Cluster_3
11:02|40:01|12:03|04:05|05:02,2.0019242865763517e-05,Cluster_3
24:02|55:01|03:03|15:01|06:02,0.0003573235266602442,Cluster_3
26:01|15:35|07:02|15:14|05:02,0.0003203078858519942,Cluster_3
26:01|07:02|15:05|15:02|02:01,2.0019242865763517e-05,Cluster_3
02:03|27:05|03:04|15:01|05:03,2.0019242865763517e-05,Cluster_3
02:03|41:01|17:01|15:02|05:01,2.0019242865763517e-05,Cluster_3
34:01|35:05|04:01|04:03|03:02,0.000341642079985928,Cluster_3
32:01|51:07|14:02|01:01|05:01,0.0003203078858521375,Cluster_3
24:02|56:01|07:04|14:01|05:03,2.0019242865763517e-05,Cluster_3
32:01|40:01|03:04|01:01|05:01,0.00032030788585221627,Cluster_3
32:01|35:01|04:01|01:01|05:01,0.0012299064073092304,Cluster_3
23:01|07:02|15:05|15:02|02:01,2.0019242865763517e-05,Cluster_3
02:01|40:02|03:03|08:02|06:02,4.0038485731527034e-05,Cluster_3
11:02|55:02|12:03|16:02|04:01,2.0019242865763517e-05,Cluster_3
68:01|39:01|12:02|15:02|05:01,0.0003203078858522162,Cluster_3
02:205|39:01|12:03|16:01|05:02,0.00032030788585221627,Cluster_3
24:07|40:06|08:01|13:01|06:03,0.00032030788585221627,Cluster_3
24:07|51:01|04:01|15:02|05:01,0.00032030788585221627,Cluster_3
02:03|27:06|03:04|12:02|05:01,0.0003203078857722716,Cluster_3
33:03|44:03|07:01|15:02|05:02,2.0019242865763517e-05,Cluster_3
23:01|07:02|16:02|09:01|02:01,2.0019242865763517e-05,Cluster_3
26:01|73:01|15:05|04:03|05:01,2.0019242865763517e-05,Cluster_3
03:01|27:04|12:02|15:01|03:03,2.0019242865763517e-05,Cluster_3
03:01|18:01|15:02|11:04|03:02,2.0019242865763517e-05,Cluster_3
24:CAVJJ|38:CAVM|07:CAVPF|15:BFBXD|05:CAVTE,0.00016015394292610813,Cluster_3
11:01|15:07|03:03|01:02|05:01,2.0019242865763517e-05,Cluster_3
32:01|40:02|02:02|13:01|06:03,0.00032030788585221627,Cluster_3
03:01|14:02|07:02|11:01|06:09,2.0019242865763517e-05,Cluster_3
33:03|18:01|15:02|11:04|06:03,2.0019242865763517e-05,Cluster_3
31:01|40:06|16:02|14:04|03:02,2.0019242865763517e-05,Cluster_3
24:02|55:02|07:02|14:05|05:03,0.00032030788585221627,Cluster_3
11:01|44:03|07:01|10:01|05:01,0.00032030788585221627,Cluster_3
02:06|40:01|08:01|04:05|04:01,2.0019242865763517e-05,Cluster_3
11:04|18:01|12:02|10:01|03:02,4.0038485731527034e-05,Cluster_3
24:07|35:05|04:01|15:01|06:01,0.0006406166039897033,Cluster_3
24:07|40:01|04:01|09:01|03:03,0.0001314347637992715,Cluster_3
26:01|15:07|12:02|12:02|05:02,0.00032030788585221627,Cluster_3
33:03|40:01|07:02|08:03|06:01,0.00032030788585221627,Cluster_3
24:02|40:01|03:04|04:01|03:02,0.00032030788585221627,Cluster_3
24:02|15:01|03:03|04:04|03:02,0.0003203078858522746,Cluster_3
29:02|44:03|16:01|15:01|06:02,0.0006406157717044325,Cluster_3
02:06|40:06|12:02|15:02|05:03,0.00032030788585221627,Cluster_3
02:06|51:BCZHE|14:02|01:01|05:01,2.0019242865763517e-05,Cluster_3
02:07|15:01|04:01|09:01|03:03,0.00032030788585221627,Cluster_3
02:06|40:01|03:03|13:02|06:04,0.00032030788585221627,Cluster_3
02:03|48:01|03:04|14:07|05:03,2.0019242865763517e-05,Cluster_3
24:10|35:30|04:01|14:04|05:03,0.00032030788585221627,Cluster_3
02:07|55:02|07:02|08:03|06:01,0.00032030788585221627,Cluster_3
36:01|58:01|04:01|11:01|06:02,2.0019242865763517e-05,Cluster_3
31:01|51:01|15:02|14:01|05:03,0.00032030788585221627,Cluster_3
24:02|51:02|12:03|08:12|05:02,2.0019242865763517e-05,Cluster_3
24:02|40:01|03:04|16:02|05:02,0.0016015394315982035,Cluster_3
01:01|15:09|07:04|13:01|06:03,0.00032030788585221627,Cluster_3
01:01|07:05|04:01|15:01|06:01,4.0038485731527034e-05,Cluster_3
01:01|14:01|06:02|04:04|03:02,4.0038485731527034e-05,Cluster_3
03:01|15:25|03:03|14:04|03:02,2.0019242865763517e-05,Cluster_3
02:01|35:01|03:03|15:02|05:01,0.0006406157717044325,Cluster_3
03:01|35:01|14:02|14:04|05:01,2.0019242865763517e-05,Cluster_3
11:01|48:01|08:03|04:03|03:02,2.0019242865763517e-05,Cluster_3
02:03|15:32|12:03|09:01|03:03,0.00032030788585221627,Cluster_3
02:03|27:05|03:04|15:01|06:02,2.0019242865763517e-05,Cluster_3
03:01|38:01|12:03|15:02|05:02,2.0019242865763517e-05,Cluster_3
03:01|52:01|12:02|04:04|03:02,0.00032030788585221627,Cluster_3
02:06|40:02|03:04|14:01|05:02,0.0006406157717044325,Cluster_3
23:01|53:01|07:01|11:01|06:02,2.0019242865763517e-05,Cluster_3
11:01|48:01|08:01|04:05|04:01,0.0006406157717044334,Cluster_3
32:01|40:06|07:02|15:01|06:01,2.0019242865763517e-05,Cluster_3
26:01|51:01|16:04|04:03|03:02,0.0006406157717044325,Cluster_3
26:01|35:03|04:01|15:01|06:02,0.00032030788585221627,Cluster_3
11:01|40:10|04:03|09:01|03:03,0.0006406157716936574,Cluster_3
26:01|52:01|07:02|14:04|03:02,0.0001601539429261082,Cluster_3
02:06|15:13|08:01|15:01|05:02,0.00032030788585221627,Cluster_3
02:01|40:06|16:01|14:15|05:03,2.0019242865763517e-05,Cluster_3
33:03|18:01|12:03|04:02|03:02,2.0019242865763517e-05,Cluster_3
11:01|40:06|16:02|14:04|05:03,2.0019242865763517e-05,Cluster_3
01:01|07:02|07:02|15:02|06:01,0.0009609236575566489,Cluster_3
02:01|40:06|15:02|01:03|05:01,2.0019242865763517e-05,Cluster_3
32:01|51:01|14:02|13:01|06:03,0.00032030788585221627,Cluster_3
01:01|07:05|07:02|15:01|06:01,4.0038485731527034e-05,Cluster_3
31:01|50:01|12:03|14:01|06:03,2.0019242865763517e-05,Cluster_3
36:01|53:01|07:01|11:01|06:02,2.0019242865763517e-05,Cluster_3
24:02|38:01|12:03|13:01|06:03,0.0006406157717044872,Cluster_3
02:07|35:05|07:01|15:02|03:02,2.0019242865763517e-05,Cluster_3
24:10|07:05|07:02|15:02|06:01,0.00032030788585221627,Cluster_3
11:01|48:01|16:02|04:03|05:03,2.0019242865763517e-05,Cluster_3
11:01|51:02|15:02|09:01|03:03,0.0006406157717044325,Cluster_3
11:01|27:04|07:02|15:01|06:01,4.0038485731527034e-05,Cluster_3
11:01|15:12|03:03|12:02|05:02,0.00032030788585221627,Cluster_3
11:01|56:01|07:04|14:04|05:03,2.0019242865763517e-05,Cluster_3
02:01|40:06|16:01|01:03|05:01,2.0019242865763517e-05,Cluster_3
01:01|55:01|01:02|13:01|06:03,0.00036384362099124576,Cluster_3
24:02|40:02|07:02|15:02|05:02,0.0003261259834965246,Cluster_3
33:03|37:01|06:02|14:04|05:03,0.00032030788585221627,Cluster_3
30:02|41:01|16:01|10:01|04:02,2.0019242865763517e-05,Cluster_3
24:02|35:03|04:01|14:04|05:03,0.0006406157718284981,Cluster_3
24:02|15:32|15:02|08:12|06:01,2.0019242865763517e-05,Cluster_3
24:02|15:32|12:03|08:12|05:02,2.0019242865763517e-05,Cluster_3
23:01|40:12|07:02|04:03|06:02,2.0019242865763517e-05,Cluster_3
68:01|40:06|07:02|15:01|03:02,4.0038485731527034e-05,Cluster_3
02:ACKBY|46:01|01:02|09:01|06:01,4.0038485731527034e-05,Cluster_3
11:01|67:01|07:02|16:02|05:02,0.0003203078122636978,Cluster_3
34:01|15:35|07:02|15:02|05:01,0.0006618853508822692,Cluster_3
02:03|55:02|03:17|16:02|04:01,2.0019242865763517e-05,Cluster_3
36:01|53:01|07:01|01:01|05:01,2.0019242865763517e-05,Cluster_3
03:01|51:01|15:02|04:02|06:03,2.0019242865763517e-05,Cluster_3
24:02|15:35|08:01|08:03|06:01,0.00032030788585221627,Cluster_3
32:01|58:01|05:01|04:05|04:01,2.0019242865763517e-05,Cluster_3
24:07|15:02|08:01|15:01|06:01,0.000960855101161379,Cluster_3
03:01|15:01|04:01|15:01|06:03,0.000320307885852216,Cluster_3
26:01|08:01|07:02|15:02|06:01,0.0006406157717044325,Cluster_3
30:02|15:02|05:01|04:04|03:02,2.0019242865763517e-05,Cluster_3
03:01|51:01|01:02|01:01|05:01,0.0004591663542347143,Cluster_3
02:01|40:02|03:03|15:01|03:02,4.0038485731527034e-05,Cluster_3
26:01|51:01|12:02|13:01|06:03,0.00032030788585221627,Cluster_3
02:06|59:01|01:02|04:05|04:01,0.00016015394292610813,Cluster_3
03:01|07:02|07:02|15:01|06:03,0.000640615771704283,Cluster_3
23:01|58:01|12:02|15:02|06:01,2.0019242865763517e-05,Cluster_3
24:02|15:01|01:02|09:01|03:03,0.00032030788585221627,Cluster_3
34:01|38:01|12:03|15:01|05:03,2.0019242865763517e-05,Cluster_3
11:01|46:01|01:02|16:02|05:02,0.00032030788585221627,Cluster_3
30:01|55:01|03:04|12:01|05:01,2.0019242865763517e-05,Cluster_3
26:01|51:01|15:05|09:01|02:01,2.0019242865763517e-05,Cluster_3
68:01|15:17|07:01|15:02|06:01,0.0006406157717044325,Cluster_3
02:06|54:01|01:02|04:05|06:02,0.00016015394292610813,Cluster_3
32:01|44:02|03:02|04:05|06:09,2.0019242865763517e-05,Cluster_3
02:07|18:01|08:01|15:01|03:02,2.0019242865763517e-05,Cluster_3
24:03|51:06|12:04|12:02|05:02,0.0006406157717044325,Cluster_3
26:01|51:01|16:02|15:03|05:02,4.0038485731527034e-05,Cluster_3
30:01|55:01|03:04|08:01|04:02,2.0019242865763517e-05,Cluster_3
32:01|35:03|04:01|14:01|04:01,2.0019242865763517e-05,Cluster_3
03:01|35:01|04:01|10:01|05:01,0.0003416231901533674,Cluster_3
24:02|40:02|15:02|15:02|05:02,0.0010682277208624857,Cluster_3
02:07|44:03|04:01|15:02|05:02,2.0019242865763517e-05,Cluster_3
02:01|15:21|04:03|04:05|04:01,0.00032030788585221627,Cluster_3
32:01|40:01|07:02|11:06|03:01,0.00032030788585221627,Cluster_3
34:01|15:35|12:02|08:03|06:01,0.0006406157717044325,Cluster_3
03:01|15:25|12:03|15:02|05:01,2.0019242865763517e-05,Cluster_3
30:02|15:03|02:10|13:03|02:01,0.00032030788585221627,Cluster_3
24:02|51:01|16:02|13:02|06:04,0.00032030788585221627,Cluster_3
26:01|51:01|16:02|15:02|02:01,2.0019242865763517e-05,Cluster_3
33:03|58:01|03:02|09:01|03:03,0.0006406157717044325,Cluster_3
11:01|55:01|01:02|14:04|05:03,0.00032030788585221627,Cluster_3
11:01|51:01|14:02|15:02|05:01,0.00032030788585221627,Cluster_3
33:03|15:06|01:02|07:01|03:03,8.007697146305407e-05,Cluster_3
24:02|40:01|03:04|04:05|04:01,0.002736256191545948,Cluster_3
02:11|51:01|16:02|15:01|06:01,4.0038485731527034e-05,Cluster_3
24:02|51:01|14:02|15:01|06:02,0.0003473133151435979,Cluster_3
03:01|27:05|02:02|15:02|06:01,0.00032030788585221627,Cluster_3
33:03|18:01|15:02|04:02|03:02,2.0019242865763517e-05,Cluster_3
33:03|57:04|15:02|16:02|05:02,2.0019242865763517e-05,Cluster_3
33:03|27:04|12:02|09:01|06:01,2.0019242865763517e-05,Cluster_3
26:01|13:01|03:04|04:06|03:02,0.00032030788585221627,Cluster_3
02:03|56:01|04:03|14:08|05:01,0.00032030788585221627,Cluster_3
33:03|40:01|08:01|04:07|04:01,2.0019242865763517e-05,Cluster_3
02:01|18:01|17:01|07:01|05:01,2.0019242865763517e-05,Cluster_3
31:01|49:01|07:01|01:01|04:01,2.0019242865763517e-05,Cluster_3
34:01|15:21|04:03|09:01|03:03,0.001281231543409016,Cluster_3
68:01|44:03|15:02|01:03|05:03,2.0019242865763517e-05,Cluster_3
11:01|40:01|14:02|08:01|04:02,0.00032030788585221627,Cluster_3
02:03|15:32|12:03|15:02|05:01,2.0019242865763517e-05,Cluster_3
02:03|41:01|12:03|04:05|05:01,2.0019242865763517e-05,Cluster_3
74:01|42:01|17:01|10:01|05:01,4.0038485731527034e-05,Cluster_3
24:07|15:06|04:03|04:05|04:02,0.00032030788585221627,Cluster_3
30:02|18:01|05:01|15:01|06:10,2.0019242865763517e-05,Cluster_3
24:02|40:02|03:04|04:05|04:01,0.000640615771705301,Cluster_3
02:06|51:BCZHE|04:BCZHN|01:01|05:01,2.0019242865763517e-05,Cluster_3
02:06|48:01|08:01|04:05|04:01,2.0019242865763517e-05,Cluster_3
11:02|55:02|12:02|04:03|03:02,0.00032030788585221627,Cluster_3
24:07|38:02|08:01|15:01|06:01,0.00032030788585221627,Cluster_3
31:01|40:02|03:04|08:02|03:02,4.0038485731527034e-05,Cluster_3
02:11|52:01|12:02|15:02|06:01,0.0006406157717044324,Cluster_3
32:01|38:01|12:03|04:03|03:02,0.0003203078858518639,Cluster_3
11:01|35:03|12:02|04:01|06:03,4.0038485731527034e-05,Cluster_3
11:01|35:03|12:02|13:01|06:03,4.0038485731527034e-05,Cluster_3
30:01|56:01|01:02|13:01|06:03,0.00032030788585221627,Cluster_3
24:02|40:01|07:02|04:03|03:02,0.00032030788585221627,Cluster_3
11:01|56:01|07:04|14:01|05:03,2.0019242865763517e-05,Cluster_3
11:01|55:02|01:02|04:05|04:01,0.00032030788585221627,Cluster_3
24:02|39:01|07:02|15:01|06:02,0.00032030788585221627,Cluster_3
02:01|15:01|03:04|14:01|05:02,0.00016015394292610813,Cluster_3
33:03|38:02|07:02|15:02|05:02,0.00033397308405891694,Cluster_3
03:02|35:01|04:01|15:02|06:01,8.007697146305407e-05,Cluster_3
24:02|38:02|07:02|15:02|05:02,0.015356043104928016,Cluster_3
31:16|15:06|04:03|15:04|05:01,0.00032030788585221627,Cluster_3
33:03|57:04|18:01|16:02|05:02,2.0019242865763517e-05,Cluster_3
03:01|56:01|01:02|04:04|03:02,0.00032030788584946825,Cluster_3
01:01|59:01|01:02|04:04|03:02,0.00032030788585221627,Cluster_3
03:01|15:25|04:01|16:01|05:01,2.0019242865763517e-05,Cluster_3
02:07|07:02|07:02|11:04|03:01,0.0003203078836297031,Cluster_3
02:07|15:02|08:01|04:04|06:10,2.0019242865763517e-05,Cluster_3
24:02|18:01|07:04|14:01|05:02,2.0019242865763517e-05,Cluster_3
31:01|50:01|12:03|13:01|06:03,2.0019242865763517e-05,Cluster_3
24:07|35:05|04:01|14:04|05:03,8.007697146305407e-05,Cluster_3
11:01|51:01|14:02|14:04|05:03,0.00032030788585159524,Cluster_3
24:02|35:01|03:03|15:02|05:02,0.00032030788585221627,Cluster_3
03:01|40:01|08:02|11:01|06:09,2.0019242865763517e-05,Cluster_3
24:07|48:01|08:01|15:01|06:01,0.00032030788585221627,Cluster_3
02:11|58:01|03:258|15:01|06:01,2.0019242865763517e-05,Cluster_3
02:03|52:01|07:02|07:01|02:01,0.0003200625357449037,Cluster_3
23:01|07:02|07:02|04:03|03:02,2.0019242865763517e-05,Cluster_3
30:01|42:02|03:04|08:01|04:02,2.0019242865763517e-05,Cluster_3
24:02|46:01|01:02|16:02|05:02,0.00023685707916230243,Cluster_3
32:01|14:01|08:02|13:01|06:03,0.00032030788585221627,Cluster_3
33:03|40:01|03:02|04:05|03:02,2.0019242865763517e-05,Cluster_3
66:01|15:32|17:01|15:02|05:01,2.0019242865763517e-05,Cluster_3
31:01|35:03|07:01|01:01|04:01,2.0019242865763517e-05,Cluster_3
68:02|56:01|01:02|04:03|03:02,2.0019242865763517e-05,Cluster_3
02:06|35:05|04:01|15:02|05:02,0.00032030788585221627,Cluster_3
03:01|55:01|03:04|08:01|04:02,2.0019242865763517e-05,Cluster_3
02:07|57:01|03:02|15:02|05:01,0.00032030788585221627,Cluster_3
31:01|40:06|07:02|14:04|05:03,0.0006406157717044325,Cluster_3
26:01|15:07|15:05|04:03|03:02,2.0019242865763517e-05,Cluster_3
02:06|35:01|14:02|14:04|05:01,2.0019242865763517e-05,Cluster_3
33:03|44:03|07:01|04:03|03:02,2.0019242865763517e-05,Cluster_3
02:01|51:01|16:02|01:01|05:01,0.0003416231901533674,Cluster_3
24:03|51:06|12:04|07:01|03:03,0.004804618287783244,Cluster_3
11:01|35:01|08:01|08:03|06:01,0.00032030788585221627,Cluster_3
01:01|48:01|03:04|15:01|05:03,2.0019242865763517e-05,Cluster_3
23:01|52:01|12:02|16:01|06:01,2.0019242865763517e-05,Cluster_3
11:01|15:32|12:03|15:04|05:02,0.0016015394292610815,Cluster_3
03:01|51:BCZHE|04:BCZHN|01:01|05:01,2.0019242865763517e-05,Cluster_3
24:02|51:01|03:04|08:03|06:01,0.0006406157717044325,Cluster_3
24:02|15:01|03:03|13:01|06:03,0.00032030788585221627,Cluster_3
23:01|53:01|04:01|14:01|06:02,2.0019242865763517e-05,Cluster_3
68:02|14:02|07:02|13:03|03:01,0.00032030788585221627,Cluster_3
02:06|39:01|07:02|04:03|03:02,0.00030688584213297735,Cluster_3
33:03|40:01|08:01|04:05|03:02,2.0019242865763517e-05,Cluster_3
33:03|56:01|07:01|12:02|05:02,0.00032030788585221627,Cluster_3
11:01|51:01|07:04|13:02|03:02,4.0038485731527034e-05,Cluster_3
02:05|58:01|12:02|16:01|06:01,2.0019242865763517e-05,Cluster_3
01:01|48:01|01:02|15:01|05:03,2.0019242865763517e-05,Cluster_3
68:01|51:01|15:02|13:01|06:03,0.0009173879224176195,Cluster_3
02:01|35:03|04:01|14:04|05:03,0.00016015394292610813,Cluster_3
11:01|40:02|15:02|04:05|05:03,0.00036913240041094484,Cluster_3
02:01|07:02|07:02|04:03|03:02,0.00032030816071419396,Cluster_3
02:03|15:32|17:01|04:05|02:01,2.0019242865763517e-05,Cluster_3
02:BKSXJ|40:CAVMJ|03:CAVNN|09:DZUU|03:CAVTC,0.00032030788585221627,Cluster_3
01:01|07:02|07:02|01:01|05:01,0.0006477731360615654,Cluster_3
26:01|15:07|03:03|04:03|03:02,2.0019242865763517e-05,Cluster_3
23:01|53:01|02:02|15:01|05:03,2.0019242865763517e-05,Cluster_3
33:03|07:02|07:02|15:01|06:02,0.00035732352866817526,Cluster_3
24:02|40:06|08:01|09:01|03:03,0.0019218473151132978,Cluster_3
02:05|18:01|02:02|15:01|05:03,2.0019242865763517e-05,Cluster_3
11:01|15:25|04:03|16:02|05:02,0.0009686833061187612,Cluster_3
11:01|35:05|04:01|15:02|05:02,0.0010791153778571291,Cluster_3
03:01|27:04|12:02|15:01|06:01,2.0019242865763517e-05,Cluster_3
11:02|27:04|12:02|15:02|05:02,0.00032030788585221627,Cluster_3
23:01|58:01|07:01|15:02|06:01,2.0019242865763517e-05,Cluster_3
03:01|18:01|15:02|11:04|06:03,2.0019242865763517e-05,Cluster_3
24:02|51:02|15:02|08:12|05:02,2.0019242865763517e-05,Cluster_3
11:01|27:04|01:02|04:05|04:01,0.00032030788585221627,Cluster_3
24:07|15:10|07:04|04:05|04:02,0.00032030788585221627,Cluster_3
32:01|07:02|07:02|14:01|05:03,0.0006406157717044325,Cluster_3
24:07|35:05|04:01|14:01|04:01,0.00032030788283967315,Cluster_3
33:03|58:01|03:258|04:06|03:02,2.0019242865763517e-05,Cluster_3
11:02|40:01|07:02|04:04|03:02,0.00032030788585221627,Cluster_3
11:01|51:01|01:02|09:01|03:03,0.00032030788585221627,Cluster_3
11:01|35:05|04:01|16:02|05:02,0.0005511086719230555,Cluster_3
34:01|40:01|07:02|15:01|05:02,0.00032030788585221627,Cluster_3
11:01|18:02|07:04|04:06|06:09,4.0038485731527034e-05,Cluster_3
02:11|40:12|04:04|15:03|03:02,2.0019242865763517e-05,Cluster_3
01:01|18:01|12:02|10:01|05:01,4.0038485731527034e-05,Cluster_3
33:03|48:01|08:01|04:07|04:01,2.0019242865763517e-05,Cluster_3
32:01|44:02|05:01|13:02|06:09,2.0019242865763517e-05,Cluster_3
11:02|14:02|07:02|13:02|06:09,2.0019242865763517e-05,Cluster_3
24:02|44:02|05:01|13:01|06:03,0.0007808734609275904,Cluster_3
02:06|27:06|03:04|15:02|05:02,0.0012424700202168437,Cluster_3
33:03|15:01|03:03|15:01|06:02,0.0006406157717038475,Cluster_3
24:02|15:35|07:02|15:02|05:01,0.00046831386656069683,Cluster_3
31:01|48:01|16:02|14:04|05:03,2.0019242865763517e-05,Cluster_3
01:01|15:25|03:03|04:03|05:03,2.0019242865763517e-05,Cluster_3
02:01|39:24|07:01|11:02|03:01,0.00032030788585221627,Cluster_3
11:01|07:05|07:02|09:01|03:03,0.0009609236575566489,Cluster_3
02:01|15:01|03:04|16:01|05:01,2.0019242865763517e-05,Cluster_3
11:01|07:02|07:02|15:02|06:01,0.0003189375635429855,Cluster_3
02:01|56:04|01:02|16:02|05:02,0.0006406157717044325,Cluster_3
80:01|44:03|04:01|13:02|06:09,0.00032030788585221627,Cluster_3
03:02|35:01|04:01|04:04|06:01,8.007697146305407e-05,Cluster_3
34:01|40:01|03:03|15:02|05:02,0.00032030788585221627,Cluster_3
33:03|08:01|04:01|15:01|06:01,2.0019242865763517e-05,Cluster_3
24:02|54:01|01:02|01:01|05:01,0.0006406157717043776,Cluster_3
24:02|40:01|03:04|15:01|06:01,0.00032030788585221627,Cluster_3
26:01|73:01|03:03|01:02|05:01,2.0019242865763517e-05,Cluster_3
33:03|18:01|12:03|04:02|06:03,2.0019242865763517e-05,Cluster_3
11:01|46:01|01:02|04:03|03:02,0.00032030788585221627,Cluster_3
31:01|27:05|02:02|04:01|03:01,0.0006406157717044325,Cluster_3
02:01|40:02|03:04|08:02|06:02,4.0038485731527034e-05,Cluster_3
02:06|40:01|08:01|04:07|04:01,2.0019242865763517e-05,Cluster_3
32:01|51:07|14:02|13:01|06:03,0.00032030788585221627,Cluster_3
02:01|18:01|17:01|07:01|03:03,2.0019242865763517e-05,Cluster_3
24:02|27:04|12:02|14:01|05:02,0.00032030788585221627,Cluster_3
11:01|07:05|07:02|14:01|05:02,0.00032030788585221627,Cluster_3
74:01|39:01|07:02|12:02|05:02,0.0003203078858518775,Cluster_3
11:01|51:06|14:02|15:01|05:02,0.00032030788585221627,Cluster_3
11:01|40:01|07:02|09:01|03:03,0.0026305709766507165,Cluster_3
02:03|41:01|17:01|04:05|02:01,2.0019242865763517e-05,Cluster_3
02:CAVH|40:CAVMH|04:BCZH|14:54|06:BYFKE,0.00016015394292610813,Cluster_3
26:01|39:01|02:02|16:01|05:02,4.0038485731527034e-05,Cluster_3
11:02|40:01|03:04|15:02|05:02,0.00032030788585179826,Cluster_3
11:02|14:02|07:02|11:01|06:09,2.0019242865763517e-05,Cluster_3
03:01|40:01|12:02|09:01|06:01,2.0019242865763517e-05,Cluster_3
33:03|08:01|07:02|15:01|06:01,2.0019242865763517e-05,Cluster_3
02:01|41:01|12:03|07:01|03:03,2.0019242865763517e-05,Cluster_3
02:06|51:BCZHE|04:BCZHN|14:04|05:01,2.0019242865763517e-05,Cluster_3
32:01|35:03|07:01|01:01|05:01,2.0019242865763517e-05,Cluster_3
24:02|18:01|07:01|14:01|05:03,0.00032030788585221627,Cluster_3
34:01|51:01|04:01|14:01|05:03,0.00032030788585221627,Cluster_3
03:01|50:01|06:02|13:01|06:03,2.0019242865763517e-05,Cluster_3
02:07|44:03|04:01|04:03|03:02,2.0019242865763517e-05,Cluster_3
31:01|40:06|08:03|14:04|03:02,2.0019242865763517e-05,Cluster_3
11:01|56:01|01:02|04:03|03:02,2.0019242865763517e-05,Cluster_3
26:01|15:13|08:01|04:04|03:02,0.00032030788585221627,Cluster_3
01:01|15:01|03:03|13:02|06:04,0.00095921984881495,Cluster_3
74:01|42:01|08:02|13:02|05:01,4.0038485731527034e-05,Cluster_3
02:11|40:12|07:02|04:03|06:02,2.0019242865763517e-05,Cluster_3
31:01|40:06|08:03|04:03|05:03,2.0019242865763517e-05,Cluster_3
24:02|51:06|12:04|07:01|03:03,0.00032030788585221627,Cluster_3
11:01|56:01|08:02|04:03|03:02,2.0019242865763517e-05,Cluster_3
11:04|18:01|12:03|04:03|03:02,4.0038485731527034e-05,Cluster_3
11:01|57:01|06:02|07:01|03:03,0.0028283123174864967,Cluster_3
24:07|15:01|03:03|04:05|04:02,0.00032030788585221627,Cluster_3
02:01|18:01|05:01|07:01|03:03,4.0038485731527034e-05,Cluster_3
26:01|35:01|04:01|13:02|06:04,0.0006406157717044325,Cluster_3
11:01|38:02|08:01|08:03|06:01,0.00032030788585221025,Cluster_3
24:02|15:06|03:37|09:01|03:03,0.00032030788585221627,Cluster_3
68:01|40:06|16:01|14:15|05:03,2.0019242865763517e-05,Cluster_3
26:01|51:01|15:05|15:02|06:01,2.0019242865763517e-05,Cluster_3
11:01|15:02|08:01|04:05|04:01,0.0003203078764477472,Cluster_3
02:01|13:01|04:06|08:03|06:01,0.00032030788585221627,Cluster_3
30:02|18:01|05:01|15:01|03:02,2.0019242865763517e-05,Cluster_3
02:06|40:01|03:04|09:01|03:03,0.00032030788585234664,Cluster_3
68:01|55:01|12:03|13:01|06:03,0.00032030788585221627,Cluster_3
02:06|35:05|03:04|15:01|06:02,0.0003404453849620282,Cluster_3
11:01|55:01|03:03|08:01|04:02,0.000513078731959613,Cluster_3
11:01|40:01|03:04|15:02|05:01,0.0003203078846976432,Cluster_3
03:01|55:01|17:01|12:01|04:02,2.0019242865763517e-05,Cluster_3
26:01|56:01|07:02|11:01|03:01,0.00032030788585221627,Cluster_3
68:01|27:04|07:02|04:02|06:01,4.0038485731527034e-05,Cluster_3
23:01|58:01|12:02|16:01|05:02,2.0019242865763517e-05,Cluster_3
33:03|40:06|04:01|10:01|05:01,2.0019242865763517e-05,Cluster_3
31:01|35:01|04:01|14:01|03:02,4.0038485731527034e-05,Cluster_3
68:01|44:02|05:01|14:01|05:03,0.00032030788585221627,Cluster_3
68:01|40:06|16:01|01:03|05:01,2.0019242865763517e-05,Cluster_3
34:01|13:01|03:04|09:01|03:03,0.0001497281744931828,Cluster_3
33:03|48:01|08:01|04:05|03:02,2.0019242865763517e-05,Cluster_3
02:01|07:02|07:02|01:01|05:01,0.001153520199857004,Cluster_3
33:03|35:01|03:258|04:06|03:02,2.0019242865763517e-05,Cluster_3
02:01|52:01|12:02|14:11|05:03,0.00032030785524343915,Cluster_3
02:03|48:01|01:02|14:07|06:02,2.0019242865763517e-05,Cluster_3
36:01|53:01|07:01|01:01|06:02,2.0019242865763517e-05,Cluster_3
03:01|38:01|04:01|16:01|05:02,2.0019242865763517e-05,Cluster_3
11:01|35:01|04:01|15:02|05:01,0.0006406157717044325,Cluster_3
11:01|15:17|07:01|13:02|06:03,0.00032030788585221627,Cluster_3
03:01|38:01|12:03|01:01|05:01,0.00032030788585221757,Cluster_3
02:03|13:01|12:02|15:04|05:02,0.00032030788585221627,Cluster_3
02:11|40:01|12:03|14:04|05:03,0.00032030788585221627,Cluster_3
31:01|15:32|15:02|08:12|05:02,2.0019242865763517e-05,Cluster_3
03:01|57:04|15:02|16:02|05:03,2.0019242865763517e-05,Cluster_3
24:07|52:01|07:02|14:04|05:03,0.00032030788585221627,Cluster_3
31:01|51:02|12:03|08:12|06:01,2.0019242865763517e-05,Cluster_3
33:03|18:01|15:02|04:02|06:03,2.0019242865763517e-05,Cluster_3
02:01|35:01|03:04|08:03|06:01,0.00032030788585221627,Cluster_3
02:11|15:01|07:02|15:01|06:01,4.0038485731527034e-05,Cluster_3
30:01|44:02|03:02|13:02|06:09,2.0019242865763517e-05,Cluster_3
11:01|07:05|07:02|15:02|05:01,0.0012252231657869073,Cluster_3
02:16|51:06|14:02|15:01|06:01,0.00032030788585221627,Cluster_3
02:ACKBY|46:01|01:02|08:03|03:03,4.0038485731527034e-05,Cluster_3
02:07|15:02|08:01|04:04|03:02,2.0019242865763517e-05,Cluster_3
11:04|18:01|12:02|10:01|05:01,4.0038485731527034e-05,Cluster_3
11:01|52:01|07:02|04:03|03:02,0.0015832924231361715,Cluster_3
26:01|55:01|01:02|15:02|06:01,8.007697146305407e-05,Cluster_3
11:02|55:02|12:02|08:09|04:02,0.00032030788585221627,Cluster_3
24:02|39:06|07:02|08:01|04:02,0.00031860407711051735,Cluster_3
02:01|50:02|06:02|04:05|03:02,0.00032030788585221627,Cluster_3
68:01|35:03|04:01|13:02|06:04,0.0006406157717044325,Cluster_3
24:07|18:01|07:04|15:02|05:01,0.004028360192671975,Cluster_3
31:01|35:03|12:03|14:01|06:03,2.0019242865763517e-05,Cluster_3
02:01|40:02|03:04|15:01|03:02,4.0038485731527034e-05,Cluster_3
01:01|57:01|06:02|13:01|06:03,0.00032030788585221627,Cluster_3
24:02|15:25|04:01|15:02|05:01,2.0019242865763517e-05,Cluster_3
24:02|40:06|12:02|15:01|06:01,0.0009609236575566489,Cluster_3
24:02|40:01|07:02|08:09|04:02,0.00032030788585227135,Cluster_3
03:01|35:03|12:03|13:01|06:03,2.0019242865763517e-05,Cluster_3
31:01|15:32|12:03|12:02|06:01,2.0019242865763517e-05,Cluster_3
24:10|07:05|07:02|04:05|04:01,0.00032030788585221627,Cluster_3
03:01|40:01|08:01|15:01|03:03,2.0019242865763517e-05,Cluster_3
33:03|35:05|07:01|04:03|05:02,2.0019242865763517e-05,Cluster_3
11:01|40:01|07:02|15:02|05:01,0.002202976193747766,Cluster_3
23:01|40:12|04:04|15:03|06:02,2.0019242865763517e-05,Cluster_3
24:02|40:01|03:04|04:04|03:02,0.0009609236575564545,Cluster_3
03:02|35:01|04:01|04:04|04:02,8.007697146305407e-05,Cluster_3
11:02|55:02|12:03|16:02|05:02,2.0019242865763517e-05,Cluster_3
11:01|48:01|16:02|14:04|03:02,2.0019242865763517e-05,Cluster_3
02:01|44:02|05:01|14:01|05:03,0.0006406157718141116,Cluster_3
02:01|51:01|16:04|16:01|05:02,4.0038485731527034e-05,Cluster_3
02:06|35:01|04:BCZHN|01:01|05:01,2.0019242865763517e-05,Cluster_3
33:03|40:01|08:01|15:01|03:03,2.0019242865763517e-05,Cluster_3
02:01|15:01|03:04|10:01|05:01,2.0019242865763517e-05,Cluster_3
02:01|41:01|12:03|10:01|03:03,2.0019242865763517e-05,Cluster_3
11:01|40:01|12:03|10:01|05:01,0.00032030788585221616,Cluster_3
02:07|40:01|03:03|09:01|03:03,0.00032030788585221627,Cluster_3
24:02|07:02|07:02|15:02|05:03,0.00032030788585221627,Cluster_3
36:01|58:01|04:01|01:01|05:01,2.0019242865763517e-05,Cluster_3
03:01|44:03|04:01|04:02|03:02,0.0003203078697558612,Cluster_3
02:06|48:01|08:01|04:07|04:01,2.0019242865763517e-05,Cluster_3
11:01|40:01|07:02|08:03|06:01,0.0011946686911681224,Cluster_3
33:03|35:03|12:03|13:01|06:03,0.000640615756230152,Cluster_3
23:01|53:01|07:01|01:01|05:01,2.0019242865763517e-05,Cluster_3
02:01|18:01|07:04|15:02|05:01,0.0015581377601495312,Cluster_3
02:11|58:01|04:01|04:06|06:01,2.0019242865763517e-05,Cluster_3
30:01|58:01|05:01|13:02|06:09,2.0019242865763517e-05,Cluster_3
02:01|51:01|15:02|08:01|04:02,0.0006406157717044325,Cluster_3
30:01|35:01|04:01|04:04|06:01,8.007697146305407e-05,Cluster_3
33:03|35:03|04:01|10:01|05:01,0.00032030788585221627,Cluster_3
24:07|35:01|04:01|15:02|05:02,0.00032030788585221627,Cluster_3
11:01|15:21|04:03|15:02|05:02,0.00032030788567065426,Cluster_3
24:02|59:01|01:02|04:05|04:01,0.0006406157717044325,Cluster_3
03:01|15:25|07:26|14:04|05:03,2.0019242865763517e-05,Cluster_3
03:01|14:02|08:02|13:02|05:02,2.0019242865763517e-05,Cluster_3
03:01|35:01|04:BCZHN|01:01|05:03,2.0019242865763517e-05,Cluster_3
02:01|07:02|07:01|11:01|05:01,0.00032030788585221627,Cluster_3
68:02|56:01|01:02|15:03|06:02,2.0019242865763517e-05,Cluster_3
02:01|18:01|05:01|07:01|06:02,4.0038485731527034e-05,Cluster_3
26:01|55:02|01:02|09:01|03:03,0.00032030788585221627,Cluster_3
31:01|49:01|04:01|01:01|05:01,2.0019242865763517e-05,Cluster_3
23:01|41:01|08:02|13:01|06:02,2.0019242865763517e-05,Cluster_3
31:01|35:01|04:01|04:04|05:03,4.0038485731527034e-05,Cluster_3
02:01|15:01|07:02|10:01|05:01,2.0019242865763517e-05,Cluster_3
02:03|15:32|12:03|04:05|02:01,2.0019242865763517e-05,Cluster_3
23:01|07:02|01:02|15:02|06:01,0.00032030788585221627,Cluster_3
26:01|38:01|12:03|04:02|03:02,0.0009609236575566489,Cluster_3
24:02|56:01|04:10|14:04|05:02,2.0019242865763517e-05,Cluster_3
24:10|18:02|07:04|04:05|04:01,0.00032030788585221627,Cluster_3
33:03|51:01|01:02|15:02|03:03,8.007697146305407e-05,Cluster_3
24:02|35:03|12:03|12:02|05:02,0.00032030788585221627,Cluster_3
24:02|56:04|01:02|15:01|05:01,0.00032030788585221627,Cluster_3
24:02|46:01|15:02|04:05|04:01,0.00032030788585221627,Cluster_3
03:01|51:01|17:01|10:01|04:02,2.0019242865763517e-05,Cluster_3
02:01|15:01|07:02|04:05|03:02,0.00032030788585221616,Cluster_3
03:01|40:06|18:01|16:02|05:02,2.0019242865763517e-05,Cluster_3
33:03|35:05|04:01|15:02|03:02,2.0019242865763517e-05,Cluster_3
33:03|40:06|18:01|16:02|05:03,2.0019242865763517e-05,Cluster_3
26:01|39:01|12:03|16:01|05:02,4.0038485731527034e-05,Cluster_3
02:01|55:02|12:03|16:02|05:02,0.00032030788585221627,Cluster_3
03:01|55:01|03:03|14:04|05:03,2.0019242865763517e-05,Cluster_3
68:02|56:01|08:02|15:03|06:02,2.0019242865763517e-05,Cluster_3
31:01|35:03|06:02|14:01|06:03,2.0019242865763517e-05,Cluster_3
02:11|35:01|12:03|10:01|05:01,0.00032030788585221627,Cluster_3
33:03|15:18|07:04|15:04|05:02,0.00032030788585221627,Cluster_3
02:06|07:05|07:02|15:02|05:01,0.00032030788584894133,Cluster_3
33:03|40:01|03:02|04:07|03:02,2.0019242865763517e-05,Cluster_3
34:01|38:02|07:02|15:02|05:02,0.005336381379353197,Cluster_3
03:01|14:02|08:02|11:01|05:02,2.0019242865763517e-05,Cluster_3
11:01|15:07|15:05|04:03|03:02,2.0019242865763517e-05,Cluster_3
24:10|46:01|01:02|04:05|04:01,0.00032030788585221627,Cluster_3
29:01|07:05|15:05|11:06|05:02,0.00032030788585221627,Cluster_3
03:01|15:25|04:01|15:02|05:02,2.0019242865763517e-05,Cluster_3
11:01|27:04|12:02|08:09|04:02,0.0006406157717044325,Cluster_3
11:01|40:06|07:02|15:01|06:01,4.0038485731527034e-05,Cluster_3
02:01|51:02|14:02|15:02|05:02,0.00032030788585221627,Cluster_3
29:02|07:02|07:02|15:01|06:02,0.0016015394292610815,Cluster_3
31:01|58:01|03:02|13:02|06:09,0.00032030788585221627,Cluster_3
74:01|41:01|06:02|15:03|06:02,2.0019242865763517e-05,Cluster_3
11:02|40:01|07:02|11:01|06:09,2.0019242865763517e-05,Cluster_3
02:03|55:02|03:17|16:02|05:02,2.0019242865763517e-05,Cluster_3
11:01|27:05|05:01|10:01|05:01,8.007697146305407e-05,Cluster_3
26:01|15:07|03:03|01:02|03:02,2.0019242865763517e-05,Cluster_3
11:01|44:03|07:06|07:01|02:02,0.00032030788585221627,Cluster_3
02:07|18:01|05:01|04:04|06:10,2.0019242865763517e-05,Cluster_3
33:03|40:01|12:02|15:01|03:03,2.0019242865763517e-05,Cluster_3
34:01|15:35|07:02|04:05|04:02,0.003080267306952534,Cluster_3
32:01|49:01|07:01|15:01|06:02,0.00032030788585221627,Cluster_3
03:01|07:02|07:02|15:01|06:02,0.01154120361257936,Cluster_3
24:02|15:25|12:03|16:01|05:02,2.0019242865763517e-05,Cluster_3
24:02|15:25|08:01|08:03|06:01,0.00032030788585221627,Cluster_3
11:02|55:02|12:03|04:05|04:01,2.0019242865763517e-05,Cluster_3
11:01|51:01|16:02|13:02|03:02,4.0038485731527034e-05,Cluster_3
02:06|15:01|04:01|08:03|06:01,0.00016015394292610813,Cluster_3
11:01|52:01|07:02|01:01|05:01,0.00032030788585221627,Cluster_3
74:01|58:02|06:02|15:03|03:03,2.0019242865763517e-05,Cluster_3
32:01|15:25|02:02|10:01|05:01,4.0038485731527034e-05,Cluster_3
68:01|44:02|07:04|04:01|03:02,0.00032030788585221627,Cluster_3
02:01|44:03|16:01|14:15|05:01,2.0019242865763517e-05,Cluster_3
23:01|18:01|04:01|14:01|06:02,2.0019242865763517e-05,Cluster_3
02:03|40:01|07:02|04:06|03:02,0.00032030788585221627,Cluster_3
02:11|35:01|03:258|04:06|03:02,2.0019242865763517e-05,Cluster_3
01:01|57:01|06:02|15:02|03:01,0.00016015394292610813,Cluster_3
23:01|53:01|04:01|14:01|05:03,2.0019242865763517e-05,Cluster_3
32:01|35:03|07:01|14:01|04:01,2.0019242865763517e-05,Cluster_3
33:03|58:01|04:01|04:06|03:02,2.0019242865763517e-05,Cluster_3
11:01|07:05|07:02|12:02|05:01,0.0003203078858522023,Cluster_3
11:01|37:01|06:02|14:04|05:03,0.00032030788585221627,Cluster_3
36:01|58:01|07:01|11:01|05:01,2.0019242865763517e-05,Cluster_3
34:02|44:03|02:02|01:02|05:01,0.00032030788585221627,Cluster_3
66:01|15:32|17:01|04:05|02:01,2.0019242865763517e-05,Cluster_3
02:07|35:01|04:01|14:05|05:03,0.00032030788585221627,Cluster_3
03:01|35:01|04:01|07:01|03:03,0.0006406157717044325,Cluster_3
01:01|07:02|07:02|13:01|06:03,0.0009609236575565762,Cluster_3
31:01|51:01|14:02|12:01|04:02,8.007697146305407e-05,Cluster_3
30:01|58:01|03:02|04:05|06:09,2.0019242865763517e-05,Cluster_3
02:07|35:01|02:02|15:02|05:01,4.0038485731527034e-05,Cluster_3
31:01|08:01|07:01|08:01|04:02,0.0003203078846390904,Cluster_3
23:01|07:02|04:04|15:03|03:02,2.0019242865763517e-05,Cluster_3
02:03|07:05|15:02|04:05|04:01,0.00032030788585221627,Cluster_3
02:A|46:01|01:02|09:01|03:03,4.0038485731527034e-05,Cluster_3
02:07|40:02|07:02|15:02|05:01,0.0003203078858513834,Cluster_3
30:01|53:01|17:01|10:01|05:01,4.0038485731527034e-05,Cluster_3
01:01|27:05|08:02|04:04|04:02,4.0038485731527034e-05,Cluster_3
24:02|13:01|12:02|04:05|04:01,1.1918385937909006e-06,Cluster_3
68:172|07:05|07:02|15:01|06:01,0.0006406157717044325,Cluster_3
03:01|18:01|12:03|13:01|06:03,0.0003203078858522116,Cluster_3
11:01|52:01|14:02|13:01|03:02,4.0038485731527034e-05,Cluster_3
26:01|51:01|16:02|16:01|06:03,4.0038485731527034e-05,Cluster_3
24:02|51:01|03:04|15:02|05:01,0.0006406157717044325,Cluster_3
02:03|38:02|07:02|08:03|06:01,0.0012629845372839552,Cluster_3
11:01|51:01|03:04|15:01|05:02,0.00032030788585221627,Cluster_3
02:07|40:01|03:03|15:01|06:02,0.00032030788585221627,Cluster_3
11:01|15:35|08:01|04:05|04:01,0.0003203078858520929,Cluster_3
23:01|14:01|08:02|04:05|03:02,0.00032030788585221627,Cluster_3
11:01|37:01|05:01|01:03|05:01,8.007697146305407e-05,Cluster_3
11:01|46:01|01:02|04:05|04:01,0.00032030788585221627,Cluster_3
24:02|40:01|03:04|04:10|04:02,0.00032030788585221627,Cluster_3
32:01|08:01|07:02|15:01|06:01,2.0019242865763517e-05,Cluster_3
01:01|15:01|03:04|10:01|05:01,2.0019242865763517e-05,Cluster_3
11:01|13:01|03:04|15:02|06:02,0.0006887941995219943,Cluster_3
30:01|35:01|04:01|04:04|04:02,8.007697146305407e-05,Cluster_3
03:01|51:01|05:01|04:01|03:02,0.00032030788585221627,Cluster_3
25:01|18:01|17:01|10:01|05:01,2.0019242865763517e-05,Cluster_3
02:05|52:01|07:01|16:01|06:01,2.0019242865763517e-05,Cluster_3
34:01|15:21|04:03|15:02|05:02,0.006408642541451421,Cluster_3
11:02|55:02|12:03|04:05|05:02,2.0019242865763517e-05,Cluster_3
24:02|15:21|04:03|15:01|05:01,0.00032030788585221627,Cluster_3
11:01|40:06|07:02|04:02|03:02,4.0038485731527034e-05,Cluster_3
68:02|57:02|18:01|13:01|06:03,0.00032030788585221627,Cluster_3
24:02|40:02|03:05|04:07|03:02,0.00032030788585221627,Cluster_3
23:01|14:01|08:02|04:03|03:02,0.00032030788585221627,Cluster_3
33:03|27:04|08:01|15:01|03:03,2.0019242865763517e-05,Cluster_3
24:02|38:01|04:01|15:02|05:02,2.0019242865763517e-05,Cluster_3
32:01|35:01|04:01|09:01|03:03,0.00032030788585221627,Cluster_3
68:01|40:06|16:01|01:03|05:03,2.0019242865763517e-05,Cluster_3
33:03|07:02|07:02|15:02|06:01,0.0003066426876460974,Cluster_3
03:01|50:01|12:03|13:01|06:03,2.0019242865763517e-05,Cluster_3
31:01|48:01|08:03|14:04|05:03,2.0019242865763517e-05,Cluster_3
24:07|07:05|07:02|15:01|05:02,0.0006406157717044325,Cluster_3
33:03|15:17|07:01|13:02|06:04,0.0006406157717044325,Cluster_3
30:01|42:02|17:01|12:01|04:02,2.0019242865763517e-05,Cluster_3
34:05|38:02|07:02|15:02|05:01,0.0005376619376574746,Cluster_3
02:03|13:01|03:04|15:02|05:01,0.0008281612386158861,Cluster_3
24:02|52:01|12:02|04:03|03:02,0.001226772888685378,Cluster_3
03:01|35:01|04:01|01:01|05:01,0.0054752438912857694,Cluster_3
02:03|55:02|03:17|04:05|04:01,2.0019242865763517e-05,Cluster_3
31:01|57:01|03:03|07:01|03:03,0.00032030788585221627,Cluster_3
02:06|51:BCZHE|14:02|01:01|05:03,2.0019242865763517e-05,Cluster_3
33:03|52:01|12:02|01:01|03:02,2.0019242865763517e-05,Cluster_3
02:03|40:01|07:02|04:05|04:02,0.00032030788585221627,Cluster_3
11:01|55:02|01:02|09:01|03:03,0.00032030788585221627,Cluster_3
11:04|18:01|12:03|10:01|03:02,4.0038485731527034e-05,Cluster_3
02:01|35:01|15:02|14:01|05:03,0.0006406157717044325,Cluster_3
02:01|51:01|04:01|04:05|04:01,0.00032030788585221627,Cluster_3
26:01|15:07|03:03|04:03|05:01,2.0019242865763517e-05,Cluster_3
02:07|46:01|01:02|09:01|03:03,0.01939086295962673,Cluster_3
30:01|44:02|03:02|04:05|06:09,2.0019242865763517e-05,Cluster_3
26:01|56:01|01:02|04:04|03:02,0.0003203078858516498,Cluster_3
32:01|49:01|04:01|01:01|05:01,2.0019242865763517e-05,Cluster_3
03:01|35:01|14:02|14:04|05:03,2.0019242865763517e-05,Cluster_3
02:01|15:141|04:01|15:01|06:74,0.00032030788585221627,Cluster_3
01:01|15:01|07:02|10:01|05:01,2.0019242865763517e-05,Cluster_3
30:02|51:01|17:01|08:01|05:01,2.0019242865763517e-05,Cluster_3
24:02|40:01|03:03|09:01|03:03,0.00032030788585221627,Cluster_3
68:01|40:06|15:02|01:03|05:01,2.0019242865763517e-05,Cluster_3
02:01|40:01|03:04|15:01|06:03,0.00032030788585221627,Cluster_3
02:01|27:04|12:02|14:04|05:03,0.00032030788585221627,Cluster_3
02:01|14:02|08:02|01:02|05:02,0.00032030788585221627,Cluster_3
24:02|57:01|06:02|14:01|05:03,0.00032030788585221627,Cluster_3
11:01|52:01|12:02|15:01|06:02,0.0012812315434088462,Cluster_3
33:03|40:06|07:02|10:01|06:01,2.0019242865763517e-05,Cluster_3
33:03|44:03|07:01|13:01|06:03,0.00032030788585221714,Cluster_3
34:01|51:06|12:04|07:01|03:03,0.00032030788585221627,Cluster_3
33:03|35:03|04:01|15:02|05:01,0.001281231543408865,Cluster_3
74:01|53:01|08:02|13:02|05:01,4.0038485731527034e-05,Cluster_3
31:01|51:01|15:02|15:01|06:02,0.00032030788585221627,Cluster_3
74:01|58:02|06:02|15:03|06:02,2.0019242865763517e-05,Cluster_3
31:01|56:01|01:02|04:04|06:01,0.00016015394292610813,Cluster_3
31:01|50:01|06:02|13:01|05:03,2.0019242865763517e-05,Cluster_3
24:02|18:01|04:10|14:04|05:02,2.0019242865763517e-05,Cluster_3
02:01|40:06|15:02|01:03|05:03,2.0019242865763517e-05,Cluster_3
66:01|41:01|12:03|15:02|02:01,2.0019242865763517e-05,Cluster_3
02:380|07:02|07:02|04:04|03:02,0.00032030788585221627,Cluster_3
33:03|52:01|05:01|04:07|03:02,2.0019242865763517e-05,Cluster_3
02:07|46:01|01:02|14:01|05:02,0.001633916095749978,Cluster_3
26:01|55:02|07:02|01:01|05:01,0.00032030788585221627,Cluster_3
02:01|44:03|07:02|10:01|05:01,2.0019242865763517e-05,Cluster_3
11:01|56:01|04:10|14:04|05:02,2.0019242865763517e-05,Cluster_3
11:01|27:05|02:02|04:03|03:02,0.0006406157717044325,Cluster_3
02:01|15:01|04:01|13:01|06:03,0.0006406157717044154,Cluster_3
11:01|40:02|15:02|10:01|05:01,0.00032030788585221627,Cluster_3
02:11|40:12|07:02|15:03|03:02,2.0019242865763517e-05,Cluster_3
02:01|40:06|16:01|01:03|05:03,2.0019242865763517e-05,Cluster_3
32:01|39:01|02:02|16:02|05:02,4.0038485731527034e-05,Cluster_3
31:01|55:01|01:02|04:03|03:02,8.007697146305407e-05,Cluster_3
30:01|15:10|03:04|13:02|06:04,0.00032030788585221627,Cluster_3
02:07|15:25|04:03|10:01|05:01,4.0038485731527034e-05,Cluster_3
03:02|35:01|04:01|15:02|04:02,8.007697146305407e-05,Cluster_3
02:03|38:02|07:02|04:05|05:03,0.00032030788585221627,Cluster_3
32:01|39:01|02:02|16:01|05:02,4.0038485731527034e-05,Cluster_3
02:03|48:01|01:02|14:07|05:03,2.0019242865763517e-05,Cluster_3
02:03|55:02|03:17|04:05|05:02,2.0019242865763517e-05,Cluster_3
01:01|27:05|03:04|15:01|06:02,2.0019242865763517e-05,Cluster_3
33:03|44:03|07:01|15:02|03:02,2.0019242865763517e-05,Cluster_3
02:11|40:12|04:04|04:03|03:02,2.0019242865763517e-05,Cluster_3
68:01|51:01|07:02|14:04|05:03,4.0038485731527034e-05,Cluster_3
30:01|55:01|17:01|08:01|04:02,2.0019242865763517e-05,Cluster_3
24:07|35:05|04:01|09:01|03:03,0.002222017882861406,Cluster_3
24:02|15:02|08:01|04:05|04:01,0.0003573235380726444,Cluster_3
01:01|15:25|07:26|04:03|03:02,2.0019242865763517e-05,Cluster_3
02:01|51:01|14:02|13:02|06:04,0.0006406157717044325,Cluster_3
24:02|15:01|01:02|04:07|03:02,0.0006406157717044325,Cluster_3
68:01|15:32|12:03|04:06|03:02,0.001281231543408865,Cluster_3
30:02|15:10|03:04|04:07|03:02,0.00032030788585221627,Cluster_3
24:02|38:02|07:02|15:01|05:02,0.0003313157909876348,Cluster_3
03:01|40:06|15:02|16:02|05:03,2.0019242865763517e-05,Cluster_3
31:01|35:03|12:03|15:02|06:01,0.0009609236575566405,Cluster_3
24:02|15:02|08:01|15:02|06:01,0.0006406157717044236,Cluster_3
02:01|55:01|03:03|01:01|05:01,0.0003376933950272617,Cluster_3
02:03|15:02|03:04|15:02|06:01,0.00032030788585221627,Cluster_3
34:01|40:02|15:02|15:02|05:02,0.008242980346829541,Cluster_3
26:01|13:01|03:04|15:01|06:01,0.0004045442148741586,Cluster_3
02:07|35:01|03:03|10:01|05:01,0.00032030788585221627,Cluster_3
31:01|15:18|08:01|15:01|06:02,0.00032030788585221627,Cluster_3
33:03|40:06|18:01|14:04|05:02,2.0019242865763517e-05,Cluster_3
33:03|40:06|15:02|14:04|05:02,2.0019242865763517e-05,Cluster_3
02:06|54:01|01:02|15:01|04:01,0.00016015394292610813,Cluster_3
23:01|41:01|08:02|13:01|03:03,2.0019242865763517e-05,Cluster_3
02:07|44:03|07:01|04:03|05:02,2.0019242865763517e-05,Cluster_3
03:01|42:02|03:04|08:01|04:02,2.0019242865763517e-05,Cluster_3
32:01|15:25|02:02|15:02|05:01,4.0038485731527034e-05,Cluster_3
34:01|38:02|07:02|04:03|03:02,0.0004129984004135351,Cluster_3
25:01|18:01|12:03|07:01|05:01,2.0019242865763517e-05,Cluster_3
24:02|15:35|07:02|04:05|04:02,0.0009609236575566489,Cluster_3
11:02|40:01|03:04|16:02|05:02,0.0006406157693673106,Cluster_3
02:07|35:01|02:02|10:01|05:01,4.0038485731527034e-05,Cluster_3
33:01|14:02|08:02|01:02|05:01,0.004484310401931028,Cluster_3
11:04|18:01|12:03|04:03|05:01,4.0038485731527034e-05,Cluster_3
11:01|51:01|16:02|14:04|05:03,0.00032030788761645276,Cluster_3
36:01|58:01|04:01|01:01|06:02,2.0019242865763517e-05,Cluster_3
33:03|58:01|03:02|12:02|05:02,0.00032030788585221627,Cluster_3
26:02|15:01|03:03|14:01|05:03,0.00032030788585221627,Cluster_3
24:02|07:02|07:02|08:01|04:02,0.0007681527703649903,Cluster_3
32:01|51:01|15:02|04:05|03:02,0.0006406157717044325,Cluster_3
11:01|54:01|01:02|10:01|05:01,0.00032030788585221627,Cluster_3
02:01|15:01|03:03|09:01|03:03,0.00032030788585221627,Cluster_3
02:07|54:01|07:02|08:03|06:01,0.00032030788585221627,Cluster_3
24:07|51:01|14:02|04:05|04:01,0.00032030788585221627,Cluster_3
23:01|53:01|07:01|01:01|06:02,2.0019242865763517e-05,Cluster_3
33:03|07:02|07:02|15:01|06:01,6.291888471702337e-05,Cluster_3
33:03|15:06|01:02|07:01|06:01,8.007697146305407e-05,Cluster_3
66:01|41:01|17:01|04:05|05:01,2.0019242865763517e-05,Cluster_3
26:01|51:01|15:05|15:02|02:01,2.0019242865763517e-05,Cluster_3
02:06|51:BCZHE|04:BCZHN|01:01|05:03,2.0019242865763517e-05,Cluster_3
11:01|18:01|07:04|14:04|05:03,2.0019242865763517e-05,Cluster_3
24:02|18:01|04:10|14:01|05:02,2.0019242865763517e-05,Cluster_3
26:01|13:01|07:02|15:01|06:01,0.00032030788585221627,Cluster_3
02:03|41:01|12:03|15:02|02:01,2.0019242865763517e-05,Cluster_3
33:03|51:01|16:02|07:01|03:03,8.007697146305407e-05,Cluster_3
24:02|40:01|04:01|08:03|06:01,0.0013739219966836303,Cluster_3
74:01|41:01|06:02|15:03|03:03,2.0019242865763517e-05,Cluster_3
24:02|51:01|14:02|12:01|03:03,8.007697146305407e-05,Cluster_3
11:01|35:05|07:02|04:03|03:02,0.0003594868942137636,Cluster_3
24:02|40:02|03:03|15:02|05:01,0.00032030788585221627,Cluster_3
25:01|18:01|17:01|10:01|03:03,2.0019242865763517e-05,Cluster_3
02:01|44:03|16:01|01:03|05:01,2.0019242865763517e-05,Cluster_3
02:01|18:01|17:01|01:01|05:01,0.00016015394292610813,Cluster_3
02:06|40:01|08:01|04:05|03:02,2.0019242865763517e-05,Cluster_3
03:01|18:01|15:02|04:02|03:02,2.0019242865763517e-05,Cluster_3
11:02|27:04|08:01|14:01|05:02,0.00032030788585221627,Cluster_3
02:03|51:02|15:02|14:01|05:02,4.0038485731527034e-05,Cluster_3
02:01|57:01|06:02|04:01|03:02,0.00032030788585221627,Cluster_3
31:01|51:01|01:02|11:01|03:01,0.00032030788585221627,Cluster_3
11:01|40:01|07:02|04:06|03:02,0.0006406157717044325,Cluster_3
24:02|40:06|15:02|04:05|04:02,0.00032030788585221627,Cluster_3
26:01|07:02|16:02|09:01|06:01,2.0019242865763517e-05,Cluster_3
11:01|56:01|04:10|14:01|05:02,2.0019242865763517e-05,Cluster_3
02:11|58:01|03:258|04:06|06:01,2.0019242865763517e-05,Cluster_3
03:01|15:25|12:03|16:01|05:02,2.0019242865763517e-05,Cluster_3
33:03|15:02|08:01|14:04|05:03,0.000320307885852216,Cluster_3
02:01|27:05|02:02|01:01|05:01,0.0003203078479800252,Cluster_3
24:07|07:05|15:05|10:01|05:01,0.00032030788585221627,Cluster_3
24:07|52:01|07:02|04:05|03:02,0.00032030751472159877,Cluster_3
01:01|44:03|07:02|10:01|05:01,2.0019242865763517e-05,Cluster_3
31:01|50:01|12:03|14:01|05:03,2.0019242865763517e-05,Cluster_3
03:01|57:04|18:01|16:02|05:03,2.0019242865763517e-05,Cluster_3
11:02|15:27|04:01|04:06|03:02,0.0009609236524374719,Cluster_3
68:02|14:02|01:02|15:03|03:02,2.0019242865763517e-05,Cluster_3
02:01|46:01|01:02|08:03|06:01,0.0009609236575566489,Cluster_3
02:03|39:09|07:02|04:05|04:01,0.0006406157717044295,Cluster_3
34:01|40:01|03:04|08:18|06:01,0.0006406157717044325,Cluster_3
30:01|44:02|05:01|13:02|06:09,2.0019242865763517e-05,Cluster_3
01:01|55:01|07:26|14:04|05:03,2.0019242865763517e-05,Cluster_3
24:07|52:01|07:01|04:03|03:02,0.00032030788585220543,Cluster_3
24:02|40:01|07:02|14:05|05:03,0.00032030788585221627,Cluster_3
24:02|15:32|15:02|12:02|05:02,2.0019242865763517e-05,Cluster_3
01:01|55:01|03:03|04:03|05:03,2.0019242865763517e-05,Cluster_3
02:07|44:03|04:01|15:02|03:02,2.0019242865763517e-05,Cluster_3
02:06|59:01|01:02|15:01|06:02,0.00016015394292610813,Cluster_3
24:07|55:02|01:02|15:02|05:02,0.00032030788585221627,Cluster_3
01:01|51:01|02:02|04:03|03:02,0.0006406157717044325,Cluster_3
02:11|52:01|05:01|04:07|03:02,2.0019242865763517e-05,Cluster_3
02:06|35:01|14:02|14:04|05:03,2.0019242865763517e-05,Cluster_3
11:01|52:01|14:02|13:01|06:03,4.0038485731527034e-05,Cluster_3
11:01|38:02|07:02|09:01|03:03,0.001262984507049733,Cluster_3
26:03|46:01|01:02|08:03|06:01,0.00032030788585221627,Cluster_3
24:02|27:06|03:04|15:02|05:01,0.00038332886446662773,Cluster_3
11:01|15:35|07:02|04:05|04:01,0.0006406157717044318,Cluster_3
11:02|40:01|03:04|04:05|04:01,0.0006406157717044325,Cluster_3
31:01|40:06|08:01|14:07|05:03,0.00032030788585221627,Cluster_3
02:01|07:02|07:02|04:04|03:02,0.0009609236575566489,Cluster_3
03:01|51:BCZHE|04:BCZHN|01:01|05:03,2.0019242865763517e-05,Cluster_3
74:01|41:01|08:02|15:03|03:03,2.0019242865763517e-05,Cluster_3
24:02|15:01|03:03|10:01|05:01,0.0006406157717044325,Cluster_3
32:01|44:02|03:02|13:02|04:01,2.0019242865763517e-05,Cluster_3
36:01|58:01|07:01|11:01|06:02,2.0019242865763517e-05,Cluster_3
02:01|44:03|03:04|16:01|05:01,2.0019242865763517e-05,Cluster_3
11:01|07:05|07:02|04:05|04:02,0.00032030788585221627,Cluster_3
24:02|15:25|01:02|11:06|03:01,0.00032030788585221627,Cluster_3
33:03|35:08|04:01|07:01|03:03,0.0006406157717044325,Cluster_3
11:01|27:04|12:64|16:02|05:02,0.00032030788585221627,Cluster_3
26:01|41:02|17:01|10:01|05:01,0.00032030788585220293,Cluster_3
24:02|15:01|03:03|11:03|03:01,0.00032030788585221627,Cluster_3
26:01|55:01|01:02|14:01|05:03,0.00032030788585221627,Cluster_3
26:03|15:01|03:03|14:07|05:03,0.0003202997628475538,Cluster_3
23:01|18:01|04:01|14:01|05:03,2.0019242865763517e-05,Cluster_3
68:01|51:01|15:02|10:01|05:01,0.00036384362099124576,Cluster_3
23:01|40:12|04:04|04:03|06:02,2.0019242865763517e-05,Cluster_3
30:02|51:01|17:01|10:01|05:01,2.0019242865763517e-05,Cluster_3
02:01|52:01|12:02|15:02|05:02,0.00032030788585221627,Cluster_3
03:01|42:02|17:01|12:01|04:02,2.0019242865763517e-05,Cluster_3
02:06|35:03|04:01|14:04|05:03,0.00032030788572812017,Cluster_3
11:01|40:01|03:04|15:01|05:02,0.00032030788585221936,Cluster_3
11:01|18:01|07:04|14:01|05:03,2.0019242865763517e-05,Cluster_3
23:01|50:01|06:02|01:01|05:01,0.00032030788585221627,Cluster_3
24:07|18:01|07:04|04:05|04:02,0.0006406157717044325,Cluster_3
68:01|44:02|07:04|01:01|05:01,0.00032030788585221627,Cluster_3
24:02|38:01|12:03|15:02|05:01,2.0019242865763517e-05,Cluster_3
02:01|40:01|17:01|01:01|05:01,0.00016015394292610813,Cluster_3
33:03|27:04|08:01|15:01|06:01,2.0019242865763517e-05,Cluster_3
33:03|15:02|08:01|15:01|05:01,0.00032030788582523205,Cluster_3
01:01|40:01|07:02|08:03|06:01,0.0006406157717043948,Cluster_3
34:01|48:01|08:01|15:02|05:02,0.00032030788585221627,Cluster_3
24:02|51:01|04:01|15:02|05:02,0.0006406157717044325,Cluster_3
29:01|15:02|08:01|14:07|05:02,0.00032030788585221627,Cluster_3
24:07|15:06|04:03|15:02|06:01,0.00032030788585221627,Cluster_3
30:02|35:03|04:01|14:04|05:03,0.0003203078858519523,Cluster_3
02:01|40:06|15:02|14:15|05:01,2.0019242865763517e-05,Cluster_3
11:01|52:01|12:02|04:01|03:02,4.0038485731527034e-05,Cluster_3
02:07|15:25|04:03|15:02|05:01,4.0038485731527034e-05,Cluster_3
11:03|55:02|03:03|15:02|05:01,0.00032030788585221627,Cluster_3
31:01|39:01|07:02|08:02|04:02,0.00032030788585221627,Cluster_3
33:03|35:01|04:01|15:01|03:02,2.0019242865763517e-05,Cluster_3
02:05|14:01|08:02|04:04|04:02,4.0038485731527034e-05,Cluster_3
26:01|39:01|12:03|16:02|05:02,4.0038485731527034e-05,Cluster_3
24:07|15:02|08:01|15:02|05:01,0.002882839923767682,Cluster_3
11:01|15:01|03:03|11:04|03:01,0.0003203078858522023,Cluster_3
74:01|53:01|08:02|10:01|05:01,4.0038485731527034e-05,Cluster_3
02:01|49:01|07:01|12:01|03:01,0.00032030788585221627,Cluster_3
02:01|15:01|01:02|07:01|03:03,4.0038485731527034e-05,Cluster_3
24:07|15:21|04:03|15:02|05:01,0.000341642079985928,Cluster_3
11:02|40:01|08:02|11:01|06:09,2.0019242865763517e-05,Cluster_3
31:01|40:02|03:03|08:02|06:02,4.0038485731527034e-05,Cluster_3
03:01|35:03|04:BCZHN|13:01|06:03,0.0006406157717044325,Cluster_3
11:01|07:05|07:02|15:01|05:02,0.0025391853716177685,Cluster_3
26:01|38:01|12:03|04:01|03:02,0.0009609236575566489,Cluster_3
02:01|35:01|03:03|04:03|03:02,0.0016015394292610815,Cluster_3
03:01|41:01|16:01|08:01|05:01,2.0019242865763517e-05,Cluster_3
68:02|56:01|01:02|04:03|06:02,2.0019242865763517e-05,Cluster_3
32:01|35:01|04:01|10:01|05:01,0.00032030788585221627,Cluster_3
25:01|18:01|12:03|07:01|03:03,2.0019242865763517e-05,Cluster_3
11:02|55:02|03:03|04:04|03:02,0.0006406157717044325,Cluster_3
33:03|35:05|07:01|15:02|05:02,2.0019242865763517e-05,Cluster_3
33:03|40:01|08:01|04:07|03:02,2.0019242865763517e-05,Cluster_3
23:01|58:02|08:02|13:01|06:02,2.0019242865763517e-05,Cluster_3
24:07|35:05|03:04|09:01|03:03,0.00032030788585221627,Cluster_3
24:02|35:05|04:01|15:02|05:01,0.0007059832276196152,Cluster_3
23:01|51:01|16:02|09:01|06:01,2.0019242865763517e-05,Cluster_3
26:01|15:07|03:03|01:02|05:01,2.0019242865763517e-05,Cluster_3
24:02|15:25|12:03|15:02|05:01,2.0019242865763517e-05,Cluster_3
26:01|38:02|07:02|15:02|05:01,0.00032030788585221627,Cluster_3
26:01|15:01|03:03|04:06|03:02,0.00032030788585221627,Cluster_3
01:01|51:02|15:02|14:01|05:02,4.0038485731527034e-05,Cluster_3
11:02|14:02|08:02|13:02|06:09,2.0019242865763517e-05,Cluster_3
02:06|48:01|08:01|04:05|03:02,2.0019242865763517e-05,Cluster_3
01:01|40:06|15:02|15:02|05:03,0.00032030788585221627,Cluster_3
30:01|58:01|03:02|13:02|04:01,2.0019242865763517e-05,Cluster_3
33:03|44:02|12:02|04:07|03:02,2.0019242865763517e-05,Cluster_3
01:01|52:01|12:02|15:02|06:01,0.0024970775123978983,Cluster_3
02:01|48:01|08:01|08:03|06:01,0.00032030788585221627,Cluster_3
03:01|55:01|07:26|04:03|05:03,2.0019242865763517e-05,Cluster_3
24:07|27:06|03:04|04:05|03:02,0.00032030788585221627,Cluster_3
68:02|56:01|08:02|04:03|06:02,2.0019242865763517e-05,Cluster_3
11:02|46:01|01:02|04:10|03:02,0.0006406157717044325,Cluster_3
03:01|41:01|17:01|08:01|04:02,2.0019242865763517e-05,Cluster_3
34:GWR|15:21|04:BCZH|15:BFBXD|05:CAVTE,0.00032030788585221627,Cluster_3
02:01|55:02|07:02|16:02|05:02,0.00032030788585221627,Cluster_3
02:06|51:BCZHE|04:BCZHN|14:04|05:03,2.0019242865763517e-05,Cluster_3
31:01|35:03|04:01|01:01|05:01,2.0019242865763517e-05,Cluster_3
31:01|50:01|12:03|13:01|05:03,2.0019242865763517e-05,Cluster_3
11:01|38:02|07:02|15:02|05:01,0.001027870973014386,Cluster_3
02:03|15:32|12:03|15:02|06:01,0.00032030788585221627,Cluster_3
24:07|18:01|03:03|15:02|05:02,0.00032030788585221627,Cluster_3
31:06|40:01|04:01|14:04|05:03,0.00032030788585221627,Cluster_3
31:01|40:02|03:04|15:01|03:02,4.0038485731527034e-05,Cluster_3
24:02|15:18|07:04|15:01|06:02,0.00032030788585221627,Cluster_3
34:01|40:01|03:04|04:05|04:02,0.0003203078858479119,Cluster_3
02:01|51:01|16:04|15:03|05:02,4.0038485731527034e-05,Cluster_3
02:07|15:02|05:01|15:01|06:10,2.0019242865763517e-05,Cluster_3
11:02|07:05|07:02|08:03|06:01,0.0006406157717044325,Cluster_3
24:02|40:02|15:02|04:05|05:03,0.003474562229815651,Cluster_3
23:01|35:01|04:01|14:01|03:02,4.0038485731527034e-05,Cluster_3
11:02|14:02|08:02|11:01|06:09,2.0019242865763517e-05,Cluster_3
33:03|35:01|03:258|15:01|06:01,2.0019242865763517e-05,Cluster_3
03:01|07:02|07:02|04:03|03:02,0.00037424068555392544,Cluster_3
02:11|40:12|04:04|15:03|06:02,2.0019242865763517e-05,Cluster_3
01:01|18:01|12:02|04:03|03:02,4.0038485731527034e-05,Cluster_3
24:02|35:05|04:01|14:04|05:03,8.007697146305407e-05,Cluster_3
23:01|52:01|07:01|15:02|05:02,2.0019242865763517e-05,Cluster_3
33:03|07:05|03:04|15:06|05:02,0.00032030788585221627,Cluster_3
74:01|41:01|08:02|15:03|06:02,2.0019242865763517e-05,Cluster_3
26:01|08:01|07:01|04:03|03:05,0.00016015394292610813,Cluster_3
31:01|15:32|12:03|08:12|06:01,2.0019242865763517e-05,Cluster_3
11:01|56:01|01:02|15:03|06:02,2.0019242865763517e-05,Cluster_3
33:03|46:01|03:02|04:03|03:02,0.00032030788585221627,Cluster_3
26:01|38:01|12:03|15:03|06:02,0.00032030788585221627,Cluster_3
24:02|56:01|04:10|14:01|05:02,2.0019242865763517e-05,Cluster_3
26:01|15:07|15:05|04:03|05:01,2.0019242865763517e-05,Cluster_3
01:01|44:03|03:04|16:01|05:01,2.0019242865763517e-05,Cluster_3
24:10|51:01|14:02|15:01|06:01,0.0006406148656572108,Cluster_3
24:02|39:01|12:03|13:01|06:03,0.00032030788585221627,Cluster_3
11:01|56:01|08:02|15:03|06:02,2.0019242865763517e-05,Cluster_3
02:03|40:01|12:03|16:02|04:01,2.0019242865763517e-05,Cluster_3
02:ACKBY|46:01|01:03|09:01|03:03,4.0038485731527034e-05,Cluster_3
23:01|07:02|04:04|04:03|03:02,2.0019242865763517e-05,Cluster_3
03:01|35:01|04:01|15:06|05:02,0.00032030788585221627,Cluster_3
24:02|46:01|01:02|04:04|03:02,0.00032030788585221627,Cluster_3
30:02|15:02|08:01|04:04|06:10,2.0019242865763517e-05,Cluster_3
02:01|18:01|01:02|12:01|06:02,4.0038485731527034e-05,Cluster_3
03:01|40:01|07:02|11:01|05:02,2.0019242865763517e-05,Cluster_3
30:02|51:01|16:01|08:01|05:01,2.0019242865763517e-05,Cluster_3
24:02|13:01|08:01|15:01|06:10,0.00032030788585221627,Cluster_3
24:02|40:01|03:04|09:01|03:03,0.0006406157665856395,Cluster_3
68:01|15:18|07:04|04:03|03:02,0.00032030788585221627,Cluster_3
11:01|13:01|03:04|16:02|05:02,0.0020099959335121917,Cluster_3
66:01|15:32|12:03|15:02|05:01,2.0019242865763517e-05,Cluster_3
33:03|44:03|04:01|15:02|05:02,2.0019242865763517e-05,Cluster_3
24:07|35:05|04:01|04:03|03:02,0.0011710091879074196,Cluster_3
24:02|55:01|03:03|04:04|03:02,0.00032030788585049586,Cluster_3
24:02|27:05|01:02|04:08|03:01,0.0009609236575566489,Cluster_3
31:01|40:02|03:03|15:01|03:02,4.0038485731527034e-05,Cluster_3
31:01|48:01|03:03|04:07|03:02,0.00032030788585221627,Cluster_3
23:01|41:01|06:02|15:03|06:02,2.0019242865763517e-05,Cluster_3
02:06|39:01|07:02|04:10|04:02,0.00032030788585221627,Cluster_3
11:01|15:02|08:01|04:06|03:02,0.000960923657556649,Cluster_3
01:01|27:02|02:02|16:01|05:02,0.00032030788585221627,Cluster_3
33:03|57:04|15:02|14:04|05:02,2.0019242865763517e-05,Cluster_3
01:01|14:01|08:02|04:04|03:02,4.0038485731527034e-05,Cluster_3
31:01|40:06|16:02|14:04|05:03,2.0019242865763517e-05,Cluster_3
01:01|27:05|03:04|15:01|05:03,2.0019242865763517e-05,Cluster_3
24:02|07:05|07:02|15:01|06:01,0.0009609236575566489,Cluster_3
11:01|51:01|16:02|04:06|06:09,4.0038485731527034e-05,Cluster_3
02:01|15:01|01:02|07:01|06:02,4.0038485731527034e-05,Cluster_3
33:03|57:04|18:01|14:04|05:03,2.0019242865763517e-05,Cluster_3
24:02|40:06|15:02|04:01|03:02,0.00032030788585221627,Cluster_3
03:01|14:02|07:02|13:02|05:02,2.0019242865763517e-05,Cluster_3
02:01|40:01|03:04|11:01|03:01,0.00032030788585221627,Cluster_3
02:01|18:01|07:01|04:01|03:02,0.000640615771704283,Cluster_3
11:01|15:13|08:01|15:02|05:01,0.00032030788585221627,Cluster_3
23:01|58:02|06:02|15:03|03:03,2.0019242865763517e-05,Cluster_3
11:01|35:01|03:03|12:02|06:10,0.00032030788585221627,Cluster_3
02:11|55:01|01:02|04:03|03:02,0.00032030788585221627,Cluster_3
02:01|40:02|03:04|04:06|03:02,0.00016015394292610813,Cluster_3
24:02|40:06|12:02|10:01|05:01,0.00032030788585220575,Cluster_3
03:01|15:18|07:04|09:01|03:02,0.00032030788585221627,Cluster_3
02:ACKBY|46:01|01:02|08:03|06:01,4.0038485731527034e-05,Cluster_3
11:01|44:03|14:03|13:02|06:04,0.00032030788585221627,Cluster_3
03:01|15:25|03:03|14:04|05:03,2.0019242865763517e-05,Cluster_3
11:01|40:01|04:03|04:05|04:01,0.0006406157717044325,Cluster_3
68:01|52:01|12:02|01:01|05:04,0.00032030788585221627,Cluster_3
11:01|48:01|08:03|04:03|05:03,2.0019242865763517e-05,Cluster_3
02:01|35:03|04:01|04:03|03:02,0.0006406157717044325,Cluster_3
03:01|18:01|15:02|04:02|06:03,2.0019242865763517e-05,Cluster_3
26:01|46:01|01:02|09:01|03:03,0.0002360715568302739,Cluster_3
23:01|44:03|04:01|04:04|03:02,4.0038485731527034e-05,Cluster_3
02:11|35:01|04:01|15:01|03:02,2.0019242865763517e-05,Cluster_3
26:01|52:01|07:02|14:04|05:03,0.0001601539429261082,Cluster_3
02:06|35:01|04:BCZHN|01:01|05:03,2.0019242865763517e-05,Cluster_3
33:03|48:01|08:01|04:07|03:02,2.0019242865763517e-05,Cluster_3
02:03|40:01|12:03|16:02|05:02,2.0019242865763517e-05,Cluster_3
03:01|40:01|08:01|15:01|06:01,2.0019242865763517e-05,Cluster_3
02:03|56:01|01:02|15:02|05:02,0.0009609236575566489,Cluster_3
01:01|55:01|01:02|10:01|05:01,0.0009173879224176195,Cluster_3
33:03|15:25|04:03|13:02|06:09,0.00032030788585221627,Cluster_3
03:01|14:02|07:02|11:01|05:02,2.0019242865763517e-05,Cluster_3
24:02|15:17|07:01|10:01|05:01,0.0003203078858521603,Cluster_3
33:03|52:01|05:01|04:07|05:01,2.0019242865763517e-05,Cluster_3
31:01|44:03|04:01|14:01|03:02,4.0038485731527034e-05,Cluster_3
24:02|40:01|07:02|08:03|06:01,0.0005924372709592968,Cluster_3
02:01|40:01|07:02|11:01|03:01,0.00032030788585220326,Cluster_3
33:03|51:01|14:02|01:01|05:01,0.00032030788585221627,Cluster_3
26:01|46:01|01:02|14:01|05:02,0.00031501217211787414,Cluster_3
33:03|40:01|08:01|15:01|06:01,2.0019242865763517e-05,Cluster_3
11:01|46:01|01:02|09:01|03:03,0.0008184932849745622,Cluster_3
23:01|35:01|04:01|04:04|05:03,4.0038485731527034e-05,Cluster_3
01:01|57:01|06:02|07:01|03:03,0.006078666246606157,Cluster_3
11:01|51:01|14:02|15:01|06:01,0.00040808319939117014,Cluster_3
26:01|51:01|16:02|15:03|06:03,4.0038485731527034e-05,Cluster_3
02:01|44:02|05:01|15:01|06:02,0.001921847315112536,Cluster_3
02:03|13:01|03:04|04:05|04:02,0.0009609236575566489,Cluster_3
26:01|35:01|07:02|04:07|03:01,0.00032030788585221627,Cluster_3
30:01|58:01|05:01|04:05|06:09,2.0019242865763517e-05,Cluster_3
11:01|15:02|08:01|14:10|05:03,0.00032030788585221627,Cluster_3
68:01|27:04|07:02|15:01|03:02,4.0038485731527034e-05,Cluster_3
02:06|40:01|08:01|04:07|03:02,2.0019242865763517e-05,Cluster_3
31:01|48:01|16:02|04:03|03:02,2.0019242865763517e-05,Cluster_3
03:01|50:01|06:02|13:01|05:03,2.0019242865763517e-05,Cluster_3
02:01|44:05|02:02|16:01|05:02,0.00032030788585221627,Cluster_3
02:03|15:12|04:03|14:04|05:03,0.00032030788585221627,Cluster_3
11:01|52:01|12:02|04:03|03:02,0.0006950744268878827,Cluster_3
02:11|44:02|12:02|04:07|03:02,2.0019242865763517e-05,Cluster_3
32:01|44:02|03:02|04:05|04:01,2.0019242865763517e-05,Cluster_3
68:01|51:01|02:02|15:01|06:02,0.00032030788585219914,Cluster_3
11:01|40:01|07:02|16:02|05:02,0.00036972607050378555,Cluster_3
01:01|35:03|12:03|15:01|05:02,0.00041412386835638004,Cluster_3
11:01|46:01|01:02|14:01|05:02,0.0006135543703989756,Cluster_3
68:05|51:02|15:02|08:02|05:02,0.00032030788585221627,Cluster_3
69:01|15:01|03:03|04:01|06:01,0.00016015394292610813,Cluster_3
25:01|41:01|17:01|07:01|05:01,2.0019242865763517e-05,Cluster_3
31:01|51:01|14:02|13:01|06:03,0.00032030788585221627,Cluster_3
11:01|18:01|04:10|14:04|05:02,2.0019242865763517e-05,Cluster_3
11:01|38:02|08:01|15:02|05:01,0.00032030788585221627,Cluster_3
11:01|73:01|15:05|01:02|03:02,2.0019242865763517e-05,Cluster_3
02:01|40:02|03:04|15:01|06:02,4.0038485731527034e-05,Cluster_3
03:01|27:04|08:01|15:01|03:03,2.0019242865763517e-05,Cluster_3
11:01|51:01|07:04|04:06|06:09,4.0038485731527034e-05,Cluster_3
02:11|07:02|07:02|15:03|03:02,2.0019242865763517e-05,Cluster_3
24:02|40:01|03:38|15:02|05:01,0.00032030788580377845,Cluster_3
02:07|18:01|05:01|04:04|03:02,2.0019242865763517e-05,Cluster_3
24:07|40:06|06:02|15:01|06:02,0.00032030788585221627,Cluster_3
24:02|15:25|04:01|16:01|05:02,2.0019242865763517e-05,Cluster_3
26:01|39:01|07:02|08:03|06:01,0.0006406157717044325,Cluster_3
02:01|51:01|01:02|01:01|05:01,0.0008220651891741509,Cluster_3
33:03|15:25|04:03|15:02|05:01,0.00032030788585221627,Cluster_3
02:07|15:21|04:03|15:02|05:02,0.00035242376385215317,Cluster_3
33:03|51:01|01:02|15:02|06:01,8.007697146305407e-05,Cluster_3
02:03|35:01|04:01|01:01|05:01,0.00032030788585221627,Cluster_3
23:01|18:01|04:01|15:01|06:02,2.0019242865763517e-05,Cluster_3
02:A|46:01|01:02|08:03|03:03,4.0038485731527034e-05,Cluster_3
02:11|35:01|03:258|15:01|06:01,2.0019242865763517e-05,Cluster_3
11:01|18:01|07:04|15:01|06:02,0.00032030788585254023,Cluster_3
26:01|55:01|01:02|14:04|05:03,0.00032030788585221627,Cluster_3
74:01|41:01|06:02|13:01|06:02,2.0019242865763517e-05,Cluster_3
03:01|38:01|12:03|15:02|05:01,2.0019242865763517e-05,Cluster_3
33:03|58:01|04:01|15:01|06:01,2.0019242865763517e-05,Cluster_3
33:03|35:05|07:01|04:03|03:02,2.0019242865763517e-05,Cluster_3
11:01|52:01|12:02|04:01|06:03,4.0038485731527034e-05,Cluster_3
02:07|52:01|12:02|09:01|03:03,0.00032030788585221627,Cluster_3
24:07|15:13|08:01|15:01|05:02,0.00032030788585221627,Cluster_3
02:01|41:01|17:01|07:01|05:01,2.0019242865763517e-05,Cluster_3
24:02|39:01|12:03|04:04|03:02,0.00032030788585221627,Cluster_3
02:11|07:02|07:02|04:03|03:02,2.0019242865763517e-05,Cluster_3
02:03|27:05|01:02|14:07|06:02,2.0019242865763517e-05,Cluster_3
03:01|41:01|17:01|10:01|04:02,2.0019242865763517e-05,Cluster_3
02:01|15:01|12:03|07:01|02:01,0.00032030788585221627,Cluster_3
31:01|55:01|01:02|15:02|03:02,8.007697146305407e-05,Cluster_3
03:01|07:02|07:02|04:01|03:02,0.000640615771704582,Cluster_3
74:01|58:02|06:02|13:01|03:03,2.0019242865763517e-05,Cluster_3
23:01|58:02|06:02|15:03|06:02,2.0019242865763517e-05,Cluster_3
11:01|40:06|08:03|14:04|05:03,2.0019242865763517e-05,Cluster_3
24:02|55:02|01:02|12:01|03:01,0.00032030788585221627,Cluster_3
33:03|35:01|03:03|15:02|05:01,0.00032030788585221627,Cluster_3
24:02|46:01|01:02|09:01|03:03,0.003995549671479038,Cluster_3
02:01|51:01|14:02|01:01|05:01,0.0006406157717044325,Cluster_3
02:01|44:03|16:01|14:15|05:03,2.0019242865763517e-05,Cluster_3
26:01|38:01|12:03|13:01|06:03,0.0012812315434088091,Cluster_3
33:03|40:01|12:02|15:01|06:01,2.0019242865763517e-05,Cluster_3
02:01|40:02|03:03|15:01|06:02,4.0038485731527034e-05,Cluster_3
34:01|15:02|15:02|13:01|06:03,0.00032030788585221627,Cluster_3
26:01|40:02|03:04|12:01|03:03,0.00032030788415035117,Cluster_3
23:01|58:02|08:02|13:01|03:03,2.0019242865763517e-05,Cluster_3
02:01|15:13|08:01|07:01|03:03,9.403322562155517e-06,Cluster_3
26:01|35:01|04:01|15:06|05:02,0.00032030788585221627,Cluster_3
31:01|51:02|15:02|12:02|06:01,2.0019242865763517e-05,Cluster_3
24:02|40:02|07:02|15:02|05:01,0.0023871210647166026,Cluster_3
02:07|15:02|05:01|15:01|03:02,2.0019242865763517e-05,Cluster_3
01:01|27:05|01:02|14:07|06:02,2.0019242865763517e-05,Cluster_3
01:01|07:02|07:02|10:01|05:01,0.00032030788585221627,Cluster_3
31:01|44:03|04:01|04:04|05:03,4.0038485731527034e-05,Cluster_3
02:01|38:02|04:01|15:02|05:02,0.00032030788585221627,Cluster_3
03:01|35:03|12:03|13:01|05:03,2.0019242865763517e-05,Cluster_3
11:01|37:01|05:01|10:01|05:01,8.007697146305407e-05,Cluster_3
02:06|15:18|08:01|08:03|06:01,0.00032030788585221627,Cluster_3
02:01|38:02|08:03|09:01|03:03,0.00032030788585221627,Cluster_3
33:03|40:06|04:01|10:01|06:01,2.0019242865763517e-05,Cluster_3
02:03|46:01|01:02|15:02|05:01,0.00032030788585221627,Cluster_3
33:03|52:01|12:02|04:07|03:02,2.0019242865763517e-05,Cluster_3
02:05|52:01|12:02|15:02|05:02,2.0019242865763517e-05,Cluster_3
02:01|07:05|07:02|07:01|02:01,0.0003203078370829367,Cluster_3
02:03|41:01|17:01|15:02|02:01,2.0019242865763517e-05,Cluster_3
02:05|58:01|07:01|16:01|06:01,2.0019242865763517e-05,Cluster_3
33:03|35:01|04:01|14:04|05:03,0.00032030788585221627,Cluster_3
11:01|51:01|14:02|16:02|05:02,0.0005528394272320824,Cluster_3
02:01|44:02|05:01|13:02|06:04,0.0006406157717044325,Cluster_3
23:01|58:01|07:01|11:01|05:01,2.0019242865763517e-05,Cluster_3
68:01|40:06|07:02|04:02|06:01,4.0038485731527034e-05,Cluster_3
11:01|35:01|04:01|15:02|06:01,0.0006406157717040403,Cluster_3
02:03|55:02|04:03|15:02|05:01,0.0006406157717044325,Cluster_3
68:02|52:01|12:02|15:02|06:01,0.00032030788585221627,Cluster_3
02:A|46:01|01:02|09:01|06:01,4.0038485731527034e-05,Cluster_3
01:01|15:02|08:01|15:01|05:02,0.0002264919033480526,Cluster_3
66:01|35:03|12:03|14:01|05:03,0.00032030788585221627,Cluster_3
26:01|07:02|16:02|09:01|02:01,2.0019242865763517e-05,Cluster_3
24:02|13:01|04:03|04:05|04:02,0.0004908875911678691,Cluster_3
02:05|27:05|06:02|04:04|04:02,4.0038485731527034e-05,Cluster_3
11:01|18:01|04:10|14:01|05:02,2.0019242865763517e-05,Cluster_3
24:02|27:05|02:02|04:01|03:02,0.00032030788585221627,Cluster_3
11:01|39:01|07:02|07:01|02:01,0.00032030788585221627,Cluster_3
23:01|51:01|16:02|15:02|06:01,2.0019242865763517e-05,Cluster_3
11:01|51:01|14:02|16:01|05:02,0.00032030788585221627,Cluster_3
30:02|15:02|08:01|04:04|03:02,2.0019242865763517e-05,Cluster_3
74:01|41:01|08:02|13:01|06:02,2.0019242865763517e-05,Cluster_3
26:01|35:01|07:02|01:01|05:01,0.0003203078858514547,Cluster_3
01:01|37:01|15:02|14:01|05:02,4.0038485731527034e-05,Cluster_3
02:07|44:03|07:01|15:02|05:02,2.0019242865763517e-05,Cluster_3
26:01|35:05|04:01|09:01|03:03,0.00032030788585221627,Cluster_3
24:02|38:02|07:02|13:02|06:09,0.0003364746641922459,Cluster_3
01:01|08:01|07:01|15:02|06:01,0.00032030788585221627,Cluster_3
31:01|40:02|03:04|08:02|06:02,4.0038485731527034e-05,Cluster_3
24:07|40:01|03:03|15:02|05:01,0.0006406278448161925,Cluster_3
33:03|58:01|03:258|15:01|06:01,2.0019242865763517e-05,Cluster_3
02:11|52:01|05:01|04:07|05:01,2.0019242865763517e-05,Cluster_3
02:06|48:01|08:01|04:07|03:02,2.0019242865763517e-05,Cluster_3
24:07|07:05|04:01|14:04|05:03,8.007697146305407e-05,Cluster_3
32:01|35:05|04:01|04:02|03:02,0.0006406157717044325,Cluster_3
01:01|07:02|07:02|07:01|03:03,0.0003203078858522891,Cluster_3
32:01|49:01|04:01|14:01|04:01,2.0019242865763517e-05,Cluster_3
03:01|40:02|02:02|14:01|05:03,0.00032030788585221627,Cluster_3
68:02|14:02|01:02|04:03|03:02,2.0019242865763517e-05,Cluster_3
30:02|18:01|08:01|15:01|06:10,2.0019242865763517e-05,Cluster_3
02:01|18:01|01:02|12:01|03:03,4.0038485731527034e-05,Cluster_3
11:01|40:06|16:02|04:03|03:02,2.0019242865763517e-05,Cluster_3
34:01|15:35|07:02|04:05|04:01,0.00032030788585221627,Cluster_3
02:01|51:01|14:02|04:04|03:02,0.00040184416610548917,Cluster_3
11:01|18:02|16:02|13:02|06:09,4.0038485731527034e-05,Cluster_3
32:01|58:01|03:02|13:02|06:09,2.0019242865763517e-05,Cluster_3
36:01|58:01|07:01|01:01|05:01,2.0019242865763517e-05,Cluster_3
24:02|13:01|07:02|04:05|03:03,0.00032030788585221627,Cluster_3
11:01|13:01|03:04|15:01|06:01,0.003930706804309524,Cluster_3
11:01|35:01|03:04|12:02|05:02,0.0009609236575566489,Cluster_3
23:01|07:02|04:04|15:03|06:02,2.0019242865763517e-05,Cluster_3
31:01|35:03|04:01|13:01|06:03,0.0019218473151132978,Cluster_3
23:01|41:01|06:02|15:03|03:03,2.0019242865763517e-05,Cluster_3
24:02|48:01|08:01|14:01|05:02,0.00032030788585221627,Cluster_3
01:01|52:01|12:02|14:04|05:03,0.0004680936629524432,Cluster_3
31:01|35:03|06:02|14:01|05:03,2.0019242865763517e-05,Cluster_3
24:02|51:01|04:01|04:02|03:02,0.00032030788585221627,Cluster_3
02:01|15:01|05:01|12:01|03:03,4.0038485731527034e-05,Cluster_3
02:01|18:01|07:04|15:02|06:01,0.00032030788585221627,Cluster_3
68:01|40:06|15:02|01:03|05:03,2.0019242865763517e-05,Cluster_3
68:01|51:01|07:02|14:04|06:01,4.0038485731527034e-05,Cluster_3
03:01|57:04|15:02|14:04|05:03,2.0019242865763517e-05,Cluster_3
24:07|40:02|07:02|12:01|03:01,0.00032030788573243014,Cluster_3
03:01|15:25|07:26|04:03|03:02,2.0019242865763517e-05,Cluster_3
02:01|27:05|02:02|04:04|03:02,0.00032030788585221627,Cluster_3
11:01|52:01|12:02|13:01|03:02,4.0038485731527034e-05,Cluster_3
23:01|07:02|07:02|04:03|06:02,2.0019242865763517e-05,Cluster_3
11:01|27:05|02:02|04:04|03:02,0.00032030788585221627,Cluster_3
01:01|15:01|07:02|15:02|06:01,4.0038485731527034e-05,Cluster_3
33:03|35:03|04:01|15:02|05:03,0.00032030788585221627,Cluster_3
74:01|58:02|06:02|13:01|06:02,2.0019242865763517e-05,Cluster_3
02:11|07:05|04:01|15:02|06:01,4.0038485731527034e-05,Cluster_3
33:03|44:03|07:01|10:01|05:01,0.00032030788585221627,Cluster_3
02:05|27:05|08:02|04:04|04:02,4.0038485731527034e-05,Cluster_3
24:02|38:02|07:02|15:02|05:01,0.0043134724354682566,Cluster_3
33:03|08:01|04:01|10:01|05:01,2.0019242865763517e-05,Cluster_3
74:01|58:02|08:02|15:03|03:03,2.0019242865763517e-05,Cluster_3
30:01|42:01|08:02|10:01|05:01,4.0038485731527034e-05,Cluster_3
68:02|51:01|16:01|07:01|03:03,0.0003203078858521436,Cluster_3
11:01|15:07|15:05|04:03|05:01,2.0019242865763517e-05,Cluster_3
11:01|40:01|07:02|03:01|02:01,0.00032030788585221627,Cluster_3
68:01|07:02|07:02|13:01|06:03,0.0003203078858522164,Cluster_3
29:02|55:01|03:03|04:03|03:02,0.00032030788585221627,Cluster_3
11:02|55:02|12:02|09:01|03:03,0.0006406157717044325,Cluster_3
02:01|54:01|01:02|15:01|06:02,0.0009609236575539666,Cluster_3
32:01|44:02|05:01|04:05|06:09,2.0019242865763517e-05,Cluster_3
23:01|49:01|07:01|16:01|06:10,0.0003203078858522074,Cluster_3
03:01|58:01|03:02|10:01|05:03,0.00032030788585221627,Cluster_3
26:01|39:01|12:03|04:04|03:02,0.00032030788585221627,Cluster_3
11:01|51:01|14:02|04:05|04:01,0.0005590795250468733,Cluster_3
30:02|41:01|17:01|08:01|05:01,2.0019242865763517e-05,Cluster_3
03:01|55:01|07:26|14:04|03:02,2.0019242865763517e-05,Cluster_3
02:06|56:01|07:02|04:06|03:02,0.0009609236575566489,Cluster_3
24:02|38:02|07:02|08:03|06:01,0.001172374246597939,Cluster_3
02:01|18:01|12:03|07:01|05:01,2.0019242865763517e-05,Cluster_3
31:01|51:02|12:03|12:02|06:01,2.0019242865763517e-05,Cluster_3
24:02|18:01|12:02|04:05|04:01,0.00032030788585221627,Cluster_3
11:01|15:35|07:02|14:01|05:03,0.0003346440097538611,Cluster_3
11:01|35:01|04:01|08:01|04:02,0.00032030788585221627,Cluster_3
68:01|52:01|07:02|14:04|05:03,0.00032030788585221627,Cluster_3
02:11|58:01|04:01|15:01|06:01,2.0019242865763517e-05,Cluster_3
03:01|55:01|03:03|04:03|03:02,2.0019242865763517e-05,Cluster_3
02:11|07:05|07:02|15:02|06:01,4.0038485731527034e-05,Cluster_3
33:03|08:01|07:02|10:01|05:01,2.0019242865763517e-05,Cluster_3
31:01|49:01|07:01|01:01|05:01,2.0019242865763517e-05,Cluster_3
23:01|07:02|16:02|15:02|06:01,2.0019242865763517e-05,Cluster_3
24:07|40:10|04:03|15:02|05:01,0.0006406157717044325,Cluster_3
02:06|07:05|07:02|15:02|06:01,0.00032030788585221627,Cluster_3
33:03|15:18|07:04|04:01|03:02,0.00032030788585221627,Cluster_3
11:01|15:02|08:01|16:02|05:02,0.0009609236575581016,Cluster_3
03:01|55:01|17:01|08:01|05:01,2.0019242865763517e-05,Cluster_3
33:65|58:01|03:02|15:01|06:01,0.00032030788585221627,Cluster_3
02:07|40:01|03:04|14:01|05:03,0.00032030788585221627,Cluster_3
24:02|15:01|07:02|13:02|06:04,1.6742640110411264e-06,Cluster_3
33:03|44:02|12:02|04:07|05:01,2.0019242865763517e-05,Cluster_3
03:01|27:04|12:02|09:01|03:03,2.0019242865763517e-05,Cluster_3
02:11|15:05|03:03|14:04|05:03,0.00032030788585221627,Cluster_3
23:01|51:01|16:02|09:01|02:01,2.0019242865763517e-05,Cluster_3
33:03|48:01|03:02|04:05|04:01,2.0019242865763517e-05,Cluster_3
34:01|38:02|07:02|11:01|06:01,0.00014972725260440647,Cluster_3
02:06|51:01|04:01|08:03|06:01,0.00016015394292610813,Cluster_3
29:01|58:01|03:02|15:01|06:02,0.00016015394292610813,Cluster_3
02:01|08:01|07:01|04:01|03:02,0.0009609236575566489,Cluster_3
23:01|41:01|08:02|15:03|06:02,2.0019242865763517e-05,Cluster_3
24:02|51:01|14:02|08:02|03:03,8.007697146305407e-05,Cluster_3
24:02|51:01|14:02|09:01|03:03,0.0019218473146528563,Cluster_3
03:01|40:06|15:02|14:04|05:02,2.0019242865763517e-05,Cluster_3
24:02|38:01|04:01|16:01|05:02,2.0019242865763517e-05,Cluster_3
11:01|51:06|14:02|04:05|04:02,0.00032030788585221627,Cluster_3
26:01|73:01|15:05|01:02|03:02,2.0019242865763517e-05,Cluster_3
11:01|18:01|07:04|15:02|05:02,0.0006406153258592227,Cluster_3
33:03|58:01|03:02|08:03|06:01,0.0010648469828761302,Cluster_3
02:03|40:01|03:03|04:06|03:02,0.00032030788585221627,Cluster_3
03:01|18:01|12:03|11:04|03:02,2.0019242865763517e-05,Cluster_3
24:02|35:05|04:01|04:05|04:02,0.0006406157717044325,Cluster_3
02:06|52:01|12:02|07:01|03:03,0.001281231543408865,Cluster_3
01:01|37:01|06:02|10:01|05:01,0.005683152494454543,Cluster_3
03:01|40:01|07:02|13:02|06:09,2.0019242865763517e-05,Cluster_3
24:02|56:01|07:04|14:04|05:02,2.0019242865763517e-05,Cluster_3
11:01|35:05|04:01|15:02|05:01,0.0010976723671932021,Cluster_3
02:03|15:32|12:03|15:02|02:01,2.0019242865763517e-05,Cluster_3
02:03|41:01|12:03|04:05|02:01,2.0019242865763517e-05,Cluster_3
34:01|15:21|04:03|08:03|06:01,0.0006406157717044721,Cluster_3
24:02|51:01|14:02|14:01|05:02,0.00032030538325822583,Cluster_3
33:03|44:03|07:01|09:01|03:03,0.00032030788585221627,Cluster_3
02:01|44:03|03:04|10:01|05:02,2.0019242865763517e-05,Cluster_3
11:01|27:04|07:02|04:02|06:01,4.0038485731527034e-05,Cluster_3
02:05|14:01|06:02|04:04|04:02,4.0038485731527034e-05,Cluster_3
02:01|18:01|05:01|01:02|05:01,0.00032030788585221627,Cluster_3
03:01|50:01|12:03|13:01|05:03,2.0019242865763517e-05,Cluster_3
26:01|07:02|07:02|15:01|06:02,0.0003276155724603686,Cluster_3
24:02|15:32|15:02|08:12|05:02,2.0019242865763517e-05,Cluster_3
03:01|40:06|18:01|14:04|05:02,2.0019242865763517e-05,Cluster_3
02:11|51:01|07:02|14:04|05:03,4.0038485731527034e-05,Cluster_3
02:06|39:01|07:02|09:01|03:03,0.00033372992957145524,Cluster_3
24:02|38:01|12:03|14:01|06:74,2.0019242865763517e-05,Cluster_3
02:01|15:01|07:02|15:06|05:02,0.00032030788585221627,Cluster_3
02:01|15:01|07:02|16:01|05:02,2.0019242865763517e-05,Cluster_3
02:01|18:01|12:03|15:01|06:02,0.0008342050529724658,Cluster_3
31:01|35:03|07:01|01:01|05:01,2.0019242865763517e-05,Cluster_3
74:01|41:01|06:02|13:01|03:03,2.0019242865763517e-05,Cluster_3
02:06|39:15|12:02|15:01|06:01,0.0006406157717044325,Cluster_3
31:01|35:01|04:01|14:01|05:03,4.0038485731527034e-05,Cluster_3
26:01|73:01|03:03|04:03|03:02,2.0019242865763517e-05,Cluster_3
11:01|07:02|07:02|15:01|06:02,0.0006585963837219768,Cluster_3
02:06|27:06|03:04|15:02|05:01,0.00035906940904423777,Cluster_3
68:01|51:01|07:02|15:01|05:03,4.0038485731527034e-05,Cluster_3
01:01|15:01|04:01|15:01|06:01,4.0038485731527034e-05,Cluster_3
30:01|44:02|03:02|13:02|04:01,2.0019242865763517e-05,Cluster_3
24:02|15:01|04:01|04:06|03:02,0.0006707642153143858,Cluster_3
02:22|40:02|03:05|04:07|03:02,0.00032030788585221627,Cluster_3
02:01|15:01|05:01|12:01|06:02,4.0038485731527034e-05,Cluster_3
02:07|40:01|04:01|04:03|03:02,0.00032030788585221627,Cluster_3
30:01|13:02|06:02|13:01|06:03,0.00032030788585221627,Cluster_3
02:01|35:01|04:01|01:01|05:01,0.0024266843235602833,Cluster_3
24:02|57:01|06:02|07:01|03:03,0.0010225659620857505,Cluster_3
02:11|40:12|04:04|04:03|06:02,2.0019242865763517e-05,Cluster_3
02:01|44:03|16:01|01:03|05:03,2.0019242865763517e-05,Cluster_3
02:06|55:01|01:02|14:04|05:03,0.00032030788585221627,Cluster_3
33:03|51:01|16:02|07:01|06:01,8.007697146305407e-05,Cluster_3
33:03|52:01|12:02|01:01|05:01,2.0019242865763517e-05,Cluster_3
23:01|58:01|12:02|15:02|05:02,2.0019242865763517e-05,Cluster_3
02:01|51:01|16:04|16:01|06:03,4.0038485731527034e-05,Cluster_3
26:01|40:01|03:04|15:01|06:01,5.295713734352522e-06,Cluster_3
74:01|58:02|08:02|15:03|06:02,2.0019242865763517e-05,Cluster_3
32:01|07:02|07:02|13:01|06:03,0.000640615771704041,Cluster_3
02:06|51:01|14:02|04:05|04:01,0.00032030788585221627,Cluster_3
11:04|18:01|12:03|10:01|05:01,4.0038485731527034e-05,Cluster_3
33:03|40:01|03:04|08:03|06:01,0.0006406157717044325,Cluster_3
32:01|51:01|14:02|08:01|04:02,0.0003203078833327238,Cluster_3
02:03|18:01|07:04|15:02|05:01,0.000960923657564169,Cluster_3
11:01|56:01|01:02|04:03|06:02,2.0019242865763517e-05,Cluster_3
03:01|07:02|07:02|13:01|06:03,0.0032030818474393947,Cluster_3
11:01|48:01|08:03|14:04|03:02,2.0019242865763517e-05,Cluster_3
03:01|15:01|03:03|13:01|06:03,0.0021944000567851395,Cluster_3
11:01|27:05|05:01|01:03|05:01,8.007697146305407e-05,Cluster_3
31:01|15:08|01:02|07:01|03:03,0.0006406157717044325,Cluster_3
32:01|49:01|07:01|15:01|06:01,0.00032030788585221627,Cluster_3
11:01|56:01|08:02|04:03|06:02,2.0019242865763517e-05,Cluster_3
01:01|15:01|07:02|15:01|06:01,4.0038485731527034e-05,Cluster_3
33:03|15:27|04:01|04:05|03:02,0.00032030788585221627,Cluster_3
02:11|52:01|12:02|01:01|03:02,2.0019242865763517e-05,Cluster_3
23:01|07:02|15:05|09:01|06:01,2.0019242865763517e-05,Cluster_3
66:01|15:32|17:01|15:02|02:01,2.0019242865763517e-05,Cluster_3
02:05|44:02|05:01|15:01|06:02,0.00032030788585221627,Cluster_3
02:01|40:06|08:01|04:03|03:02,0.00032030788585221627,Cluster_3
30:01|55:01|03:04|12:01|04:02,2.0019242865763517e-05,Cluster_3
11:01|52:01|07:02|14:10|05:03,0.00032030788585221627,Cluster_3
31:01|51:01|14:02|08:02|03:03,8.007697146305407e-05,Cluster_3
03:01|57:04|18:01|14:04|05:02,2.0019242865763517e-05,Cluster_3
02:07|56:01|01:02|13:12|03:01,0.00032030788585221627,Cluster_3
11:01|55:02|08:01|04:03|03:02,0.00032030788585221627,Cluster_3
11:01|54:01|01:02|14:05|05:03,0.0009609236575566489,Cluster_3
33:03|58:01|03:02|11:01|06:01,0.00032030788585221627,Cluster_3
02:07|40:01|15:02|14:01|05:03,0.00032030788585221627,Cluster_3
30:01|44:02|05:01|04:05|06:09,2.0019242865763517e-05,Cluster_3
26:01|18:01|07:01|04:03|03:02,0.00032030788585221627,Cluster_3
02:07|44:03|07:01|04:03|03:02,2.0019242865763517e-05,Cluster_3
03:01|42:02|17:01|08:01|05:01,2.0019242865763517e-05,Cluster_3
68:01|18:01|07:01|04:03|03:02,0.00032030788585227666,Cluster_3
26:01|40:01|03:04|01:01|05:01,0.00032030788585221627,Cluster_3
23:01|18:01|04:01|15:01|05:03,2.0019242865763517e-05,Cluster_3
11:01|48:01|16:02|14:04|05:03,2.0019242865763517e-05,Cluster_3
30:01|42:01|08:02|13:02|05:01,4.0038485731527034e-05,Cluster_3
11:01|38:02|07:02|15:01|05:02,0.00033257773626202945,Cluster_3
02:01|51:01|15:02|15:01|06:02,0.0012812315434088575,Cluster_3
24:02|15:141|12:03|14:01|06:74,2.0019242865763517e-05,Cluster_3
23:01|52:01|07:01|16:01|06:01,2.0019242865763517e-05,Cluster_3
02:01|13:01|03:04|08:03|06:01,0.00032028981780585084,Cluster_3
23:01|07:02|15:05|09:01|02:01,2.0019242865763517e-05,Cluster_3
33:03|07:02|07:02|09:01|03:03,0.0005776968869874092,Cluster_3
30:01|58:01|05:01|13:02|04:01,2.0019242865763517e-05,Cluster_3
30:02|18:01|08:01|15:01|03:02,2.0019242865763517e-05,Cluster_3
02:06|48:01|03:02|04:05|04:01,2.0019242865763517e-05,Cluster_3
11:01|13:01|04:06|12:02|05:02,0.0009609236575566489,Cluster_3
03:01|51:01|16:01|08:01|05:01,2.0019242865763517e-05,Cluster_3
11:01|55:01|01:02|01:01|05:01,0.00032030788585221627,Cluster_3
74:01|41:01|08:02|13:01|03:03,2.0019242865763517e-05,Cluster_3
01:01|37:01|06:02|14:01|05:02,4.0038485731527034e-05,Cluster_3
02:03|27:05|01:02|14:07|05:03,2.0019242865763517e-05,Cluster_3
02:01|51:01|14:02|13:01|06:03,0.00032030788585221546,Cluster_3
31:01|49:01|04:01|14:01|04:01,2.0019242865763517e-05,Cluster_3
33:03|44:03|07:01|15:02|05:01,0.00032030788585221264,Cluster_3
32:01|49:01|07:01|01:01|05:01,2.0019242865763517e-05,Cluster_3
31:01|54:01|01:02|04:05|04:01,0.0003473133151873478,Cluster_3
24:02|38:64|07:02|04:04|03:02,0.00032030788585221627,Cluster_3
02:01|18:01|12:03|07:01|03:03,2.0019242865763517e-05,Cluster_3
68:01|40:06|15:02|14:15|05:01,2.0019242865763517e-05,Cluster_3
03:01|07:02|07:02|01:01|05:01,0.0021882191374105043,Cluster_3
03:01|15:01|03:04|04:01|03:02,0.0003600969486824008,Cluster_3
11:01|13:01|03:04|04:05|04:01,0.0006406155005423877,Cluster_3
11:01|07:02|07:02|07:01|03:03,0.0003573235266602442,Cluster_3
01:01|15:01|03:04|16:01|05:02,2.0019242865763517e-05,Cluster_3
68:02|14:02|08:02|15:03|03:02,2.0019242865763517e-05,Cluster_3
02:11|44:02|12:02|04:07|05:01,2.0019242865763517e-05,Cluster_3
68:01|39:01|07:02|16:01|05:02,0.00032030788585221627,Cluster_3
01:01|27:05|01:02|14:07|05:03,2.0019242865763517e-05,Cluster_3
26:01|35:01|04:01|13:02|06:09,0.00032030788585221627,Cluster_3
03:01|41:01|16:01|10:01|05:01,2.0019242865763517e-05,Cluster_3
03:02|35:08|04:01|04:03|03:02,0.00032030788585221627,Cluster_3
11:01|15:01|03:03|13:01|06:03,0.0009609246884900454,Cluster_3
02:01|40:06|15:02|14:15|05:03,2.0019242865763517e-05,Cluster_3
23:01|41:01|06:02|13:01|03:03,2.0019242865763517e-05,Cluster_3
23:01|58:01|07:01|11:01|06:02,2.0019242865763517e-05,Cluster_3
03:01|52:01|12:02|15:02|06:01,0.0007884015488046596,Cluster_3
24:02|15:21|04:03|15:02|05:02,0.0006516324101208118,Cluster_3
01:01|44:03|03:04|10:01|05:02,2.0019242865763517e-05,Cluster_3
11:01|73:01|15:05|01:02|05:01,2.0019242865763517e-05,Cluster_3
02:06|35:01|03:03|14:01|05:03,0.0002701499684071573,Cluster_3
02:11|07:02|04:04|15:03|03:02,2.0019242865763517e-05,Cluster_3
33:03|35:01|04:01|04:06|03:02,2.0019242865763517e-05,Cluster_3
68:02|14:02|01:02|15:03|06:02,2.0019242865763517e-05,Cluster_3
01:01|51:02|15:02|15:01|05:02,4.0038485731527034e-05,Cluster_3
32:01|40:02|02:02|01:03|05:01,0.00032030788585221627,Cluster_3
24:02|40:06|15:02|04:05|04:01,0.00032030788585221627,Cluster_3
24:02|15:141|07:02|14:01|06:74,2.0019242865763517e-05,Cluster_3
01:01|44:02|05:01|01:01|05:01,0.0003203078857077215,Cluster_3
32:01|52:01|12:02|14:04|05:03,0.00032030788585221627,Cluster_3
32:01|08:01|04:01|15:01|05:01,2.0019242865763517e-05,Cluster_3
02:11|40:01|12:03|15:02|06:01,0.00032030788585221627,Cluster_3
23:01|58:01|07:01|01:01|05:01,2.0019242865763517e-05,Cluster_3
11:01|15:02|08:01|04:03|03:02,0.0008350980727705704,Cluster_3
32:01|44:03|16:01|14:16|05:03,0.00032030788585221627,Cluster_3
02:01|40:01|03:04|04:03|03:02,0.0005866826971407458,Cluster_3
29:02|55:01|01:02|13:01|06:03,0.00032030788585221627,Cluster_3
24:02|15:11|03:03|04:02|03:02,0.00032030788585221627,Cluster_3
11:01|44:03|16:01|07:01|02:02,0.00032030788585221627,Cluster_3
24:08|40:01|03:04|04:05|04:01,0.00032030788585221627,Cluster_3
23:01|52:01|12:02|16:01|05:02,2.0019242865763517e-05,Cluster_3
02:03|51:01|15:02|13:01|06:03,0.00032030788585221627,Cluster_3
24:02|18:01|07:04|14:04|05:02,2.0019242865763517e-05,Cluster_3
11:01|52:01|12:02|13:01|06:03,4.0038485731527034e-05,Cluster_3
24:07|38:02|07:02|15:02|05:02,0.0029122777636403775,Cluster_3
11:01|40:01|03:04|04:05|04:01,0.0007221520519577055,Cluster_3
02:01|27:04|15:02|04:05|04:01,0.0006406157717044325,Cluster_3
24:07|51:01|04:01|04:05|04:01,0.0005680577461411564,Cluster_3
02:03|40:01|12:03|04:05|04:01,2.0019242865763517e-05,Cluster_3
31:01|35:03|04:01|14:01|04:01,2.0019242865763517e-05,Cluster_3
30:04|42:01|17:01|03:02|04:02,0.0006406157717044325,Cluster_3
31:01|35:03|12:03|14:01|05:03,2.0019242865763517e-05,Cluster_3
02:05|58:01|12:02|16:01|05:02,2.0019242865763517e-05,Cluster_3
11:01|40:06|03:04|09:01|03:03,0.0003203078858522175,Cluster_3
02:01|44:03|07:02|16:01|05:02,2.0019242865763517e-05,Cluster_3
01:01|15:01|07:02|16:01|05:02,2.0019242865763517e-05,Cluster_3
68:01|07:02|07:02|07:01|02:01,0.00032030788585221627,Cluster_3
30:01|58:01|03:02|04:05|04:01,2.0019242865763517e-05,Cluster_3
33:03|51:01|16:02|13:01|06:03,0.00032030788585221627,Cluster_3
24:02|38:01|12:03|16:01|05:02,2.0019242865763517e-05,Cluster_3
32:01|44:02|05:01|15:01|06:02,0.0005478195021335164,Cluster_3
11:01|40:06|15:02|10:01|05:01,0.0012812315434083358,Cluster_3
11:01|40:10|04:03|13:02|06:09,0.00032030788585221627,Cluster_3
36:01|58:01|07:01|01:01|06:02,2.0019242865763517e-05,Cluster_3
31:01|51:01|15:02|04:08|03:01,0.00032030788585221627,Cluster_3
01:01|48:01|03:04|14:07|06:02,2.0019242865763517e-05,Cluster_3
26:01|15:21|04:03|15:02|06:01,0.0006406157734062978,Cluster_3
23:01|51:01|15:05|09:01|06:01,2.0019242865763517e-05,Cluster_3
23:01|58:01|04:01|11:01|05:01,2.0019242865763517e-05,Cluster_3
03:01|51:BCZHE|14:02|01:01|05:01,2.0019242865763517e-05,Cluster_3
26:01|55:01|01:02|04:03|03:02,8.007697146305407e-05,Cluster_3
11:01|14:02|01:02|15:03|03:02,2.0019242865763517e-05,Cluster_3
32:01|08:01|04:01|10:01|05:01,2.0019242865763517e-05,Cluster_3
23:01|58:01|07:01|15:02|05:02,2.0019242865763517e-05,Cluster_3
33:03|15:13|03:02|14:05|05:03,0.00032030788585221627,Cluster_3
03:01|35:03|04:01|08:01|04:02,0.00032030788585221627,Cluster_3
33:03|40:06|15:02|16:02|05:03,2.0019242865763517e-05,Cluster_3
31:01|51:01|03:04|11:01|03:01,0.00032030788585221627,Cluster_3
02:11|51:01|07:02|14:04|06:01,4.0038485731527034e-05,Cluster_3
