sample_id,cluster,pc1,pc2
BMDP_OUT_10257,Cluster_2,-0.1696459804387129,0.40868435131744607
BMDP_OUT_10258,Cluster_3,-0.3309537125695534,-0.9583937773603367
BMDP_OUT_10259,Cluster_1,0.3412278498215935,0.9850904544418079
BMDP_OUT_10260,Cluster_3,-0.6504035656353593,-1.2845633185363463
BMDP_OUT_10261,Cluster_2,-0.32234403903330533,0.36204984488166253
BMDP_OUT_10262,Cluster_1,1.1872287242800597,0.1269870996504151
BMDP_OUT_10263,Cluster_3,0.18071064309819773,-0.41870579566660987
BMDP_OUT_10264,Cluster_2,-0.5496078949861805,0.4078848143967896
BMDP_OUT_10265,Cluster_2,-0.42130117317675375,1.2225326085170882
BMDP_OUT_10266,Cluster_3,-0.20361470099674026,-0.03226647017795481
BMDP_OUT_10267,Cluster_1,0.8912686784220646,0.20336391058791797
BMDP_OUT_10268,Cluster_1,1.4664052128936655,0.4030257887720863
BMDP_OUT_10269,Cluster_3,-0.2865371485167493,-1.374386800949656
BMDP_OUT_10299,Cluster_3,-0.20965083388382952,-0.7215098450196037
BMDP_OUT_10300,Cluster_3,-0.20062182845609214,-0.5022123390638723
BMDP_OUT_10301,Cluster_1,1.34404719973574,0.3339472202849788
BMDP_OUT_10304,Cluster_2,-0.19713589707304505,0.6850445656914783
BMDP_OUT_10316,Cluster_1,1.0932149592418772,1.0614074300757204
BMDP_OUT_10349,Cluster_3,-0.8616023351931917,-1.182667869063615
BMDP_OUT_10350,Cluster_1,0.9043952253780126,-0.5996339440994605
BMDP_OUT_10352,Cluster_1,0.6934609365972222,-0.5730941661135329
BMDP_OUT_10353,Cluster_3,0.5291939821983447,-0.11249709024265767
BMDP_OUT_10354,Cluster_3,0.08647709438316413,0.06834202346263961
BMDP_OUT_10355,Cluster_3,0.01275895202045449,-0.7172628116248632
BMDP_OUT_10356,Cluster_1,0.9332522421229703,-0.5284356492619289
BMDP_OUT_10434,Cluster_1,0.6159249276425319,0.13185734984333491
BMDP_OUT_10552,Cluster_3,-0.3513909509039521,-0.6309848542791782
BMDP_OUT_10554,Cluster_3,0.21454563518199687,-0.8171442659872276
BMDP_OUT_10555,Cluster_3,0.2185236130355061,-0.5295360274319156
BMDP_OUT_10556,Cluster_3,0.06641092932471993,-0.5056435745815354
BMDP_OUT_10557,Cluster_1,1.0899145716167387,0.21818696527732973
BMDP_OUT_10558,Cluster_3,0.10588025053567773,-0.4204810325185484
BMDP_OUT_10559,Cluster_3,-0.2680859570702302,-0.2850846734448464
BMDP_OUT_10560,Cluster_3,-0.7549979041124895,-1.2727882267991795
BMDP_OUT_10561,Cluster_3,0.2803899021491294,-0.8855603064509304
BMDP_OUT_10562,Cluster_3,0.30198079415941814,-0.5403778046475741
BMDP_OUT_10563,Cluster_3,-0.43858474038241624,-0.8579255851313098
BMDP_OUT_10564,Cluster_2,-0.2913185856351448,0.6503348690037375
BMDP_OUT_10565,Cluster_1,1.0345831190095294,0.13604497463104237
BMDP_OUT_10566,Cluster_1,0.4614159155671712,0.0806287822205498
BMDP_OUT_10567,Cluster_3,0.08049093789324485,-0.661944956301746
BMDP_OUT_10568,Cluster_2,-0.11110442837066331,0.43967673030154975
BMDP_OUT_10569,Cluster_2,-1.2850449058480762,-0.4320440839266734
BMDP_OUT_10570,Cluster_1,0.5169063007214448,0.6641321487310929
BMDP_OUT_10613,Cluster_2,-0.02104945012158624,-0.05927076031825769
BMDP_OUT_10614,Cluster_2,-0.4044585949720153,0.3909801419920917
BMDP_OUT_10615,Cluster_3,0.4681560647371775,-0.7285130289651612
BMDP_OUT_10616,Cluster_3,0.39958790331852223,-0.6608595241323773
BMDP_OUT_10637,Cluster_2,0.12988530731785286,0.016187013719648466
BMDP_OUT_10638,Cluster_1,1.6202907264458921,0.49006218675360336
BMDP_OUT_10639,Cluster_1,1.0626405533887406,0.34732971253140676
BMDP_OUT_10640,Cluster_2,-0.2855907614021085,0.368750032212344
BMDP_OUT_10641,Cluster_1,0.9034395055739248,-0.06368720587734733
BMDP_OUT_10642,Cluster_1,1.516723408187223,0.257617190371164
BMDP_OUT_10643,Cluster_1,0.37829199109287953,0.5950134056577204
BMDP_OUT_10644,Cluster_3,-0.015626965093096606,-0.5579997017647376
BMDP_OUT_10645,Cluster_2,-0.35507285302134317,0.3642539621547379
BMDP_OUT_10646,Cluster_3,0.5801361324732432,-0.0570246995978747
BMDP_OUT_10647,Cluster_1,0.6335898001212609,-0.07976522896097332
BMDP_OUT_1066,Cluster_3,0.02477723881295746,-0.4483641617071361
BMDP_OUT_1067,Cluster_3,0.11115431637685083,-0.5320233755562976
BMDP_OUT_1068,Cluster_2,-0.2692320669786775,0.289954676255446
BMDP_OUT_10683,Cluster_1,1.7779071544235459,0.5625638072077805
BMDP_OUT_10689,Cluster_2,-1.0845557885782637,0.6274020272870473
BMDP_OUT_1069,Cluster_3,-0.41071261744501153,-0.20202620222740242
BMDP_OUT_1070,Cluster_1,1.1631035166043755,0.5229038330358884
BMDP_OUT_10703,Cluster_1,0.634485269396329,-0.2406559061682464
BMDP_OUT_10704,Cluster_1,1.2628347381121228,0.13694554398243236
BMDP_OUT_10708,Cluster_1,0.7624912556798389,-0.29426360369741245
BMDP_OUT_10709,Cluster_1,0.6281181062982557,-0.1520973793623775
BMDP_OUT_1071,Cluster_2,-1.099733366869766,0.9392637890037022
BMDP_OUT_1072,Cluster_3,-0.009544084813444959,-0.5739787612142421
BMDP_OUT_10720,Cluster_3,-0.39656071767439416,-0.3315033173099358
BMDP_OUT_1073,Cluster_1,1.033361451332621,0.3234379965618911
BMDP_OUT_1074,Cluster_1,0.46100764225184077,0.2660514038547964
BMDP_OUT_1075,Cluster_2,-0.4031232730328317,0.27089094049373885
BMDP_OUT_1076,Cluster_3,-0.13340106550571532,-0.7020513556462294
BMDP_OUT_11085,Cluster_1,0.7865186138283637,-0.24527167743918676
BMDP_OUT_11086,Cluster_2,-0.7700286862199409,0.6677525728573945
BMDP_OUT_11087,Cluster_1,0.8881244252754248,-0.2617853674921029
BMDP_OUT_11088,Cluster_3,0.042725605273167086,-0.21227735044860546
BMDP_OUT_11089,Cluster_3,-0.6503614041013788,-1.439568985588692
BMDP_OUT_11090,Cluster_2,-1.1987527514409946,0.8762339457459875
BMDP_OUT_11091,Cluster_2,-1.3450479818487624,-0.25848792610054216
BMDP_OUT_11092,Cluster_2,-0.9826275314235595,0.7824785331730869
BMDP_OUT_11093,Cluster_1,1.1763500509259832,0.3399449893907157
BMDP_OUT_11095,Cluster_1,0.0041373640307515724,-0.1925329082846154
BMDP_OUT_11096,Cluster_3,0.07443649446604528,-0.3971127856159456
BMDP_OUT_11097,Cluster_3,-0.29843820685147304,-1.1588695353527299
BMDP_OUT_11098,Cluster_3,0.26620900124447244,-0.5783654563220995
BMDP_OUT_11099,Cluster_2,-1.1315674659912625,0.42142517395783863
BMDP_OUT_11100,Cluster_2,-0.10577199058750406,1.0829168904121873
BMDP_OUT_11101,Cluster_1,0.7191895088652462,-0.11833477991597946
BMDP_OUT_11102,Cluster_2,-1.0464476025461684,-0.24935610786152523
BMDP_OUT_11103,Cluster_1,0.8127723400730436,-0.01143410732585251
BMDP_OUT_11104,Cluster_3,-0.407964107388471,-0.827783694742492
BMDP_OUT_11105,Cluster_3,-0.06354059592385125,-0.975907104558095
BMDP_OUT_11106,Cluster_1,1.0475493718783195,0.0909198165105362
BMDP_OUT_11181,Cluster_2,-0.15955179938861844,1.2793870819211504
BMDP_OUT_11298,Cluster_3,-0.19299196354031192,-1.0542425309257886
BMDP_OUT_11299,Cluster_3,-0.09194267496280495,-0.5831328790592506
BMDP_OUT_113,Cluster_2,-1.283753486230258,1.2828349027153472
BMDP_OUT_11300,Cluster_2,-1.096743028524718,0.5968650364271457
BMDP_OUT_11301,Cluster_2,-1.0788577184924129,0.27763777989909477
BMDP_OUT_11303,Cluster_3,0.13708812456869696,-0.5394119734932978
BMDP_OUT_11304,Cluster_3,-0.46449596583218633,-1.2389735264866553
BMDP_OUT_11305,Cluster_2,-1.0785051124093008,1.0592531718196312
BMDP_OUT_11306,Cluster_2,0.04590419893941683,0.6023975601389874
BMDP_OUT_11307,Cluster_3,-0.10094148262513256,-0.8495384597305883
BMDP_OUT_11308,Cluster_2,-0.6345010688115322,0.11584797553084404
BMDP_OUT_11309,Cluster_2,-0.5089773790030465,0.4572201946538287
BMDP_OUT_11310,Cluster_3,-0.16462606479701783,-0.6295546822050629
BMDP_OUT_11311,Cluster_3,0.3062571210277424,-0.3694324355925245
BMDP_OUT_11312,Cluster_1,0.873610816855646,0.7761621597358801
BMDP_OUT_11313,Cluster_2,-0.6425298073594284,1.1943557115588845
BMDP_OUT_11314,Cluster_3,0.08777196805576626,-0.4308840089082382
BMDP_OUT_11749,Cluster_3,-0.165590650330416,-0.5321577884094404
BMDP_OUT_11750,Cluster_3,0.2815012784124409,-0.5986326405662012
BMDP_OUT_11751,Cluster_3,-0.7572923308091573,-0.5101643966866855
BMDP_OUT_11752,Cluster_2,-0.7881483884518953,0.20010362002739557
BMDP_OUT_11754,Cluster_3,0.0775225683199414,-0.1367687713467677
BMDP_OUT_11774,Cluster_1,0.6142030819186066,-0.21607158279812055
BMDP_OUT_11775,Cluster_3,0.26609070423921133,-0.7718188805454415
BMDP_OUT_11776,Cluster_2,0.294390544447649,0.3296494649687304
BMDP_OUT_11777,Cluster_1,0.5146743669121541,-0.49537771888341975
BMDP_OUT_11778,Cluster_3,-0.418733714667072,-0.4336373401710393
BMDP_OUT_11779,Cluster_1,1.2550246715237319,0.19829000651868933
BMDP_OUT_11780,Cluster_2,0.24984723752397373,0.7008334141668955
BMDP_OUT_11781,Cluster_1,1.057264603041098,0.2981686937485289
BMDP_OUT_11782,Cluster_3,-0.04710369525874733,-0.6176643182726999
BMDP_OUT_11783,Cluster_1,0.7614960911742295,0.021392174287416812
BMDP_OUT_11784,Cluster_2,-0.4344368534151206,0.2166697002374368
BMDP_OUT_11785,Cluster_2,-0.18861458566399167,0.1460618077052317
BMDP_OUT_11786,Cluster_2,0.07041707186873546,1.3263137943211596
BMDP_OUT_11787,Cluster_2,-0.06522754943270151,0.5304417135340931
BMDP_OUT_11788,Cluster_3,0.2101966926531575,-0.4350478392194912
BMDP_OUT_11789,Cluster_3,0.3067184810189136,0.06866264744640248
BMDP_OUT_11790,Cluster_3,0.5634042862689024,-0.6481558419114087
BMDP_OUT_11851,Cluster_1,0.4787817539527738,0.7045774871623149
BMDP_OUT_11892,Cluster_2,-0.136721062885901,0.49418541806177585
BMDP_OUT_11893,Cluster_2,-0.3801149207812823,-0.035190746046210766
BMDP_OUT_11894,Cluster_1,0.3904863698317983,0.8039200276499933
BMDP_OUT_11895,Cluster_3,-0.645676251959553,-0.9647926106303495
BMDP_OUT_11896,Cluster_3,-0.37015943910479465,-0.3479390715661232
BMDP_OUT_11897,Cluster_1,0.48624502674979475,-0.7781561993846435
BMDP_OUT_11898,Cluster_1,1.0203203734153738,0.1958276126054242
BMDP_OUT_11899,Cluster_3,-0.3364194961426217,-0.9702975575828249
BMDP_OUT_11900,Cluster_2,-0.5746349406730774,-0.05985504606820878
BMDP_OUT_11901,Cluster_3,-0.4915004469765004,-1.3169274624051055
BMDP_OUT_11902,Cluster_3,-0.6548948658605246,-0.5340920744615243
BMDP_OUT_11903,Cluster_2,-0.24283798948379717,-0.0360101517576798
BMDP_OUT_11904,Cluster_3,0.13063194205506962,-0.5569248460904642
BMDP_OUT_11905,Cluster_3,-0.3818643087679232,-0.13015990932799557
BMDP_OUT_11906,Cluster_1,1.8973010144206233,0.6233888575894677
BMDP_OUT_11907,Cluster_3,-0.2998132047239074,-0.685137144824601
BMDP_OUT_1201,Cluster_2,-1.0300783949766188,0.25881644173286456
BMDP_OUT_1202,Cluster_3,-0.2593662733283657,-0.5095537537259337
BMDP_OUT_1203,Cluster_3,-0.43269526611813536,-0.9689619214871407
BMDP_OUT_1204,Cluster_3,-0.06248097037438366,-0.4514453639611276
BMDP_OUT_1205,Cluster_2,-0.6231268943646552,0.7291181425023072
BMDP_OUT_1206,Cluster_2,-0.717668477275832,0.4384916889362188
BMDP_OUT_1207,Cluster_3,0.1754046287935121,-0.074635024692503
BMDP_OUT_1208,Cluster_2,-1.012430252688307,0.48254511117804
BMDP_OUT_1209,Cluster_1,1.1879950781767132,0.9887981753659575
BMDP_OUT_1210,Cluster_2,-0.2506222509203476,0.5568870176050993
BMDP_OUT_1212,Cluster_1,0.8879862388369038,0.08477922581943793
BMDP_OUT_1213,Cluster_3,0.3211051603285203,-0.5023551654067028
BMDP_OUT_1214,Cluster_1,1.5820594771918381,0.49721691296536796
BMDP_OUT_1215,Cluster_2,-0.3210624523005341,0.5336062342033719
BMDP_OUT_1216,Cluster_3,0.10974584953321108,-0.38376952791827906
BMDP_OUT_12161,Cluster_2,-1.1805445877350573,0.6201143017160712
BMDP_OUT_12162,Cluster_3,0.1308262934269053,-0.64534193594968
BMDP_OUT_12163,Cluster_2,-0.9728353962805005,0.895921345013163
BMDP_OUT_12277,Cluster_3,-0.3307706475066776,-0.44389600206180646
BMDP_OUT_12278,Cluster_2,-0.8926108790925955,1.0245348790750972
BMDP_OUT_12279,Cluster_3,-0.7941576431358782,-0.21780627930409385
BMDP_OUT_12298,Cluster_2,0.0023240198338075335,0.6893425553080709
BMDP_OUT_12299,Cluster_1,1.0172445401184158,0.030812269872187034
BMDP_OUT_12300,Cluster_1,1.2814511948512628,-0.34721105764878607
BMDP_OUT_12301,Cluster_3,0.3469579096906753,-0.7024171011757091
BMDP_OUT_12302,Cluster_2,-0.18749653751435227,0.3749938665020411
BMDP_OUT_12303,Cluster_1,0.9859649572284361,1.0630864986278943
BMDP_OUT_12304,Cluster_3,0.4593873948274234,-0.023519015176735672
BMDP_OUT_12305,Cluster_1,0.743618344940519,0.5290309290206725
BMDP_OUT_12306,Cluster_1,1.0314824218594372,-0.017196553194437095
BMDP_OUT_12307,Cluster_2,-0.3309815297317149,0.2783536102666565
BMDP_OUT_12308,Cluster_1,0.8967826012770606,-0.06776070243428767
BMDP_OUT_12309,Cluster_1,1.559754297995518,-0.29578318497572703
BMDP_OUT_12310,Cluster_1,1.2579681609974271,0.10217649928380527
BMDP_OUT_12311,Cluster_2,0.20122792207830212,0.5727485721891796
BMDP_OUT_12312,Cluster_1,1.2847395389124727,1.0994413971235668
BMDP_OUT_12313,Cluster_3,0.2674428165905631,-0.3737437100629538
BMDP_OUT_12314,Cluster_3,0.3653238301988614,-0.7102619250197848
BMDP_OUT_12315,Cluster_3,0.045495527972789995,-0.6832674805197142
BMDP_OUT_1234,Cluster_3,0.5191689172590731,-0.6520256236695027
BMDP_OUT_1235,Cluster_1,1.0816665248292288,0.3531648927340763
BMDP_OUT_12403,Cluster_2,-0.030954755695214414,0.506158740576164
BMDP_OUT_12404,Cluster_3,0.17733631195676208,-0.05138139115572215
BMDP_OUT_12405,Cluster_3,0.11649724465824976,-0.40388791920014083
BMDP_OUT_12406,Cluster_1,1.3425021724349284,0.37060573217734866
BMDP_OUT_12407,Cluster_1,1.3425021724349284,0.37060573217734866
BMDP_OUT_12409,Cluster_2,0.10487665619018216,1.4962498354581784
BMDP_OUT_12410,Cluster_2,-1.0590623809806878,0.21028089274501116
BMDP_OUT_12411,Cluster_3,0.029821221275424345,-0.4195574377758696
BMDP_OUT_12412,Cluster_1,1.0668916919572062,0.1596240815479234
BMDP_OUT_12414,Cluster_3,-0.4644449516112783,-0.7110925631193004
BMDP_OUT_12584,Cluster_3,-0.42546800926109174,-0.8762648138138746
BMDP_OUT_12602,Cluster_1,1.9437242949434879,0.5926033546092276
BMDP_OUT_12624,Cluster_3,0.8414371840654625,-0.05160708101607028
BMDP_OUT_12625,Cluster_1,0.38040495567067567,1.4680898466970822
BMDP_OUT_12626,Cluster_3,0.3403775422096396,-0.20502369276338736
BMDP_OUT_12628,Cluster_3,-0.5687106171827845,-0.16274278684052346
BMDP_OUT_12737,Cluster_1,0.9890376481049563,0.16960191728473495
BMDP_OUT_12767,Cluster_1,1.8509636467868988,0.6582443218803987
BMDP_OUT_12768,Cluster_3,-0.2777169686714387,-0.6904878261900372
BMDP_OUT_12797,Cluster_1,1.7177373630251522,0.4200229443501884
BMDP_OUT_12800,Cluster_1,1.1476280583293503,0.31175819986758735
BMDP_OUT_12812,Cluster_1,1.8699084477818846,0.46441834117956027
BMDP_OUT_12813,Cluster_3,0.0332910743356849,-1.0650440164104715
BMDP_OUT_12814,Cluster_3,-0.46328664735762903,-0.08416569972163017
BMDP_OUT_12815,Cluster_1,1.017917089606019,0.2995648831637144
BMDP_OUT_12816,Cluster_2,-0.7700036685475525,1.0685163293795508
BMDP_OUT_12905,Cluster_3,-0.2061603792177709,-0.6230762063028852
BMDP_OUT_12906,Cluster_3,-0.5344130874074359,-1.2426906350989313
BMDP_OUT_12907,Cluster_3,-0.7419969613923384,-1.3852506038957442
BMDP_OUT_12908,Cluster_3,-0.4985135613873297,-0.7139672100849518
BMDP_OUT_12909,Cluster_3,-0.46321666133192185,-1.0839427630767402
BMDP_OUT_12910,Cluster_3,-0.7331178951766347,-0.1979589897662805
BMDP_OUT_12911,Cluster_3,-0.9327278740202307,-1.0123960578644873
BMDP_OUT_12912,Cluster_1,1.3651431359107615,0.2896345959431147
BMDP_OUT_12913,Cluster_3,0.5783444664448346,-0.1879289329044579
BMDP_OUT_12914,Cluster_1,0.9163211088663762,0.1386706103746458
BMDP_OUT_12915,Cluster_2,-0.5279513403129539,0.28912184200679214
BMDP_OUT_13346,Cluster_2,-1.1311912454246398,1.0800030126779234
BMDP_OUT_13347,Cluster_1,0.8496722574587585,0.13263503091529366
BMDP_OUT_13348,Cluster_3,-0.04650020195027696,-0.7305219931433046
BMDP_OUT_13349,Cluster_2,-0.6554706507766487,0.39653211467689975
BMDP_OUT_13350,Cluster_2,-1.0804894524262358,-0.29218600599535616
BMDP_OUT_13352,Cluster_1,1.1315773781665877,0.23533284453510367
BMDP_OUT_13353,Cluster_2,-0.031773141310256325,0.858605681996163
BMDP_OUT_13354,Cluster_3,-0.39310601258627265,-0.6663947035932666
BMDP_OUT_13355,Cluster_1,0.927913642864038,-0.05052747724685262
BMDP_OUT_13371,Cluster_3,-0.1913159574459198,-0.21822392980574334
BMDP_OUT_13372,Cluster_1,1.4221030859142199,0.4032109772115001
BMDP_OUT_13382,Cluster_3,0.19025732203216122,-0.3193386471671218
BMDP_OUT_13383,Cluster_1,0.8987457814134912,-0.36853716611863435
BMDP_OUT_13384,Cluster_3,-0.7118278512398113,-1.20810931842427
BMDP_OUT_13385,Cluster_2,0.1829411581487329,-0.00909105488637764
BMDP_OUT_13386,Cluster_3,-0.017452789473501235,-0.47522552009307556
BMDP_OUT_13387,Cluster_1,0.8893465242855889,0.00620338905828928
BMDP_OUT_13388,Cluster_1,0.6280142349325876,0.556922421160508
BMDP_OUT_13389,Cluster_1,0.5809559956463712,0.8669258175556852
BMDP_OUT_13426,Cluster_2,-0.8514731586904956,1.1038151890725885
BMDP_OUT_13441,Cluster_3,0.13723256073955545,-0.23313430103028882
BMDP_OUT_13442,Cluster_3,0.015478092030612206,-0.6227929856428375
BMDP_OUT_13443,Cluster_2,-0.24563873569397268,0.5116088246996903
BMDP_OUT_13444,Cluster_2,-0.5200493297361463,0.23565004500995912
BMDP_OUT_13445,Cluster_3,-0.1750154940345209,-0.6674515968958581
BMDP_OUT_13446,Cluster_1,1.356879925440118,-0.18624175396513065
BMDP_OUT_13469,Cluster_2,-0.37303535924406295,0.12803541804598517
BMDP_OUT_13470,Cluster_1,1.3004988276835618,0.4948223287048381
BMDP_OUT_13482,Cluster_2,-0.17468906773761658,0.18791353867407862
BMDP_OUT_13483,Cluster_2,-0.9568812831813363,0.168658260822459
BMDP_OUT_13497,Cluster_2,-0.7189105778918793,0.4018452108166435
BMDP_OUT_13498,Cluster_2,-0.7316839969831661,-0.30108611481258535
BMDP_OUT_13510,Cluster_3,0.37513100258388277,-0.6165563303647176
BMDP_OUT_13544,Cluster_1,0.6336509864812397,-0.7320930382806986
BMDP_OUT_13545,Cluster_3,-0.03147035749341909,0.04862796805194451
BMDP_OUT_13546,Cluster_1,0.9464371793675979,0.027169115811312358
BMDP_OUT_13562,Cluster_3,0.42402776862504266,-0.2855026532311461
BMDP_OUT_13563,Cluster_2,-0.04162005543512337,0.49920209134923976
BMDP_OUT_1368,Cluster_1,1.1981725831778527,0.1756521568723181
BMDP_OUT_1369,Cluster_1,1.2618726113639869,0.46137099332821685
BMDP_OUT_1370,Cluster_3,-0.12329061275722927,-0.8462401187812367
BMDP_OUT_1371,Cluster_1,0.21732816565295401,1.274816953533756
BMDP_OUT_1372,Cluster_1,0.47120130333950094,1.0203537545549841
BMDP_OUT_1373,Cluster_1,1.1157225498184573,0.20556410479893478
BMDP_OUT_1374,Cluster_2,0.12112618204566744,0.812640110995517
BMDP_OUT_1375,Cluster_1,0.8250288722835137,-0.14019941011951187
BMDP_OUT_13954,Cluster_3,0.34439164035162734,-0.630421542985935
BMDP_OUT_13955,Cluster_1,0.6346181427276574,0.578218661737571
BMDP_OUT_13956,Cluster_1,1.064918969345105,0.235720868660863
BMDP_OUT_13957,Cluster_3,0.07049462117752105,-0.9291504055212146
BMDP_OUT_13958,Cluster_2,-0.07093399505849468,0.4785490001423416
BMDP_OUT_13959,Cluster_3,-0.6835509207317545,-1.2605679995029664
BMDP_OUT_13960,Cluster_2,-1.031510236029119,0.35219704327862356
BMDP_OUT_13961,Cluster_3,-0.76126489780417,-0.6345956991110231
BMDP_OUT_13962,Cluster_3,-0.009544084813444959,-0.5739787612142421
BMDP_OUT_13963,Cluster_2,-0.4933305286353935,0.6916766251711902
BMDP_OUT_13964,Cluster_2,-0.6624977333968178,-0.16973747863629296
BMDP_OUT_13965,Cluster_1,1.1448794921162317,1.1368863357055583
BMDP_OUT_13967,Cluster_3,0.3705368051294808,-0.0704927344772327
BMDP_OUT_13968,Cluster_3,0.2554239610771742,-0.29506415472441416
BMDP_OUT_13969,Cluster_1,0.8492089523378485,0.02818685692009469
BMDP_OUT_13975,Cluster_3,-0.4574058661540954,-0.9485228252402631
BMDP_OUT_14000,Cluster_3,0.3631185508103433,-0.18725473386848568
BMDP_OUT_14038,Cluster_1,0.3137589229407845,0.4245256373667644
BMDP_OUT_14055,Cluster_2,-0.018204969861464443,-0.005921609606667558
BMDP_OUT_14061,Cluster_3,0.2836524186733213,-0.4836741576210997
BMDP_OUT_14062,Cluster_2,-0.8909864054230643,0.34126451176400796
BMDP_OUT_14063,Cluster_1,0.41698051847748996,0.7115653899559845
BMDP_OUT_14156,Cluster_3,-0.6130737781308745,-0.7390557564767114
BMDP_OUT_14165,Cluster_2,-0.027068231596229342,0.38645503904480544
BMDP_OUT_14166,Cluster_3,-0.3248656392089201,-1.216091968357709
BMDP_OUT_14184,Cluster_3,0.18091977379703394,-0.5604733029630248
BMDP_OUT_14220,Cluster_2,-0.3978113611989198,0.8817016001184848
BMDP_OUT_14223,Cluster_3,-0.17404692991562074,-0.6707790214407143
BMDP_OUT_14302,Cluster_2,-0.8176352143202966,0.42280956279914494
BMDP_OUT_14303,Cluster_3,-0.07246959624748123,-0.7499462144710726
BMDP_OUT_14304,Cluster_3,-0.21187858528141254,-0.6545702855147578
BMDP_OUT_14306,Cluster_3,-0.3369276620973962,-0.7131088889045286
BMDP_OUT_14307,Cluster_3,0.1963300926426378,-0.38457700332069295
BMDP_OUT_14372,Cluster_2,0.2603513668867693,0.08753864784900488
BMDP_OUT_14378,Cluster_3,-0.6470911776397869,-1.3260339320796983
BMDP_OUT_14383,Cluster_1,1.3291583988145144,0.27276181290117674
BMDP_OUT_14416,Cluster_1,1.3646402632916312,0.2191033244466381
BMDP_OUT_14417,Cluster_1,1.471566938845308,0.3398845942080189
BMDP_OUT_14418,Cluster_3,-0.17119201245464913,-0.3741066068546366
BMDP_OUT_14475,Cluster_3,-0.5968008624955194,-1.1140744894383845
BMDP_OUT_14476,Cluster_3,-0.2542866952605094,-0.5847285376059469
BMDP_OUT_14477,Cluster_3,-0.3766394195199272,-0.8452430649283655
BMDP_OUT_14512,Cluster_1,1.2899087877363546,0.5126514699172935
BMDP_OUT_14598,Cluster_1,0.5813646833602842,-0.2775381006096923
BMDP_OUT_14599,Cluster_1,0.5727999028794127,0.21987530792432752
BMDP_OUT_14600,Cluster_1,0.6210651602716929,-0.46205342642341696
BMDP_OUT_14601,Cluster_2,-1.2943889444760366,0.44010613574892565
BMDP_OUT_14602,Cluster_2,-0.7325213290217032,-0.09029857389013442
BMDP_OUT_14603,Cluster_2,-0.9439495411977914,0.5386698446880648
BMDP_OUT_14666,Cluster_3,-0.7839353450434398,-0.4323642535438657
BMDP_OUT_147,Cluster_2,-0.9611234339194774,0.3905943477811588
BMDP_OUT_14873,Cluster_3,0.05212816224263929,-0.32180067011709224
BMDP_OUT_14874,Cluster_3,0.2898127324033679,-0.8659601450662517
BMDP_OUT_14875,Cluster_1,0.8163378057247419,-0.3132167043953544
BMDP_OUT_14876,Cluster_2,-1.0390015136368584,0.8572687510766734
BMDP_OUT_14877,Cluster_3,0.2538463041979757,-0.1987330170924089
BMDP_OUT_14882,Cluster_2,-0.5735940861715108,0.9107501431845021
BMDP_OUT_15213,Cluster_3,-0.016294868451462052,-0.3703742961621438
BMDP_OUT_15237,Cluster_2,-0.3155325672286564,0.8420174819385524
BMDP_OUT_15238,Cluster_2,-0.9090925262161558,0.8639678413184181
BMDP_OUT_15239,Cluster_2,-1.1548251993670084,0.6134765979377123
BMDP_OUT_15249,Cluster_1,1.3352436080699834,0.2523171755911412
BMDP_OUT_15250,Cluster_1,0.6296941419706336,-0.5572048876400842
BMDP_OUT_15251,Cluster_1,0.8481831115173034,0.02308695055350539
BMDP_OUT_15252,Cluster_3,-0.1424613912032621,-0.5694619797298817
BMDP_OUT_15253,Cluster_3,0.44313054750404746,-0.2650717836146525
BMDP_OUT_15254,Cluster_1,0.5112266690023631,0.3775465736934787
BMDP_OUT_15318,Cluster_2,-0.4904229906259977,0.45492848611257686
BMDP_OUT_15320,Cluster_2,-0.44701765288251794,0.37482847214696174
BMDP_OUT_15321,Cluster_2,-0.9435545393305864,0.8791674094911069
BMDP_OUT_15322,Cluster_2,-0.7883197356751913,0.1717965961973562
BMDP_OUT_15323,Cluster_3,0.11775064212302938,-0.3309108026190747
BMDP_OUT_15324,Cluster_3,-0.03985594775793175,-0.8901870937723557
BMDP_OUT_15325,Cluster_1,0.19563556683462888,0.16839057523894696
BMDP_OUT_15588,Cluster_3,-0.5492634010148952,-1.2489756908319987
BMDP_OUT_15589,Cluster_1,1.3126093473952838,0.3753224914905538
BMDP_OUT_15590,Cluster_2,-1.0567794245092692,0.9470001858695624
BMDP_OUT_15591,Cluster_2,-1.1439078819566189,0.16042082227666377
BMDP_OUT_15592,Cluster_1,0.5499489227510915,0.1365106417836165
BMDP_OUT_15612,Cluster_2,-0.5239622226966932,0.18093260840012004
BMDP_OUT_15631,Cluster_2,-1.0272469531857282,0.5905982448996899
BMDP_OUT_15632,Cluster_2,-0.9945447444666462,1.1765268656905088
BMDP_OUT_15823,Cluster_3,-0.5914798231265431,-0.7657213314207124
BMDP_OUT_15824,Cluster_2,-0.24470866931970023,0.6880761727218031
BMDP_OUT_15825,Cluster_3,-0.11575817883562459,-1.4024608390317719
BMDP_OUT_15826,Cluster_2,-0.4184375274859382,0.2578052636650406
BMDP_OUT_15827,Cluster_1,0.8974899291714832,0.2356104570470332
BMDP_OUT_15828,Cluster_2,-1.1491696816650905,-0.08671448809447126
BMDP_OUT_15888,Cluster_3,-0.6504953107592591,-0.583632559028291
BMDP_OUT_15889,Cluster_1,0.769817463705834,-0.6161817227966243
BMDP_OUT_15890,Cluster_3,-0.270861181524195,-1.145779870365697
BMDP_OUT_15891,Cluster_3,0.4885287174082116,-0.34047610557909314
BMDP_OUT_15892,Cluster_3,-0.11773578827363931,-0.35849912935843364
BMDP_OUT_15939,Cluster_3,-0.02054775517937102,-0.12215817131732047
BMDP_OUT_15959,Cluster_2,-1.0853619658838327,0.2922595717042846
BMDP_OUT_15960,Cluster_3,-0.28055114704578354,-1.0179844296482572
BMDP_OUT_15994,Cluster_3,0.2172538555123587,-0.13155694267279758
BMDP_OUT_15995,Cluster_3,0.1415391204351225,-0.4994642696921699
BMDP_OUT_16039,Cluster_2,-1.1821237651197025,0.97797543293229
BMDP_OUT_16058,Cluster_1,0.7228178669254204,-0.15095652872059406
BMDP_OUT_16059,Cluster_2,-1.032173887634681,1.0420165506334382
BMDP_OUT_16060,Cluster_1,0.6994393157567181,0.011957014822091272
BMDP_OUT_16061,Cluster_2,-0.998421611967101,0.6854164291922034
BMDP_OUT_16062,Cluster_2,-1.2500382919837747,0.6575624696411466
BMDP_OUT_16073,Cluster_2,-1.101968490688546,0.9182778327434938
BMDP_OUT_16078,Cluster_2,-0.8705328445999185,0.79145985749246
BMDP_OUT_16086,Cluster_2,-1.0390015136368584,0.8572687510766734
BMDP_OUT_16087,Cluster_3,-0.464904614539261,-0.9232100046445493
BMDP_OUT_16107,Cluster_1,0.9940633235034757,0.005206353438165098
BMDP_OUT_16122,Cluster_1,1.2112216178073594,-0.3263194721427461
BMDP_OUT_16123,Cluster_3,-0.5410960409199032,-0.04785486169209481
BMDP_OUT_16196,Cluster_2,-0.7862071409867937,0.40757552904900396
BMDP_OUT_16197,Cluster_3,-0.13387434946325324,-0.407153412249974
BMDP_OUT_16198,Cluster_2,-0.6739919304748064,0.400446668194006
BMDP_OUT_16199,Cluster_3,-0.706863201810045,-1.5503885527144419
BMDP_OUT_16207,Cluster_2,-0.6446529240150017,0.7209430583208292
BMDP_OUT_16208,Cluster_3,-0.4344080564505063,-0.024358416823563933
BMDP_OUT_16209,Cluster_3,-0.0659158299314774,-0.36456096614677885
BMDP_OUT_16211,Cluster_1,0.7075377544523381,-0.7004089350371383
BMDP_OUT_16216,Cluster_2,-0.15279173045544617,0.4943043366316432
BMDP_OUT_16217,Cluster_1,1.6676964303152462,0.17774311726582281
BMDP_OUT_16218,Cluster_3,-0.045571087034996155,-0.6394074705618421
BMDP_OUT_16310,Cluster_2,-1.164009026790926,0.5662145402150222
BMDP_OUT_16311,Cluster_3,0.2178709017242102,-0.7371808523838589
BMDP_OUT_16312,Cluster_1,1.598278808175011,-0.1543882153417826
BMDP_OUT_16313,Cluster_3,-0.36428673455856286,-0.8672404867202269
BMDP_OUT_16314,Cluster_3,-0.7753065013647804,-0.41458952530886917
BMDP_OUT_16315,Cluster_3,-0.24429865380867602,-0.4182864771097005
BMDP_OUT_16316,Cluster_3,0.04597797997209707,-1.0200616748588438
BMDP_OUT_16348,Cluster_3,0.06301617054267258,-0.4922125323615788
BMDP_OUT_1642,Cluster_3,-0.11156899181871965,-0.838108967852349
BMDP_OUT_1643,Cluster_2,-0.7023657928774258,1.3057058192824795
BMDP_OUT_1644,Cluster_3,0.12002272111481313,-0.2567081632169682
BMDP_OUT_1645,Cluster_1,0.4348538632641692,1.3336437582362086
BMDP_OUT_16483,Cluster_3,-0.423952414132701,-0.9936340681796739
BMDP_OUT_16497,Cluster_2,-1.071465345315235,1.1128218194432
BMDP_OUT_16509,Cluster_2,-0.949965972148666,0.9658104905726587
BMDP_OUT_16510,Cluster_3,-0.4486031723820706,-0.9584281140247964
BMDP_OUT_16511,Cluster_2,-1.0651663491990677,0.32115258459352497
BMDP_OUT_16512,Cluster_2,-1.2245895598855523,0.6528613070893331
BMDP_OUT_16513,Cluster_1,0.6743675910896128,-0.014425724651560376
BMDP_OUT_16588,Cluster_2,-0.03851574566793356,0.516749934247038
BMDP_OUT_16590,Cluster_2,-1.0292115940597542,0.4594788033421512
BMDP_OUT_16591,Cluster_2,-0.005197443425699472,0.7434678487992178
BMDP_OUT_16682,Cluster_3,-0.43237587957063517,-0.4858341337755141
BMDP_OUT_16683,Cluster_2,-0.8474671388118609,1.0762651197640225
BMDP_OUT_16684,Cluster_3,-0.4776617202237393,-1.3926947486624646
BMDP_OUT_16685,Cluster_3,-0.7721580288232694,-1.4549523722761128
BMDP_OUT_16686,Cluster_3,0.15290148389412903,-0.36809343151114043
BMDP_OUT_16687,Cluster_2,-0.9299435883321463,1.0978075611173057
BMDP_OUT_16688,Cluster_3,0.08231774516147382,-0.33933124054944885
BMDP_OUT_16689,Cluster_1,1.1134538395824503,0.21925344902371402
BMDP_OUT_16690,Cluster_2,-0.9435545393305864,0.8791674094911069
BMDP_OUT_16743,Cluster_3,-0.5754809806098166,-1.2163675687916982
BMDP_OUT_16744,Cluster_3,0.39232916883532243,-0.07392130913175488
BMDP_OUT_16745,Cluster_2,-0.9451938997986198,-0.01224955098638604
BMDP_OUT_16746,Cluster_2,-0.08998307652003074,0.4027695564613537
BMDP_OUT_16747,Cluster_1,0.9794226758575577,0.1515819772007692
BMDP_OUT_16748,Cluster_3,-0.39529614400501956,-1.1571248616185787
BMDP_OUT_16749,Cluster_2,-0.6923060255511794,0.6363691922596173
BMDP_OUT_16750,Cluster_1,0.38142481977439835,-0.0936221536952479
BMDP_OUT_16768,Cluster_1,0.8155053321324842,0.03311540874286474
BMDP_OUT_16769,Cluster_2,-0.1584202568350788,1.2998699114685077
BMDP_OUT_16884,Cluster_3,0.10269166986727454,0.0008597143014746345
BMDP_OUT_16886,Cluster_2,-0.7653257893326801,0.5340769896175921
BMDP_OUT_16887,Cluster_1,0.22326107628788372,1.1614909551593067
BMDP_OUT_16888,Cluster_3,-0.20675738274073055,-0.8087963051633148
BMDP_OUT_16953,Cluster_3,-0.20615088052072947,-0.3161413465756392
BMDP_OUT_17007,Cluster_2,-0.6457204727377348,1.11771041951461
BMDP_OUT_17008,Cluster_2,-1.251011592018609,0.27748658453848285
BMDP_OUT_17013,Cluster_3,-0.21485001413172913,-0.6414066596239403
BMDP_OUT_17014,Cluster_2,-0.6911818401788783,0.5404782482281923
BMDP_OUT_17015,Cluster_1,0.593929784487421,0.1020689433823604
BMDP_OUT_17016,Cluster_1,0.4586988531952697,0.3360889272000036
BMDP_OUT_17018,Cluster_1,0.8494638318978032,-0.03718850163616233
BMDP_OUT_17019,Cluster_2,-0.6412109166499146,-0.04288477001634368
BMDP_OUT_1705,Cluster_3,0.035013171531601564,-0.4399528471349444
BMDP_OUT_1706,Cluster_3,-0.7167981039767665,-0.23237469355081486
BMDP_OUT_1707,Cluster_2,-0.867022475184779,-0.05644577936309593
BMDP_OUT_1708,Cluster_3,0.28229678303566674,-0.6430977889878167
BMDP_OUT_17107,Cluster_1,1.758100536121578,0.45040834135666163
BMDP_OUT_17108,Cluster_3,-0.13339445284173737,-0.1553069010765627
BMDP_OUT_17109,Cluster_3,-0.7108102866228506,-1.0302881773975754
BMDP_OUT_17110,Cluster_1,0.8447365087316733,0.13787856853136188
BMDP_OUT_17111,Cluster_2,-0.4795614805539551,-0.08017572391800622
BMDP_OUT_17112,Cluster_2,-0.39281553289233695,0.13347034856406848
BMDP_OUT_17211,Cluster_1,0.3507251545945984,0.42670456085133
BMDP_OUT_17212,Cluster_1,0.34107618231146597,0.32579786181946524
BMDP_OUT_17213,Cluster_1,1.0734907622421184,-0.2936846770489491
BMDP_OUT_17214,Cluster_1,0.8759724302384041,0.46079560074389436
BMDP_OUT_17215,Cluster_1,0.5155414308383806,0.3876278796426085
BMDP_OUT_17216,Cluster_1,0.9500217772964417,1.0014077256175262
BMDP_OUT_17429,Cluster_3,-0.07454724715733549,-0.8493827044003869
BMDP_OUT_17430,Cluster_2,-1.1862540624075517,0.3958505854299671
BMDP_OUT_17431,Cluster_1,0.6898506250855599,0.8210451773749127
BMDP_OUT_17432,Cluster_2,-0.2681267870191417,0.3261923553133517
BMDP_OUT_17437,Cluster_1,0.9302853583199139,0.10359170314792808
BMDP_OUT_17465,Cluster_3,-0.31013945725522585,-0.899310694235577
BMDP_OUT_17483,Cluster_3,-0.607430000620562,-1.554248230219231
BMDP_OUT_17519,Cluster_1,1.2846362376828628,0.0475587078161475
BMDP_OUT_17520,Cluster_3,0.5186158535937591,-0.10405671525705937
BMDP_OUT_17521,Cluster_1,1.0929345933843562,0.10784540094533672
BMDP_OUT_17576,Cluster_3,-0.6566196916271674,-0.4441096006808751
BMDP_OUT_17577,Cluster_3,-0.17259314901821463,-0.7100522133696053
BMDP_OUT_17591,Cluster_1,0.1954178711105219,0.5587078890967446
BMDP_OUT_17626,Cluster_2,-0.06348956369710823,0.5132486366091052
BMDP_OUT_17670,Cluster_3,-0.10254737327665825,0.07005129835755776
BMDP_OUT_17671,Cluster_3,-0.3001884593922809,-0.6060600290028842
BMDP_OUT_17672,Cluster_3,-0.6495011609014578,-0.7261241118183355
BMDP_OUT_17673,Cluster_1,1.3774680720542827,0.4072113011909455
BMDP_OUT_17674,Cluster_3,0.166102983757788,-0.6270057580676082
BMDP_OUT_178,Cluster_2,-0.7744331120889252,0.2784363626938575
BMDP_OUT_17835,Cluster_2,-0.6350952371471135,0.47586376929623386
BMDP_OUT_17856,Cluster_3,-0.5417000234384591,-1.2209702396746513
BMDP_OUT_17859,Cluster_1,0.3618370486630996,0.5618121014531782
BMDP_OUT_17860,Cluster_1,1.2847395389124727,1.0994413971235668
BMDP_OUT_17861,Cluster_1,1.015089656862206,0.06741425084270945
BMDP_OUT_17862,Cluster_3,0.025601684534744762,-0.6180906307718294
BMDP_OUT_17863,Cluster_1,0.6212098949169771,-0.0006586594792278716
BMDP_OUT_17868,Cluster_1,1.4664052128936655,0.4030257887720863
BMDP_OUT_17892,Cluster_3,0.22682845745334967,0.051541605649269615
BMDP_OUT_17893,Cluster_1,1.0082923113561424,0.1902769238025323
BMDP_OUT_17915,Cluster_1,0.4732440910699398,0.5250211940247972
BMDP_OUT_17916,Cluster_2,0.07243423969635451,0.15719493859068034
BMDP_OUT_17917,Cluster_3,0.14695995219460373,-0.12315710483535199
BMDP_OUT_17918,Cluster_2,-0.7390963031055244,0.9181933015826981
BMDP_OUT_17926,Cluster_3,-0.3359353303550867,-0.9138029911157655
BMDP_OUT_17927,Cluster_1,1.758100536121578,0.45040834135666163
BMDP_OUT_17942,Cluster_3,-0.1582757517313211,-0.7267451910210335
BMDP_OUT_17943,Cluster_2,-0.7777278085643402,0.5282657825883234
BMDP_OUT_17944,Cluster_1,1.137621028115004,0.2115361863257068
BMDP_OUT_17970,Cluster_3,-0.41739306745252835,-1.1694610265030674
BMDP_OUT_17971,Cluster_1,0.3180372464954757,0.01476564834581344
BMDP_OUT_17972,Cluster_3,-0.7688486389194271,-1.1574476723345282
BMDP_OUT_17973,Cluster_2,-0.14083320582639594,0.5335396855514895
BMDP_OUT_17974,Cluster_3,0.20787107074946798,-0.13235849556796161
BMDP_OUT_17975,Cluster_2,-0.5467296695976804,0.6311847217147826
BMDP_OUT_17976,Cluster_3,-0.3248151080291559,-0.9260663232299827
BMDP_OUT_18604,Cluster_1,0.9679459436875867,0.17548535764468481
BMDP_OUT_18605,Cluster_3,-0.36441626055163356,-0.9009354014968435
BMDP_OUT_18606,Cluster_3,-0.3165434784650949,-1.3158633082849702
BMDP_OUT_18607,Cluster_3,0.112154875958651,-0.304234242991233
BMDP_OUT_1864,Cluster_3,-0.48390436309747265,-1.1891541072309957
BMDP_OUT_1865,Cluster_3,0.022564777690365315,-0.887385727452675
BMDP_OUT_18657,Cluster_2,-1.3095708687928278,0.22459681445743468
BMDP_OUT_18658,Cluster_1,0.8283571953717813,0.16083659350530755
BMDP_OUT_18659,Cluster_2,-1.0153583496165541,0.49275056529686767
BMDP_OUT_18660,Cluster_2,0.04433491851183309,0.7777566626529023
BMDP_OUT_18661,Cluster_3,-0.7379554184895795,-1.4426127003468734
BMDP_OUT_18834,Cluster_3,-0.39127176312763756,-0.5459000662526853
BMDP_OUT_18847,Cluster_3,0.4913712868145377,-0.10438590692582667
BMDP_OUT_18848,Cluster_2,-0.6601872251729204,1.108609341412204
BMDP_OUT_18851,Cluster_2,-0.30636081591395015,0.38906611721879175
BMDP_OUT_18859,Cluster_2,-0.18911776278852158,0.34658493717708483
BMDP_OUT_18860,Cluster_3,-0.017463834525808047,-0.17177386051269838
BMDP_OUT_18874,Cluster_1,1.1108655865582087,0.329183471711813
BMDP_OUT_18885,Cluster_3,-0.831248774499952,-1.2603761222531449
BMDP_OUT_18920,Cluster_3,-0.308056694177813,-0.9789027236950508
BMDP_OUT_18926,Cluster_2,-1.1586203605230487,0.20129917915118767
BMDP_OUT_18927,Cluster_3,0.14820511531458264,-0.023867794270396953
BMDP_OUT_18928,Cluster_1,1.908650744630439,0.39260728846693954
BMDP_OUT_18934,Cluster_1,1.7839997083841537,-0.10913322199282739
BMDP_OUT_18936,Cluster_2,-1.3736317260095081,0.38676760696299056
BMDP_OUT_18937,Cluster_3,-0.2205312809237974,-0.4862027244754509
BMDP_OUT_18939,Cluster_2,-0.013297846952191189,0.04982796371229191
BMDP_OUT_18940,Cluster_2,-0.9911576008883427,0.43587212433002287
BMDP_OUT_18950,Cluster_2,-0.24959112536145908,1.1230532229954784
BMDP_OUT_18951,Cluster_3,-0.7393506162729664,-0.9804053582039085
BMDP_OUT_18952,Cluster_2,-0.7675056971846302,1.2397486066338113
BMDP_OUT_18963,Cluster_2,-0.065507627374471,0.7327398266828212
BMDP_OUT_19148,Cluster_1,1.377328156094154,0.1130643175508275
BMDP_OUT_19149,Cluster_1,0.3392504294691624,0.1877690103587113
BMDP_OUT_19150,Cluster_1,0.4021919909647189,0.6013934027715413
BMDP_OUT_19151,Cluster_1,1.454271430431785,0.030723207210630085
BMDP_OUT_19152,Cluster_3,-0.5934800309969196,-1.0582242744826986
BMDP_OUT_19153,Cluster_3,-0.417157439991941,-0.5659489315739205
BMDP_OUT_19154,Cluster_3,0.02313346737814334,-0.11551965393585364
BMDP_OUT_19188,Cluster_3,-0.531790771639121,-0.930422271098665
BMDP_OUT_19189,Cluster_2,-0.760041513090313,0.4776226170078758
BMDP_OUT_19190,Cluster_3,-0.2941431555717102,-0.34899400256960944
BMDP_OUT_19251,Cluster_2,-1.0702917546183257,1.501962985295902
BMDP_OUT_1929,Cluster_1,1.091352965793241,0.1750285312728187
BMDP_OUT_19304,Cluster_3,-0.7237553465841989,-1.3034504946712762
BMDP_OUT_19305,Cluster_2,-0.7566027102360878,0.7216206047624046
BMDP_OUT_19352,Cluster_3,-0.2738364435855113,-0.4921139349037396
BMDP_OUT_19422,Cluster_3,-0.586710362710773,-1.3749823098843175
BMDP_OUT_1947,Cluster_3,0.10063775705216746,-0.3741098562907356
BMDP_OUT_19484,Cluster_2,-0.8017084697105009,0.36032401459743113
BMDP_OUT_19485,Cluster_3,0.28901706814255995,-0.401604040239709
BMDP_OUT_19487,Cluster_3,0.08451559750321085,-0.94236464347726
BMDP_OUT_19488,Cluster_1,0.887740523795344,0.07313753651272194
BMDP_OUT_19489,Cluster_2,-0.582198173530734,0.9559767075268505
BMDP_OUT_19638,Cluster_2,-1.2609024521335173,0.6793974993814391
BMDP_OUT_19639,Cluster_2,-1.088694871605901,0.897482465991328
BMDP_OUT_19640,Cluster_2,0.03286996739097947,0.8435899555701319
BMDP_OUT_19644,Cluster_1,1.2260264725743117,0.012202011191418269
BMDP_OUT_19716,Cluster_1,0.6210466963993073,0.02067322984496174
BMDP_OUT_19776,Cluster_3,-0.06457028169305673,-0.42393024423239045
BMDP_OUT_19796,Cluster_2,-0.6958365955816971,0.6494839136885255
BMDP_OUT_19859,Cluster_3,-0.22677942582214342,-0.6613883233632489
BMDP_OUT_19860,Cluster_3,0.19846381510520228,-0.26890561926232026
BMDP_OUT_19861,Cluster_2,-1.019357901175925,0.7656570094718536
BMDP_OUT_19862,Cluster_2,-0.5765593121159656,0.1663499381290237
BMDP_OUT_19863,Cluster_2,-1.147173392279047,-0.4444934080190365
BMDP_OUT_19864,Cluster_3,0.5394722206983722,-0.26519100186097927
BMDP_OUT_19865,Cluster_3,-0.585213682785009,-0.4780983493829338
BMDP_OUT_19866,Cluster_3,-0.25733975971461387,-0.9197934142952342
BMDP_OUT_19867,Cluster_2,-1.11852896845594,1.3053510843121736
BMDP_OUT_19868,Cluster_3,-0.10548735752796748,-0.7933118865701312
BMDP_OUT_19869,Cluster_3,-0.41151841044226245,-1.0791801880411338
BMDP_OUT_19905,Cluster_3,0.022721786017470977,-0.5251824194197368
BMDP_OUT_19906,Cluster_1,0.7451472235370871,-0.28862930716232266
BMDP_OUT_19907,Cluster_1,1.1505332489328615,0.900983382752269
BMDP_OUT_19908,Cluster_2,-1.0922434196743809,0.5141625602680228
BMDP_OUT_19909,Cluster_2,-0.6035487998279533,0.12100889096350505
BMDP_OUT_19910,Cluster_3,-0.4107067059621712,-1.219284025844185
BMDP_OUT_19911,Cluster_1,0.6638396015329997,-0.3438790230267957
BMDP_OUT_19912,Cluster_2,-0.164371870449785,0.4052142702269306
BMDP_OUT_20070,Cluster_3,-0.045848737146404,-0.012112303508300906
BMDP_OUT_20143,Cluster_2,-0.9503204478556728,0.2528948093174226
BMDP_OUT_20144,Cluster_3,0.04668017861896186,-0.05288413319446543
BMDP_OUT_20145,Cluster_1,1.3755711901900602,0.10284023476907471
BMDP_OUT_20147,Cluster_2,-0.10262673002519629,0.5194877845933907
BMDP_OUT_20169,Cluster_1,0.40614941622498557,0.6656906299510851
BMDP_OUT_202,Cluster_3,-0.6324941896022609,-0.3952311929183532
BMDP_OUT_2020,Cluster_1,0.4402270392786062,0.506908579656345
BMDP_OUT_2027,Cluster_3,-0.28320371793076293,-0.6743448619084929
BMDP_OUT_20453,Cluster_3,-0.024627247740862418,-0.26449927681541213
BMDP_OUT_20458,Cluster_1,1.1149037158137995,0.579491415820878
BMDP_OUT_20495,Cluster_2,-0.7450498224312362,0.4113773257415544
BMDP_OUT_20496,Cluster_3,-0.2873928446210178,-0.3739146534516209
BMDP_OUT_20527,Cluster_1,1.006859935423326,1.0220856766109803
BMDP_OUT_20540,Cluster_2,-0.8171109649171,0.735363172495248
BMDP_OUT_20548,Cluster_3,-0.35023486731590514,-0.46688434359699466
BMDP_OUT_20549,Cluster_1,0.9584539309832657,0.08177462904725173
BMDP_OUT_20550,Cluster_2,-1.119446097495973,0.1343969886360421
BMDP_OUT_20605,Cluster_1,0.8244430177955565,0.014003234760185501
BMDP_OUT_20623,Cluster_3,-0.6362815024698766,-1.291170695634345
BMDP_OUT_20644,Cluster_2,-0.22823484279393394,0.33569849838897925
BMDP_OUT_20645,Cluster_3,0.24383965510005207,-0.6018940229149385
BMDP_OUT_20646,Cluster_3,0.04083838742117997,-0.5835887326015935
BMDP_OUT_20647,Cluster_2,-1.322102092887288,0.21782783432849961
BMDP_OUT_20648,Cluster_1,0.41960028048679376,0.6823005215114412
BMDP_OUT_20649,Cluster_3,-0.5595674198207656,-0.8730409131569451
BMDP_OUT_20650,Cluster_2,-0.006710578790124405,0.17462977157967652
BMDP_OUT_20651,Cluster_3,0.26965907019350543,-0.32821797209816184
BMDP_OUT_20692,Cluster_3,0.37077214615436094,-0.13115558226799523
BMDP_OUT_20739,Cluster_1,1.3512625609315556,-0.3710286297358397
BMDP_OUT_20740,Cluster_1,0.9636714600856656,0.21725589181002913
BMDP_OUT_20741,Cluster_2,-0.20717212322145043,0.5012120157078235
BMDP_OUT_20742,Cluster_3,-0.4076416916436686,-1.0465778053226744
BMDP_OUT_20743,Cluster_3,-0.31245600644100735,-0.8085280187543814
BMDP_OUT_20744,Cluster_3,-0.5923687337733009,-1.3672598865752525
BMDP_OUT_20745,Cluster_2,-0.5909077870049699,0.19227861437627675
BMDP_OUT_20746,Cluster_1,0.840927420276578,-0.10864366953067371
BMDP_OUT_20790,Cluster_3,0.2673867691391663,-0.32013728569736455
BMDP_OUT_20791,Cluster_3,-0.1069365284571146,-0.635513046173885
BMDP_OUT_20792,Cluster_2,-0.12941570254319776,0.5628544519421886
BMDP_OUT_20832,Cluster_2,-0.057597581206052184,1.0316868547865934
BMDP_OUT_20873,Cluster_2,-1.187975454300934,0.1343557884949742
BMDP_OUT_20879,Cluster_3,-0.5743001931236199,-0.16624218749313366
BMDP_OUT_20880,Cluster_1,1.3917768644958382,0.2606683613196821
BMDP_OUT_20881,Cluster_3,-0.489429895354371,-1.1686883677086837
BMDP_OUT_20882,Cluster_1,1.1031689851405218,0.2096119180960046
BMDP_OUT_20883,Cluster_3,-0.5072260895576315,-0.1684121927585251
BMDP_OUT_20915,Cluster_2,-0.14330733757090644,0.6933634147530017
BMDP_OUT_20923,Cluster_3,-0.07284031085713649,-0.44109754808816537
BMDP_OUT_20929,Cluster_3,0.5546936577955703,-0.21951182045298312
BMDP_OUT_20930,Cluster_2,-0.8831460849160504,0.8191894319586754
BMDP_OUT_20931,Cluster_2,-1.1128735428947063,0.7511498531944693
BMDP_OUT_20952,Cluster_2,-0.020455656248836607,0.342909390036012
BMDP_OUT_20962,Cluster_2,-1.0972421307446965,1.0553310692871019
BMDP_OUT_20963,Cluster_3,0.5275723976714691,-0.1662294168173785
BMDP_OUT_20964,Cluster_1,1.0923587493541824,0.2674474807591659
BMDP_OUT_20974,Cluster_3,0.34452691487273013,-0.6516342825742297
BMDP_OUT_20975,Cluster_3,-0.11168340993049738,-0.7415861047696487
BMDP_OUT_20993,Cluster_3,0.39305173568628293,-0.013145166862110882
BMDP_OUT_20994,Cluster_2,-0.06501089675677182,0.7204139512440907
BMDP_OUT_21014,Cluster_2,-1.0379990038739628,0.8050542897238927
BMDP_OUT_21046,Cluster_2,-0.11439142600155652,0.3662798440240448
BMDP_OUT_21047,Cluster_3,0.1265690361386782,-0.007186707793287353
BMDP_OUT_21048,Cluster_2,0.05613419540101945,0.45360618737255376
BMDP_OUT_21049,Cluster_1,0.4298880041237594,0.2607082210791777
BMDP_OUT_21050,Cluster_3,-0.2838278226826637,-0.8659161210019691
BMDP_OUT_21051,Cluster_1,0.6317040406771499,0.8998504676601736
BMDP_OUT_21052,Cluster_1,1.738414714678932,0.4091522414894594
BMDP_OUT_21053,Cluster_2,-0.3192501788172658,0.3237649300173596
BMDP_OUT_21054,Cluster_2,0.01285390939537269,0.6053227167194813
BMDP_OUT_21055,Cluster_3,0.03483244893212911,-0.4057653904434922
BMDP_OUT_21056,Cluster_3,-0.39803588812133683,-0.20239737984791006
BMDP_OUT_21177,Cluster_3,-0.017212868619109034,-0.9741907568481385
BMDP_OUT_21178,Cluster_1,1.0713633866613916,0.19666942507137197
BMDP_OUT_21193,Cluster_2,-0.8552211845364609,1.0558400504664924
BMDP_OUT_21194,Cluster_1,0.7576280343669387,0.1412448630755581
BMDP_OUT_21195,Cluster_1,0.3997935276573108,0.472819981312233
BMDP_OUT_21196,Cluster_1,1.0200353447745842,0.22376958244667478
BMDP_OUT_21197,Cluster_3,-0.6242930487139265,-1.1213686199924593
BMDP_OUT_21198,Cluster_2,-0.3907037433229936,0.33923690272728463
BMDP_OUT_21297,Cluster_1,1.1304784424556407,0.3804587236836886
BMDP_OUT_21298,Cluster_3,0.31938683861591144,-0.009966126517798227
BMDP_OUT_214,Cluster_2,-1.2634039367164562,0.4780951191492965
BMDP_OUT_21762,Cluster_3,-0.21753780980411783,-0.4499042052428356
BMDP_OUT_21763,Cluster_1,0.7589734523735441,0.1450139561542615
BMDP_OUT_21764,Cluster_2,-0.7421229244716551,0.9334487467917855
BMDP_OUT_21765,Cluster_3,0.20112659478478484,-0.3026351601482878
BMDP_OUT_21766,Cluster_2,-1.0505680034989666,0.8110086007985139
BMDP_OUT_21767,Cluster_3,-0.04208706956499045,-0.6855991625441981
BMDP_OUT_21768,Cluster_3,0.29060426965079156,-0.06436773085092068
BMDP_OUT_2180,Cluster_3,-0.529825132828797,-1.1483022670722922
BMDP_OUT_2181,Cluster_1,0.3585426565352492,1.382769421850876
BMDP_OUT_2182,Cluster_3,-0.5104535138330045,-0.990609020553857
BMDP_OUT_2183,Cluster_3,-0.23696580533813852,-0.6831167849640889
BMDP_OUT_2184,Cluster_2,-0.8972355453909162,0.48799489091977544
BMDP_OUT_2185,Cluster_3,-0.3111465041450696,-0.9741690341245154
BMDP_OUT_2186,Cluster_1,0.9901938538268897,0.07931231851436381
BMDP_OUT_21861,Cluster_2,-0.02874551867252248,0.20923923726296928
BMDP_OUT_21862,Cluster_3,-0.49801166817841047,-1.268272448640981
BMDP_OUT_21863,Cluster_2,-0.9989537010185263,0.47383897894507865
BMDP_OUT_2187,Cluster_2,-0.4499504826623011,1.086334615150914
BMDP_OUT_2188,Cluster_1,0.4880434319556487,1.2099305634094983
BMDP_OUT_2189,Cluster_2,-0.7023657928774258,1.3057058192824795
BMDP_OUT_21892,Cluster_2,-0.6931901178686746,-0.1529412183917877
BMDP_OUT_21893,Cluster_3,-0.2793536781888145,-0.6814798310288295
BMDP_OUT_21894,Cluster_2,-1.3184524346834245,0.4268724643525711
BMDP_OUT_21895,Cluster_3,0.2593681634610231,-0.2132177219401553
BMDP_OUT_21896,Cluster_2,-0.7677541227507284,0.1198614983029024
BMDP_OUT_21897,Cluster_2,-1.4364030357593147,0.23318032864472638
BMDP_OUT_21898,Cluster_1,0.7741630351074906,1.0467193870315776
BMDP_OUT_21899,Cluster_1,1.2800379435967584,0.34010006682756233
BMDP_OUT_2190,Cluster_3,0.039896417767631906,-0.005869300003493977
BMDP_OUT_21905,Cluster_3,0.35640604863858827,-0.5948503586542846
BMDP_OUT_21906,Cluster_2,-1.4741550245046944,0.4075862291273179
BMDP_OUT_21907,Cluster_1,0.5957715371401168,-0.21847545288147324
BMDP_OUT_2191,Cluster_1,0.8572329466947108,-0.4100134588896683
BMDP_OUT_21918,Cluster_3,-0.9659339078190352,-0.5554338463034747
BMDP_OUT_21919,Cluster_1,1.6454840878206995,0.4909650970290991
BMDP_OUT_21938,Cluster_2,-1.4231193442914247,0.029237817689447096
BMDP_OUT_21976,Cluster_2,-0.8783007216980203,0.3750127414904559
BMDP_OUT_22003,Cluster_2,-0.7609937504793112,0.27895924974626984
BMDP_OUT_22016,Cluster_1,1.4783473482346365,-0.09464175737711374
BMDP_OUT_22025,Cluster_1,0.8553133391109317,0.29107653019754265
BMDP_OUT_22026,Cluster_2,0.04953886007801436,0.6851888960358075
BMDP_OUT_22148,Cluster_1,0.8156307140281089,0.8337682936492747
BMDP_OUT_22149,Cluster_1,0.7931514184082359,0.44316667010250954
BMDP_OUT_22150,Cluster_2,-1.325707406797163,0.39423745602450555
BMDP_OUT_22151,Cluster_1,0.5372177155817207,0.9099537471725639
BMDP_OUT_22152,Cluster_1,0.9556790739069488,0.09384714606276943
BMDP_OUT_22153,Cluster_1,1.559754297995518,-0.29578318497572703
BMDP_OUT_22154,Cluster_1,0.7164120609713334,0.7528640235272421
BMDP_OUT_22155,Cluster_2,-0.6398744446838789,0.7509773597585822
BMDP_OUT_22156,Cluster_1,0.7206199227370021,0.9067182171093996
BMDP_OUT_22157,Cluster_2,0.015123572926424467,0.115823671460461
BMDP_OUT_22158,Cluster_2,-0.07860642974610946,-0.05905843104046428
BMDP_OUT_22182,Cluster_3,-0.6869712693702072,-1.2395136045994875
BMDP_OUT_22186,Cluster_1,0.4774388562231803,0.9652078283920248
BMDP_OUT_22345,Cluster_2,-0.7710435932478445,-0.10858249990777975
BMDP_OUT_22352,Cluster_3,0.15327147477585204,-0.4013966706832207
BMDP_OUT_2248,Cluster_2,-0.6768860644342997,-0.060326560259332015
BMDP_OUT_2250,Cluster_3,-0.5376808557440679,-0.7814702622762301
BMDP_OUT_22517,Cluster_2,-0.8525148437293532,0.23892628470948107
BMDP_OUT_22552,Cluster_1,0.26060926625713726,0.622422519452383
BMDP_OUT_22590,Cluster_1,0.6553563114612602,-0.12725420227462253
BMDP_OUT_22591,Cluster_2,-1.3541612227920599,0.3109479379638805
BMDP_OUT_22592,Cluster_3,-0.22910289708497752,-0.9044387364696419
BMDP_OUT_22593,Cluster_2,-0.6798697583538753,0.5381960913923485
BMDP_OUT_22594,Cluster_3,-0.2653473652717856,-0.678718966273475
BMDP_OUT_22595,Cluster_3,-0.05924434288114919,-1.221708077449507
BMDP_OUT_22612,Cluster_3,0.02963185096648971,-0.17116114793799725
BMDP_OUT_22613,Cluster_3,0.11044425361189109,-0.5275787083453337
BMDP_OUT_22614,Cluster_1,1.032614491760376,-0.03821674785738026
BMDP_OUT_22615,Cluster_1,0.4548662097551246,0.6000715149357551
BMDP_OUT_2266,Cluster_3,-0.10707360085235301,-0.7282648884379924
BMDP_OUT_22680,Cluster_3,0.08390274558574601,-0.22615263684663717
BMDP_OUT_22681,Cluster_1,1.158996726529232,0.1821187788197462
BMDP_OUT_22682,Cluster_2,-1.218894761571259,1.3147237124157387
BMDP_OUT_22695,Cluster_1,1.1283309743769896,0.13726881804616492
BMDP_OUT_22724,Cluster_1,0.9453210927064145,-0.6526131278891326
BMDP_OUT_22725,Cluster_1,0.9647637548974133,-0.3368915597282887
BMDP_OUT_22763,Cluster_1,1.3126093473952838,0.3753224914905538
BMDP_OUT_22772,Cluster_3,0.3804085135454972,-0.5153388621577802
BMDP_OUT_22773,Cluster_3,0.14722346872415126,0.01109420318224058
BMDP_OUT_22782,Cluster_2,-0.7509110940340196,0.6913059629409485
BMDP_OUT_22793,Cluster_2,-0.45781145613373186,0.3167106342272578
BMDP_OUT_22794,Cluster_2,-0.9518635057564722,0.13179366142417437
BMDP_OUT_22795,Cluster_2,-0.6591362231391457,-0.1862660874675936
BMDP_OUT_22796,Cluster_2,-0.021622593337918827,0.346652314015528
BMDP_OUT_22797,Cluster_3,-0.4134545938212343,-1.3714354335334848
BMDP_OUT_22798,Cluster_1,0.6977311847453602,-0.42684868900300077
BMDP_OUT_22799,Cluster_2,0.24567838449145812,0.6053567834036686
BMDP_OUT_22823,Cluster_3,-0.4164347457629751,-0.5421764541519509
BMDP_OUT_22824,Cluster_3,-0.4164347457629751,-0.5421764541519509
BMDP_OUT_22893,Cluster_1,0.7339263886897615,0.8354126269322605
BMDP_OUT_22894,Cluster_1,0.7339263886897615,0.8354126269322605
BMDP_OUT_22895,Cluster_3,-0.7536951213032521,-0.3517078621080355
BMDP_OUT_22896,Cluster_2,-0.1659961113568512,0.6524643780269773
BMDP_OUT_22897,Cluster_2,-0.1659961113568512,0.6524643780269773
BMDP_OUT_22910,Cluster_1,0.38040495567067567,1.4680898466970822
BMDP_OUT_22929,Cluster_1,0.6585384356395722,-0.029984954821811446
BMDP_OUT_22934,Cluster_1,1.3449664138846151,0.35293107072182556
BMDP_OUT_22935,Cluster_2,-1.069549767899854,0.0850629535357559
BMDP_OUT_22947,Cluster_2,-0.9713611425432302,0.7810405246876141
BMDP_OUT_23029,Cluster_2,-0.6970048685761705,0.47287628776514645
BMDP_OUT_23030,Cluster_2,-0.1217610045580221,0.7867444849107282
BMDP_OUT_23031,Cluster_1,0.47384041330163085,-0.043430158900267725
BMDP_OUT_23032,Cluster_3,0.04405803282190057,-0.45176416464285085
BMDP_OUT_23033,Cluster_3,-0.06485818993218787,-0.6312682240941118
BMDP_OUT_23041,Cluster_2,-0.18343811763600745,0.4217545262051705
BMDP_OUT_23048,Cluster_3,-0.1978103016990754,-0.3006662912214682
BMDP_OUT_23066,Cluster_2,-0.05669728534567928,0.5293778491497302
BMDP_OUT_23067,Cluster_1,0.614876579748242,0.9174680121078264
BMDP_OUT_23068,Cluster_1,0.8718465619098366,0.045438302705497216
BMDP_OUT_23130,Cluster_3,0.07326457618076548,-1.05930218309884
BMDP_OUT_23131,Cluster_2,-1.1968595046344497,0.9289963317320823
BMDP_OUT_2319,Cluster_3,-0.5405526657961721,-1.280404669697699
BMDP_OUT_2320,Cluster_1,0.9123240039059162,-0.11569858068005119
BMDP_OUT_2321,Cluster_3,-0.16302472283529731,-0.4933376983722511
BMDP_OUT_23217,Cluster_2,-1.11852896845594,1.3053510843121736
BMDP_OUT_2322,Cluster_2,-0.16382381921383973,1.3535614499917616
BMDP_OUT_2323,Cluster_2,-0.621636788701282,0.058272652299048974
BMDP_OUT_2325,Cluster_2,-1.0263666124601383,1.0868465998318653
BMDP_OUT_234,Cluster_2,-0.4206164814124853,0.2668916640026893
BMDP_OUT_2373,Cluster_3,0.2841043318454862,-0.23404607768087554
BMDP_OUT_2374,Cluster_2,-0.16341939699533384,0.3328680882200501
BMDP_OUT_2375,Cluster_2,-1.312246345633283,0.45035180565764177
BMDP_OUT_2376,Cluster_3,-0.4204142264742988,-0.5050490291630718
BMDP_OUT_23763,Cluster_2,-0.5627914065213108,0.47022023544047886
BMDP_OUT_23764,Cluster_2,-0.5627914065213108,0.47022023544047886
BMDP_OUT_23765,Cluster_2,-1.3377659957041912,0.8103711282763122
BMDP_OUT_23766,Cluster_2,-1.3377659957041912,0.8103711282763122
BMDP_OUT_23767,Cluster_3,0.28980513911973727,-0.48297083922334016
BMDP_OUT_23768,Cluster_3,0.28980513911973727,-0.48297083922334016
BMDP_OUT_23769,Cluster_1,0.49050377998449846,-0.3956833098351168
BMDP_OUT_23770,Cluster_1,0.49050377998449846,-0.3956833098351168
BMDP_OUT_23771,Cluster_2,-1.1669976987481927,1.0400441909184979
BMDP_OUT_23772,Cluster_2,-1.1669976987481927,1.0400441909184979
BMDP_OUT_23775,Cluster_3,0.02824489052101513,-0.7050688643768891
BMDP_OUT_23776,Cluster_3,0.02824489052101513,-0.7050688643768891
BMDP_OUT_23777,Cluster_2,0.0494492511804749,1.2743323610431263
BMDP_OUT_23778,Cluster_2,0.0494492511804749,1.2743323610431263
BMDP_OUT_23779,Cluster_3,-0.7124307941552851,-0.25915541549373977
BMDP_OUT_23780,Cluster_3,-0.7124307941552851,-0.25915541549373977
BMDP_OUT_23833,Cluster_2,-0.8351943144612763,0.8910416450147093
BMDP_OUT_23834,Cluster_2,-0.8351943144612763,0.8910416450147093
BMDP_OUT_23841,Cluster_3,0.08806542597723727,-0.33318969860016806
BMDP_OUT_23842,Cluster_3,0.08806542597723727,-0.33318969860016806
BMDP_OUT_24011,Cluster_2,-0.6667387189045288,0.4290165792275402
BMDP_OUT_24012,Cluster_2,-0.6667387189045288,0.4290165792275402
BMDP_OUT_24331,Cluster_2,-0.5271437951640736,-0.053158491134342165
BMDP_OUT_24332,Cluster_2,-0.5271437951640736,-0.053158491134342165
BMDP_OUT_24333,Cluster_1,0.7072912291212216,0.07846571552881924
BMDP_OUT_24334,Cluster_1,0.7072912291212216,0.07846571552881924
BMDP_OUT_24335,Cluster_1,0.9823045420380685,0.23038806030250225
BMDP_OUT_24336,Cluster_1,0.9823045420380685,0.23038806030250225
BMDP_OUT_24337,Cluster_1,0.7351860655736446,-0.09959278087177789
BMDP_OUT_24338,Cluster_1,0.7351860655736446,-0.09959278087177789
BMDP_OUT_24339,Cluster_3,0.18740986584431352,0.051667038211495445
BMDP_OUT_24340,Cluster_3,0.18740986584431352,0.051667038211495445
BMDP_OUT_24375,Cluster_1,0.9974876531846375,0.14513573427485638
BMDP_OUT_24376,Cluster_1,0.9974876531846375,0.14513573427485638
BMDP_OUT_24377,Cluster_1,1.559754297995518,-0.29578318497572703
BMDP_OUT_24378,Cluster_1,1.559754297995518,-0.29578318497572703
BMDP_OUT_24519,Cluster_1,0.6890642768678475,0.14385675847847612
BMDP_OUT_24520,Cluster_1,0.6890642768678475,0.14385675847847612
BMDP_OUT_24521,Cluster_1,1.1910814392670224,-0.10377561242836732
BMDP_OUT_24522,Cluster_1,1.1910814392670224,-0.10377561242836732
BMDP_OUT_24523,Cluster_3,0.46849364799511706,-0.24115218883062528
BMDP_OUT_24524,Cluster_3,0.46849364799511706,-0.24115218883062528
BMDP_OUT_24525,Cluster_3,-0.11204488827685624,-1.0291577378196288
BMDP_OUT_24526,Cluster_3,-0.11204488827685624,-1.0291577378196288
BMDP_OUT_24527,Cluster_3,-0.15893256186001628,-0.07519328119999064
BMDP_OUT_24528,Cluster_3,-0.15893256186001628,-0.07519328119999064
BMDP_OUT_24621,Cluster_3,-0.7347433046326903,-0.5537452947369285
BMDP_OUT_24622,Cluster_3,-0.7347433046326903,-0.5537452947369285
BMDP_OUT_24625,Cluster_3,0.393863824395824,-0.16512792283787764
BMDP_OUT_24626,Cluster_3,0.393863824395824,-0.16512792283787764
BMDP_OUT_24627,Cluster_2,-0.03875808891878532,0.6360175776440024
BMDP_OUT_24628,Cluster_2,-0.03875808891878532,0.6360175776440025
BMDP_OUT_24629,Cluster_2,-0.2139165449362226,0.5708014793763766
BMDP_OUT_24630,Cluster_2,-0.2139165449362226,0.5708014793763766
BMDP_OUT_24631,Cluster_2,-0.9715451561886752,0.12033844565272307
BMDP_OUT_24632,Cluster_2,-0.9715451561886752,0.12033844565272307
BMDP_OUT_24635,Cluster_2,-0.5846849371882413,0.7647451441694667
BMDP_OUT_24636,Cluster_2,-0.5846849371882413,0.7647451441694667
BMDP_OUT_24637,Cluster_2,-0.7534209934796512,0.18635785635115265
BMDP_OUT_24638,Cluster_2,-0.7534209934796512,0.18635785635115265
BMDP_OUT_24639,Cluster_1,0.9820007544530206,0.4273534802455208
BMDP_OUT_24640,Cluster_1,0.9820007544530206,0.4273534802455208
BMDP_OUT_24641,Cluster_1,0.13244621704557302,-0.26959177002822393
BMDP_OUT_24642,Cluster_1,0.13244621704557302,-0.26959177002822393
BMDP_OUT_24643,Cluster_2,-0.24082654997027927,0.4205025133036847
BMDP_OUT_24644,Cluster_2,-0.24082654997027927,0.4205025133036847
BMDP_OUT_24655,Cluster_3,-0.11248523660165596,-0.30352396674147053
BMDP_OUT_24656,Cluster_3,-0.11248523660165596,-0.30352396674147053
BMDP_OUT_24790,Cluster_3,0.4092209522875918,-0.09277786157285935
BMDP_OUT_24791,Cluster_3,0.4092209522875918,-0.09277786157285935
BMDP_OUT_25334,Cluster_3,-0.33966610442681444,-0.9207753038847935
BMDP_OUT_25335,Cluster_3,-0.33966610442681444,-0.9207753038847935
BMDP_OUT_25622,Cluster_2,-1.1302920670074175,1.0327677349360207
BMDP_OUT_25623,Cluster_2,-1.1302920670074175,1.0327677349360207
BMDP_OUT_25624,Cluster_2,-1.014815681632196,1.2175474749280168
BMDP_OUT_25625,Cluster_2,-1.014815681632196,1.2175474749280168
BMDP_OUT_25626,Cluster_1,0.6837821256296231,-0.31907549074110164
BMDP_OUT_25627,Cluster_1,0.6837821256296231,-0.31907549074110164
BMDP_OUT_25628,Cluster_1,0.9709539881214765,0.9517904647666128
BMDP_OUT_25629,Cluster_1,0.9709539881214765,0.9517904647666128
BMDP_OUT_25630,Cluster_2,-1.1481875876913332,0.45834112069998
BMDP_OUT_25631,Cluster_2,-1.1481875876913332,0.45834112069998
BMDP_OUT_25678,Cluster_3,0.34458582594448406,-0.38114048663537603
BMDP_OUT_25679,Cluster_3,0.34458582594448406,-0.38114048663537603
BMDP_OUT_2594,Cluster_1,0.751545540057955,0.31863737785204027
BMDP_OUT_2595,Cluster_3,-0.5535074281102821,-0.294284278549497
BMDP_OUT_2596,Cluster_3,-0.33857511947098007,-0.7145349193247917
BMDP_OUT_2597,Cluster_1,0.8700040878134284,0.03068215418453661
BMDP_OUT_2598,Cluster_2,-0.4893650938644091,0.053640735881389304
BMDP_OUT_2600,Cluster_3,-0.08659932442364707,-0.8110346557039296
BMDP_OUT_2602,Cluster_2,-1.298528195483687,1.1115936630551924
BMDP_OUT_2603,Cluster_1,0.8211021144683619,0.036926726843354366
BMDP_OUT_2604,Cluster_3,0.2459557521610782,-0.21095605678886942
BMDP_OUT_2605,Cluster_1,0.36563024641724684,1.2968486070369274
BMDP_OUT_2606,Cluster_3,0.5795835555811685,-0.20457273845554258
BMDP_OUT_2607,Cluster_3,0.2858952115714364,-0.7610548339270976
BMDP_OUT_2608,Cluster_3,0.4003348826463816,-0.6276841192201013
BMDP_OUT_2609,Cluster_2,-0.2637321902078462,0.5998298608313737
BMDP_OUT_2610,Cluster_1,0.9256099789941077,0.11358656991160708
BMDP_OUT_2611,Cluster_3,-0.1973114613717911,-0.7181321626198416
BMDP_OUT_26254,Cluster_2,-0.486308810871368,0.35866518738226905
BMDP_OUT_26255,Cluster_2,-0.486308810871368,0.35866518738226905
BMDP_OUT_26256,Cluster_1,1.562123555814568,0.4831362590609105
BMDP_OUT_26257,Cluster_1,1.562123555814568,0.4831362590609105
BMDP_OUT_26258,Cluster_1,0.24632695314731556,0.17978936952503166
BMDP_OUT_26259,Cluster_1,0.24632695314731556,0.17978936952503166
BMDP_OUT_26334,Cluster_3,-0.24936268325181157,0.1843659799355768
BMDP_OUT_26335,Cluster_3,-0.24936268325181157,0.1843659799355768
BMDP_OUT_26336,Cluster_1,1.1511800075750738,-0.1548274007112789
BMDP_OUT_26337,Cluster_1,1.1511800075750738,-0.1548274007112789
BMDP_OUT_26338,Cluster_3,-0.028489019771122753,-0.11317743846893306
BMDP_OUT_26339,Cluster_3,-0.028489019771122753,-0.11317743846893306
BMDP_OUT_2634,Cluster_2,-1.019197385807248,0.7561502259855947
BMDP_OUT_26340,Cluster_1,1.1945014582908509,0.9862792793780563
BMDP_OUT_26341,Cluster_1,1.1945014582908509,0.9862792793780563
BMDP_OUT_26342,Cluster_1,0.7906560788504757,-0.029507676069961797
BMDP_OUT_26343,Cluster_1,0.7906560788504757,-0.029507676069961797
BMDP_OUT_26344,Cluster_1,0.8624993863700655,0.1097142279890493
BMDP_OUT_26345,Cluster_1,0.8624993863700655,0.1097142279890493
BMDP_OUT_26346,Cluster_3,0.1634002701936412,-0.7429090681096201
BMDP_OUT_26347,Cluster_3,0.1634002701936412,-0.7429090681096201
BMDP_OUT_26348,Cluster_3,-0.6450643074491127,-1.4779433576116277
BMDP_OUT_26349,Cluster_3,-0.6450643074491127,-1.4779433576116277
BMDP_OUT_2635,Cluster_3,-0.12082319170347403,-0.6675298961928199
BMDP_OUT_26350,Cluster_2,0.26747157991452697,0.5007278229592218
BMDP_OUT_26351,Cluster_2,0.26747157991452697,0.5007278229592218
BMDP_OUT_26354,Cluster_3,-0.7403177589869249,-1.3750233426500584
BMDP_OUT_26355,Cluster_3,-0.7403177589869249,-1.3750233426500584
BMDP_OUT_26360,Cluster_2,-0.9115601993669062,1.130123718287082
BMDP_OUT_26361,Cluster_2,-0.9115601993669062,1.130123718287082
BMDP_OUT_26400,Cluster_3,-0.03404174230742027,-0.3337368692950496
BMDP_OUT_26401,Cluster_3,-0.03404174230742027,-0.3337368692950496
BMDP_OUT_26402,Cluster_1,0.975354349124289,0.12435335161661702
BMDP_OUT_26403,Cluster_1,0.975354349124289,0.12435335161661702
BMDP_OUT_26416,Cluster_3,0.22401840154148026,-0.07967634136439358
BMDP_OUT_26417,Cluster_3,0.22401840154148026,-0.07967634136439358
BMDP_OUT_26456,Cluster_1,1.6972501906241937,-0.002568637342965377
BMDP_OUT_26457,Cluster_1,1.6972501906241937,-0.002568637342965377
BMDP_OUT_26460,Cluster_1,1.4666872500769772,0.07925047573164222
BMDP_OUT_26461,Cluster_1,1.4666872500769772,0.07925047573164222
BMDP_OUT_26464,Cluster_1,1.166997595849781,0.003475351946476843
BMDP_OUT_26465,Cluster_1,1.166997595849781,0.003475351946476843
BMDP_OUT_26466,Cluster_1,1.1489302546440974,-0.322635657415811
BMDP_OUT_26467,Cluster_1,1.1489302546440974,-0.322635657415811
BMDP_OUT_26468,Cluster_1,0.9111185248850355,0.01780721264427204
BMDP_OUT_26469,Cluster_1,0.9111185248850355,0.01780721264427204
BMDP_OUT_26616,Cluster_3,-0.11914173345917708,-0.5577578166657805
BMDP_OUT_26617,Cluster_3,-0.11914173345917708,-0.5577578166657805
BMDP_OUT_26906,Cluster_2,0.04898315811304724,0.626510973281843
BMDP_OUT_26907,Cluster_2,0.04898315811304724,0.626510973281843
BMDP_OUT_26908,Cluster_2,-0.4215431186805837,0.2874101580962589
BMDP_OUT_26909,Cluster_2,-0.4215431186805837,0.2874101580962589
BMDP_OUT_26910,Cluster_1,1.263068113988486,0.15559322400259618
BMDP_OUT_26911,Cluster_1,1.263068113988486,0.15559322400259618
BMDP_OUT_27070,Cluster_3,-0.4970777830637857,-1.2537560182750958
BMDP_OUT_27071,Cluster_3,-0.4970777830637857,-1.2537560182750958
BMDP_OUT_27072,Cluster_3,-0.1590616748923717,-0.5141858319385436
BMDP_OUT_27073,Cluster_3,-0.1590616748923717,-0.5141858319385436
BMDP_OUT_27074,Cluster_1,0.3984987790985941,0.8547215840635404
BMDP_OUT_27075,Cluster_1,0.398498779098594,0.8547215840635404
BMDP_OUT_27138,Cluster_3,-0.25597811090021116,-0.3767985430807587
BMDP_OUT_27139,Cluster_3,-0.25597811090021116,-0.3767985430807587
BMDP_OUT_27144,Cluster_3,0.365766488226111,-0.18226664247735522
BMDP_OUT_27145,Cluster_3,0.365766488226111,-0.18226664247735522
BMDP_OUT_27150,Cluster_3,-0.8928102244818101,-0.7288656606276113
BMDP_OUT_27151,Cluster_3,-0.8928102244818101,-0.7288656606276113
BMDP_OUT_27152,Cluster_3,-0.16715888923645209,-0.5793011769646392
BMDP_OUT_27153,Cluster_3,-0.16715888923645209,-0.5793011769646392
BMDP_OUT_27160,Cluster_3,-0.07314664410027993,-0.5659924682984201
BMDP_OUT_27161,Cluster_3,-0.07314664410027993,-0.5659924682984201
BMDP_OUT_27170,Cluster_3,0.86147096658264,-0.7941482760804569
BMDP_OUT_27171,Cluster_3,0.86147096658264,-0.7941482760804569
BMDP_OUT_2719,Cluster_2,-0.057160674263469685,1.0440078404495898
BMDP_OUT_27192,Cluster_3,0.6661603150847321,-0.15381063825098204
BMDP_OUT_27193,Cluster_3,0.6661603150847321,-0.15381063825098204
BMDP_OUT_27194,Cluster_2,-0.9771088941339152,0.8444652844656731
BMDP_OUT_27195,Cluster_2,-0.9771088941339152,0.8444652844656731
BMDP_OUT_272,Cluster_3,-0.16176440521158422,-0.2105903377107196
BMDP_OUT_2720,Cluster_3,-0.3163930189425136,-1.0339828063421441
BMDP_OUT_2721,Cluster_1,0.9012256445354193,0.31888293449233324
BMDP_OUT_27212,Cluster_2,0.16815486300893118,0.5761325839778461
BMDP_OUT_27213,Cluster_2,0.16815486300893118,0.5761325839778461
BMDP_OUT_2722,Cluster_2,-0.7909148707116882,0.3350429693689292
BMDP_OUT_2723,Cluster_1,0.28991431958087865,0.09689926100851844
BMDP_OUT_27232,Cluster_2,-0.09754339398468406,0.5763180562540141
BMDP_OUT_27233,Cluster_2,-0.09754339398468406,0.5763180562540141
BMDP_OUT_27234,Cluster_3,-0.29038082912685403,-0.6889635755018556
BMDP_OUT_27235,Cluster_3,-0.29038082912685403,-0.6889635755018556
BMDP_OUT_2724,Cluster_2,-0.7722944702486666,1.2116771072226216
BMDP_OUT_273,Cluster_3,-0.025803359785812746,-0.9360358533963494
BMDP_OUT_27304,Cluster_1,0.10408950084645059,0.7589214162062722
BMDP_OUT_27305,Cluster_1,0.10408950084645059,0.7589214162062722
BMDP_OUT_27336,Cluster_2,-0.8510609676994361,1.0038554589718551
BMDP_OUT_27337,Cluster_2,-0.8510609676994361,1.0038554589718551
BMDP_OUT_27348,Cluster_1,0.26077305332565337,0.07440858431126722
BMDP_OUT_27349,Cluster_1,0.26077305332565337,0.07440858431126722
BMDP_OUT_27370,Cluster_3,0.3075083435512447,-0.39550119652320387
BMDP_OUT_27371,Cluster_3,0.3075083435512447,-0.39550119652320387
BMDP_OUT_27524,Cluster_3,-0.5624213417802791,-1.2625315973096995
BMDP_OUT_27525,Cluster_3,-0.5624213417802791,-1.2625315973096995
BMDP_OUT_27526,Cluster_2,-0.2787168596467715,0.5171337254665962
BMDP_OUT_27527,Cluster_2,-0.2787168596467715,0.5171337254665962
BMDP_OUT_27528,Cluster_1,0.25203519930340385,0.15302787757441422
BMDP_OUT_27529,Cluster_1,0.25203519930340385,0.15302787757441422
BMDP_OUT_27530,Cluster_2,-0.5361584016560346,0.5963823095475832
BMDP_OUT_27531,Cluster_2,-0.5361584016560346,0.5963823095475832
BMDP_OUT_27532,Cluster_3,0.3230349732395912,-0.6604162816716472
BMDP_OUT_27533,Cluster_3,0.3230349732395912,-0.6604162816716472
BMDP_OUT_27616,Cluster_1,1.4125543902470594,0.20436191204957216
BMDP_OUT_27617,Cluster_1,1.4125543902470594,0.20436191204957216
BMDP_OUT_27648,Cluster_2,0.019623749990357597,0.4521806650270276
BMDP_OUT_27649,Cluster_2,0.019623749990357597,0.4521806650270276
BMDP_OUT_27650,Cluster_3,0.06409263780309203,-0.19847639991417504
BMDP_OUT_27651,Cluster_3,0.06409263780309203,-0.19847639991417504
BMDP_OUT_27652,Cluster_2,-0.2494575089946018,0.6960282500998919
BMDP_OUT_27653,Cluster_2,-0.2494575089946018,0.6960282500998919
BMDP_OUT_27654,Cluster_2,-1.0071757485117654,1.0845289538473355
BMDP_OUT_27655,Cluster_2,-1.0071757485117654,1.0845289538473355
BMDP_OUT_27688,Cluster_1,0.6409174830252545,-0.36740043978624565
BMDP_OUT_27689,Cluster_1,0.6409174830252545,-0.36740043978624565
BMDP_OUT_27698,Cluster_1,1.4403075223858364,0.4455718360353308
BMDP_OUT_27699,Cluster_1,1.4403075223858364,0.4455718360353308
BMDP_OUT_27702,Cluster_2,-1.1616202695423987,0.3002023925936233
BMDP_OUT_27703,Cluster_2,-1.1616202695423987,0.3002023925936233
BMDP_OUT_27704,Cluster_2,-1.0418306059243974,1.115149244238765
BMDP_OUT_27705,Cluster_2,-1.0418306059243974,1.115149244238765
BMDP_OUT_27718,Cluster_1,0.8367025477636543,-0.020727899414649448
BMDP_OUT_27719,Cluster_1,0.8367025477636543,-0.020727899414649448
BMDP_OUT_28268,Cluster_1,0.4568389863036447,0.4045124620748791
BMDP_OUT_28269,Cluster_1,0.4568389863036447,0.4045124620748791
BMDP_OUT_28270,Cluster_1,1.2847395389124727,1.0994413971235668
BMDP_OUT_28271,Cluster_1,1.2847395389124727,1.0994413971235668
BMDP_OUT_28272,Cluster_3,-0.7235349289821622,-1.3875314170353295
BMDP_OUT_28273,Cluster_3,-0.7235349289821622,-1.3875314170353295
BMDP_OUT_28274,Cluster_2,-0.1390266170558376,0.5066912412675524
BMDP_OUT_28275,Cluster_2,-0.1390266170558376,0.5066912412675524
BMDP_OUT_28276,Cluster_3,-0.4784185195690941,-0.9037589605894392
BMDP_OUT_28277,Cluster_3,-0.4784185195690941,-0.9037589605894392
BMDP_OUT_28278,Cluster_2,-0.7978878980424743,0.2869222320109539
BMDP_OUT_28279,Cluster_2,-0.7978878980424743,0.2869222320109539
BMDP_OUT_28280,Cluster_2,-0.9815860617011078,0.4198875029392479
BMDP_OUT_28281,Cluster_2,-0.9815860617011078,0.4198875029392479
BMDP_OUT_28282,Cluster_2,-0.43345059012748177,0.23918188291057646
BMDP_OUT_28283,Cluster_2,-0.43345059012748177,0.23918188291057646
BMDP_OUT_28284,Cluster_1,1.2841482007891496,0.34544936636912454
BMDP_OUT_28285,Cluster_1,1.2841482007891496,0.34544936636912454
BMDP_OUT_28286,Cluster_3,0.4266650665981716,-0.6626911473509666
BMDP_OUT_28287,Cluster_3,0.4266650665981716,-0.6626911473509666
BMDP_OUT_28288,Cluster_3,-0.5971672174433498,-1.409983834992696
BMDP_OUT_28289,Cluster_3,-0.5971672174433498,-1.409983834992696
BMDP_OUT_28290,Cluster_2,-0.9523753141896572,1.1447890636855855
BMDP_OUT_28291,Cluster_2,-0.9523753141896572,1.1447890636855855
BMDP_OUT_28292,Cluster_1,0.6087122759538609,-0.5690628751580339
BMDP_OUT_28293,Cluster_1,0.6087122759538609,-0.5690628751580339
BMDP_OUT_28294,Cluster_2,-0.35533997490704583,-0.20567867911993548
BMDP_OUT_28295,Cluster_2,-0.35533997490704583,-0.20567867911993548
BMDP_OUT_28296,Cluster_3,-0.2701580965204885,-0.7979033692658933
BMDP_OUT_28297,Cluster_3,-0.2701580965204885,-0.7979033692658933
BMDP_OUT_28298,Cluster_3,0.18916591140331313,-0.3435370775086681
BMDP_OUT_28299,Cluster_3,0.18916591140331313,-0.3435370775086681
BMDP_OUT_28378,Cluster_3,-0.6008480979615277,-0.4688555942002094
BMDP_OUT_28379,Cluster_3,-0.6008480979615277,-0.4688555942002094
BMDP_OUT_28384,Cluster_1,0.8554172690305554,-0.3780861794763464
BMDP_OUT_28385,Cluster_1,0.8554172690305554,-0.3780861794763464
BMDP_OUT_28386,Cluster_3,0.11089093182950611,-0.41888773453247896
BMDP_OUT_28387,Cluster_3,0.11089093182950611,-0.4188877345324789
BMDP_OUT_28390,Cluster_3,0.2828768649897695,-0.22509082861274582
BMDP_OUT_28391,Cluster_3,0.2828768649897695,-0.22509082861274582
BMDP_OUT_28392,Cluster_2,-0.7030933016501368,0.6238785913172116
BMDP_OUT_28393,Cluster_2,-0.7030933016501368,0.6238785913172116
BMDP_OUT_2843,Cluster_3,0.08460215814259314,-0.8815166131686688
BMDP_OUT_2844,Cluster_1,1.144353541349963,0.1746678956553589
BMDP_OUT_28446,Cluster_3,0.1287283779138469,-0.4741918579007919
BMDP_OUT_28447,Cluster_3,0.1287283779138469,-0.4741918579007919
BMDP_OUT_28470,Cluster_3,-0.165590650330416,-0.5321577884094404
BMDP_OUT_28471,Cluster_3,-0.165590650330416,-0.5321577884094404
BMDP_OUT_2849,Cluster_3,0.372585163142244,-0.0673927578885688
BMDP_OUT_2851,Cluster_1,1.0675004056873934,-0.3597129246140674
BMDP_OUT_28630,Cluster_3,0.24434997678903242,-0.48343520043202187
BMDP_OUT_28631,Cluster_3,0.24434997678903242,-0.48343520043202187
BMDP_OUT_28632,Cluster_2,-0.9416281379150666,1.1505168290723888
BMDP_OUT_28633,Cluster_2,-0.9416281379150666,1.1505168290723888
BMDP_OUT_28634,Cluster_2,-0.9427194085921105,0.7350815968301642
BMDP_OUT_28635,Cluster_2,-0.9427194085921105,0.7350815968301642
BMDP_OUT_28636,Cluster_1,1.1842895920700065,0.250824856020745
BMDP_OUT_28637,Cluster_1,1.1842895920700065,0.250824856020745
BMDP_OUT_28638,Cluster_3,0.18455239382528177,-0.15322697234921667
BMDP_OUT_28639,Cluster_3,0.18455239382528177,-0.15322697234921667
BMDP_OUT_28640,Cluster_3,0.31147759587304696,-0.11326038922689083
BMDP_OUT_28641,Cluster_3,0.31147759587304696,-0.11326038922689083
BMDP_OUT_28678,Cluster_3,0.04083838742117997,-0.5835887326015935
BMDP_OUT_28679,Cluster_3,0.04083838742117997,-0.5835887326015935
BMDP_OUT_28680,Cluster_2,-0.6122109399208064,0.8144401260982684
BMDP_OUT_28681,Cluster_2,-0.6122109399208064,0.8144401260982684
BMDP_OUT_28754,Cluster_2,-0.9131159272602545,0.45786535520344906
BMDP_OUT_28755,Cluster_2,-0.9131159272602545,0.45786535520344906
BMDP_OUT_28778,Cluster_2,-0.7408340807485944,-0.1753630116636447
BMDP_OUT_28779,Cluster_2,-0.7408340807485944,-0.1753630116636447
BMDP_OUT_2883,Cluster_3,0.33993968154596754,-0.5675081894916765
BMDP_OUT_2884,Cluster_1,0.9531544862299643,0.043044646280877355
BMDP_OUT_28866,Cluster_2,-0.9560550497584814,0.793437403089251
BMDP_OUT_28867,Cluster_2,-0.9560550497584814,0.793437403089251
BMDP_OUT_28868,Cluster_1,1.5178567845797837,0.22124451429372283
BMDP_OUT_28869,Cluster_1,1.5178567845797837,0.22124451429372283
BMDP_OUT_28870,Cluster_2,-0.947798661416487,1.2404304680650926
BMDP_OUT_28871,Cluster_2,-0.947798661416487,1.2404304680650926
BMDP_OUT_29034,Cluster_1,1.2335061552079292,0.3970061092137228
BMDP_OUT_29035,Cluster_1,1.2335061552079292,0.3970061092137228
BMDP_OUT_29036,Cluster_2,-0.2736689377266672,0.35536352705775304
BMDP_OUT_29037,Cluster_2,-0.2736689377266672,0.35536352705775304
BMDP_OUT_29038,Cluster_3,-0.5117292426164086,-0.6602341867939777
BMDP_OUT_29039,Cluster_3,-0.5117292426164086,-0.6602341867939777
BMDP_OUT_29040,Cluster_3,-0.0336375356619025,-0.45582813022007157
BMDP_OUT_29041,Cluster_3,-0.0336375356619025,-0.45582813022007157
BMDP_OUT_29042,Cluster_3,-0.06939326976062579,-0.23915666910965278
BMDP_OUT_29043,Cluster_3,-0.06939326976062579,-0.23915666910965278
BMDP_OUT_29044,Cluster_2,-1.1518847886336865,-0.3437900783032813
BMDP_OUT_29045,Cluster_2,-1.1518847886336865,-0.3437900783032813
BMDP_OUT_29096,Cluster_3,0.14561298348272422,-0.4349724977518172
BMDP_OUT_29097,Cluster_3,0.14561298348272422,-0.4349724977518172
BMDP_OUT_29106,Cluster_1,0.4890591749556087,-0.6563145231356292
BMDP_OUT_29107,Cluster_1,0.4890591749556087,-0.6563145231356292
BMDP_OUT_29108,Cluster_1,2.008233774911611,0.5006845910193743
BMDP_OUT_29109,Cluster_1,2.008233774911611,0.5006845910193743
BMDP_OUT_29110,Cluster_3,0.012892279348033275,-0.5256210421850197
BMDP_OUT_29111,Cluster_3,0.012892279348033275,-0.5256210421850197
BMDP_OUT_29112,Cluster_1,1.693287324050981,0.44077404032693157
BMDP_OUT_29113,Cluster_1,1.693287324050981,0.44077404032693157
BMDP_OUT_29226,Cluster_2,0.1419263456047637,0.6912512743523145
BMDP_OUT_29227,Cluster_2,0.1419263456047637,0.6912512743523145
BMDP_OUT_29228,Cluster_2,-0.33862263479280597,0.25505901223070754
BMDP_OUT_29229,Cluster_2,-0.33862263479280597,0.25505901223070754
BMDP_OUT_29230,Cluster_1,1.4038492368342559,0.1265281851977001
BMDP_OUT_29231,Cluster_1,1.4038492368342559,0.1265281851977001
BMDP_OUT_29360,Cluster_2,0.22657226098884925,0.7486475061917267
BMDP_OUT_29361,Cluster_2,0.22657226098884925,0.7486475061917267
BMDP_OUT_29394,Cluster_3,-0.5215161723371871,-1.0953490940595534
BMDP_OUT_29395,Cluster_3,-0.5215161723371871,-1.0953490940595534
BMDP_OUT_29396,Cluster_2,-1.347349204162569,0.01955467769586912
BMDP_OUT_29397,Cluster_2,-1.347349204162569,0.01955467769586912
BMDP_OUT_29398,Cluster_2,-1.0594250896597632,0.16620151149515583
BMDP_OUT_29399,Cluster_2,-1.0594250896597632,0.16620151149515583
BMDP_OUT_29440,Cluster_2,-0.7449848878505447,0.5245068264991186
BMDP_OUT_29441,Cluster_2,-0.7449848878505447,0.5245068264991186
BMDP_OUT_29444,Cluster_3,0.2782276341750307,0.028955890005080295
BMDP_OUT_29445,Cluster_3,0.2782276341750307,0.028955890005080295
BMDP_OUT_29446,Cluster_2,-1.0315598024837844,1.184331655806035
BMDP_OUT_29447,Cluster_2,-1.0315598024837844,1.184331655806035
BMDP_OUT_29448,Cluster_1,0.5675811339534436,-0.6669876951719483
BMDP_OUT_29449,Cluster_1,0.5675811339534436,-0.6669876951719483
BMDP_OUT_29450,Cluster_2,-0.7271353096993467,0.5424751825922571
BMDP_OUT_29451,Cluster_2,-0.7271353096993467,0.5424751825922571
BMDP_OUT_29452,Cluster_2,-0.5910952519661248,0.9217003217055161
BMDP_OUT_29453,Cluster_2,-0.5910952519661248,0.9217003217055161
BMDP_OUT_29454,Cluster_3,0.040584023455095236,-0.6950392129857029
BMDP_OUT_29455,Cluster_3,0.040584023455095236,-0.6950392129857029
BMDP_OUT_29456,Cluster_3,-0.008539581005796298,-0.5417520575968948
BMDP_OUT_29457,Cluster_3,-0.008539581005796298,-0.5417520575968948
BMDP_OUT_29458,Cluster_2,-0.808594196326088,0.5605520745838416
BMDP_OUT_29459,Cluster_2,-0.808594196326088,0.5605520745838416
BMDP_OUT_29460,Cluster_2,-0.9396620477111477,0.9717208795628999
BMDP_OUT_29461,Cluster_2,-0.9396620477111477,0.9717208795628999
BMDP_OUT_29462,Cluster_1,0.8773862060571037,-0.3688219356840679
BMDP_OUT_29463,Cluster_1,0.8773862060571037,-0.3688219356840679
BMDP_OUT_29572,Cluster_3,-0.0720742309822763,-0.4526666029212578
BMDP_OUT_29573,Cluster_2,-1.1321233955954857,0.5372609158051024
BMDP_OUT_29574,Cluster_2,-0.9759902740584236,0.7383733827200731
BMDP_OUT_29575,Cluster_3,0.24516983334043418,-0.3143535096470456
BMDP_OUT_29576,Cluster_2,-0.8408607838910972,0.464233775756801
BMDP_OUT_29577,Cluster_2,-0.8408607838910972,0.464233775756801
BMDP_OUT_29578,Cluster_3,0.09292131842814669,-0.47396443327281385
BMDP_OUT_29579,Cluster_2,-0.5919486382699416,-0.05357175545870975
BMDP_OUT_29580,Cluster_2,-0.2979905476618012,-0.09880423437883191
BMDP_OUT_29582,Cluster_1,0.789601455027272,0.2559384397399673
BMDP_OUT_29583,Cluster_2,-0.48651381608034916,0.18291024994936905
BMDP_OUT_29584,Cluster_3,-0.19765360855174843,-0.2646434976531195
BMDP_OUT_29585,Cluster_1,0.655840557235328,0.8933671132212769
BMDP_OUT_29586,Cluster_2,-0.3539841872869137,0.4076163215208032
BMDP_OUT_29746,Cluster_3,0.018190441993295947,-0.6209435572550271
BMDP_OUT_29829,Cluster_3,0.3021525170664062,-0.5002570564533818
BMDP_OUT_29830,Cluster_2,-0.05006988891046871,0.5797965880097548
BMDP_OUT_29831,Cluster_1,1.1321000782562762,-0.2528388416009363
BMDP_OUT_29832,Cluster_3,-0.564344536416502,-0.8583018761371988
BMDP_OUT_29833,Cluster_3,0.3176554638172186,-0.31314303768361335
BMDP_OUT_29834,Cluster_2,-0.7995085065527562,0.7219343288344567
BMDP_OUT_29835,Cluster_3,0.23642241766956018,-0.2990970034388672
BMDP_OUT_29836,Cluster_3,-0.16123119481325535,-0.6025165513244268
BMDP_OUT_29837,Cluster_3,-0.06491936842973048,-0.6934770729706642
BMDP_OUT_29838,Cluster_3,0.029434036316151047,-0.8403623689740871
BMDP_OUT_29847,Cluster_3,0.37246418362178546,-0.5623022620578647
BMDP_OUT_29848,Cluster_3,0.37794055024112594,-0.5299384174651719
BMDP_OUT_29862,Cluster_1,0.9855159109873783,0.1690037567066488
BMDP_OUT_29863,Cluster_3,0.7205432069313379,-0.18292965687988066
BMDP_OUT_29950,Cluster_2,-0.3549461602785047,-0.0356319816254177
BMDP_OUT_30029,Cluster_3,0.02952500783879365,-0.3720197694946452
BMDP_OUT_30030,Cluster_3,0.656561147735401,-0.16538372653947858
BMDP_OUT_30041,Cluster_1,1.17311143666862,-0.23232618597567506
BMDP_OUT_30042,Cluster_1,1.17311143666862,-0.23232618597567506
BMDP_OUT_30043,Cluster_1,0.7562750157491915,0.17958161305175813
BMDP_OUT_30044,Cluster_1,0.7562750157491915,0.17958161305175813
BMDP_OUT_30045,Cluster_3,0.16045318335979092,-0.8155481608770407
BMDP_OUT_30046,Cluster_3,0.16045318335979092,-0.8155481608770407
BMDP_OUT_30047,Cluster_2,-0.8270430475978072,1.129223121412164
BMDP_OUT_30048,Cluster_2,-0.8270430475978072,1.129223121412164
BMDP_OUT_30059,Cluster_2,-1.0338824450378807,0.8796213624323426
BMDP_OUT_30104,Cluster_3,-0.3202447341288941,-1.3240597314280196
BMDP_OUT_30117,Cluster_2,-0.6370398514873615,0.8717890787361772
BMDP_OUT_30132,Cluster_3,-0.3239200275838663,-0.6199234980653258
BMDP_OUT_30165,Cluster_3,-0.1870810944541115,-1.2174594077203
BMDP_OUT_3018,Cluster_1,0.7014323843788394,0.4064458733413969
BMDP_OUT_3021,Cluster_1,0.8396530552568223,-0.047744442611454566
BMDP_OUT_30236,Cluster_2,0.12888893178069766,0.4956041297679673
BMDP_OUT_30237,Cluster_2,0.12888893178069766,0.4956041297679673
BMDP_OUT_30238,Cluster_3,-0.2185341431662404,-0.239194579496868
BMDP_OUT_30239,Cluster_3,-0.2185341431662404,-0.239194579496868
BMDP_OUT_30240,Cluster_3,-0.4914911508591425,-0.7266807190398298
BMDP_OUT_30241,Cluster_3,-0.4914911508591425,-0.7266807190398298
BMDP_OUT_30242,Cluster_3,0.1115911731201444,-0.06321207782724164
BMDP_OUT_30243,Cluster_3,0.1115911731201444,-0.06321207782724164
BMDP_OUT_30244,Cluster_1,1.1708991183425579,0.16449526174298068
BMDP_OUT_30245,Cluster_1,1.1708991183425579,0.16449526174298068
BMDP_OUT_30246,Cluster_3,-0.6922946582667528,-1.4136691391526912
BMDP_OUT_30247,Cluster_3,-0.6922946582667528,-1.4136691391526912
BMDP_OUT_30579,Cluster_3,0.13401415213653375,-0.6821570723243947
BMDP_OUT_30580,Cluster_3,0.13401415213653375,-0.6821570723243947
BMDP_OUT_30581,Cluster_2,-0.431821348752771,0.3419066306766557
BMDP_OUT_30582,Cluster_2,-0.431821348752771,0.3419066306766557
BMDP_OUT_30583,Cluster_3,-0.46341617269541513,-0.809685955685424
BMDP_OUT_30584,Cluster_3,-0.46341617269541513,-0.809685955685424
BMDP_OUT_30585,Cluster_1,0.910677547308976,-0.5053601787284416
BMDP_OUT_30586,Cluster_1,0.910677547308976,-0.5053601787284416
BMDP_OUT_30587,Cluster_1,0.8589850344185133,-0.1340804083925516
BMDP_OUT_30588,Cluster_1,0.8589850344185133,-0.1340804083925516
BMDP_OUT_30589,Cluster_1,0.8172990417360968,0.885004282335716
BMDP_OUT_30590,Cluster_1,0.8172990417360968,0.885004282335716
BMDP_OUT_30591,Cluster_1,0.8602099651695004,-0.10261971164736003
BMDP_OUT_30592,Cluster_1,0.8602099651695004,-0.10261971164736003
BMDP_OUT_30593,Cluster_1,1.0365695402624062,-0.02905485227387293
BMDP_OUT_30594,Cluster_1,1.0365695402624062,-0.02905485227387293
BMDP_OUT_30636,Cluster_2,-0.8168226510820337,0.241145376959092
BMDP_OUT_30637,Cluster_1,1.6879550372980459,0.2450345402375954
BMDP_OUT_30638,Cluster_1,0.7332378826405677,-0.20776262770885323
BMDP_OUT_30691,Cluster_1,0.7784732256438525,-0.3058514780384237
BMDP_OUT_30692,Cluster_3,-0.32932370640263664,-0.30302080333962783
BMDP_OUT_30696,Cluster_1,1.370411227762127,0.4498866611465461
BMDP_OUT_30710,Cluster_3,-0.46077343453159614,-0.27678394877292994
BMDP_OUT_30711,Cluster_1,0.8441087185194169,-0.15363632175950642
BMDP_OUT_30725,Cluster_3,0.3534487016550264,-0.13968115156073052
BMDP_OUT_30746,Cluster_3,0.2391740686721696,-0.10926853196445876
BMDP_OUT_30747,Cluster_2,-0.4646810350844117,0.0864706407493132
BMDP_OUT_30748,Cluster_2,-0.1297516904941776,0.692084191339053
BMDP_OUT_30749,Cluster_3,-0.39497496715164737,-1.030425016181625
BMDP_OUT_30750,Cluster_3,0.09329917254743639,-0.47591694367625514
BMDP_OUT_30751,Cluster_3,-0.6205548950256335,-0.9987364292313836
BMDP_OUT_30791,Cluster_2,-0.6765805649729968,0.25671727072277684
BMDP_OUT_30819,Cluster_3,-0.7832508022887424,-0.6325510434722142
BMDP_OUT_30820,Cluster_3,-0.3582598573030681,-0.6431026348711985
BMDP_OUT_30845,Cluster_2,0.1605723457300434,0.4897562688316017
BMDP_OUT_30846,Cluster_1,0.5569274662989301,-0.05750031229461122
BMDP_OUT_30847,Cluster_1,1.300336466516985,0.015108225378406254
BMDP_OUT_30859,Cluster_3,0.6371106504678874,-0.6728143267229272
BMDP_OUT_30860,Cluster_1,0.4408387579799903,0.5480916229273501
BMDP_OUT_30861,Cluster_1,1.0055200307280532,0.34814219043185174
BMDP_OUT_30862,Cluster_2,-0.5967693416256543,1.0967757121738035
BMDP_OUT_30863,Cluster_1,0.37904422466592824,0.14853198862394656
BMDP_OUT_30864,Cluster_1,0.9423509074970875,-0.17036233309472715
BMDP_OUT_30865,Cluster_1,1.1243304247142092,0.42279287461396164
BMDP_OUT_30866,Cluster_3,0.3509356156460359,-0.6928954251398626
BMDP_OUT_30867,Cluster_3,0.22929754418104545,-0.2735846565454123
BMDP_OUT_30868,Cluster_1,0.9001465137444129,-0.056889678470677794
BMDP_OUT_30875,Cluster_2,-0.21097233859274347,0.5723453043641886
BMDP_OUT_30876,Cluster_3,-0.04521003118822317,-0.48996342386103986
BMDP_OUT_30907,Cluster_3,-0.4870737158939936,-1.2747576621628003
BMDP_OUT_30908,Cluster_1,1.0841078620196585,-0.036876881780249546
BMDP_OUT_30909,Cluster_1,0.6514290326317207,0.16152256065445098
BMDP_OUT_30910,Cluster_3,-0.5708889482422388,-1.2886589761302623
BMDP_OUT_30922,Cluster_3,-0.38101637821982415,-0.09993694681984792
BMDP_OUT_30923,Cluster_3,-0.2839955189800596,-0.1999289509738379
BMDP_OUT_30924,Cluster_3,0.08934462505786153,-0.9390139679982489
BMDP_OUT_30925,Cluster_1,1.2264389231010133,0.3682223915948264
BMDP_OUT_30929,Cluster_3,-0.03664902679099255,0.07404860720726007
BMDP_OUT_30933,Cluster_2,-0.28488624139651164,0.6099475512925151
BMDP_OUT_30939,Cluster_2,-0.7765296490000775,0.0850036582499357
BMDP_OUT_30947,Cluster_1,0.4426265030721638,0.08276447037479658
BMDP_OUT_30948,Cluster_1,0.9098859032665196,0.9549823631294944
BMDP_OUT_30949,Cluster_3,0.4143394128906871,-0.5796901835207371
BMDP_OUT_30950,Cluster_1,1.536923817585686,0.34754321100199875
BMDP_OUT_30951,Cluster_1,0.780186435396932,-0.37681291700128317
BMDP_OUT_30952,Cluster_1,0.9460900112511235,0.20683971704899756
BMDP_OUT_30956,Cluster_1,0.9104956244652903,0.09246454191622534
BMDP_OUT_30962,Cluster_1,0.6873201908209625,-0.06879058037209819
BMDP_OUT_30963,Cluster_3,-0.60961008853249,-0.30608702102828655
BMDP_OUT_30965,Cluster_3,0.008819851781850518,-0.7779903250170881
BMDP_OUT_31077,Cluster_1,0.7918969034063137,0.02756058460746673
BMDP_OUT_31099,Cluster_3,-0.03008222368706548,0.028887699154593674
BMDP_OUT_31100,Cluster_3,-0.1978953896594782,-0.3156084377238949
BMDP_OUT_31101,Cluster_2,-0.06740740064278514,0.2827171900561772
BMDP_OUT_31102,Cluster_3,-0.1765029246477686,-1.2990022221126152
BMDP_OUT_31103,Cluster_2,-0.19659104477839148,0.5194676037893822
BMDP_OUT_31104,Cluster_3,0.5585298238990316,-0.10395557707630235
BMDP_OUT_31105,Cluster_3,0.25779337068650054,-0.6336519433931468
BMDP_OUT_31106,Cluster_1,1.387836997730806,0.1503993169411944
BMDP_OUT_31107,Cluster_3,-0.0070596481751507845,-0.7844275359993408
BMDP_OUT_31108,Cluster_1,1.3517925370374626,0.25655964872366105
BMDP_OUT_31375,Cluster_3,0.3657228321631826,0.005911428164076291
BMDP_OUT_31376,Cluster_1,1.126301258911399,0.2072923903974298
BMDP_OUT_31377,Cluster_2,-0.8149229071851818,0.6984052152740374
BMDP_OUT_31378,Cluster_3,-0.17643167583810446,-0.8646227607723456
BMDP_OUT_31379,Cluster_1,1.0744740218785278,0.24661598536293022
BMDP_OUT_31380,Cluster_2,-1.4218046470420493,0.7277843123216032
BMDP_OUT_31381,Cluster_2,-0.9656573310144683,0.9152262085593065
BMDP_OUT_3142,Cluster_3,-0.5060058589325436,-1.065427466294597
BMDP_OUT_31583,Cluster_3,-0.013144614199856297,-0.37367024936632304
BMDP_OUT_31584,Cluster_2,0.09121757420124717,0.41512045486410387
BMDP_OUT_31645,Cluster_2,-0.06859760244183175,0.28442168040295474
BMDP_OUT_31646,Cluster_3,0.3757472928391662,0.03359275050490941
BMDP_OUT_31647,Cluster_3,0.04301713198975718,-0.5401718403547864
BMDP_OUT_31648,Cluster_3,0.3414255646305524,-0.16705751216191286
BMDP_OUT_31649,Cluster_1,0.840506476425782,0.1534746057692854
BMDP_OUT_31677,Cluster_2,0.23235741001437474,0.4542096958562518
BMDP_OUT_31678,Cluster_1,1.2574889061129886,0.2915240128673153
BMDP_OUT_31679,Cluster_3,0.19916036172808205,-0.5114098776478267
BMDP_OUT_3168,Cluster_2,-0.0864823988833252,0.5780093258460438
BMDP_OUT_31680,Cluster_2,0.08489381101034031,0.43066369784496117
BMDP_OUT_31681,Cluster_3,-0.29285587201425156,-0.6269878175380421
BMDP_OUT_31682,Cluster_1,1.7301557551075608,0.5623940477123405
BMDP_OUT_31683,Cluster_3,0.5751946064809499,-0.863614776785927
BMDP_OUT_31684,Cluster_3,0.48212433817253475,0.04275677958321679
BMDP_OUT_31685,Cluster_3,-0.21883006151655113,-0.32486645053774005
BMDP_OUT_31686,Cluster_1,1.0759420308426546,0.7006738105705047
BMDP_OUT_31687,Cluster_1,1.7057764347500277,0.5853548905416209
BMDP_OUT_31688,Cluster_3,-0.6260039031974535,-1.3774594046029587
BMDP_OUT_31689,Cluster_2,-0.23317217830494077,0.9550412839197607
BMDP_OUT_3169,Cluster_1,1.4253457994732213,0.3412171822771963
BMDP_OUT_31690,Cluster_2,-1.0537044360433128,-0.24085017592474156
BMDP_OUT_31691,Cluster_2,-0.944842858564388,0.04432736965687968
BMDP_OUT_31844,Cluster_2,-0.8219444652740064,0.7275380645892979
BMDP_OUT_31962,Cluster_2,-0.44590135254854824,0.010636457316332004
BMDP_OUT_31963,Cluster_1,1.4530927584609168,0.2976894532901807
BMDP_OUT_31964,Cluster_1,1.0986416711962255,-0.03403227316544778
BMDP_OUT_3205,Cluster_2,-0.34281542689632594,0.3090956372864944
BMDP_OUT_32082,Cluster_1,0.9988326904740197,0.027596611021522346
BMDP_OUT_32164,Cluster_2,-1.1769834102422583,0.7457913443420019
BMDP_OUT_32198,Cluster_2,-0.041054666489134806,0.49296636067755084
BMDP_OUT_32199,Cluster_3,-0.7084319703435895,-0.7850981984100175
BMDP_OUT_32200,Cluster_3,-0.32986851031325204,-0.06386906295257232
BMDP_OUT_32219,Cluster_3,0.5924356277505141,-0.47001673262262184
BMDP_OUT_32220,Cluster_1,0.5106158896929384,0.8883891691720287
BMDP_OUT_32221,Cluster_1,1.3532652593135475,0.28362112521659055
BMDP_OUT_32222,Cluster_3,-0.1356549441769578,-0.8336382129187667
BMDP_OUT_32223,Cluster_3,0.5985961229313692,-0.3551916027820534
BMDP_OUT_32224,Cluster_2,-0.27678186313985,-0.007965171696351206
BMDP_OUT_32237,Cluster_2,-0.11363830668397462,0.48241488967562607
BMDP_OUT_32268,Cluster_3,0.14435861677421727,-0.27365540526170157
BMDP_OUT_32269,Cluster_1,1.7680413627211584,0.5625779684136187
BMDP_OUT_32292,Cluster_3,0.5631912602442084,-0.2747871580645411
BMDP_OUT_32304,Cluster_3,-0.20183170151508725,-0.5662404470413726
BMDP_OUT_32305,Cluster_1,0.48857460767511607,0.698574585320752
BMDP_OUT_32311,Cluster_3,-0.09596665182979205,-0.6579363601028659
BMDP_OUT_32312,Cluster_1,0.4855973559757297,0.8140881297841884
BMDP_OUT_32338,Cluster_1,1.6473756464803033,0.19956660496598244
BMDP_OUT_32365,Cluster_2,-1.0711434114265834,0.4780256289514303
BMDP_OUT_32366,Cluster_1,1.5133156044612335,-0.15149901322547404
BMDP_OUT_32367,Cluster_2,-1.278857633671104,0.43107103469459307
BMDP_OUT_32368,Cluster_2,-0.4913113667339636,1.208907386767873
BMDP_OUT_3244,Cluster_2,-1.2164022371122254,1.0104137732119027
BMDP_OUT_32442,Cluster_1,1.0850501217598156,0.30464951305212684
BMDP_OUT_32443,Cluster_3,0.3287465430965996,-0.37429334288274874
BMDP_OUT_32444,Cluster_3,-0.3295874600754678,-0.32237760480727023
BMDP_OUT_32445,Cluster_3,0.31908234173046307,-0.3010900885562887
BMDP_OUT_32562,Cluster_3,-0.9360028189659484,-0.6908421657408527
BMDP_OUT_32563,Cluster_1,0.9055009566842407,0.44884892709077173
BMDP_OUT_32564,Cluster_1,1.123595473693702,0.23134453921324344
BMDP_OUT_32573,Cluster_3,-0.15011263040826803,-0.49532244045639845
BMDP_OUT_32584,Cluster_2,-0.5655524813839365,0.5811950408429017
BMDP_OUT_32585,Cluster_1,1.928253354082733,0.3826679752506203
BMDP_OUT_32616,Cluster_1,1.2462150287329794,0.9580464274896229
BMDP_OUT_32617,Cluster_1,0.8880835801768039,-0.2517810863022219
BMDP_OUT_32618,Cluster_2,-1.3699424559534028,-0.3986198743729529
BMDP_OUT_32619,Cluster_3,0.0802513813740772,-0.31496634817459274
BMDP_OUT_3263,Cluster_3,-0.23189038684565558,-0.589658672253885
BMDP_OUT_32724,Cluster_1,0.47235866343184374,0.03776207451289017
BMDP_OUT_32727,Cluster_3,-0.5339174890291228,-1.0597764437312802
BMDP_OUT_32731,Cluster_2,-0.16167561102895475,0.1021590848874858
BMDP_OUT_32732,Cluster_2,-0.08419946248726312,0.4637670867250485
BMDP_OUT_32733,Cluster_1,0.6703063336233692,0.7426114542101616
BMDP_OUT_32734,Cluster_1,1.0661463590638431,0.3601860726070947
BMDP_OUT_32735,Cluster_1,1.2847718686172356,-0.020993186529839544
BMDP_OUT_32736,Cluster_1,1.1393684621200486,-0.3998787850041596
BMDP_OUT_32738,Cluster_3,0.3370805775250658,-0.7915172363367936
BMDP_OUT_32742,Cluster_1,1.104392058897425,0.8762090575216464
BMDP_OUT_32749,Cluster_1,1.1260342083038817,0.6400988377749427
BMDP_OUT_32750,Cluster_3,0.2930123847210395,-0.24180702591856074
BMDP_OUT_32801,Cluster_1,0.9130751444822396,0.034281786716798976
BMDP_OUT_32819,Cluster_2,-0.3030372156501254,0.3635630366879883
BMDP_OUT_32825,Cluster_1,0.39592476262366194,1.4738521425389506
BMDP_OUT_32830,Cluster_2,-1.0782456013896053,0.8806397492373563
BMDP_OUT_32831,Cluster_2,-0.38056487150549756,0.01002371841402068
BMDP_OUT_3285,Cluster_1,1.4461518643355007,0.1582576936858911
BMDP_OUT_32912,Cluster_1,0.8579669332498822,-0.5489169051107253
BMDP_OUT_32913,Cluster_1,0.6164734216914608,0.48654137215895776
BMDP_OUT_32914,Cluster_3,0.19987218442810684,-0.6430129966308405
BMDP_OUT_32915,Cluster_2,-0.5887350384549601,0.6617393828805614
BMDP_OUT_32916,Cluster_1,0.569537675445984,-0.19625331153043857
BMDP_OUT_32917,Cluster_3,-0.5112072503759896,-0.7742329611333081
BMDP_OUT_32918,Cluster_3,-0.6754756405754404,-0.8683885840368354
BMDP_OUT_32919,Cluster_3,-0.06332079270670651,-0.5214104529740736
BMDP_OUT_32920,Cluster_3,-0.09422607085478221,-0.64902429254853
BMDP_OUT_32921,Cluster_2,-0.9054040320336862,0.20343021882293433
BMDP_OUT_3293,Cluster_2,0.09997391501800054,0.5303995827664676
BMDP_OUT_32954,Cluster_2,-0.9813703331301697,0.3859752543488116
BMDP_OUT_32968,Cluster_2,-0.8948080501611149,0.81345747844372
BMDP_OUT_33199,Cluster_3,-0.48340795936762415,-0.8296780115969401
BMDP_OUT_33200,Cluster_3,0.12693597717271174,-0.42066472757132806
BMDP_OUT_33201,Cluster_1,1.0128019319216741,0.17278872411836171
BMDP_OUT_33202,Cluster_3,0.40241562892983573,-0.5195092891525352
BMDP_OUT_33235,Cluster_2,-1.113437245346832,0.42642290343509404
BMDP_OUT_33236,Cluster_2,-1.0587981399342197,-0.14874357197439225
BMDP_OUT_33237,Cluster_3,0.15802843486465146,-0.3237400330297899
BMDP_OUT_33238,Cluster_2,-0.3954515562613198,0.23732625854823536
BMDP_OUT_33254,Cluster_2,-0.19177298422914799,0.9023991590904487
BMDP_OUT_33257,Cluster_3,0.1131838619472009,-0.45765433268883166
BMDP_OUT_33261,Cluster_2,0.061588745481122614,0.4911776536522524
BMDP_OUT_33263,Cluster_2,-0.11228310401705219,0.2728750329653889
BMDP_OUT_33265,Cluster_1,1.2267757828728283,-0.03644755286051761
BMDP_OUT_33275,Cluster_1,1.103816755295571,0.28524985833391003
BMDP_OUT_33309,Cluster_1,0.97619373573486,0.2532177108831905
BMDP_OUT_33342,Cluster_1,1.2425157592147626,-0.13216075330519578
BMDP_OUT_33372,Cluster_2,-1.366436940628966,-0.1358267710590585
BMDP_OUT_33373,Cluster_1,1.5093108313231127,0.17476841812809119
BMDP_OUT_33409,Cluster_3,-0.12161858092471725,-0.9856282481382271
BMDP_OUT_33410,Cluster_1,0.8890064625115248,0.9533549222627332
BMDP_OUT_33447,Cluster_2,-0.7533657758759589,0.6906881337998165
BMDP_OUT_33452,Cluster_3,0.2770363858653438,-0.19814930030447434
BMDP_OUT_33453,Cluster_2,-0.16671297052485592,0.42790149762964513
BMDP_OUT_33454,Cluster_3,0.40437712692368133,-0.10841522042924731
BMDP_OUT_33496,Cluster_1,1.1577871983186898,0.24022470961130837
BMDP_OUT_33497,Cluster_2,-0.6603702517087892,0.8369200791492265
BMDP_OUT_33564,Cluster_3,0.6395839836404714,-0.5456876408816783
BMDP_OUT_33639,Cluster_3,-0.6084612856543479,-0.38628979927610707
BMDP_OUT_33678,Cluster_3,-0.4174518993280767,-0.038192706406526486
BMDP_OUT_33754,Cluster_1,0.4528372969824871,1.3637211201527424
BMDP_OUT_3378,Cluster_2,-0.04976649447312223,0.20712366032617824
BMDP_OUT_33782,Cluster_2,-0.15873484246720868,0.5106328370280504
BMDP_OUT_33783,Cluster_3,0.48400791997651094,-0.11281412713262208
BMDP_OUT_33784,Cluster_2,-0.1058384056850876,0.4939334875347221
BMDP_OUT_33786,Cluster_1,0.8999954767621333,-0.6527533064465124
BMDP_OUT_33787,Cluster_3,-0.6321094203736545,-1.3667126682823438
BMDP_OUT_33788,Cluster_2,0.10758235340259291,0.3762687033716494
BMDP_OUT_33789,Cluster_2,-0.0785649039964034,0.18398421017330058
BMDP_OUT_3379,Cluster_3,0.30677122862373557,-0.606473967765415
BMDP_OUT_33799,Cluster_3,-0.06084502561097102,0.06028655921016256
BMDP_OUT_33803,Cluster_2,-0.9984125339169092,0.9434078328385612
BMDP_OUT_3385,Cluster_1,0.7963979753985374,-0.1328901541956948
BMDP_OUT_33857,Cluster_2,-0.027215352877398152,0.4536111628671142
BMDP_OUT_33858,Cluster_3,-0.7283762903680888,-0.4535227181963815
BMDP_OUT_33859,Cluster_3,-0.17243017545299713,-0.589674517348879
BMDP_OUT_33860,Cluster_1,1.2404195034696406,-0.08607834352901567
BMDP_OUT_33861,Cluster_1,0.18901874670009516,0.354928381883553
BMDP_OUT_33862,Cluster_3,0.12272273938543783,-0.7374605184910418
BMDP_OUT_33863,Cluster_2,-0.8526142393983965,0.338213738530164
BMDP_OUT_3390,Cluster_3,-0.580273538438059,-0.18130253539915864
BMDP_OUT_3391,Cluster_2,-0.17387818500657895,0.5610942875209212
BMDP_OUT_3392,Cluster_3,-0.2522549429711829,-0.5783227216878567
BMDP_OUT_3393,Cluster_3,0.13373916622938983,-0.42153176918616175
BMDP_OUT_3394,Cluster_2,-0.9204589788751998,0.10030569757907425
BMDP_OUT_3395,Cluster_1,0.6239272891578307,0.2358349517290746
BMDP_OUT_3396,Cluster_2,-0.46035829890197566,0.9810101337809481
BMDP_OUT_3397,Cluster_2,-1.0247751413946933,0.44059932112714817
BMDP_OUT_3398,Cluster_3,-0.0835236536197895,-0.41729444418142636
BMDP_OUT_33980,Cluster_2,-0.8942385576035681,0.4623906660200404
BMDP_OUT_33981,Cluster_2,-0.8942385576035681,0.4623906660200404
BMDP_OUT_33982,Cluster_2,-0.8213320142685638,0.6917431478184334
BMDP_OUT_33983,Cluster_2,-0.8213320142685638,0.6917431478184334
BMDP_OUT_33984,Cluster_1,0.8685189820355088,-0.10785122134323745
BMDP_OUT_33985,Cluster_1,0.8685189820355088,-0.10785122134323745
BMDP_OUT_33986,Cluster_2,-0.8508985358839447,0.9760163659104425
BMDP_OUT_33987,Cluster_2,-0.8508985358839447,0.9760163659104425
BMDP_OUT_33988,Cluster_3,-0.1911242132648123,-0.6530268146711381
BMDP_OUT_33989,Cluster_3,-0.1911242132648123,-0.6530268146711381
BMDP_OUT_3400,Cluster_1,0.9054885515812173,0.23746611756267516
BMDP_OUT_3401,Cluster_3,0.01739125788791243,-0.7149853875190764
BMDP_OUT_3402,Cluster_3,-0.4323145428755325,-0.7153367195973476
BMDP_OUT_3403,Cluster_2,-0.4913806613588888,-0.27509028446235056
BMDP_OUT_34030,Cluster_2,-0.1504776154511621,0.29627745720619536
BMDP_OUT_34031,Cluster_2,-0.1504776154511621,0.29627745720619536
BMDP_OUT_3404,Cluster_1,1.0671747566267327,-0.059233289911059736
BMDP_OUT_3405,Cluster_2,-1.3211219052457184,-0.08982062319924451
BMDP_OUT_3406,Cluster_1,0.8837727783781922,-0.22941179863507294
BMDP_OUT_3407,Cluster_3,-0.21297809827506756,-0.18981692883077056
BMDP_OUT_34076,Cluster_3,0.31540219256459806,-0.3734851853927481
BMDP_OUT_34077,Cluster_3,0.31540219256459806,-0.3734851853927481
BMDP_OUT_34078,Cluster_1,1.813714914978661,0.5286766151791937
BMDP_OUT_34079,Cluster_1,1.8137149149786609,0.5286766151791936
BMDP_OUT_3408,Cluster_3,-0.1533593173597764,-0.30304130556230796
BMDP_OUT_34080,Cluster_2,-0.190741793551549,0.6322997081876537
BMDP_OUT_34081,Cluster_2,-0.190741793551549,0.6322997081876537
BMDP_OUT_34082,Cluster_3,0.23442217065166712,-0.23940105728197192
BMDP_OUT_34083,Cluster_3,0.23442217065166712,-0.23940105728197192
BMDP_OUT_34090,Cluster_1,0.47873976154096465,0.7744696959932089
BMDP_OUT_34091,Cluster_1,0.47873976154096465,0.7744696959932089
BMDP_OUT_34092,Cluster_3,-0.45841128888898863,-1.380960924847454
BMDP_OUT_34093,Cluster_3,-0.45841128888898863,-1.380960924847454
BMDP_OUT_34094,Cluster_2,0.09474414847719187,0.4914547619571086
BMDP_OUT_34095,Cluster_2,0.09474414847719187,0.4914547619571086
BMDP_OUT_3410,Cluster_2,-0.8522718870686755,0.17983835717157548
BMDP_OUT_34100,Cluster_2,-0.1605513685977151,0.1468447137058706
BMDP_OUT_34101,Cluster_2,-0.1605513685977151,0.1468447137058706
BMDP_OUT_34108,Cluster_1,0.9264566409501672,0.44812076219796815
BMDP_OUT_34109,Cluster_1,0.9264566409501672,0.44812076219796815
BMDP_OUT_3411,Cluster_3,-0.8140476582106044,-0.3355315461952317
BMDP_OUT_34118,Cluster_3,-0.34435353222190956,-0.04606400305724937
BMDP_OUT_34119,Cluster_3,-0.34435353222190956,-0.04606400305724937
BMDP_OUT_3412,Cluster_2,-0.6193888904091391,0.2319434096280621
BMDP_OUT_34120,Cluster_1,0.7393006250709983,-0.1135042290050124
BMDP_OUT_34121,Cluster_1,0.7393006250709983,-0.1135042290050124
BMDP_OUT_34128,Cluster_1,1.2543961120900122,1.0949921374024547
BMDP_OUT_34129,Cluster_1,1.2543961120900122,1.0949921374024547
BMDP_OUT_34130,Cluster_1,1.1137640731438978,0.9060607252361345
BMDP_OUT_34131,Cluster_1,1.1137640731438978,0.9060607252361345
BMDP_OUT_34132,Cluster_3,-0.9912469880708312,-0.6811112358300466
BMDP_OUT_34133,Cluster_3,-0.9912469880708312,-0.6811112358300466
BMDP_OUT_34158,Cluster_1,0.8398530185394902,0.17155510435399007
BMDP_OUT_34159,Cluster_1,0.8398530185394902,0.17155510435399007
BMDP_OUT_34160,Cluster_1,1.0329385386290693,0.3289434918635322
BMDP_OUT_34161,Cluster_1,1.0329385386290693,0.3289434918635322
BMDP_OUT_34182,Cluster_2,-1.256181667968835,0.277335615583557
BMDP_OUT_34183,Cluster_2,-1.256181667968835,0.277335615583557
BMDP_OUT_34184,Cluster_2,-1.2491070210919426,-0.21439512144748585
BMDP_OUT_34185,Cluster_2,-1.2491070210919426,-0.21439512144748585
BMDP_OUT_34190,Cluster_1,1.100612791782551,-0.26496420262300807
BMDP_OUT_34191,Cluster_1,1.100612791782551,-0.26496420262300807
BMDP_OUT_34194,Cluster_1,0.4790788397978607,0.5459302982753971
BMDP_OUT_34195,Cluster_1,0.4790788397978607,0.5459302982753971
BMDP_OUT_34202,Cluster_3,0.2992464951014133,-0.13699068795703334
BMDP_OUT_34203,Cluster_3,0.2992464951014133,-0.13699068795703334
BMDP_OUT_34229,Cluster_3,-0.5761600162521292,-0.7504469988005097
BMDP_OUT_34230,Cluster_3,-0.5761600162521292,-0.7504469988005097
BMDP_OUT_34267,Cluster_3,-0.06754493173763024,-0.48209662117328184
BMDP_OUT_34268,Cluster_3,-0.06754493173763024,-0.48209662117328184
BMDP_OUT_34269,Cluster_2,-0.06245340614039091,0.5119868191552892
BMDP_OUT_3427,Cluster_2,-0.4384261996407248,0.5959194841635866
BMDP_OUT_34270,Cluster_2,-0.06245340614039091,0.5119868191552892
BMDP_OUT_3428,Cluster_2,-0.5078917082520892,0.047988371898047485
BMDP_OUT_34281,Cluster_2,-1.0212990947100633,0.7657965760873278
BMDP_OUT_34282,Cluster_2,-1.0212990947100633,0.7657965760873278
BMDP_OUT_34283,Cluster_2,-0.7662210260507049,0.42552319425305063
BMDP_OUT_34284,Cluster_2,-0.7662210260507049,0.42552319425305063
BMDP_OUT_34289,Cluster_3,-0.031062216890975908,-0.595592210153413
BMDP_OUT_34290,Cluster_3,-0.031062216890975908,-0.595592210153413
BMDP_OUT_3430,Cluster_1,1.1687703475205693,-0.4241942417954723
BMDP_OUT_3431,Cluster_1,1.1058213130446548,0.032726820982413765
BMDP_OUT_34311,Cluster_2,-0.5032287100443483,0.23318026411410442
BMDP_OUT_34312,Cluster_2,-0.5032287100443483,0.23318026411410442
BMDP_OUT_34313,Cluster_1,0.4488625890321981,0.759200793044908
BMDP_OUT_34314,Cluster_1,0.4488625890321981,0.759200793044908
BMDP_OUT_34315,Cluster_1,1.1051379126294854,0.35811178563328694
BMDP_OUT_34316,Cluster_1,1.1051379126294854,0.35811178563328694
BMDP_OUT_34317,Cluster_2,-0.14095160107010715,0.23692031830208293
BMDP_OUT_34318,Cluster_2,-0.14095160107010715,0.23692031830208293
BMDP_OUT_3433,Cluster_2,-0.3546726227587148,0.47803374351006245
BMDP_OUT_3434,Cluster_1,0.4473709552777019,0.052359383691735026
BMDP_OUT_3435,Cluster_3,0.31338741338058906,-0.32124698413722047
BMDP_OUT_3436,Cluster_1,0.5997424886542937,-0.22235468195288027
BMDP_OUT_34365,Cluster_1,1.6250393391379123,0.5051765167613107
BMDP_OUT_34366,Cluster_1,1.6250393391379123,0.5051765167613107
BMDP_OUT_34367,Cluster_1,1.49741403010874,0.4513040757562079
BMDP_OUT_34368,Cluster_1,1.49741403010874,0.4513040757562079
BMDP_OUT_34369,Cluster_2,0.10578949346732813,0.36594320179585893
BMDP_OUT_34370,Cluster_2,0.10578949346732813,0.36594320179585893
BMDP_OUT_34371,Cluster_3,0.239377820829765,-0.46340166616407985
BMDP_OUT_34372,Cluster_3,0.239377820829765,-0.46340166616407985
BMDP_OUT_34373,Cluster_2,0.03859727203169998,0.4032031285506983
BMDP_OUT_34378,Cluster_1,0.47356687836371303,1.0475579029498432
BMDP_OUT_34379,Cluster_1,0.47356687836371303,1.0475579029498432
BMDP_OUT_34402,Cluster_3,0.5890522198340595,-0.2860612653359181
BMDP_OUT_34403,Cluster_3,0.5890522198340595,-0.2860612653359181
BMDP_OUT_34404,Cluster_2,-0.667864143474285,0.5027540913120424
BMDP_OUT_34405,Cluster_2,-0.667864143474285,0.5027540913120424
BMDP_OUT_34406,Cluster_1,0.8706126752545736,0.20178180626126613
BMDP_OUT_34407,Cluster_1,0.8706126752545736,0.20178180626126613
BMDP_OUT_34448,Cluster_1,1.097808025760881,-0.21013417542465224
BMDP_OUT_34449,Cluster_1,1.097808025760881,-0.21013417542465224
BMDP_OUT_3446,Cluster_3,0.44742386455353245,-0.09004632658190521
BMDP_OUT_3447,Cluster_1,0.769929860990956,-0.007654011615081946
BMDP_OUT_34504,Cluster_2,-1.1151469444197324,-0.3844765342553794
BMDP_OUT_34505,Cluster_2,-1.1151469444197324,-0.3844765342553794
BMDP_OUT_34506,Cluster_3,-0.7995584773080036,-0.8581257412879889
BMDP_OUT_34507,Cluster_3,-0.7995584773080036,-0.8581257412879889
BMDP_OUT_34508,Cluster_2,-0.7852644788882647,0.4929356226258881
BMDP_OUT_34509,Cluster_2,-0.7852644788882647,0.4929356226258881
BMDP_OUT_3451,Cluster_3,-0.2999194249055198,-0.7740648439538705
BMDP_OUT_34570,Cluster_2,-0.9428670210417633,0.05601530223220462
BMDP_OUT_34571,Cluster_2,-0.9428670210417633,0.05601530223220462
BMDP_OUT_34572,Cluster_3,-0.028414323423773452,-0.06197849788222874
BMDP_OUT_34573,Cluster_3,-0.028414323423773452,-0.06197849788222874
BMDP_OUT_34574,Cluster_3,-0.8273162412631265,-0.6185861272683993
BMDP_OUT_34575,Cluster_3,-0.8273162412631265,-0.6185861272683993
BMDP_OUT_34576,Cluster_2,-0.5732878046503026,1.3648121296726683
BMDP_OUT_34577,Cluster_2,-0.5732878046503026,1.3648121296726683
BMDP_OUT_3463,Cluster_2,-0.033425910354228594,0.5426734274337233
BMDP_OUT_34684,Cluster_1,0.7018187339949284,0.38255436838664436
BMDP_OUT_34685,Cluster_1,0.7018187339949284,0.38255436838664436
BMDP_OUT_34686,Cluster_3,0.7064607647311231,-0.18412298958834467
BMDP_OUT_34687,Cluster_3,0.7064607647311231,-0.18412298958834467
BMDP_OUT_34688,Cluster_1,0.9083722837995512,0.24187761721837192
BMDP_OUT_34689,Cluster_1,0.9083722837995512,0.24187761721837192
BMDP_OUT_34690,Cluster_3,-0.4136602524194135,-0.5929122447441123
BMDP_OUT_34691,Cluster_3,-0.4136602524194135,-0.5929122447441123
BMDP_OUT_34692,Cluster_2,-0.32216142062531083,0.2862845030059227
BMDP_OUT_34693,Cluster_2,-0.32216142062531083,0.2862845030059227
BMDP_OUT_34694,Cluster_2,-1.3936910195725751,-0.1385034339016799
BMDP_OUT_34695,Cluster_2,-1.3936910195725751,-0.1385034339016799
BMDP_OUT_34726,Cluster_1,1.7729344329548835,0.5347706889749089
BMDP_OUT_34727,Cluster_1,1.7729344329548835,0.5347706889749089
BMDP_OUT_34730,Cluster_3,0.10084789390699252,-0.5994064388817207
BMDP_OUT_34731,Cluster_3,0.10084789390699252,-0.5994064388817207
BMDP_OUT_35044,Cluster_2,0.05682901781029619,1.4857638043875083
BMDP_OUT_35045,Cluster_2,0.05682901781029619,1.4857638043875083
BMDP_OUT_35058,Cluster_1,1.1140495979886598,0.3097890118322111
BMDP_OUT_35059,Cluster_1,1.1140495979886598,0.3097890118322111
BMDP_OUT_35064,Cluster_1,1.3109558353099913,-0.1200902560592322
BMDP_OUT_35065,Cluster_1,1.3109558353099913,-0.1200902560592322
BMDP_OUT_35116,Cluster_1,1.3137050249799511,0.4839019785713522
BMDP_OUT_35117,Cluster_1,1.3137050249799511,0.4839019785713522
BMDP_OUT_35118,Cluster_2,-0.6495980855392617,0.8252415913541462
BMDP_OUT_35119,Cluster_2,-0.6495980855392617,0.8252415913541462
BMDP_OUT_35170,Cluster_3,-0.16798088332410835,-0.3532614685155725
BMDP_OUT_35171,Cluster_3,-0.16798088332410835,-0.3532614685155725
BMDP_OUT_35172,Cluster_3,0.3181161270017633,-0.5452170239816766
BMDP_OUT_35173,Cluster_3,0.3181161270017633,-0.5452170239816766
BMDP_OUT_35174,Cluster_3,0.10224622735281333,-0.2806786536800729
BMDP_OUT_35175,Cluster_3,0.10224622735281333,-0.2806786536800729
BMDP_OUT_35176,Cluster_3,0.44718877720831796,-0.036677843967999016
BMDP_OUT_35177,Cluster_3,0.44718877720831796,-0.036677843967999016
BMDP_OUT_35178,Cluster_1,0.7038991751653397,0.5284474196865968
BMDP_OUT_35179,Cluster_1,0.7038991751653397,0.5284474196865968
BMDP_OUT_35180,Cluster_3,-0.6175317181129821,-1.3977531953939721
BMDP_OUT_35181,Cluster_3,-0.6175317181129821,-1.3977531953939721
BMDP_OUT_35182,Cluster_1,0.7428244458388806,0.32556719288499325
BMDP_OUT_35183,Cluster_1,0.7428244458388806,0.32556719288499325
BMDP_OUT_35184,Cluster_3,-0.11450192627865921,-0.3824395458689669
BMDP_OUT_35185,Cluster_3,-0.11450192627865921,-0.3824395458689669
BMDP_OUT_35186,Cluster_2,-0.027421796508841884,1.6357443652555654
BMDP_OUT_35187,Cluster_2,-0.027421796508841884,1.6357443652555654
BMDP_OUT_35188,Cluster_3,-0.7659687953516636,-1.4039045626694622
BMDP_OUT_35189,Cluster_3,-0.7659687953516636,-1.4039045626694622
BMDP_OUT_35372,Cluster_3,-0.43517387071499003,-1.264650650968964
BMDP_OUT_3538,Cluster_3,0.020586373702730837,-0.8910459165022099
BMDP_OUT_35381,Cluster_2,-0.9179442670174129,0.526365155385591
BMDP_OUT_35382,Cluster_2,-0.9316554222641007,1.0060791179443849
BMDP_OUT_35383,Cluster_1,0.6100690719297757,0.9257453261043006
BMDP_OUT_35384,Cluster_1,1.1235323735390403,0.16195042279101352
BMDP_OUT_35385,Cluster_2,-0.8130734965899836,1.0965953913718574
BMDP_OUT_35386,Cluster_1,1.556534462194527,0.09579341488479663
BMDP_OUT_35387,Cluster_3,-0.6468841296270834,-1.5379539079424984
BMDP_OUT_35397,Cluster_2,-0.004523191204443694,0.6531873809725717
BMDP_OUT_355,Cluster_3,-0.06297273943637857,-1.0934438038691443
BMDP_OUT_35530,Cluster_2,-1.0835945104836275,0.8028866125759616
BMDP_OUT_35531,Cluster_3,-0.3985876586397872,-0.27056613540613206
BMDP_OUT_35537,Cluster_3,-0.3231574462130712,-0.6755619932635379
BMDP_OUT_35569,Cluster_1,0.487446684743003,1.1972795850556477
BMDP_OUT_35578,Cluster_1,1.1964021527017357,0.012805706033218747
BMDP_OUT_35579,Cluster_2,-0.7800591330607213,0.7798414753872122
BMDP_OUT_35580,Cluster_1,1.532824072574589,0.3681616241785427
BMDP_OUT_35623,Cluster_1,1.8573188009433652,0.4808724264562608
BMDP_OUT_35639,Cluster_2,-0.6550563467450182,0.30810449424106195
BMDP_OUT_35679,Cluster_1,1.1869276725602418,0.14637613485015427
BMDP_OUT_35692,Cluster_1,0.911587755072636,-0.3559575778023205
BMDP_OUT_35693,Cluster_3,0.18313569552455727,-0.7892011161364574
BMDP_OUT_35694,Cluster_1,0.5390311576416968,0.37085035610418515
BMDP_OUT_35695,Cluster_2,-0.29521033224927173,0.2878912662495956
BMDP_OUT_35696,Cluster_3,-0.3287902050838376,-1.2402301057127865
BMDP_OUT_35697,Cluster_3,0.21098541620956757,-0.80966926080006
BMDP_OUT_35698,Cluster_2,-0.9826275314235595,0.7824785331730869
BMDP_OUT_35699,Cluster_1,0.5083836973896725,0.745350510807154
BMDP_OUT_35700,Cluster_3,0.18212338436326236,-0.30729552124096327
BMDP_OUT_35772,Cluster_1,0.7449355664962171,0.9043871192613796
BMDP_OUT_35773,Cluster_1,1.462114975262185,0.33613983979333084
BMDP_OUT_35774,Cluster_2,-0.5558193465885214,0.695488192641263
BMDP_OUT_35778,Cluster_2,-0.652321720989982,0.44872404279594147
BMDP_OUT_35779,Cluster_3,-0.561063189743857,-0.12385670316343013
BMDP_OUT_35809,Cluster_2,-0.857179196700499,-0.042434170754504855
BMDP_OUT_35810,Cluster_2,-0.6025209592035947,0.905778466861903
BMDP_OUT_35811,Cluster_2,-0.5711001560183552,0.5466216926965077
BMDP_OUT_35812,Cluster_3,-0.5284468909171335,-0.9509766628178966
BMDP_OUT_35813,Cluster_1,0.49488512153067254,0.17365453227923783
BMDP_OUT_35814,Cluster_1,0.7333018777521796,0.20003185948302465
BMDP_OUT_35815,Cluster_3,-0.0049935271488502075,-0.6275280663781426
BMDP_OUT_35816,Cluster_2,-0.04382849426708593,0.770387305467987
BMDP_OUT_35817,Cluster_1,0.2648742187855794,-0.06874173902988641
BMDP_OUT_35896,Cluster_2,-0.6342732624542404,0.7438204087689073
BMDP_OUT_35897,Cluster_1,1.006024490118689,-0.0700530755124603
BMDP_OUT_35899,Cluster_2,-0.7199874237920156,0.31568062704762145
BMDP_OUT_35900,Cluster_3,-0.0028480530509125968,0.05295981462811926
BMDP_OUT_35901,Cluster_1,0.16935052952721352,1.5648882792116885
BMDP_OUT_35902,Cluster_2,-0.20022434484031384,0.4780060119014663
BMDP_OUT_35903,Cluster_1,0.7819042725023972,-0.2056677463812267
BMDP_OUT_35904,Cluster_3,0.04285435861518373,-0.7487095617600589
BMDP_OUT_36345,Cluster_1,0.16673052238606012,0.8612083293777876
BMDP_OUT_36346,Cluster_2,-0.6502756909431451,1.1234521198645322
BMDP_OUT_36347,Cluster_2,-1.0770148079418462,0.600159507297946
BMDP_OUT_36348,Cluster_3,-0.3403935953771403,-0.5640697219641692
BMDP_OUT_36350,Cluster_2,-0.40434220076180794,1.0878879582617345
BMDP_OUT_36351,Cluster_3,0.04585333663307323,-1.0670329421087341
BMDP_OUT_36352,Cluster_3,-0.29743374460705907,-0.17929922267926246
BMDP_OUT_36353,Cluster_3,-0.5947258976147457,-0.8841590450135463
BMDP_OUT_36354,Cluster_1,0.4874466847430029,1.1972795850556477
BMDP_OUT_36355,Cluster_3,-0.27468909527917806,-0.609568917638646
BMDP_OUT_36356,Cluster_3,-0.1755086868862127,-0.7889001556174361
BMDP_OUT_36357,Cluster_1,0.9800745025666635,0.9914659307187766
BMDP_OUT_36358,Cluster_3,-0.3800191982082678,-0.41265710192477967
BMDP_OUT_36359,Cluster_2,-0.04219650576227077,1.4645031255954106
BMDP_OUT_36360,Cluster_2,-0.5163819970435617,0.3818803971362333
BMDP_OUT_36532,Cluster_2,-1.2392104227616543,0.49527753684796527
BMDP_OUT_36533,Cluster_1,0.6932715701985358,-0.7033022099211503
BMDP_OUT_36534,Cluster_3,0.022564777690365315,-0.887385727452675
BMDP_OUT_36535,Cluster_3,-0.046836578830843995,0.0840816253644316
BMDP_OUT_36536,Cluster_2,-0.23242808179299837,0.5137345960021649
BMDP_OUT_36537,Cluster_3,-1.0028250127545801,-0.6824823609797573
BMDP_OUT_36538,Cluster_1,1.038662869170485,0.11790519189468916
BMDP_OUT_36539,Cluster_2,-0.45071230327215506,0.2661123261275812
BMDP_OUT_36540,Cluster_3,-0.5165782206005245,-0.29657197598094354
BMDP_OUT_36541,Cluster_3,0.04803688412845103,-0.4047669175308651
BMDP_OUT_36542,Cluster_2,-0.14602228125166902,0.13596875495591765
BMDP_OUT_36543,Cluster_1,1.1155882640361114,0.20862898653553702
BMDP_OUT_3663,Cluster_3,0.19063451974366385,-0.3569002791751653
BMDP_OUT_36659,Cluster_3,-0.544709851727282,-1.1506050874955343
BMDP_OUT_36660,Cluster_2,-1.0577165379130844,0.43099617485312436
BMDP_OUT_36661,Cluster_2,-0.9161744056953307,0.798389840083489
BMDP_OUT_36662,Cluster_2,-0.9206578327460098,0.18854851343866952
BMDP_OUT_36663,Cluster_1,0.916031641261712,-0.06341284478286618
BMDP_OUT_36716,Cluster_2,-0.8142897731559798,1.0971353057038826
BMDP_OUT_36717,Cluster_2,-0.89111478538263,1.1598489932910592
BMDP_OUT_36718,Cluster_3,0.12636259379882342,-0.22703960337705512
BMDP_OUT_36719,Cluster_3,-0.3042924505904201,-0.6893575617971038
BMDP_OUT_36860,Cluster_2,-1.1469617625589246,1.147139654953781
BMDP_OUT_36861,Cluster_3,-0.08307079010691965,-0.15140177920141196
BMDP_OUT_36900,Cluster_1,0.6105756634199395,-0.18141836723732496
BMDP_OUT_36901,Cluster_2,-1.056840027649596,0.6420147813000436
BMDP_OUT_36902,Cluster_2,-0.6564550948469136,1.038811519035347
BMDP_OUT_36925,Cluster_1,0.1218808016584851,0.6728744859614765
BMDP_OUT_36929,Cluster_1,1.1509851352823468,-0.4185626917781424
BMDP_OUT_36930,Cluster_3,0.3823129848380188,-0.20913991799736736
BMDP_OUT_36931,Cluster_3,0.3330223712742677,-0.7410903923266093
BMDP_OUT_36932,Cluster_1,2.008233774911611,0.5006845910193743
BMDP_OUT_36933,Cluster_1,1.0201697887047123,0.9689104837524335
BMDP_OUT_36934,Cluster_3,0.02532659465625023,-0.22241284290419966
BMDP_OUT_36948,Cluster_3,0.4114921811941725,-0.20583411834953613
BMDP_OUT_36967,Cluster_1,0.5351983068937736,-0.43051617178119084
BMDP_OUT_36968,Cluster_3,-0.4422378701677113,-0.20969642647761969
BMDP_OUT_36969,Cluster_3,-0.5602362459990818,-0.4625653964554298
BMDP_OUT_37025,Cluster_2,-0.9935843355041303,0.41419883722325757
BMDP_OUT_37026,Cluster_2,-0.2532474875239774,0.37563239486503786
BMDP_OUT_37079,Cluster_3,-0.5006911134435783,-0.7582626112176841
BMDP_OUT_37104,Cluster_1,1.1106966781558092,0.16279748447346232
BMDP_OUT_37109,Cluster_3,-0.5935264104095543,-1.3177686316504595
BMDP_OUT_37110,Cluster_2,-0.9794822116742736,0.5887593954536735
BMDP_OUT_37111,Cluster_1,1.083271011293765,0.3609842681190716
BMDP_OUT_37133,Cluster_2,-0.26442698698451383,1.050815152814516
BMDP_OUT_37168,Cluster_3,-0.2907152996838831,-0.5895330632131682
BMDP_OUT_37170,Cluster_1,1.0995428463916004,0.9721725484073506
BMDP_OUT_37171,Cluster_2,-0.2574709036409564,0.1521492625774622
BMDP_OUT_37172,Cluster_1,1.2543961120900122,1.0949921374024547
BMDP_OUT_37177,Cluster_2,-0.8786630632742529,-0.1973430496005471
BMDP_OUT_37180,Cluster_3,-0.46007830349185097,-0.5447142117315688
BMDP_OUT_37183,Cluster_3,-0.04334348349466108,-0.39100412273252116
BMDP_OUT_37193,Cluster_2,-1.4011090177575194,-0.1802725420186841
BMDP_OUT_37196,Cluster_3,0.04232160268349802,-0.9453641766997972
BMDP_OUT_37251,Cluster_3,0.3069466355874271,-0.4261865804238249
BMDP_OUT_37324,Cluster_1,0.5894427514866851,0.8484053278319702
BMDP_OUT_37325,Cluster_3,0.019844283318287692,-0.3313196439496003
BMDP_OUT_37326,Cluster_3,-0.03092700963357417,-0.3199944214436924
BMDP_OUT_37370,Cluster_3,-0.3190823838513641,-0.2265432684892495
BMDP_OUT_37371,Cluster_2,-0.49945884455277945,0.26572400893952164
BMDP_OUT_37372,Cluster_2,-1.3716325074610565,-0.32093809176255195
BMDP_OUT_37373,Cluster_2,-0.5223543472184659,0.012976326005836453
BMDP_OUT_37374,Cluster_1,1.2944063487108146,0.1664336465505355
BMDP_OUT_37375,Cluster_3,-0.711140741830325,-1.3581794488695578
BMDP_OUT_37376,Cluster_2,-0.6973977236488429,0.7145175050269564
BMDP_OUT_37377,Cluster_3,-0.7568823062941841,-0.7971432909236303
BMDP_OUT_37423,Cluster_3,-0.3403906191238708,-0.0149641398114857
BMDP_OUT_37467,Cluster_1,1.4213357301778213,0.41452505907754666
BMDP_OUT_37468,Cluster_1,1.266440005196406,-0.42869798273124415
BMDP_OUT_37469,Cluster_2,-0.5765284858622949,0.9615648311680948
BMDP_OUT_37470,Cluster_3,0.060805840401366884,-0.6889094622258104
BMDP_OUT_37471,Cluster_1,0.8121197173867527,-0.010794311352681829
BMDP_OUT_37498,Cluster_1,1.0449384202217846,-0.02263640880123516
BMDP_OUT_37499,Cluster_2,-0.5053041680077939,0.9302022753245688
BMDP_OUT_37510,Cluster_1,0.8716649099139899,1.0750389397197928
BMDP_OUT_37542,Cluster_2,-0.8053332633295381,0.5979371010287472
BMDP_OUT_37553,Cluster_3,-0.13254699775364262,-0.3421149982861013
BMDP_OUT_37554,Cluster_3,-0.1967327365069864,-0.5982982467568396
BMDP_OUT_37555,Cluster_1,0.3945256888277704,0.31614194525146655
BMDP_OUT_37624,Cluster_2,0.07562269555353168,0.6260784207746743
BMDP_OUT_37625,Cluster_3,-0.41853692621003635,-0.502112513013567
BMDP_OUT_37626,Cluster_3,0.6151056145909753,-0.6089379557706792
BMDP_OUT_37627,Cluster_3,0.311370420177975,-0.31767437071468146
BMDP_OUT_37628,Cluster_1,0.7801150654738123,0.13929402540646157
BMDP_OUT_37629,Cluster_3,-0.2359872535590278,-0.5345438387620537
BMDP_OUT_37630,Cluster_2,-1.2631005983612322,0.31078779661271155
BMDP_OUT_37631,Cluster_2,0.30864052606803366,1.3385655773828007
BMDP_OUT_37632,Cluster_1,0.71733533742227,0.015716921789177885
BMDP_OUT_37693,Cluster_3,0.21739359085697169,-0.15859340845826903
BMDP_OUT_37694,Cluster_3,0.532418409479645,-0.23412926661057198
BMDP_OUT_37695,Cluster_1,1.2955120102650408,0.20374201455051272
BMDP_OUT_37696,Cluster_3,-0.5824522877774796,-1.3391112808332188
BMDP_OUT_37697,Cluster_3,-0.35318197550582364,-0.6057357429826319
BMDP_OUT_37698,Cluster_3,0.4875170775241946,-0.3417021995282089
BMDP_OUT_37699,Cluster_2,-0.9719812580866576,0.239803117993158
BMDP_OUT_37700,Cluster_1,0.8378937475376297,1.3070292244917383
BMDP_OUT_37701,Cluster_1,0.5926288574792987,-0.24545856816477024
BMDP_OUT_37721,Cluster_1,0.1510666195691569,1.4537516233256
BMDP_OUT_37731,Cluster_3,-0.4704339720700307,-1.3017322815877341
BMDP_OUT_37732,Cluster_3,-0.09241225608119577,-0.6722767089144142
BMDP_OUT_37748,Cluster_1,1.4253457994732213,0.3412171822771963
BMDP_OUT_37794,Cluster_3,-0.2240669779883858,-0.4226662656760207
BMDP_OUT_37795,Cluster_2,-0.7608877588635191,0.5250410190523139
BMDP_OUT_37796,Cluster_2,-0.8390664090146067,0.6595969026311911
BMDP_OUT_37797,Cluster_3,-0.06681034354527327,-0.08268629600368292
BMDP_OUT_37821,Cluster_2,-1.0071757485117654,1.0845289538473355
BMDP_OUT_37825,Cluster_1,0.44992138713728547,0.008622056491610117
BMDP_OUT_37826,Cluster_2,-1.187974781208377,-0.13058850323184423
BMDP_OUT_37827,Cluster_3,-0.15008679467253158,-0.30824092246543555
BMDP_OUT_37828,Cluster_3,-0.39837491930237323,-0.13042173801808776
BMDP_OUT_37909,Cluster_1,0.9734982288893397,0.1973295116674616
BMDP_OUT_37969,Cluster_3,0.12606428932493557,-0.3197786671108705
BMDP_OUT_37970,Cluster_3,0.1342284424488396,-0.3700691496397949
BMDP_OUT_37971,Cluster_3,0.2815354440481599,-0.6135032721412509
BMDP_OUT_37972,Cluster_2,-0.6109061538690419,0.8533657527604975
BMDP_OUT_3808,Cluster_1,0.8674377407432163,0.9341418870313728
BMDP_OUT_38131,Cluster_2,-0.22134899463721455,0.4173582723519621
BMDP_OUT_38132,Cluster_2,-0.8288641538739734,0.756477494383312
BMDP_OUT_38133,Cluster_2,-0.6061264594707828,0.42630409216558196
BMDP_OUT_38134,Cluster_3,-0.33069734826045416,-0.7507469907078024
BMDP_OUT_38135,Cluster_2,-0.9357328649436516,0.12901742936286453
BMDP_OUT_38173,Cluster_3,0.041228790611604824,-0.8281304575791044
BMDP_OUT_38174,Cluster_1,0.9830077017826669,0.13788885451726662
BMDP_OUT_38175,Cluster_3,0.2704915678786014,-0.7420372011267226
BMDP_OUT_38176,Cluster_3,0.40517932516670585,-0.12241619489612364
BMDP_OUT_38177,Cluster_2,0.21363785102018473,0.5219684581765258
BMDP_OUT_38248,Cluster_3,0.166920840901441,-0.826077079087269
BMDP_OUT_38249,Cluster_3,0.2815173326643017,-0.557911769464734
BMDP_OUT_38250,Cluster_3,-0.327863681972116,-0.8574225845060184
BMDP_OUT_38251,Cluster_1,0.8841197190691501,-0.5248707287630074
BMDP_OUT_38252,Cluster_1,0.8953967246815386,0.11164047851414786
BMDP_OUT_38253,Cluster_1,0.6345364133459951,-0.07006308120284357
BMDP_OUT_38256,Cluster_3,0.0038585636466012263,-0.41035759397659716
BMDP_OUT_38260,Cluster_1,0.8741929122967623,0.16608245942055472
BMDP_OUT_38278,Cluster_1,1.0932149592418772,1.0614074300757204
BMDP_OUT_38280,Cluster_3,-0.5123533131604641,-1.3040423840051152
BMDP_OUT_3832,Cluster_3,0.646915985198396,-0.8690713321346293
BMDP_OUT_3833,Cluster_3,-0.022768359698687818,-0.8613492150063892
BMDP_OUT_38332,Cluster_2,-0.0997257446913016,0.5941169749506464
BMDP_OUT_38337,Cluster_3,0.14407965826325353,-0.34086206758631055
BMDP_OUT_38424,Cluster_2,-0.6906487152070335,1.054040520389644
BMDP_OUT_38425,Cluster_1,0.4639090064168404,-0.10831242448170494
BMDP_OUT_38426,Cluster_2,-0.8131163802747811,0.4019128164216256
BMDP_OUT_38427,Cluster_2,-0.8657056410104849,0.13157157690924492
BMDP_OUT_38532,Cluster_1,0.8021932891097527,0.8849928577832887
BMDP_OUT_38533,Cluster_2,0.31063952143436935,0.7631341269829214
BMDP_OUT_38534,Cluster_2,-0.5245635292071432,-0.045706332876061406
BMDP_OUT_38535,Cluster_3,0.3037464529654115,-0.055657927186922224
BMDP_OUT_38536,Cluster_1,0.19527788526149137,1.232090113908996
BMDP_OUT_38553,Cluster_3,-0.1737868951231322,-0.4513859150804938
BMDP_OUT_38555,Cluster_2,-0.8130404889320715,1.0407155004320945
BMDP_OUT_38556,Cluster_2,-1.004923187540114,0.4667074331721244
BMDP_OUT_38580,Cluster_2,-0.8138237546821655,0.5717547157425525
BMDP_OUT_38596,Cluster_3,-0.6786058502446644,-1.034123121735833
BMDP_OUT_38741,Cluster_1,0.33776415785361275,1.059890676950263
BMDP_OUT_38742,Cluster_2,-1.0415509153523412,0.7749185633004966
BMDP_OUT_38743,Cluster_2,-0.8398842626894818,1.2007386402264053
BMDP_OUT_38744,Cluster_2,-0.7673524057632432,-0.15665396279566557
BMDP_OUT_38745,Cluster_1,0.9432341491650678,1.0320426589829876
BMDP_OUT_38746,Cluster_1,0.9998805452392099,0.15712630659867266
BMDP_OUT_38747,Cluster_3,-0.4196835470939162,0.0012156054251546977
BMDP_OUT_38748,Cluster_1,1.4561167653772804,0.19132880255080936
BMDP_OUT_38749,Cluster_2,-1.0544027870678228,0.8341299198459101
BMDP_OUT_38750,Cluster_3,-0.43658449621047335,-1.0006276386294952
BMDP_OUT_38751,Cluster_2,-0.7977089079054284,1.0148890080229098
BMDP_OUT_38752,Cluster_3,0.2133088113950239,-0.9205029659525975
BMDP_OUT_38753,Cluster_2,-0.7482743220439636,0.6421953501196787
BMDP_OUT_38754,Cluster_1,0.3700156550796453,1.2543879623011818
BMDP_OUT_38755,Cluster_3,0.2924300903217877,-0.26418868603965223
BMDP_OUT_38756,Cluster_2,-0.0011031805931686345,0.21699490613956107
BMDP_OUT_38757,Cluster_2,-1.0414340972034388,0.9257672828382925
BMDP_OUT_38856,Cluster_2,-0.6130313459213667,0.2856802653616248
BMDP_OUT_38857,Cluster_2,-0.9245550266373981,1.1209153466266437
BMDP_OUT_38859,Cluster_3,0.03956792336747836,-0.45678274592470974
BMDP_OUT_38860,Cluster_3,-0.8758075213736831,-0.33446156681654426
BMDP_OUT_38861,Cluster_2,-1.3689556418555298,0.913452432751697
BMDP_OUT_38862,Cluster_1,0.41075397134028924,1.0237219784403333
BMDP_OUT_38863,Cluster_3,0.1399453374386002,-0.11759808300374851
BMDP_OUT_38864,Cluster_3,0.11035906883274907,-0.8060057781297626
BMDP_OUT_38865,Cluster_3,-0.43366419075842944,-0.3046891742547887
BMDP_OUT_38866,Cluster_2,-0.9878319049724233,0.884242007358579
BMDP_OUT_38867,Cluster_1,1.2916898698253987,-0.20369152299864685
BMDP_OUT_38868,Cluster_3,-0.09410209942733891,-0.4817115844903587
BMDP_OUT_38990,Cluster_2,0.10407381329295447,0.046705804714820595
BMDP_OUT_38991,Cluster_3,-0.6376169481382017,-1.1972781546196387
BMDP_OUT_38992,Cluster_3,0.04083838742117997,-0.5835887326015935
BMDP_OUT_38993,Cluster_3,-0.03847720805818608,-0.23981976460456078
BMDP_OUT_38994,Cluster_3,-0.8679089888536782,-0.3437676285507047
BMDP_OUT_38996,Cluster_1,1.7801724746899343,0.09309771612381455
BMDP_OUT_38997,Cluster_3,0.3084751858206375,-0.4030177275175509
BMDP_OUT_39028,Cluster_3,-0.5779932037785203,-0.347502539606067
BMDP_OUT_39029,Cluster_2,-1.0996126692501667,0.29089326095285994
BMDP_OUT_39065,Cluster_2,-0.3708994487017523,0.542665337115917
BMDP_OUT_39079,Cluster_3,-0.5307470035126487,-1.1844137144775995
BMDP_OUT_39080,Cluster_2,-1.0153583496165541,0.49275056529686767
BMDP_OUT_39081,Cluster_3,0.43277345017004987,-0.11154456789498315
BMDP_OUT_39082,Cluster_3,-0.3842368097818817,-1.0960811823559693
BMDP_OUT_39164,Cluster_3,-0.38644632485555164,-0.9915941476120157
BMDP_OUT_39165,Cluster_2,-0.1874468806764004,0.45885289277499497
BMDP_OUT_39166,Cluster_1,1.318777249168921,0.2246518237876728
BMDP_OUT_39167,Cluster_1,1.1383869022339363,0.2771306871439136
BMDP_OUT_39168,Cluster_3,-0.40909255054001803,-0.9234977117206495
BMDP_OUT_39169,Cluster_3,0.21183371897165953,-0.826903346744205
BMDP_OUT_39200,Cluster_1,1.1236949825722171,-0.12663118882211843
BMDP_OUT_39201,Cluster_1,1.0216430863719308,0.10817912356561817
BMDP_OUT_39328,Cluster_2,-0.007445863241306833,0.5824810974860787
BMDP_OUT_39329,Cluster_3,-0.09389132711051454,-0.5779657074839896
BMDP_OUT_39330,Cluster_3,-0.7905490591417972,-0.6307361420055914
BMDP_OUT_39331,Cluster_2,-0.6740503485554962,0.08940254872937824
BMDP_OUT_39332,Cluster_3,-0.05403918568254856,-0.47100313809566235
BMDP_OUT_39333,Cluster_1,0.523432594136892,-0.5409919649325688
BMDP_OUT_39334,Cluster_3,0.25731045437583133,0.0788650117854162
BMDP_OUT_39335,Cluster_3,-0.058751923576965376,-0.3727470335125185
BMDP_OUT_39336,Cluster_3,-0.22635383965272396,-0.6566190058685427
BMDP_OUT_39337,Cluster_3,0.24481594603415494,-0.19037297650392332
BMDP_OUT_39399,Cluster_1,0.9492092846283863,0.8313389716386813
BMDP_OUT_39401,Cluster_1,1.0253358107694905,-0.012697095584915927
BMDP_OUT_39402,Cluster_1,1.7374256372101227,0.420921761524511
BMDP_OUT_39403,Cluster_3,0.2870093235156461,-0.5529964452682049
BMDP_OUT_39404,Cluster_1,1.07405907033253,-0.028809152184910494
BMDP_OUT_39439,Cluster_3,-0.04225727563887924,-0.46183955768546164
BMDP_OUT_39440,Cluster_3,0.0761970010238035,-0.2786332893798095
BMDP_OUT_39441,Cluster_1,1.0374885443027708,0.15519308487817945
BMDP_OUT_39442,Cluster_3,0.34431251012000774,-0.2653173014810738
BMDP_OUT_39448,Cluster_2,0.2069494953141595,0.5441498842564784
BMDP_OUT_39449,Cluster_1,0.8676112664011952,-0.10438258126446189
BMDP_OUT_39450,Cluster_3,-0.5344646368350738,-0.575137919444413
BMDP_OUT_39483,Cluster_2,-0.19697196659567437,0.4232351364121506
BMDP_OUT_39484,Cluster_1,0.661537093506235,-0.23207564126643693
BMDP_OUT_39494,Cluster_3,0.4577846079312813,-0.16862473411916246
BMDP_OUT_39495,Cluster_1,0.4352935895698107,0.922679740731971
BMDP_OUT_39496,Cluster_2,-0.5175801193858933,0.5150401078225936
BMDP_OUT_39497,Cluster_2,-0.8865910747684993,0.856424112814749
BMDP_OUT_39561,Cluster_3,-0.12728322061312783,-0.6705337920255083
BMDP_OUT_39567,Cluster_3,-0.1803388243348877,-0.7850622612219561
BMDP_OUT_39568,Cluster_2,-0.5508604852819342,0.7294101402727468
BMDP_OUT_39569,Cluster_2,-0.9880525366687363,0.7603067483209097
BMDP_OUT_39570,Cluster_1,0.47974186860332535,0.27980272624914915
BMDP_OUT_39571,Cluster_2,-1.0649095290766606,-0.2295587515870997
BMDP_OUT_39572,Cluster_3,-0.07888824791708601,-0.4480940120634086
BMDP_OUT_39573,Cluster_2,-0.9948246852990728,0.4443108452033514
BMDP_OUT_39574,Cluster_2,-0.718851125509857,0.5559776061753895
BMDP_OUT_39575,Cluster_3,-0.24835111278681485,-0.8630510260025396
BMDP_OUT_3958,Cluster_3,-0.8172007781668884,-0.7032590073373765
BMDP_OUT_3959,Cluster_3,0.03897615960475133,-0.34663343083841097
BMDP_OUT_3960,Cluster_1,0.886324976685058,0.0060226425081872925
BMDP_OUT_3961,Cluster_1,0.8839523435563299,-0.3013414630173971
BMDP_OUT_3962,Cluster_1,1.721580173858282,0.3837093974116517
BMDP_OUT_39623,Cluster_3,-0.49216983087315025,-0.5350633781182604
BMDP_OUT_3963,Cluster_2,-1.031651755494496,1.2303843808793664
BMDP_OUT_3964,Cluster_2,0.12998751617363297,1.1314925378781717
BMDP_OUT_3966,Cluster_1,1.6215929496203716,-0.05096022815467567
BMDP_OUT_3967,Cluster_3,-0.2896954008574265,-0.7351324412653445
BMDP_OUT_3968,Cluster_3,0.05701481650590676,-0.053584058233014265
BMDP_OUT_39682,Cluster_1,0.6426713039133031,0.5359557271759808
BMDP_OUT_3969,Cluster_3,-0.011339239382444188,-0.4090236516014042
BMDP_OUT_3970,Cluster_2,-0.6057140495944334,1.0369856251028629
BMDP_OUT_3971,Cluster_2,-1.1469557275137534,0.548669247590548
BMDP_OUT_3972,Cluster_2,0.009366174550539258,1.4026957344968831
BMDP_OUT_3973,Cluster_3,-0.6091136717478367,-0.7340970864619538
BMDP_OUT_3974,Cluster_3,-0.021200728902556726,-0.8229386893305753
BMDP_OUT_39769,Cluster_3,-0.19491600560024633,-0.9054507177581105
BMDP_OUT_39805,Cluster_2,-1.2287314226105652,-0.06484691335765756
BMDP_OUT_39808,Cluster_2,-1.3081055118953395,0.011491530735670955
BMDP_OUT_39809,Cluster_1,0.3373002330743885,1.0823655314183664
BMDP_OUT_39842,Cluster_3,-0.09566122381009548,-0.29399816445710564
BMDP_OUT_39843,Cluster_3,-0.8587362774634411,-0.8653389791090326
BMDP_OUT_39844,Cluster_3,0.2637167175731938,-0.020087986840278946
BMDP_OUT_39933,Cluster_2,-0.5081353804810713,0.6494009006085106
BMDP_OUT_39981,Cluster_3,-0.0036584192651074043,-1.1036867265698374
BMDP_OUT_40039,Cluster_3,0.1616850408555404,-0.7998869631245294
BMDP_OUT_40040,Cluster_3,0.05447006725771321,-0.4665819823715528
BMDP_OUT_40063,Cluster_2,-0.5754252045577869,0.07124046213983475
BMDP_OUT_40064,Cluster_3,-0.5382300510045795,-0.0981598480457629
BMDP_OUT_40192,Cluster_1,0.33776415785361275,1.059890676950263
BMDP_OUT_40198,Cluster_2,-0.860532265815605,0.070443072824271
BMDP_OUT_40269,Cluster_2,-0.9492480012436837,1.0757929849746148
BMDP_OUT_40286,Cluster_3,0.1587182078699988,-0.41754728303894006
BMDP_OUT_40287,Cluster_2,-1.2134630977748768,0.25629686690906006
BMDP_OUT_40288,Cluster_1,0.28549076567968634,0.11793784772966291
BMDP_OUT_40363,Cluster_3,-0.04769922610496899,-0.7390196715400358
BMDP_OUT_40364,Cluster_2,-0.7216448095666038,0.744291441056934
BMDP_OUT_40365,Cluster_3,0.2569731981183357,-0.17672622012980416
BMDP_OUT_40366,Cluster_1,1.4044684302232424,0.22349402798064372
BMDP_OUT_40367,Cluster_1,0.8391485266325507,0.4387808567574589
BMDP_OUT_40382,Cluster_2,-0.8328272622214615,0.9098802009845125
BMDP_OUT_40383,Cluster_2,-1.051388408377319,-0.004753712820947012
BMDP_OUT_40384,Cluster_1,1.6912044978380358,0.42225434959368835
BMDP_OUT_40385,Cluster_2,-0.3739860472172828,-0.08243999677953696
BMDP_OUT_40386,Cluster_1,1.4253457994732213,0.3412171822771963
BMDP_OUT_40387,Cluster_1,0.9693495982039929,-0.03196135852664461
BMDP_OUT_40468,Cluster_3,-0.43228930857514725,-1.4073280304270348
BMDP_OUT_40469,Cluster_2,-0.6547463204637214,-0.18038116076708965
BMDP_OUT_40471,Cluster_2,-0.8979544880735109,0.7561870456641704
BMDP_OUT_40482,Cluster_3,-0.23548943046396162,-0.8297139568514844
BMDP_OUT_40486,Cluster_2,-1.2337403981917128,0.47760816595941546
BMDP_OUT_40489,Cluster_3,0.2796813138620946,-0.3942531032990686
BMDP_OUT_40490,Cluster_3,-0.5159319354531965,-0.8585681128851764
BMDP_OUT_40496,Cluster_2,-1.1346908307641301,0.485547587593699
BMDP_OUT_4050,Cluster_2,-1.323199223723184,0.44127703610322333
BMDP_OUT_40505,Cluster_1,0.4629149544761967,0.8102482295385952
BMDP_OUT_40567,Cluster_1,1.1345434003007593,0.23157284048738608
BMDP_OUT_40568,Cluster_1,0.9704915577833515,-0.19936672925593113
BMDP_OUT_40569,Cluster_1,0.7003684810909119,-0.015289022988051224
BMDP_OUT_40570,Cluster_3,-0.1402499167794611,0.06303592140459806
BMDP_OUT_40571,Cluster_3,0.8533795433169913,-0.5825697923845446
BMDP_OUT_40572,Cluster_2,-0.2706231990641741,0.3485421245298043
BMDP_OUT_40599,Cluster_3,-0.48461775452230316,-0.8952486314099833
BMDP_OUT_40600,Cluster_3,-0.5592868011229857,-0.615522448267438
BMDP_OUT_40649,Cluster_1,0.4857597919186757,0.1376170734625698
BMDP_OUT_40659,Cluster_1,0.7707304145300212,0.03009897330362722
BMDP_OUT_40669,Cluster_3,-0.3364194961426217,-0.9702975575828249
BMDP_OUT_40672,Cluster_3,0.6531302665009573,-0.2735300928647349
BMDP_OUT_40679,Cluster_2,0.15636275348655798,0.2649213660756397
BMDP_OUT_40704,Cluster_1,1.18950964546184,-0.277167722144198
BMDP_OUT_40705,Cluster_2,-0.9446655569944094,0.7921683335307547
BMDP_OUT_40706,Cluster_2,-0.6486551847002183,0.4224164819371258
BMDP_OUT_40707,Cluster_1,0.8685722495183636,-0.1652233645015273
BMDP_OUT_40733,Cluster_2,-1.1411396061346935,0.4144734538967033
BMDP_OUT_40734,Cluster_3,0.41536882156662247,-0.16007499378823536
BMDP_OUT_40735,Cluster_2,-0.2602827205784679,0.5511537234592697
BMDP_OUT_40736,Cluster_3,0.18463678382646959,-0.3212885392870514
BMDP_OUT_4075,Cluster_3,-0.2542081794140568,-0.5109923530637093
BMDP_OUT_40752,Cluster_1,1.4253457994732213,0.3412171822771963
BMDP_OUT_40754,Cluster_3,-0.28848303561260924,-0.18231859651451388
BMDP_OUT_4076,Cluster_3,0.36671476907586786,0.138055213923425
BMDP_OUT_4077,Cluster_2,-0.027451511581672222,0.599379741107242
BMDP_OUT_40777,Cluster_3,0.13478027454875294,-0.6072309301664159
BMDP_OUT_40792,Cluster_2,-0.28404855984228317,0.5374417983805088
BMDP_OUT_40805,Cluster_2,-0.5176877603361366,0.48602337807344687
BMDP_OUT_40806,Cluster_3,0.37886951871372326,-0.46158538295999657
BMDP_OUT_40807,Cluster_3,0.2195270729138981,-0.6994739769237707
BMDP_OUT_40808,Cluster_3,0.5555642923027698,-0.015821276838056994
BMDP_OUT_40809,Cluster_1,0.6297611398534385,-0.45175345070303
BMDP_OUT_40815,Cluster_3,-0.06026392853642315,-0.7013649157047446
BMDP_OUT_40816,Cluster_1,0.6158942223044427,0.10647623208504557
BMDP_OUT_40827,Cluster_3,0.2840968617146503,-0.7734632570225758
BMDP_OUT_40831,Cluster_2,-0.7309282658389017,1.2196445511135499
BMDP_OUT_40849,Cluster_1,1.0789575689531345,0.2345385972475687
BMDP_OUT_40862,Cluster_3,-0.2640732156879648,-0.3035241541039415
BMDP_OUT_40863,Cluster_2,-0.9556302462407626,0.7702933955330571
BMDP_OUT_40952,Cluster_1,0.9630896609366559,-0.1949665156916956
BMDP_OUT_40953,Cluster_2,0.06581045287254916,0.6615421772640955
BMDP_OUT_40954,Cluster_2,-0.4009909684405589,-0.05890776927571668
BMDP_OUT_40955,Cluster_2,-0.164291148372276,0.22322693792837267
BMDP_OUT_40956,Cluster_1,1.4484171846018894,-0.31120839739807493
BMDP_OUT_40957,Cluster_2,-0.06652916004306772,0.3164693461349993
BMDP_OUT_40958,Cluster_3,0.2650679339231199,-0.08184423852416219
BMDP_OUT_40959,Cluster_1,1.275210417052873,0.19942604238646955
BMDP_OUT_40960,Cluster_2,-0.999686298510696,0.4842022798630795
BMDP_OUT_40961,Cluster_3,-0.6711952709104582,-0.5602486815915915
BMDP_OUT_40962,Cluster_1,1.001067265079907,0.329913265276329
BMDP_OUT_40988,Cluster_1,1.4986957778938388,-0.26246551789421735
BMDP_OUT_40989,Cluster_2,-0.9949461343375723,0.960915762676985
BMDP_OUT_40990,Cluster_1,1.6382142057181377,0.6324373832169286
BMDP_OUT_41013,Cluster_2,-0.8096528249060267,0.4732025081241007
BMDP_OUT_41014,Cluster_3,-0.26261101838821266,-0.8281428600625578
BMDP_OUT_41034,Cluster_3,0.4580612193344826,-0.2159225844740104
BMDP_OUT_41035,Cluster_3,0.7636855556280606,-0.26601179463763486
BMDP_OUT_41036,Cluster_3,-0.6376863036331077,-0.23291128109919812
BMDP_OUT_41087,Cluster_2,-1.3187354943621965,0.2616694045499496
BMDP_OUT_41088,Cluster_1,0.9171394383098322,-0.05796045285235238
BMDP_OUT_41089,Cluster_3,0.19494464699996183,-0.47311714450056236
BMDP_OUT_41090,Cluster_3,-0.2863192652939328,-0.35159317633956827
BMDP_OUT_41091,Cluster_2,-1.0305389386039532,-0.016651191290749198
BMDP_OUT_41110,Cluster_3,-0.7586916162200074,-1.2344971415705095
BMDP_OUT_41111,Cluster_3,-0.7967768283713376,-0.607258422009976
BMDP_OUT_41112,Cluster_3,0.29619900702925517,-0.734042781480323
BMDP_OUT_41122,Cluster_2,-0.39866448391058495,0.2808179243538861
BMDP_OUT_41123,Cluster_3,0.36325483128618224,-0.7166128602911146
BMDP_OUT_41128,Cluster_1,1.4436256610641052,0.39884460400896704
BMDP_OUT_41129,Cluster_3,0.4050212153600192,-0.03908045995315447
BMDP_OUT_41135,Cluster_3,-0.030688267969300825,-0.5545447736247551
BMDP_OUT_41148,Cluster_2,-0.6296861333159847,0.8439091695677662
BMDP_OUT_41153,Cluster_3,0.6211732155189063,-0.48934199293149805
BMDP_OUT_41176,Cluster_1,0.45084696020513326,0.406163634912016
BMDP_OUT_41212,Cluster_1,0.9576131638817567,0.19651125308658063
BMDP_OUT_41216,Cluster_3,0.4824357289362494,-0.1118740902058237
BMDP_OUT_41224,Cluster_1,0.8490470806017689,0.1032994840471015
BMDP_OUT_41246,Cluster_2,-1.0042909267889246,0.6370807210343645
BMDP_OUT_41267,Cluster_2,-0.6735942230019457,0.49895813782284437
BMDP_OUT_41304,Cluster_3,0.19645360037232248,-0.46289813892374865
BMDP_OUT_41306,Cluster_1,0.7613233088116127,-0.28114300144976795
BMDP_OUT_41330,Cluster_3,-0.6461576743592927,-0.26587212337273086
BMDP_OUT_41331,Cluster_2,-1.425863178604853,0.47604665360123233
BMDP_OUT_41332,Cluster_2,-0.9222674235822108,0.23143637989618593
BMDP_OUT_41416,Cluster_2,-0.8716718569064332,0.2752229761732209
BMDP_OUT_41417,Cluster_3,0.7573902008388039,-0.16805271851909975
BMDP_OUT_41418,Cluster_2,-0.6690182220356576,0.6114397378251835
BMDP_OUT_41419,Cluster_3,-0.6866798393592921,-1.1646841171259152
BMDP_OUT_41420,Cluster_2,-0.7710435932478445,-0.10858249990777975
BMDP_OUT_41421,Cluster_3,0.1285497497758154,-0.6253972775692738
BMDP_OUT_41422,Cluster_3,-0.45422496892863196,0.06537546576851776
BMDP_OUT_41502,Cluster_2,-0.8229996104883993,0.4675988581507471
BMDP_OUT_41549,Cluster_2,-0.8402123380349409,0.5213410308030325
BMDP_OUT_41550,Cluster_3,-0.748602170685061,-1.0194532692411542
BMDP_OUT_41551,Cluster_2,-0.30528562392251357,0.2740743140196049
BMDP_OUT_41576,Cluster_1,1.1553730160745435,0.2726416421693571
BMDP_OUT_41577,Cluster_3,-0.21673592073567385,-0.5290300360950887
BMDP_OUT_41578,Cluster_2,0.17848020739134207,0.6283240921497486
BMDP_OUT_41579,Cluster_2,-1.0744484432336052,0.8506291721188104
BMDP_OUT_41583,Cluster_1,0.5668509809005248,-0.10796981469627019
BMDP_OUT_41729,Cluster_2,-0.9300073606044525,1.154383537820297
BMDP_OUT_41730,Cluster_2,-1.169040163041522,0.3940080638790615
BMDP_OUT_41731,Cluster_2,-0.8814487738630545,0.46316290565680507
BMDP_OUT_41732,Cluster_3,-0.7765729471871406,-1.139074718933426
BMDP_OUT_41733,Cluster_3,-0.3698783791495087,-0.8928960597080166
BMDP_OUT_41734,Cluster_2,-0.7753577449952437,0.5561378117518572
BMDP_OUT_41735,Cluster_2,-0.5742085641369018,-0.031005823487887038
BMDP_OUT_41753,Cluster_1,0.3137872408712885,0.5662251063199711
BMDP_OUT_41768,Cluster_1,0.7909615022424189,0.04161375535687013
BMDP_OUT_41769,Cluster_1,1.1224630822993604,0.35851002256781334
BMDP_OUT_41770,Cluster_3,-0.7500261109825125,-0.7861705229152551
BMDP_OUT_41771,Cluster_1,0.4269133863966228,0.06578971360558104
BMDP_OUT_41772,Cluster_3,0.38730790036550933,-0.6144280087824289
BMDP_OUT_41773,Cluster_3,-0.3838120994667539,-1.2583925905733482
BMDP_OUT_41884,Cluster_2,-0.3844147878700076,0.03789600664428543
BMDP_OUT_41885,Cluster_1,0.730949434713198,0.5744887560967996
BMDP_OUT_41886,Cluster_3,-0.21553903275560846,-1.0108800978378956
BMDP_OUT_41887,Cluster_2,-0.33007827602662576,0.25088854824754764
BMDP_OUT_41888,Cluster_3,-0.2696244548639273,-0.5521826103132609
BMDP_OUT_41889,Cluster_3,-0.6618686690287254,-0.2769068559481766
BMDP_OUT_41890,Cluster_3,0.25160364421024606,-0.6812252876276254
BMDP_OUT_41891,Cluster_2,-0.038634552621460955,0.31933338930003896
BMDP_OUT_41892,Cluster_2,-0.5630265855673944,0.8429732584975834
BMDP_OUT_41893,Cluster_2,-1.1067648924987867,0.45545499692961344
BMDP_OUT_41894,Cluster_1,1.0812366731862553,0.28964230838903265
BMDP_OUT_41895,Cluster_3,0.48233489778722083,-0.8937409817808667
BMDP_OUT_41896,Cluster_3,-0.005110354220881325,-0.9829211828979448
BMDP_OUT_41897,Cluster_1,1.0027393312931554,-0.32330755646181975
BMDP_OUT_41905,Cluster_2,-0.7096418996391132,0.7728130761032588
BMDP_OUT_42066,Cluster_2,-0.9343784654824345,0.9896356311566078
BMDP_OUT_42067,Cluster_1,1.1178725327055072,0.3724895016050672
BMDP_OUT_42068,Cluster_3,0.1895029614065166,-0.2914860785476932
BMDP_OUT_42069,Cluster_2,-0.17847714642337584,0.38166438969520106
BMDP_OUT_42070,Cluster_3,0.33884223407480396,-0.3998321662170902
BMDP_OUT_42071,Cluster_1,1.3994964403470735,0.36623943224547906
BMDP_OUT_42072,Cluster_2,0.10661344888719998,0.6222189792724115
BMDP_OUT_42075,Cluster_2,-1.35205276172169,0.9259844281289086
BMDP_OUT_42129,Cluster_3,-0.4683841203455583,-0.9565338185311989
BMDP_OUT_42130,Cluster_1,0.41686517976394555,-0.30116924261091577
BMDP_OUT_42134,Cluster_1,0.4696553839309685,1.2833265153004434
BMDP_OUT_42156,Cluster_3,0.21987013362384572,-0.6599790513305784
BMDP_OUT_42157,Cluster_3,-0.4188769493105655,-0.5839335572266723
BMDP_OUT_42165,Cluster_3,-0.48163504157692627,-0.7705948005303315
BMDP_OUT_42169,Cluster_3,-0.3278970799567662,-0.6357665691038872
BMDP_OUT_42177,Cluster_3,-0.9129284916187279,-0.8645259587568469
BMDP_OUT_42178,Cluster_1,0.522216056444052,0.7205028308838456
BMDP_OUT_42182,Cluster_3,-0.11197954364247711,-0.34536205035828554
BMDP_OUT_42183,Cluster_3,-0.03753282140940922,-0.39640164696214597
BMDP_OUT_42184,Cluster_2,-0.15274490103997299,0.5526426330257145
BMDP_OUT_42185,Cluster_2,-0.9826275314235595,0.7824785331730869
BMDP_OUT_42186,Cluster_3,-0.671043639969383,-1.5281221604833606
BMDP_OUT_42187,Cluster_2,-0.2189799482291739,0.42877525408954564
BMDP_OUT_42188,Cluster_2,-0.048825800430831734,0.6209622550244
BMDP_OUT_42189,Cluster_1,0.7317607290226475,0.9272769227493648
BMDP_OUT_42212,Cluster_3,-0.5907568782493395,-1.3005717422877545
BMDP_OUT_42213,Cluster_1,0.4267847902265949,-0.459826360543762
BMDP_OUT_42262,Cluster_1,0.2414125956444102,0.748175423573319
BMDP_OUT_42263,Cluster_3,-0.08765926381887434,-0.6520072532189018
BMDP_OUT_42264,Cluster_1,1.7468703460160862,0.5260555268663456
BMDP_OUT_42268,Cluster_3,-0.5443000565773053,-0.14468151425441395
BMDP_OUT_42269,Cluster_3,-0.6582607034221185,-0.7345929847250235
BMDP_OUT_42286,Cluster_1,1.0889372042652297,0.1516433190154654
BMDP_OUT_42332,Cluster_1,0.9324277644852345,-0.25592170546612514
BMDP_OUT_42370,Cluster_3,0.2732715864815862,-1.0246169084952208
BMDP_OUT_42371,Cluster_3,-0.24677822190818685,-0.48166524518896825
BMDP_OUT_42372,Cluster_3,0.31811207125841745,-0.37060769793835857
BMDP_OUT_42447,Cluster_1,1.6912044978380358,0.42225434959368835
BMDP_OUT_42448,Cluster_3,0.2704915678786014,-0.7420372011267226
BMDP_OUT_42449,Cluster_3,0.6661603150847321,-0.15381063825098204
BMDP_OUT_42450,Cluster_3,-0.7018893249689155,-1.2263996420492593
BMDP_OUT_42451,Cluster_2,-0.6005934941969899,0.7131736177982816
BMDP_OUT_42452,Cluster_3,-0.30435693611645065,-0.5983652251338643
BMDP_OUT_42453,Cluster_3,0.06760312648431338,0.07787409864155474
BMDP_OUT_42454,Cluster_2,-0.9656573310144683,0.9152262085593065
BMDP_OUT_42455,Cluster_2,-0.7129063305474271,0.3649454828277209
BMDP_OUT_42456,Cluster_2,-0.8069395705814115,0.5737063342470885
BMDP_OUT_42457,Cluster_3,-0.4196845999301605,-0.5329505745010952
BMDP_OUT_42458,Cluster_3,0.5392486186590087,-0.5825927198185242
BMDP_OUT_42459,Cluster_3,0.11628879930460284,-0.7543235111137806
BMDP_OUT_42460,Cluster_2,-0.6722672575479803,1.061826763511622
BMDP_OUT_42461,Cluster_2,-1.1821008547404916,0.9930537504693201
BMDP_OUT_42713,Cluster_3,-0.3828472824535819,-1.308103676578823
BMDP_OUT_42714,Cluster_1,0.7848193731760065,-0.0170771769353458
BMDP_OUT_42715,Cluster_1,1.1746981733181217,0.3030058120334827
BMDP_OUT_42716,Cluster_3,0.502392354606424,-0.5713047877040481
BMDP_OUT_42717,Cluster_3,-0.25555657015791877,-1.1300170251810266
BMDP_OUT_42718,Cluster_3,-0.44773855851022815,-0.9102549303762831
BMDP_OUT_42719,Cluster_1,1.68729903976754,0.16780380404950357
BMDP_OUT_42720,Cluster_2,-0.4688952641282831,0.6653561861120286
BMDP_OUT_4274,Cluster_1,1.1286597793450936,0.20038221334929623
BMDP_OUT_42895,Cluster_3,-0.37535297600322437,-0.9660282805856767
BMDP_OUT_42896,Cluster_2,0.019361091143062004,0.32535528489276466
BMDP_OUT_42897,Cluster_2,-0.19743661162602197,0.4409308463975835
BMDP_OUT_42944,Cluster_2,-1.01204098546341,0.938124060329315
BMDP_OUT_42945,Cluster_1,0.8921291313420325,0.06813548662906392
BMDP_OUT_42946,Cluster_3,-0.6925325863752729,-0.9107120617657555
BMDP_OUT_42947,Cluster_2,-0.834866736337535,0.817895611088185
BMDP_OUT_42948,Cluster_2,-0.8428062336654522,0.7117068754947666
BMDP_OUT_42949,Cluster_2,-1.0841187599528033,0.3929929765991679
BMDP_OUT_42950,Cluster_2,-1.2496508316463462,0.8394788381996525
BMDP_OUT_42951,Cluster_3,-0.10857026800952738,-1.2813818566113742
BMDP_OUT_43003,Cluster_1,1.282115340181301,0.20688937053598272
BMDP_OUT_43004,Cluster_1,1.3946118064909927,0.37597477541096574
BMDP_OUT_43005,Cluster_2,-0.669529401753107,0.7268790728121786
BMDP_OUT_43006,Cluster_1,1.0297483162788763,0.39653510629179245
BMDP_OUT_43007,Cluster_2,-0.7327112545642842,0.6853086491540016
BMDP_OUT_43008,Cluster_3,0.04089806568621941,-0.8245203409005103
BMDP_OUT_43009,Cluster_2,-0.7945527704489569,0.7310875018666217
BMDP_OUT_43038,Cluster_2,0.3757051720288411,0.9341284129513404
BMDP_OUT_43039,Cluster_3,-0.6721965601167783,-1.0682723649393324
BMDP_OUT_4309,Cluster_1,0.9405033396526554,0.247374985319065
BMDP_OUT_431,Cluster_3,-0.4845445442892925,-0.4493257827023396
BMDP_OUT_4310,Cluster_3,0.2388546742616916,-0.9221888990645635
BMDP_OUT_4311,Cluster_1,1.1960604738408875,0.03616575888502173
BMDP_OUT_4312,Cluster_3,0.20153259066822862,-0.2899529488284186
BMDP_OUT_4313,Cluster_2,0.09387073188057118,0.37919806776401005
BMDP_OUT_43134,Cluster_1,1.436883971972732,0.0205164474193512
BMDP_OUT_43135,Cluster_2,-1.0754863532921228,0.4810789810925711
BMDP_OUT_43136,Cluster_1,0.7842910823790978,1.3987791295636456
BMDP_OUT_43137,Cluster_3,-0.5904330960660356,-0.8562170868304552
BMDP_OUT_43138,Cluster_1,1.3179638106507403,0.44493894380770216
BMDP_OUT_432,Cluster_2,-1.2026856590747539,0.5062931827682405
BMDP_OUT_43259,Cluster_1,0.16661704157546803,-0.18471701939178303
BMDP_OUT_43260,Cluster_2,-0.7148041507323807,1.1221208632767925
BMDP_OUT_43261,Cluster_2,-0.47439030270762894,0.32755931602610644
BMDP_OUT_43262,Cluster_2,0.18047887987283986,0.9871240913974614
BMDP_OUT_43263,Cluster_3,-0.350530047023079,-0.15527413444725102
BMDP_OUT_43264,Cluster_3,0.28327886069711217,-0.9815793557933097
BMDP_OUT_43265,Cluster_2,-0.013849227709214124,0.11808029936913698
BMDP_OUT_43266,Cluster_3,-0.3285487248197809,-0.7352421730129605
BMDP_OUT_43267,Cluster_3,0.18007813184271895,-0.1737193485483139
BMDP_OUT_43268,Cluster_2,-0.013849227709214124,0.11808029936913698
BMDP_OUT_43433,Cluster_1,1.0104406673170656,-0.07849603752475626
BMDP_OUT_43461,Cluster_1,1.2422681865345786,0.32314003750915543
BMDP_OUT_43518,Cluster_1,1.24429563402769,0.19597787009294
BMDP_OUT_43519,Cluster_3,0.13954716692036429,-0.0752201508027712
BMDP_OUT_43520,Cluster_1,0.9838456028859078,-0.5112181582551882
BMDP_OUT_43521,Cluster_2,-0.23189706971161475,0.548896239050605
BMDP_OUT_43522,Cluster_1,1.453766857299967,0.26308919011333326
BMDP_OUT_43523,Cluster_3,0.1342284424488396,-0.3700691496397949
BMDP_OUT_43524,Cluster_2,-0.942902496187924,0.29691056602847876
BMDP_OUT_43525,Cluster_3,0.3317143589004071,-0.8421034961329584
BMDP_OUT_43526,Cluster_1,0.25365828649130123,1.1579039969961606
BMDP_OUT_43527,Cluster_2,-0.7625223075812994,0.7860253923359519
BMDP_OUT_43575,Cluster_1,1.064474925585358,0.023947952456363844
BMDP_OUT_43576,Cluster_1,0.3926604941365843,0.7710578229547069
BMDP_OUT_43577,Cluster_2,-0.28560122179365277,0.297353491196922
BMDP_OUT_43587,Cluster_2,-0.5875364411335672,-0.038572772782223264
BMDP_OUT_43589,Cluster_3,0.005985303241862416,-0.945340254800409
BMDP_OUT_43590,Cluster_3,-0.0748275906516086,-0.6883727577480947
BMDP_OUT_43591,Cluster_3,-0.7222940279901596,-1.2432955415031053
BMDP_OUT_43592,Cluster_3,-0.5217467515958895,-1.2169974230026608
BMDP_OUT_43593,Cluster_3,-0.8915599612341192,-0.5610741226279188
BMDP_OUT_43594,Cluster_1,1.0283288028365831,0.17772012593922965
BMDP_OUT_43660,Cluster_3,-0.7635228375899884,-0.866530319178194
BMDP_OUT_43661,Cluster_3,-0.6949777259362866,-0.49261734851888844
BMDP_OUT_43711,Cluster_1,0.9164707274469291,0.18813182063935813
BMDP_OUT_43712,Cluster_1,0.8711977383352327,-0.1275652535987939
BMDP_OUT_43733,Cluster_3,0.32856310125461685,-0.32695722401638994
BMDP_OUT_43734,Cluster_3,0.21697070244042688,-0.45803186337248314
BMDP_OUT_43735,Cluster_2,-0.7079008206017716,0.18712702609540854
BMDP_OUT_43736,Cluster_2,-0.9959991351350996,0.9809246355350837
BMDP_OUT_43737,Cluster_3,-0.045786711589740486,-0.14841114675960337
BMDP_OUT_43738,Cluster_2,-0.13531187522007584,0.4266277272031235
BMDP_OUT_43739,Cluster_1,1.272210038755849,-0.3818385703724597
BMDP_OUT_43740,Cluster_2,-0.44818926226159017,0.025824471830766124
BMDP_OUT_43741,Cluster_1,1.0762481795818453,0.09342163715300876
BMDP_OUT_43742,Cluster_3,-0.05550623040807337,-0.9890720172159736
BMDP_OUT_43743,Cluster_2,-0.7255724339863621,0.6918334711245121
BMDP_OUT_43840,Cluster_3,-0.29471604786571504,-1.0600057509766916
BMDP_OUT_43990,Cluster_2,-0.7679707413998139,1.0723516645458462
BMDP_OUT_44015,Cluster_3,0.40443793478261103,-0.09428356417629964
BMDP_OUT_44029,Cluster_3,0.3422938605301937,-0.09514368148454155
BMDP_OUT_44047,Cluster_1,0.8881244252754248,-0.2617853674921029
BMDP_OUT_44078,Cluster_3,0.13420068762813905,-0.7853883739477499
BMDP_OUT_4421,Cluster_2,-0.7548283965783034,0.7070530874751613
BMDP_OUT_44293,Cluster_2,-1.2935049973278856,0.9178264234836785
BMDP_OUT_44294,Cluster_3,-0.2865085224650159,-0.06580715278256936
BMDP_OUT_44295,Cluster_2,-0.8844350576844018,1.050220353924489
BMDP_OUT_44296,Cluster_3,-0.8735920361094134,-0.9111378995051919
BMDP_OUT_44297,Cluster_1,0.28651053550634337,1.5097443832771862
BMDP_OUT_44298,Cluster_2,-0.7567807496077101,0.21799572167474712
BMDP_OUT_44299,Cluster_2,-1.061423331501667,0.5154542059554937
BMDP_OUT_44300,Cluster_2,-0.9826275314235595,0.7824785331730869
BMDP_OUT_44301,Cluster_2,-0.8180258302067014,0.645609336298924
BMDP_OUT_44302,Cluster_2,-1.1976610033262487,0.9268908082434842
BMDP_OUT_44303,Cluster_3,0.01031947530382607,-0.36583555575188553
BMDP_OUT_44304,Cluster_2,-0.7905014734317807,0.6259665288129102
BMDP_OUT_44305,Cluster_2,-1.1860315830982502,0.10908982590513304
BMDP_OUT_44306,Cluster_2,0.18445798611395423,0.6814926479486001
BMDP_OUT_44307,Cluster_1,0.9523868457507123,0.1498604776880721
BMDP_OUT_44308,Cluster_3,-0.14708662471005216,-0.21663851029967007
BMDP_OUT_44309,Cluster_3,0.1571999668724366,-0.3443212223656561
BMDP_OUT_44310,Cluster_3,0.5231573230765031,-0.6085661419869988
BMDP_OUT_44311,Cluster_2,-1.1507516152190347,0.8508188356116204
BMDP_OUT_44312,Cluster_3,-0.2758573696041883,-0.3008138314304514
BMDP_OUT_44313,Cluster_3,-0.04995939087446574,-0.4625570212547395
BMDP_OUT_44314,Cluster_1,1.0008608773533623,-0.29589067670546043
BMDP_OUT_44315,Cluster_2,-1.0454612339078029,-0.29211939624601124
BMDP_OUT_44316,Cluster_2,-0.46854860402355425,1.1322214173116052
BMDP_OUT_44317,Cluster_2,0.009616373836070197,0.3675264637714723
BMDP_OUT_44318,Cluster_3,0.03353374307104785,-0.22619956451366316
BMDP_OUT_44319,Cluster_1,1.2753969112353079,0.2700716092154453
BMDP_OUT_44320,Cluster_3,0.19818680736921307,-0.055303753057951245
BMDP_OUT_44360,Cluster_1,0.8207457265262805,0.09713253405566681
BMDP_OUT_44361,Cluster_3,0.22947452014748804,-0.26125300501615867
BMDP_OUT_44362,Cluster_3,-0.6166383307929489,-1.0696788515220381
BMDP_OUT_44370,Cluster_3,0.5731165966111565,6.0697737513312755e-05
BMDP_OUT_44373,Cluster_2,-0.7089138115442549,0.5194601045810124
BMDP_OUT_44395,Cluster_3,-0.5298093355001254,-0.7701217381895487
BMDP_OUT_44454,Cluster_1,1.3946118064909927,0.37597477541096574
BMDP_OUT_44456,Cluster_3,-0.2235847530587348,-0.5795998567723954
BMDP_OUT_44485,Cluster_2,-0.7907016366511901,0.09804744089948163
BMDP_OUT_44486,Cluster_3,0.03966695585897052,-0.6968722301378133
BMDP_OUT_44511,Cluster_1,0.8256718879223002,-0.45023342409871525
BMDP_OUT_44512,Cluster_2,-0.8406012769546938,1.0238440847040147
BMDP_OUT_44515,Cluster_3,-0.5365878268374332,-0.40205281901834455
BMDP_OUT_44528,Cluster_1,1.0128646319177328,0.1432680161044797
BMDP_OUT_44551,Cluster_2,-0.0010980374845199203,0.7174662689579385
BMDP_OUT_44552,Cluster_1,1.0880310881196822,-0.10452487075002698
BMDP_OUT_44595,Cluster_2,0.002750743409569739,1.029780802851262
BMDP_OUT_44596,Cluster_3,-0.2166939704771346,-0.5282783835518993
BMDP_OUT_44597,Cluster_3,0.0072058206978116435,-0.5007071551115072
BMDP_OUT_44626,Cluster_2,-0.2737034837520639,1.233742091792355
BMDP_OUT_44765,Cluster_3,-0.46536144211189023,-1.2195186368403355
BMDP_OUT_44766,Cluster_3,-0.42858255662649347,-0.8467683476463275
BMDP_OUT_44767,Cluster_3,0.09749101968714789,-0.7611586326619074
BMDP_OUT_44768,Cluster_3,0.06494343614922493,-0.4016586255124107
BMDP_OUT_44769,Cluster_1,0.26430147419981265,0.9876650325862922
BMDP_OUT_44770,Cluster_2,-0.929695509914475,1.2286650554679697
BMDP_OUT_44771,Cluster_3,-0.46285229853327936,-0.9501262349608557
BMDP_OUT_44772,Cluster_2,-0.7240794933257079,0.6497845518433282
BMDP_OUT_4478,Cluster_2,-1.0249134337409793,0.7046910660069973
BMDP_OUT_4479,Cluster_2,-1.0356458522143834,0.48180430441373734
BMDP_OUT_44829,Cluster_1,1.2060781721579925,-0.3978508418242682
BMDP_OUT_44830,Cluster_2,-0.2520202883025644,1.1508596730721625
BMDP_OUT_44831,Cluster_1,0.2380357855413126,1.3327321948194615
BMDP_OUT_44832,Cluster_2,-0.28684101129088924,1.1648550508629958
BMDP_OUT_44924,Cluster_3,-0.384028031114506,-0.875584176995471
BMDP_OUT_44958,Cluster_2,-1.0792146323137015,0.6015011362002896
BMDP_OUT_44959,Cluster_2,-0.0012399992306601215,0.47180625755027594
BMDP_OUT_44960,Cluster_3,-0.7028272055365042,-0.8197627196426992
BMDP_OUT_44961,Cluster_1,0.3163793050460828,-0.0880745875421731
BMDP_OUT_4507,Cluster_3,-0.03707529297268311,-0.2622884176529348
BMDP_OUT_45071,Cluster_3,0.32910804592610965,-0.9606992774926875
BMDP_OUT_45072,Cluster_2,-1.4231193442914247,0.029237817689447096
BMDP_OUT_45073,Cluster_2,-1.223849311074737,1.040028461794649
BMDP_OUT_45074,Cluster_1,1.1492512563077657,0.4648763069460833
BMDP_OUT_45075,Cluster_1,0.932769625773094,0.09198791384918394
BMDP_OUT_45076,Cluster_2,0.09804186560478823,1.506505196442997
BMDP_OUT_45077,Cluster_1,0.5196316021406815,0.5012006281808944
BMDP_OUT_45078,Cluster_3,0.37770411847098995,-0.3385033958217853
BMDP_OUT_45079,Cluster_3,-0.22999864079265606,-0.9887710506276425
BMDP_OUT_45233,Cluster_3,-0.4853106297035733,-1.1449196332071394
BMDP_OUT_45234,Cluster_1,1.1145277319420792,1.074937416135235
BMDP_OUT_45235,Cluster_1,0.5052545619911698,0.5780080421385378
BMDP_OUT_45249,Cluster_3,0.4132982587661389,-0.19755329590100656
BMDP_OUT_45250,Cluster_1,0.8907354358910473,-0.0811448180265062
BMDP_OUT_45251,Cluster_3,-0.4007745355367286,-0.8920645355616531
BMDP_OUT_45252,Cluster_1,0.46371319023616764,1.2362589815659233
BMDP_OUT_45450,Cluster_2,-0.5108315432873246,0.21772090092554208
BMDP_OUT_45574,Cluster_2,-0.5057245613168212,0.7951665713215363
BMDP_OUT_45575,Cluster_1,0.6449874204999877,0.4394809529495596
BMDP_OUT_45576,Cluster_2,-1.3187354943621965,0.2616694045499496
BMDP_OUT_45668,Cluster_1,1.2014008204306115,0.39258605738477725
BMDP_OUT_45669,Cluster_3,0.39941774863987345,-0.09999665123228113
BMDP_OUT_45671,Cluster_2,-1.2431065019764618,-0.061825437570376354
BMDP_OUT_45672,Cluster_3,-0.00858783580806044,-0.34182480048238373
BMDP_OUT_45704,Cluster_1,1.102091164836635,0.31520632855500647
BMDP_OUT_45705,Cluster_2,-0.8668639658131894,0.4546717943180488
BMDP_OUT_45718,Cluster_3,0.5845924362708572,-0.28002717837209906
BMDP_OUT_45723,Cluster_3,0.25782662928025946,-0.032172993347422435
BMDP_OUT_45872,Cluster_1,0.431371492688856,-0.07569587049688224
BMDP_OUT_45873,Cluster_2,-1.4629546387073675,-0.3043322582850958
BMDP_OUT_45874,Cluster_3,-0.5986372579693219,-1.2580930563377404
BMDP_OUT_45875,Cluster_1,1.1507794132105174,0.2123691165967717
BMDP_OUT_45876,Cluster_2,-1.0593305970190177,0.9970790163937732
BMDP_OUT_45877,Cluster_3,-0.4129541681391252,-0.6105249499069745
BMDP_OUT_45878,Cluster_1,0.5232542340197143,0.21609151736704396
BMDP_OUT_45879,Cluster_3,-0.18318354410749707,-0.4850894825166276
BMDP_OUT_45880,Cluster_1,1.1483609872881266,-0.011694885567019572
BMDP_OUT_45895,Cluster_1,1.433270049848232,0.15150867562146675
BMDP_OUT_45901,Cluster_3,0.40022729814281144,-0.34110930231340925
BMDP_OUT_45904,Cluster_1,0.8109125941841179,-0.015612760636209394
BMDP_OUT_46014,Cluster_2,-1.2524788957826127,-0.3468497745113144
BMDP_OUT_46015,Cluster_3,-0.06696651088745634,-0.9746838951419656
BMDP_OUT_46016,Cluster_3,0.112154875958651,-0.304234242991233
BMDP_OUT_46017,Cluster_1,0.5676519349089729,0.1270651204115968
BMDP_OUT_46018,Cluster_3,0.2726718366416364,-0.8232689159761599
BMDP_OUT_46019,Cluster_2,-0.7873575924380894,-0.14250924745462623
BMDP_OUT_46020,Cluster_2,-0.6749386617160257,0.3561790695619199
BMDP_OUT_46021,Cluster_3,-1.055802408857869,-1.095500797509807
BMDP_OUT_46022,Cluster_1,0.6476547788524123,0.11311061544466157
BMDP_OUT_46024,Cluster_3,-0.32561297653161814,-0.4126576043011012
BMDP_OUT_4609,Cluster_2,0.08440807373110801,1.0566076283446653
BMDP_OUT_4652,Cluster_1,1.2035139684356384,0.1705200793505366
BMDP_OUT_46530,Cluster_3,-0.490211523292296,-0.5437699270895731
BMDP_OUT_46531,Cluster_3,0.463957019361699,-0.8981700904465859
BMDP_OUT_46532,Cluster_3,-0.10397296611048071,-0.3492639617119031
BMDP_OUT_46533,Cluster_3,-0.2625767506863773,0.2521630547196507
BMDP_OUT_46582,Cluster_2,-0.9234703538315834,0.9199986475881544
BMDP_OUT_46583,Cluster_2,-1.0568484140624346,0.5922754313996837
BMDP_OUT_46584,Cluster_2,-0.24438940843251836,0.5709549239432373
BMDP_OUT_46585,Cluster_2,-0.020240579912038092,1.5932806555173096
BMDP_OUT_46586,Cluster_2,-1.390901874406372,0.5292647288983315
BMDP_OUT_46587,Cluster_1,0.3684961301279488,0.6554628106656085
BMDP_OUT_46822,Cluster_2,-0.2812329174716006,0.22099985046131154
BMDP_OUT_46877,Cluster_1,0.9124823254899692,-0.3742438231465399
BMDP_OUT_46878,Cluster_1,0.9909600951015135,0.2106371513100173
BMDP_OUT_46964,Cluster_1,1.1817018156649406,0.5795158355339783
BMDP_OUT_4705,Cluster_2,-1.098856515521129,1.0253937036125365
BMDP_OUT_47076,Cluster_3,-0.2689053857570086,-0.588177626109573
BMDP_OUT_47077,Cluster_1,1.0955948712999095,0.9212799319220458
BMDP_OUT_47116,Cluster_3,0.19834532207172,-0.482748609036063
BMDP_OUT_47117,Cluster_3,-0.18162337804512343,-0.6792238590690797
BMDP_OUT_47174,Cluster_1,1.3951132306549978,0.35998688781645105
BMDP_OUT_47175,Cluster_2,0.28010733106630814,0.7648188759080214
BMDP_OUT_47176,Cluster_1,1.3516611129545144,0.38965061063361744
BMDP_OUT_47177,Cluster_1,1.253324109333654,0.1924900126865473
BMDP_OUT_47178,Cluster_2,-0.6360982997941844,-0.006194381999928167
BMDP_OUT_47179,Cluster_3,-0.4764492296559031,-0.19628996131306548
BMDP_OUT_47180,Cluster_1,0.9538256060212641,0.1495513121648831
BMDP_OUT_47181,Cluster_3,-0.4000203811119539,-1.0396217542734465
BMDP_OUT_4721,Cluster_1,1.5391406217441703,0.2550150320815883
BMDP_OUT_4722,Cluster_1,0.6919501938847819,0.9658648196576184
BMDP_OUT_4723,Cluster_2,-0.8899688741165153,0.8788922707177935
BMDP_OUT_4724,Cluster_2,-0.2491622900963232,-0.12054251043589059
BMDP_OUT_4727,Cluster_2,-0.9962055724463625,0.3366906296954173
BMDP_OUT_47306,Cluster_2,-0.5780005022788217,-0.08947739381704574
BMDP_OUT_47307,Cluster_3,-0.22375213235418448,-0.7043500767054367
BMDP_OUT_47308,Cluster_3,-0.3508606887915686,-0.2266876360945294
BMDP_OUT_47309,Cluster_3,0.47308650316356105,-0.7245738961257251
BMDP_OUT_47310,Cluster_3,0.2669269310107787,-0.060907966935884704
BMDP_OUT_47311,Cluster_3,0.6520067999073026,-0.7855279256446498
BMDP_OUT_47314,Cluster_2,-0.6276169965587244,0.739604867797418
BMDP_OUT_47315,Cluster_2,-0.13240077559928812,0.5855684510124809
BMDP_OUT_4736,Cluster_2,-0.7530815178592413,1.1195133999328866
BMDP_OUT_4737,Cluster_2,-1.1014861363011235,0.8021236799809304
BMDP_OUT_47451,Cluster_3,-0.5717664771319101,-0.2413350172830484
BMDP_OUT_47452,Cluster_2,-1.0903564427204224,0.586870141447637
BMDP_OUT_47453,Cluster_2,-1.2089179599621918,0.5127448062316987
BMDP_OUT_47454,Cluster_2,-0.027421796508841884,1.6357443652555654
BMDP_OUT_47455,Cluster_2,-0.8134791292176204,0.9452991060688399
BMDP_OUT_47457,Cluster_1,1.251205885984823,0.027746479020580736
BMDP_OUT_47458,Cluster_3,0.08504527832178953,-0.7126358313932161
BMDP_OUT_47473,Cluster_1,0.9362344968055414,0.039875907936144525
BMDP_OUT_47482,Cluster_2,-0.12705757553923583,0.4015864132985332
BMDP_OUT_47483,Cluster_3,0.23166491452260646,-0.06070692428282432
BMDP_OUT_47514,Cluster_2,-0.3989692803195114,0.48098465460322004
BMDP_OUT_47515,Cluster_1,0.4755479401314039,-0.7516008019273458
BMDP_OUT_47516,Cluster_2,-0.5093961241366514,0.6923829278930562
BMDP_OUT_47526,Cluster_3,0.21781696155169955,-0.11544026378578955
BMDP_OUT_47541,Cluster_3,0.1831736079285997,-0.4103623158910827
BMDP_OUT_47542,Cluster_3,-0.3803759384409223,-1.1000713176895267
BMDP_OUT_47543,Cluster_3,0.4298556245991534,-0.5310216096962251
BMDP_OUT_47544,Cluster_3,-0.23894262605108854,-0.5339674094547927
BMDP_OUT_47575,Cluster_3,-0.8133304461352108,-1.3595397104932716
BMDP_OUT_47576,Cluster_3,-0.5217467515958895,-1.2169974230026608
BMDP_OUT_47577,Cluster_2,-0.7537772744746138,0.7871217563296902
BMDP_OUT_47578,Cluster_3,-0.6120064894370751,-1.3733786602235312
BMDP_OUT_47579,Cluster_3,-0.4874583680539918,-1.0245868260964424
BMDP_OUT_47580,Cluster_2,-1.0717368504388003,-0.36728438274076525
BMDP_OUT_4761,Cluster_3,0.22802410425112624,-0.12917701666125866
BMDP_OUT_47744,Cluster_2,-0.10611814183584561,0.31815755827431785
BMDP_OUT_47745,Cluster_3,-0.5668882467328645,-1.3338004420444793
BMDP_OUT_47746,Cluster_1,0.8556515841666216,-0.1033053967819361
BMDP_OUT_47747,Cluster_1,0.835261511939174,0.08156537233478124
BMDP_OUT_47748,Cluster_2,-1.650230860210531,0.14380960437862905
BMDP_OUT_47749,Cluster_3,-0.37426082529419324,-0.8383035059535844
BMDP_OUT_47750,Cluster_3,-0.5236770842888008,-0.06896579790202954
BMDP_OUT_47751,Cluster_2,0.3114941714660516,0.7043648727583941
BMDP_OUT_47752,Cluster_2,-0.8827041971892753,0.6246100410335939
BMDP_OUT_47753,Cluster_1,0.41290230695677077,0.03568996338492335
BMDP_OUT_47754,Cluster_3,-0.3024247399805192,-0.7038403706105658
BMDP_OUT_47755,Cluster_2,-1.198926969961945,0.8674567525527312
BMDP_OUT_47756,Cluster_3,-0.1296354611449629,-0.6385570628512914
BMDP_OUT_47757,Cluster_3,0.5441195782135374,-0.3141119489568477
BMDP_OUT_47758,Cluster_3,0.39773429283085393,-0.4582273300385602
BMDP_OUT_47759,Cluster_3,0.28418153829825427,-0.7931759036184381
BMDP_OUT_47760,Cluster_3,-0.6727467055815844,-0.45605393095372015
BMDP_OUT_47761,Cluster_3,0.11108324227456079,-0.8289843985122403
BMDP_OUT_4778,Cluster_3,0.11325292362009923,-0.8679013785507018
BMDP_OUT_47786,Cluster_1,0.7988760115475029,-0.18191508815895635
BMDP_OUT_47787,Cluster_3,-0.4892265453035052,-1.255987635248307
BMDP_OUT_47788,Cluster_3,-0.4179398373853884,-0.4002072667560838
BMDP_OUT_4779,Cluster_1,0.540059129349806,-0.40905824072877517
BMDP_OUT_4780,Cluster_1,1.089622993385026,0.21506423475318215
BMDP_OUT_47805,Cluster_2,-0.41671347994665964,0.3277017015820892
BMDP_OUT_47806,Cluster_3,0.1255855195075894,-0.8380112345065848
BMDP_OUT_47807,Cluster_1,1.1910814392670224,-0.10377561242836732
BMDP_OUT_47808,Cluster_3,0.25321835777860724,-0.245491581249967
BMDP_OUT_47948,Cluster_2,-0.23441515536495003,0.2001217334172431
BMDP_OUT_47949,Cluster_1,0.809547663596077,-0.028951012804819293
BMDP_OUT_47950,Cluster_2,-0.5712932356465223,-0.024302316586060316
BMDP_OUT_47951,Cluster_3,0.0087755435846964,-0.30266120765945637
BMDP_OUT_47968,Cluster_1,1.5333271863618654,0.28976607775242064
BMDP_OUT_47969,Cluster_1,0.44678037471382825,0.050454932536169686
BMDP_OUT_47970,Cluster_1,0.7491086518828367,-0.048800156861422084
BMDP_OUT_47971,Cluster_3,-0.31749979052568433,-0.8300649773676084
BMDP_OUT_47972,Cluster_3,-0.36676215075103313,-1.0891240189767932
BMDP_OUT_47973,Cluster_3,-0.5487592728700355,-0.9246808418467017
BMDP_OUT_47974,Cluster_2,-0.6129269503641939,0.895107937150675
BMDP_OUT_47975,Cluster_3,0.17609751986800792,-0.2638659689020913
BMDP_OUT_47976,Cluster_3,-0.06666586907133776,-0.5671424906570584
BMDP_OUT_47977,Cluster_3,-0.25010236511408523,-0.3854552707408665
BMDP_OUT_47989,Cluster_2,-0.041745178708947395,0.7105938337230238
BMDP_OUT_48010,Cluster_3,-0.2704694676480415,-0.11904823181845785
BMDP_OUT_48011,Cluster_3,-0.11481629551837139,-1.1211354956614328
BMDP_OUT_48012,Cluster_1,0.9062504887812385,0.3170492644496799
BMDP_OUT_48037,Cluster_1,0.41308619153798676,0.509715781285142
BMDP_OUT_48038,Cluster_2,-0.8284750629304677,0.16703436265854799
BMDP_OUT_48039,Cluster_3,-0.19322798103423858,-0.2508201932498168
BMDP_OUT_48101,Cluster_2,-0.10816731939982224,0.8594842413180672
BMDP_OUT_48102,Cluster_1,1.101304016722338,0.31125753886755786
BMDP_OUT_48103,Cluster_3,0.06436937302276147,-0.5779774157469253
BMDP_OUT_48104,Cluster_3,0.3700745981597737,-0.6339598985742879
BMDP_OUT_48105,Cluster_1,1.5764196775709134,0.3937906184563029
BMDP_OUT_48106,Cluster_1,0.46737412164283143,1.3470704181909436
BMDP_OUT_48107,Cluster_3,-0.18946562868683128,-0.4970352912939283
BMDP_OUT_48108,Cluster_3,0.17880763029585273,-0.09771099658894003
BMDP_OUT_48109,Cluster_2,-0.2171064887695671,0.6529771331777068
BMDP_OUT_48110,Cluster_1,1.0343534581770109,0.14315402077415895
BMDP_OUT_48116,Cluster_3,0.3583825621613047,-0.5891878573916363
BMDP_OUT_48138,Cluster_1,1.1232289669862225,0.37726467615409137
BMDP_OUT_48169,Cluster_1,0.8597314700714234,0.04784801863458797
BMDP_OUT_48170,Cluster_3,-0.4062616525504915,-0.7138077755455875
BMDP_OUT_48183,Cluster_2,-1.036832755153378,0.22778319049161638
BMDP_OUT_48185,Cluster_2,-1.4001980214084695,0.10316184886773556
BMDP_OUT_48186,Cluster_3,0.4157505784821741,-0.1472966288562526
BMDP_OUT_48187,Cluster_2,-0.3323462236839524,1.1739530270849252
BMDP_OUT_48363,Cluster_2,-0.7763911130940042,-0.1794724738927022
BMDP_OUT_48364,Cluster_2,-1.425863178604853,0.47604665360123233
BMDP_OUT_4845,Cluster_3,0.3173802881623111,-0.38951451388597175
BMDP_OUT_4846,Cluster_3,0.10308119042574251,-0.8066656964793145
BMDP_OUT_4847,Cluster_2,-0.2669298116130365,0.7942439933855139
BMDP_OUT_48472,Cluster_2,-0.6451454939009934,-0.0677570801785391
BMDP_OUT_48473,Cluster_3,-0.3364229455840354,-0.8688358256073977
BMDP_OUT_48474,Cluster_3,-0.5900849594973208,-1.290521236036433
BMDP_OUT_48475,Cluster_1,1.2374755178414931,0.2818881441527667
BMDP_OUT_48476,Cluster_3,-0.6670738311792433,-0.5822028559428263
BMDP_OUT_4848,Cluster_3,0.4537061996740863,-0.6511296308992528
BMDP_OUT_48542,Cluster_3,0.17631343685051185,-0.1631074601000346
BMDP_OUT_48619,Cluster_2,-1.443813785461964,0.8049101705263015
BMDP_OUT_48620,Cluster_2,-0.37168372571867814,0.2774515369635647
BMDP_OUT_48621,Cluster_3,-0.3494210839854479,-0.7411857803418996
BMDP_OUT_48663,Cluster_2,-0.5057253529603686,0.8167918730886219
BMDP_OUT_48664,Cluster_3,-0.25353148796712155,-0.8616896130752455
BMDP_OUT_48665,Cluster_3,0.28163542307433453,-0.3748439042048196
BMDP_OUT_48666,Cluster_3,-0.5460041582224329,-0.9751134703560193
BMDP_OUT_48667,Cluster_3,-0.3297315628316311,-0.9877462077682716
BMDP_OUT_48668,Cluster_2,-0.9169265198587875,-0.003132948437345545
BMDP_OUT_48669,Cluster_3,-0.22356522650158697,-0.8736711125762041
BMDP_OUT_48670,Cluster_1,0.66605838858002,0.09730225514266568
BMDP_OUT_48671,Cluster_1,0.7905680986460423,-0.17043511689950314
BMDP_OUT_48672,Cluster_3,-0.6049904899141064,-0.7153734940432183
BMDP_OUT_48685,Cluster_1,1.032913136690182,0.14781500469073178
BMDP_OUT_48686,Cluster_3,-0.0770816825777065,-0.23219089618972905
BMDP_OUT_48687,Cluster_3,0.2802815873656056,-0.13139567449766423
BMDP_OUT_4871,Cluster_1,1.68729903976754,0.16780380404950357
BMDP_OUT_4873,Cluster_3,-0.3202447341288941,-1.3240597314280196
BMDP_OUT_48736,Cluster_2,-0.6998103586182022,0.911777203748476
BMDP_OUT_48752,Cluster_3,-0.29925749603045737,-0.30727491333325435
BMDP_OUT_48753,Cluster_3,-0.598658374825501,-0.920830539560222
BMDP_OUT_48754,Cluster_2,-0.7840631608856521,0.803379907049213
BMDP_OUT_48755,Cluster_1,1.3622472925833933,0.4034104912946487
BMDP_OUT_48756,Cluster_2,-0.31080621081014226,0.295723439481562
BMDP_OUT_48757,Cluster_2,-0.7359523422108656,0.7530194162344147
BMDP_OUT_48758,Cluster_2,-0.9159157214079454,0.6603720345670422
BMDP_OUT_489,Cluster_2,-0.15233783306730506,0.5287536110628591
BMDP_OUT_48936,Cluster_2,-0.4803422446555421,0.7968680046017866
BMDP_OUT_48944,Cluster_2,-0.3716908611399494,0.26360462001772195
BMDP_OUT_48957,Cluster_2,-0.06773094261882315,0.1416777107109971
BMDP_OUT_48958,Cluster_2,-0.6856685095742575,0.4288212307630358
BMDP_OUT_48959,Cluster_3,0.2596870089561095,0.011101338342557707
BMDP_OUT_48961,Cluster_3,-0.5026485627080312,-1.312680417418837
BMDP_OUT_48971,Cluster_3,0.3094408667984533,-0.38268948702392946
BMDP_OUT_48972,Cluster_3,-0.3723846702995415,-1.0967442070859672
BMDP_OUT_48973,Cluster_3,-0.421271822451179,-1.2690468777872534
BMDP_OUT_490,Cluster_1,1.559754297995518,-0.29578318497572703
BMDP_OUT_49066,Cluster_3,0.43341346697566896,-0.16227901462992572
BMDP_OUT_49067,Cluster_1,1.4436898230988204,0.19342498163056615
BMDP_OUT_49093,Cluster_2,-0.7957601889638379,-0.1344911336842915
BMDP_OUT_491,Cluster_2,-0.0525408345835113,0.4250345162462028
BMDP_OUT_49120,Cluster_2,-0.6682190510048981,0.664347712278514
BMDP_OUT_49121,Cluster_2,-0.36098378027277855,0.13271283431791042
BMDP_OUT_49122,Cluster_1,1.604766498310609,0.4460062757197585
BMDP_OUT_49124,Cluster_3,0.26380158190537617,-0.26489681120887276
BMDP_OUT_49145,Cluster_3,0.03897615960475133,-0.34663343083841097
BMDP_OUT_49197,Cluster_3,0.5514186960816683,-0.10532403532920902
BMDP_OUT_49198,Cluster_3,0.1698775067695001,-0.31359695746129174
BMDP_OUT_492,Cluster_2,-0.5021177805030511,-0.21254917890122038
BMDP_OUT_49259,Cluster_2,-0.8913090287053405,0.31838014755406296
BMDP_OUT_49260,Cluster_1,0.6593780728445672,0.04086388199956169
BMDP_OUT_49261,Cluster_3,-0.2281477039002289,-0.17054191565457927
BMDP_OUT_49262,Cluster_2,-1.4250465814376003,0.41384239468569495
BMDP_OUT_49263,Cluster_2,-0.9069523736201204,0.9264014642976189
BMDP_OUT_49264,Cluster_3,-0.21905605579370405,-0.4167940632747891
BMDP_OUT_493,Cluster_3,0.23072236516157363,-0.34674562425122507
BMDP_OUT_4930,Cluster_2,-0.6666723090623609,0.5128229052205826
BMDP_OUT_49327,Cluster_2,0.07910424222218618,0.6262300033753767
BMDP_OUT_49328,Cluster_1,1.2904854523991858,0.19152998467043236
BMDP_OUT_49329,Cluster_3,0.269634043993343,-0.966155318271232
BMDP_OUT_49330,Cluster_3,-0.08671272144368627,-0.2504507775033382
BMDP_OUT_49339,Cluster_2,-0.5470686310955412,1.164289067756671
BMDP_OUT_49344,Cluster_3,-0.07182010361354785,0.1617321689593244
BMDP_OUT_49345,Cluster_3,-0.49848126892041733,-0.8909799664512084
BMDP_OUT_49351,Cluster_3,-0.1710021602334522,-0.401943856064073
BMDP_OUT_49359,Cluster_1,0.7050188786268952,0.03335949950251084
BMDP_OUT_494,Cluster_2,-0.5477122477030276,0.27906044652890344
BMDP_OUT_49404,Cluster_3,-0.6651588487662139,-0.4780973440392685
BMDP_OUT_49426,Cluster_3,0.5753689254980904,-0.17387308980577265
BMDP_OUT_49439,Cluster_1,1.5081062389050846,0.17665409067745208
BMDP_OUT_49440,Cluster_3,-0.3309103002565915,-0.5267616901426121
BMDP_OUT_49482,Cluster_3,-0.28056906650637725,-0.8737508875979892
BMDP_OUT_49483,Cluster_3,0.06266773417300452,-1.0049080514894293
BMDP_OUT_49487,Cluster_1,0.2826696642438297,-0.15024259272591797
BMDP_OUT_49488,Cluster_1,0.41254952651553867,-0.0733843489337605
BMDP_OUT_49489,Cluster_3,0.44339338317533006,-0.9120764225608327
BMDP_OUT_49552,Cluster_2,-0.7897358098406785,0.553363918684863
BMDP_OUT_49553,Cluster_3,0.19303575827425767,-0.1313405225699303
BMDP_OUT_49554,Cluster_2,-1.073485475274806,0.7849844740034325
BMDP_OUT_49598,Cluster_2,-1.4539511433204975,-0.12423006779613212
BMDP_OUT_49615,Cluster_3,-0.013129725543008286,-0.4013660173037676
BMDP_OUT_49616,Cluster_3,0.21071540836921454,0.000684353680438704
BMDP_OUT_49733,Cluster_3,-0.05557333648959156,-0.6914354891307108
BMDP_OUT_49797,Cluster_2,-0.8298261924952105,-0.007468665065315058
BMDP_OUT_49829,Cluster_1,0.7363151073277536,-0.2868692712418268
BMDP_OUT_49928,Cluster_2,0.03915876639814442,1.4093977946143526
BMDP_OUT_49929,Cluster_3,-1.024826345174557,-0.6765062703329264
BMDP_OUT_49930,Cluster_2,-0.9152326513510236,1.3256247774804517
BMDP_OUT_49931,Cluster_3,-0.6345069328562769,-1.3833207740044227
BMDP_OUT_49965,Cluster_3,0.3326306374853186,-0.21328970467721103
BMDP_OUT_49998,Cluster_2,-0.42639595370423167,0.45918589146010425
BMDP_OUT_49999,Cluster_3,-0.4907882542391525,-0.9915599322568768
BMDP_OUT_50000,Cluster_2,-0.12351748534651794,0.5869634186104541
BMDP_OUT_50001,Cluster_1,0.46640584472716295,1.2695953311126507
BMDP_OUT_50002,Cluster_1,0.8819076673783598,0.2633984680053796
BMDP_OUT_50003,Cluster_2,-0.6356049229556855,0.30696691432029755
BMDP_OUT_50004,Cluster_1,0.6538960470706617,0.6904573544889568
BMDP_OUT_50005,Cluster_3,0.17635382709793987,-0.7316219861209062
BMDP_OUT_50006,Cluster_1,0.9127482381007779,-0.19675743827521602
BMDP_OUT_50007,Cluster_1,0.9147650884310352,0.1876955776219416
BMDP_OUT_50008,Cluster_3,-0.6164716800851688,-0.7342479989525993
BMDP_OUT_50009,Cluster_2,-1.0935897717847454,1.2188817807786423
BMDP_OUT_50010,Cluster_3,0.17234237293349042,-0.40805770562443283
BMDP_OUT_50011,Cluster_3,-0.06193905756057563,-0.44059038072311785
BMDP_OUT_50029,Cluster_1,1.283752923956109,0.34019294853040605
BMDP_OUT_50046,Cluster_3,0.021694922982090636,-0.10605868525276037
BMDP_OUT_50051,Cluster_3,-0.08456252013575663,-0.9038901972928791
BMDP_OUT_50059,Cluster_2,-0.34546573530880575,1.3446289852996762
BMDP_OUT_50060,Cluster_3,0.3195567351650319,-0.3976891101574985
BMDP_OUT_50061,Cluster_2,-1.3295912420801594,0.7885187808711456
BMDP_OUT_50062,Cluster_2,-0.20341571072958006,0.3392538622919796
BMDP_OUT_50063,Cluster_1,0.3029277946511756,0.6541194748774805
BMDP_OUT_50064,Cluster_3,-0.6879858827584554,-1.3889677815393213
BMDP_OUT_50065,Cluster_2,-1.2961819612663252,0.48177937788388236
BMDP_OUT_50066,Cluster_3,-0.10081896872981572,0.10022497180526331
BMDP_OUT_50067,Cluster_3,-0.24774673191740107,-0.14472612737429708
BMDP_OUT_50191,Cluster_1,0.18452182319809463,0.7751613991329919
BMDP_OUT_50192,Cluster_3,0.41442644173079946,-0.6419339795660884
BMDP_OUT_50218,Cluster_2,-0.04070423643376872,0.36658184234285884
BMDP_OUT_50228,Cluster_2,0.26994333760743533,0.8699149866866038
BMDP_OUT_50246,Cluster_3,-0.1352926819428781,-0.7164519538462505
BMDP_OUT_50306,Cluster_1,0.8881244252754248,-0.2617853674921029
BMDP_OUT_5032,Cluster_1,0.9481616543376261,0.8127168200804236
BMDP_OUT_5033,Cluster_3,0.3262493802638303,-0.5811103417009191
BMDP_OUT_5034,Cluster_1,1.0697397558174164,1.058825950992802
BMDP_OUT_5035,Cluster_3,-0.014941546422444052,-0.5145641019543221
BMDP_OUT_5036,Cluster_2,0.03244795821231641,0.44584167331451374
BMDP_OUT_5037,Cluster_1,0.9430989837530526,0.10609862671636956
BMDP_OUT_5038,Cluster_1,1.178514927797839,0.29697093407784664
BMDP_OUT_5039,Cluster_3,0.06920783587649959,0.04517704735394516
BMDP_OUT_5040,Cluster_1,0.9964068581026647,-0.18073380138704653
BMDP_OUT_50434,Cluster_2,-0.7562440172879669,0.9097224858638143
BMDP_OUT_50435,Cluster_3,-0.5150844250269345,-1.1821953817871522
BMDP_OUT_50436,Cluster_2,-1.3425979233763226,-0.34505219826097044
BMDP_OUT_50437,Cluster_3,-0.5105301299883027,-1.276329557786516
BMDP_OUT_50438,Cluster_1,1.1568096685031455,0.3741027944768503
BMDP_OUT_50439,Cluster_3,-0.3994305566451535,-0.8250819831186175
BMDP_OUT_50440,Cluster_3,-0.8488357390664805,-0.45592439577210675
BMDP_OUT_50441,Cluster_3,-0.19063743581054557,-0.6299090075429113
BMDP_OUT_50442,Cluster_2,-0.1453997282362023,0.471287109002695
BMDP_OUT_50601,Cluster_2,-0.39147008349358425,0.2747107446449194
BMDP_OUT_50602,Cluster_2,-1.4507213357070978,0.7213793313765825
BMDP_OUT_50645,Cluster_2,-1.0188621682048966,0.9411014355367532
BMDP_OUT_50646,Cluster_2,-1.0837866433899108,0.6867623204146319
BMDP_OUT_50647,Cluster_3,-0.16753126993384862,-0.6157219483717108
BMDP_OUT_50741,Cluster_3,-0.08843369936820861,-0.48270192079514584
BMDP_OUT_50742,Cluster_2,-0.1404467591564498,0.49631153966974173
BMDP_OUT_50743,Cluster_1,0.7616650125527112,-0.027077903299905073
BMDP_OUT_50757,Cluster_1,0.8522916982937698,0.3827487064624898
BMDP_OUT_50758,Cluster_3,-0.16933893109660772,-0.4750447522767787
BMDP_OUT_50759,Cluster_3,-0.4300716982868651,-0.9686940152870608
BMDP_OUT_50760,Cluster_3,-0.06630947129424844,-0.6472839062314154
BMDP_OUT_50762,Cluster_2,-1.0848334324376065,1.0412221051049706
BMDP_OUT_50823,Cluster_3,-0.3364194961426217,-0.9702975575828249
BMDP_OUT_50838,Cluster_1,1.578435179071885,0.4226180771389023
BMDP_OUT_50839,Cluster_3,-0.27040152265869943,-0.9386519511924791
BMDP_OUT_50840,Cluster_2,0.006518679033665403,0.14408838548154912
BMDP_OUT_50841,Cluster_1,0.7686108620342684,0.4287847325412337
BMDP_OUT_50842,Cluster_1,0.42227026061677764,-0.09193315692061198
BMDP_OUT_50974,Cluster_2,-0.724190077606551,0.6713121693455275
BMDP_OUT_50975,Cluster_3,0.10665847061109585,-1.0335781378990665
BMDP_OUT_50976,Cluster_2,0.07468265523088898,1.1281592669209577
BMDP_OUT_50977,Cluster_2,0.17309121943527084,0.4099529912063913
BMDP_OUT_50978,Cluster_3,-0.4667284738829498,-0.3670639777350292
BMDP_OUT_50979,Cluster_3,0.7636855556280606,-0.26601179463763486
BMDP_OUT_50980,Cluster_3,-0.05885257388045284,-0.2696935289218182
BMDP_OUT_50981,Cluster_3,-0.5840499102838914,-1.3514801362211137
BMDP_OUT_50982,Cluster_1,1.424488275587963,0.11709906513268674
BMDP_OUT_50983,Cluster_2,-0.5463057634335987,0.8468807428157488
BMDP_OUT_50984,Cluster_1,0.8921344770606624,-0.1265175465729712
BMDP_OUT_50985,Cluster_1,1.2580202982408082,0.2988556491374348
BMDP_OUT_50986,Cluster_3,-0.014545908559655013,-0.2823955733530026
BMDP_OUT_50987,Cluster_3,-0.36800069044290595,-1.110193510244855
BMDP_OUT_50988,Cluster_3,-0.40397770440782166,-0.05108564885836745
BMDP_OUT_51127,Cluster_2,-1.1336370785160064,0.22960323384393394
BMDP_OUT_51128,Cluster_1,0.9572130947432385,-0.23475343344070865
BMDP_OUT_51129,Cluster_1,0.9275952735205438,-0.19509717512771774
BMDP_OUT_51130,Cluster_1,1.3747709315029688,0.3629645932791086
BMDP_OUT_51131,Cluster_1,1.2112216178073594,-0.3263194721427461
BMDP_OUT_51185,Cluster_2,-1.0336178730504295,0.29277714512434744
BMDP_OUT_51186,Cluster_3,-0.40970684406609603,-0.2660344172301802
BMDP_OUT_51215,Cluster_1,1.3126093473952838,0.3753224914905538
BMDP_OUT_51216,Cluster_3,-0.9028168136406078,-0.5107610502564204
BMDP_OUT_51240,Cluster_2,0.029020529251581495,0.6218793048176389
BMDP_OUT_51241,Cluster_2,-0.8765432343292556,0.34473321673221113
BMDP_OUT_51251,Cluster_3,-0.40944581649698575,-0.8702139275170089
BMDP_OUT_51252,Cluster_2,-0.3226494231539657,0.3694972332189951
BMDP_OUT_51265,Cluster_2,-0.011656583634713363,0.6107052009583834
BMDP_OUT_51297,Cluster_3,0.43750470100518757,-0.23677305106117646
BMDP_OUT_51298,Cluster_3,0.2025610027278697,-0.16498008440454892
BMDP_OUT_51299,Cluster_3,-0.7186278389360881,-1.069238811794872
BMDP_OUT_51311,Cluster_2,-0.228489522199831,1.4780609599063417
BMDP_OUT_51338,Cluster_2,-1.2168418708109505,0.2660822714858341
BMDP_OUT_51339,Cluster_2,-0.7878340418909816,-0.1828138986957558
BMDP_OUT_51340,Cluster_2,-0.8129901826336867,1.0648599744240048
BMDP_OUT_51408,Cluster_2,-1.3412276416319873,-0.18010459318685001
BMDP_OUT_51409,Cluster_2,-0.627331584419661,0.7391293589065446
BMDP_OUT_51453,Cluster_3,-0.5429207452391689,-0.9787101799597583
BMDP_OUT_51604,Cluster_2,-1.2850449058480762,-0.4320440839266734
BMDP_OUT_51605,Cluster_3,-0.16605433809565998,-0.6999601978283166
BMDP_OUT_51606,Cluster_3,-0.6392654963765309,-0.6251972399131583
BMDP_OUT_51607,Cluster_3,-0.006995913061567383,-0.5766515915665139
BMDP_OUT_51608,Cluster_2,-0.7268429970796887,1.176316467171157
BMDP_OUT_51609,Cluster_2,-0.6925648260630982,0.9123442230479993
BMDP_OUT_51634,Cluster_2,-0.350698831973719,0.9916102000823795
BMDP_OUT_51635,Cluster_3,-0.5610611057084331,-0.1956594264671521
BMDP_OUT_51636,Cluster_2,-1.0446493476012537,0.30170211392477364
BMDP_OUT_51676,Cluster_2,-0.9235123300899257,0.6199541398956682
BMDP_OUT_51678,Cluster_2,-1.0176147428453906,1.077306183297007
BMDP_OUT_51695,Cluster_3,-0.7945813434612231,-0.27745495717425744
BMDP_OUT_51696,Cluster_3,0.22136749741747436,-0.6684315084004729
BMDP_OUT_51697,Cluster_2,-0.7700286862199409,0.6677525728573945
BMDP_OUT_51700,Cluster_2,-0.38432301548356484,0.030092176870931422
BMDP_OUT_51812,Cluster_2,-0.3114377818227043,0.3862112121342469
BMDP_OUT_51813,Cluster_3,-0.8582625809235828,-1.285759760121461
BMDP_OUT_51814,Cluster_2,-0.9206782131534672,-0.18133398048279298
BMDP_OUT_51815,Cluster_1,0.7010707972499494,-0.2257267970413951
BMDP_OUT_51816,Cluster_3,0.49212480734901687,-0.5344688003371392
BMDP_OUT_51817,Cluster_2,-0.5367529522246939,0.7722297446790137
BMDP_OUT_51818,Cluster_1,1.2508297577805139,0.3345862156405536
BMDP_OUT_51819,Cluster_2,-1.047963755802785,0.9202819021099323
BMDP_OUT_51820,Cluster_3,-0.5140169872811854,-0.9189686129743667
BMDP_OUT_51821,Cluster_2,-0.2996052633880806,-0.06723380058410036
BMDP_OUT_51822,Cluster_3,0.1753833464437734,-0.10544504622471541
BMDP_OUT_51858,Cluster_3,0.22418056333634712,-0.2363503733673999
BMDP_OUT_51859,Cluster_1,1.6215929496203716,-0.05096022815467567
BMDP_OUT_51883,Cluster_2,-1.173439738538947,0.2786212583189839
BMDP_OUT_51911,Cluster_2,-0.7434703684103283,1.153424202813388
BMDP_OUT_51912,Cluster_3,-0.5797469991200607,-0.6547042507854539
BMDP_OUT_52048,Cluster_3,-0.0542143774333336,-0.10708747338901678
BMDP_OUT_52049,Cluster_2,-0.46026744568890243,0.6863009244292324
BMDP_OUT_52050,Cluster_2,-0.4213827829304463,0.7169377094087085
BMDP_OUT_52051,Cluster_2,-1.2341469128427154,0.2845527135915632
BMDP_OUT_52052,Cluster_2,-0.8714756197040827,0.7035905459123214
BMDP_OUT_52053,Cluster_2,0.18934392825904695,0.7159576834381086
BMDP_OUT_52054,Cluster_3,-0.4836365330212524,-1.1215294928566808
BMDP_OUT_52055,Cluster_2,-0.6054655670980166,0.6215007495928057
BMDP_OUT_52056,Cluster_3,0.04028579159616512,-0.7805337093179908
BMDP_OUT_52097,Cluster_3,-0.8979853184038611,-0.7155005654327662
BMDP_OUT_52098,Cluster_1,0.7091025940606908,0.45814823075566835
BMDP_OUT_52113,Cluster_1,1.210644196274904,0.25419672679161714
BMDP_OUT_52130,Cluster_3,-0.26972560325561323,-0.5848468979160357
BMDP_OUT_52147,Cluster_2,-0.8614007972908455,0.794253760294921
BMDP_OUT_52153,Cluster_1,0.9294405345622128,0.08499217305355443
BMDP_OUT_52154,Cluster_2,-0.34341397780159966,-0.18965191518972557
BMDP_OUT_52155,Cluster_3,0.16076721442141279,-0.15202372011507437
BMDP_OUT_52156,Cluster_3,0.3851945508815572,-0.5587420874310133
BMDP_OUT_52157,Cluster_1,1.1737113838767514,0.36687272494710904
BMDP_OUT_52214,Cluster_1,0.9270197880212288,-0.1347951990585825
BMDP_OUT_52246,Cluster_3,-0.5589603288584172,-1.0617290929885626
BMDP_OUT_52249,Cluster_2,-0.19338225331128858,0.31608684549408145
BMDP_OUT_52265,Cluster_3,-0.27744516467622005,-1.1982560583449446
BMDP_OUT_52292,Cluster_3,0.30973983044035214,-0.03474119927032812
BMDP_OUT_52354,Cluster_3,-0.07519030744036082,-0.816107443364685
BMDP_OUT_5237,Cluster_2,-0.9767323409235293,1.046000256271278
BMDP_OUT_52381,Cluster_2,-0.2528889379745639,0.9882949613903252
BMDP_OUT_52383,Cluster_1,1.3755711901900602,0.10284023476907471
BMDP_OUT_52384,Cluster_3,-0.2635238979015453,-0.38642892171252446
BMDP_OUT_52385,Cluster_2,-0.6146307109587599,0.35850555277778895
BMDP_OUT_52386,Cluster_3,-0.6487684261624324,-1.0838500661820956
BMDP_OUT_52387,Cluster_1,1.0986122695103064,0.3775173852667952
BMDP_OUT_52388,Cluster_3,-0.31815780919054404,-0.5781564834114676
BMDP_OUT_52389,Cluster_3,-0.20095567743843942,0.2353817684306319
BMDP_OUT_52390,Cluster_3,-0.5161820661115323,-0.9010167448055805
BMDP_OUT_52391,Cluster_2,-0.34277150155401803,0.3815792321799991
BMDP_OUT_52503,Cluster_2,-0.69525055341665,0.5878917374889749
BMDP_OUT_52523,Cluster_3,-0.45431516512474157,-1.1738496881518437
BMDP_OUT_52524,Cluster_2,-0.32230192964339466,0.9907633423134968
BMDP_OUT_52525,Cluster_2,-0.8582882325143172,1.0882067962775812
BMDP_OUT_52526,Cluster_1,0.6072893354201256,1.3099976127437252
BMDP_OUT_52527,Cluster_2,-1.0515886537752155,0.2838297910887867
BMDP_OUT_52528,Cluster_2,-1.225371637222645,0.7035387760777557
BMDP_OUT_52529,Cluster_3,-0.508929398226115,-0.5562838101608041
BMDP_OUT_52530,Cluster_2,-0.7370972366750436,0.48876739496492605
BMDP_OUT_52531,Cluster_3,-0.09521924943150281,-0.6196242939310744
BMDP_OUT_52574,Cluster_2,-0.7465601755687735,0.9604887396714729
BMDP_OUT_52575,Cluster_3,-0.3594353789153858,-0.8299440522621268
BMDP_OUT_52576,Cluster_2,-1.4996103213237173,0.0921721187307208
BMDP_OUT_52577,Cluster_2,-1.2955248644324544,-0.23907284539062146
BMDP_OUT_52578,Cluster_1,0.847611527981253,-0.012591637360423874
BMDP_OUT_52579,Cluster_2,-0.04909151439091605,1.2802866917009719
BMDP_OUT_52580,Cluster_2,-1.220606244488162,0.3506226623500726
BMDP_OUT_52581,Cluster_1,0.989538577041289,0.9489166821442135
BMDP_OUT_52643,Cluster_3,-0.5504986246397713,-0.9915372791701847
BMDP_OUT_52650,Cluster_3,0.3713654147413888,0.11315241633229027
BMDP_OUT_52864,Cluster_1,1.3800200076616183,0.19884159232786203
BMDP_OUT_52865,Cluster_3,0.34004576164514777,-0.6605593959063893
BMDP_OUT_52866,Cluster_3,0.31208154409692435,-0.1113826237341842
BMDP_OUT_52867,Cluster_2,-1.5628744057099488,0.5298158033982657
BMDP_OUT_52868,Cluster_2,-0.2696292941896671,0.5414564096682778
BMDP_OUT_52869,Cluster_1,0.6373781285346896,0.014744660946587093
BMDP_OUT_52870,Cluster_3,-0.5704597850149427,-0.8975780353198783
BMDP_OUT_52871,Cluster_1,0.8222878383897375,0.12628417099359346
BMDP_OUT_52872,Cluster_3,0.7195877587399625,-0.7148888160810313
BMDP_OUT_52873,Cluster_2,-0.9241277830424515,0.9140873655194756
BMDP_OUT_52874,Cluster_1,0.8288243301631014,0.184262347584856
BMDP_OUT_52875,Cluster_3,0.42370880887754325,-0.23619144248959256
BMDP_OUT_52879,Cluster_3,-0.03097098231716086,-0.4840293453603855
BMDP_OUT_52908,Cluster_1,0.5297668319225632,-0.06308292285174869
BMDP_OUT_5303,Cluster_3,-0.7534720506522495,-0.9441752719855288
BMDP_OUT_5304,Cluster_2,-0.99668322498802,0.9669894068509292
BMDP_OUT_53077,Cluster_3,-0.5099541834749602,-0.6879329840156008
BMDP_OUT_53078,Cluster_1,1.1159120207820763,0.3413071365708467
BMDP_OUT_53079,Cluster_3,-0.5311041000186195,-1.229508683053965
BMDP_OUT_53080,Cluster_1,0.847611527981253,-0.012591637360423874
BMDP_OUT_53081,Cluster_2,-1.3689529050534583,0.4703228298476343
BMDP_OUT_53082,Cluster_2,-0.9863965934749179,1.027046280653386
BMDP_OUT_53083,Cluster_1,0.568197500850193,0.9251124164195775
BMDP_OUT_53437,Cluster_2,-0.6760774364340206,1.098457211787754
BMDP_OUT_53438,Cluster_3,-0.22973941491346592,-0.2650665370603363
BMDP_OUT_53439,Cluster_1,0.7945505697257791,-0.3085626106956361
BMDP_OUT_53440,Cluster_3,-0.04986780103668151,-0.16889215573975896
BMDP_OUT_53441,Cluster_1,1.3611659096530986,0.2166049271619191
BMDP_OUT_53442,Cluster_2,-1.1869901722690201,0.27727971568214305
BMDP_OUT_53443,Cluster_1,0.5097006499191384,0.3757331568266379
BMDP_OUT_53444,Cluster_3,0.38192296723632074,-0.21909635466284916
BMDP_OUT_53445,Cluster_2,-0.16535106535889257,0.5741224322017356
BMDP_OUT_53446,Cluster_1,0.8080220559163656,0.30504829313348014
BMDP_OUT_53447,Cluster_2,-0.7789498959779046,1.064910706137368
BMDP_OUT_53448,Cluster_1,0.7647638430646345,-0.1507729015941356
BMDP_OUT_53477,Cluster_1,0.7521082859524482,-0.6156874288393281
BMDP_OUT_53485,Cluster_3,0.34950565971244163,-0.9281504263777544
BMDP_OUT_53490,Cluster_3,-0.8196745061188292,-0.3940579508155863
BMDP_OUT_53520,Cluster_1,1.0507327508183173,0.2636310024985316
BMDP_OUT_53571,Cluster_1,1.128387254421798,0.1075460639556771
BMDP_OUT_53572,Cluster_2,-1.0778688492604442,1.0040699057554097
BMDP_OUT_53573,Cluster_1,0.6386971469917777,-0.3660983453270335
BMDP_OUT_53631,Cluster_1,1.2779535100348913,0.16274717693341645
BMDP_OUT_53632,Cluster_3,-0.6316481348491199,-1.1355248959632434
BMDP_OUT_53633,Cluster_1,0.862603982196178,-0.18992373851989153
BMDP_OUT_53634,Cluster_2,-1.0939801354307688,0.8790447437029202
BMDP_OUT_53635,Cluster_2,-1.349671831350408,-0.26461777364479977
BMDP_OUT_53636,Cluster_1,0.6876224531303361,-0.02893935068957361
BMDP_OUT_53640,Cluster_1,0.21612414046282113,0.7054614539350651
BMDP_OUT_53646,Cluster_1,0.6896669492209059,0.8025320743477371
BMDP_OUT_53647,Cluster_2,-0.6827610871556196,0.8629290408559109
BMDP_OUT_53648,Cluster_1,1.0277426713036129,0.36543252908940255
BMDP_OUT_53649,Cluster_1,1.2117653952471508,-0.29107957739992174
BMDP_OUT_53650,Cluster_2,-0.9246883570329698,0.9455870069815094
BMDP_OUT_53651,Cluster_3,0.817427205982702,-0.17172219369103967
BMDP_OUT_53652,Cluster_3,-0.03895352066312402,-0.03625652555222875
BMDP_OUT_53653,Cluster_1,1.0240301125030842,0.26307648388473287
BMDP_OUT_53654,Cluster_2,0.1065566728266418,0.683743602603786
BMDP_OUT_53655,Cluster_2,-0.894738547442886,0.9943955159557961
BMDP_OUT_53656,Cluster_2,-0.824965858982759,0.38704481605614344
BMDP_OUT_53657,Cluster_3,-0.19041257327252395,-0.542390956439434
BMDP_OUT_53713,Cluster_3,-0.5355579537350507,-0.26259973677099024
BMDP_OUT_53714,Cluster_1,0.8718465619098366,0.045438302705497216
BMDP_OUT_53719,Cluster_1,1.200131506521969,-0.27119445615554016
BMDP_OUT_53729,Cluster_3,0.3633510980922521,-0.07382809193269506
BMDP_OUT_53735,Cluster_2,-0.6340007757957743,0.9518940081204156
BMDP_OUT_53740,Cluster_3,-0.830214101044299,-0.5722610339430849
BMDP_OUT_53743,Cluster_3,0.32795661986302693,-0.35353236633542756
BMDP_OUT_53753,Cluster_1,1.1990371120053493,-0.05165552637540395
BMDP_OUT_53765,Cluster_1,0.6121092840537378,-0.09814326258742637
BMDP_OUT_53806,Cluster_2,-0.9497782282050631,0.16470501514614816
BMDP_OUT_53807,Cluster_1,0.67041415584517,-0.1711560310378752
BMDP_OUT_53808,Cluster_2,-1.0312498516073094,0.7494633571101157
BMDP_OUT_53823,Cluster_3,0.04379919324749204,-0.9987405133777872
BMDP_OUT_53827,Cluster_2,-0.007091417962815344,1.1389410669700664
BMDP_OUT_53854,Cluster_3,-0.47519637422649486,-0.8694471035440723
BMDP_OUT_53857,Cluster_2,-0.4141069414918549,0.25556529706159675
BMDP_OUT_53858,Cluster_3,-0.5755625244550179,-0.8918234922545991
BMDP_OUT_53865,Cluster_2,-0.29478322889531505,0.31196249677233234
BMDP_OUT_53869,Cluster_1,0.8541459322533123,0.8156193437722178
BMDP_OUT_53873,Cluster_1,0.9257380840460495,0.07247329670076051
BMDP_OUT_53874,Cluster_2,0.0710538510127275,0.7392055330207253
BMDP_OUT_53876,Cluster_3,0.009816207973077057,-0.1097350453153818
BMDP_OUT_53946,Cluster_1,0.9364883646816603,0.1094326093187989
BMDP_OUT_53959,Cluster_3,-0.34064497101540525,-0.08766754207130638
BMDP_OUT_53965,Cluster_3,-0.10623086359829886,-0.1899387698828472
BMDP_OUT_53970,Cluster_1,1.0377738849673703,0.05362834244469601
BMDP_OUT_53971,Cluster_1,0.5185189359164996,-0.21274470666365425
BMDP_OUT_53979,Cluster_3,-0.14325225927053495,-0.32208325317859593
BMDP_OUT_54002,Cluster_2,-1.01204098546341,0.938124060329315
BMDP_OUT_54005,Cluster_3,-0.1206746035041695,-0.6229875262100443
BMDP_OUT_54009,Cluster_2,-1.2956208046536164,0.34977800885835764
BMDP_OUT_54023,Cluster_3,-0.2163471883526066,-0.7018370132801633
BMDP_OUT_54051,Cluster_2,0.06316654067180098,0.14969549820801886
BMDP_OUT_54052,Cluster_3,0.08457797448277676,-0.30670278943829316
BMDP_OUT_54075,Cluster_1,0.9092425022577146,0.5250003115933499
BMDP_OUT_54115,Cluster_3,-0.8392795065998456,-1.1772827560680328
BMDP_OUT_54116,Cluster_3,-0.3854025033740889,-1.064018859906934
BMDP_OUT_54117,Cluster_3,-0.48887062095476663,-1.0395527522421213
BMDP_OUT_54118,Cluster_3,0.026966484246540703,-0.24907055625773433
BMDP_OUT_54119,Cluster_3,-0.5352794876363898,-0.8759342778920988
BMDP_OUT_54120,Cluster_2,-1.1314430167254625,0.6514088496303811
BMDP_OUT_54121,Cluster_3,0.41564221473590635,0.006802792360374399
BMDP_OUT_54122,Cluster_2,-0.660030192890153,0.3286043442954846
BMDP_OUT_54123,Cluster_2,-0.4583605622907756,0.8671064494528152
BMDP_OUT_54124,Cluster_1,1.4253457994732213,0.3412171822771963
BMDP_OUT_54137,Cluster_1,0.27140943859641947,0.25537748332184756
BMDP_OUT_54145,Cluster_3,0.0068070431238965445,-0.20428064091379083
BMDP_OUT_54161,Cluster_3,0.4306785033804956,-0.7234702214743016
BMDP_OUT_54196,Cluster_3,0.1365894042791086,-0.29169363209230825
BMDP_OUT_54197,Cluster_2,-1.1391308379084206,0.854685544359528
BMDP_OUT_54198,Cluster_2,-0.8063852315665205,0.5167075000091845
BMDP_OUT_54226,Cluster_3,-0.3369229090845506,-0.6817389848533877
BMDP_OUT_54247,Cluster_1,0.7707668148437983,-0.044350104802121045
BMDP_OUT_54248,Cluster_1,0.14352150948377845,0.4455132824022082
BMDP_OUT_54251,Cluster_1,0.8391720884398167,0.3720215810999041
BMDP_OUT_54252,Cluster_2,-0.8315100063825736,0.6144236098903189
BMDP_OUT_54274,Cluster_3,-0.012650444970883273,-0.9552344620589797
BMDP_OUT_54275,Cluster_3,-0.13398598535454778,-0.46700145199503207
BMDP_OUT_54276,Cluster_3,0.13082182615440582,-0.8517503652947939
BMDP_OUT_54288,Cluster_2,-0.797077195228735,1.2221070640138059
BMDP_OUT_54291,Cluster_3,-0.5769081868109175,-1.2341750921436567
BMDP_OUT_54333,Cluster_2,-0.04382849426708593,0.770387305467987
BMDP_OUT_54334,Cluster_3,-0.27767253364024136,-0.9049183358515034
BMDP_OUT_54335,Cluster_1,0.8718768446346135,-0.26199819778949146
BMDP_OUT_54344,Cluster_3,-0.32926817090486593,-0.6396549749647052
BMDP_OUT_54351,Cluster_1,1.186282972205321,0.35988605541908036
BMDP_OUT_54383,Cluster_3,-0.21061626622482835,-0.7508123389233076
BMDP_OUT_54390,Cluster_2,-1.0785761597931791,0.22128243861377128
BMDP_OUT_54418,Cluster_3,0.052520717060021996,-0.62399899929552
BMDP_OUT_54455,Cluster_1,0.8350880097830645,0.15270612170974368
BMDP_OUT_54471,Cluster_1,0.7343350989294356,-0.17361582405557807
BMDP_OUT_54472,Cluster_2,-0.8240631382101046,0.9075609914486068
BMDP_OUT_54480,Cluster_3,0.12063702984526672,-0.7033290493019903
BMDP_OUT_54492,Cluster_1,0.5499496214220703,0.3789845047312803
BMDP_OUT_54547,Cluster_3,-0.3783630350107958,-0.9252975837140637
BMDP_OUT_54579,Cluster_3,-0.632614432259178,-0.16688745672988942
BMDP_OUT_54605,Cluster_3,-0.2115036921014277,-0.13435395952904317
BMDP_OUT_54606,Cluster_3,0.21142887778486463,-0.7833600999458049
BMDP_OUT_54619,Cluster_3,0.03459267282153891,-0.8575416637363706
BMDP_OUT_54620,Cluster_2,-0.3122475447603764,0.5647031906861554
BMDP_OUT_54659,Cluster_2,-0.5915665890159224,0.3219132995753091
BMDP_OUT_54660,Cluster_1,1.1810263122760314,0.14592305549343987
BMDP_OUT_54665,Cluster_3,0.2067438741822914,-0.16602404800207698
BMDP_OUT_54686,Cluster_3,-0.43375851811609645,-0.6288808443944007
BMDP_OUT_54691,Cluster_1,1.1942647865546625,0.3511134841809525
BMDP_OUT_54692,Cluster_2,-1.124541953406869,0.7000911292411546
BMDP_OUT_54706,Cluster_3,-0.09760414547397864,-0.3882797922153722
BMDP_OUT_54740,Cluster_1,0.8368871189142003,-0.042197592377797535
BMDP_OUT_54746,Cluster_2,-0.3295142626347861,0.4608649119233733
BMDP_OUT_54747,Cluster_3,-0.06320213695176771,-0.9865945958823473
BMDP_OUT_54748,Cluster_1,0.6652768761578612,-0.036600011834410154
BMDP_OUT_54801,Cluster_3,-0.5321944995195116,-1.480068018077597
BMDP_OUT_54802,Cluster_3,-0.2233013521268095,-0.5857970223242677
BMDP_OUT_54839,Cluster_2,-0.8307739588610354,-0.15727772799662593
BMDP_OUT_54844,Cluster_3,-0.43583263911637027,-1.2653771927803774
BMDP_OUT_54855,Cluster_1,0.8499256486581697,-0.06817871014223371
BMDP_OUT_54884,Cluster_3,-0.5484177757220788,-1.2145060891666537
BMDP_OUT_54924,Cluster_3,-0.07268024608038598,-0.47811442695909
BMDP_OUT_54934,Cluster_1,0.42673327261491845,-0.2912242618153951
BMDP_OUT_54937,Cluster_2,-1.1809366484505142,0.14502433985819174
BMDP_OUT_54946,Cluster_3,-0.44751605220240465,-1.0865925055698193
BMDP_OUT_54947,Cluster_3,0.2862718624593855,-0.03306601888265526
BMDP_OUT_54965,Cluster_3,0.21053356091305758,-0.21672632229392041
BMDP_OUT_54972,Cluster_2,-0.17606907691888948,0.6481094923050429
BMDP_OUT_54974,Cluster_3,-0.9359209269119262,-0.6119777285189586
BMDP_OUT_54987,Cluster_1,0.55516613709755,-0.18372905114324276
BMDP_OUT_54988,Cluster_2,0.2105906009264868,0.7914666460578522
BMDP_OUT_54997,Cluster_3,0.3060024046932368,-0.7930292522081741
BMDP_OUT_55024,Cluster_2,0.10068867918171152,0.4272084493430993
BMDP_OUT_55029,Cluster_1,1.6035499823395634,0.2998919143924318
BMDP_OUT_55030,Cluster_1,1.214322432863065,0.45430479251187805
BMDP_OUT_55031,Cluster_2,-1.0479074780790973,0.0757517573460252
BMDP_OUT_55032,Cluster_3,-0.026086251002284594,-0.5608026931586729
BMDP_OUT_55033,Cluster_3,-0.08852188954442217,-1.1114480649966743
BMDP_OUT_55034,Cluster_1,0.9790872724001546,-0.14472632758171766
BMDP_OUT_5507,Cluster_2,-0.5815825746947308,0.7674043474177082
BMDP_OUT_5508,Cluster_2,-0.293103121575638,0.29581642780336914
BMDP_OUT_5509,Cluster_3,-0.5269699161965959,-1.4015428752552932
BMDP_OUT_5510,Cluster_1,0.8280686240716288,0.7120408632055505
BMDP_OUT_5511,Cluster_3,-0.2832419294020164,-0.1945012100449806
BMDP_OUT_5512,Cluster_2,0.0672558558627128,-0.05706522387329613
BMDP_OUT_5513,Cluster_1,0.5021774333284342,0.09701778170909824
BMDP_OUT_5514,Cluster_3,-0.40095100219583746,-0.8080314268551464
BMDP_OUT_55146,Cluster_1,1.13371447796617,-0.10956733498474665
BMDP_OUT_55147,Cluster_2,-0.49439951994083386,0.8418472642944219
BMDP_OUT_55148,Cluster_2,-1.2010416924887237,-0.016223017046811908
BMDP_OUT_55149,Cluster_2,-0.013965867778803237,1.227158435675162
BMDP_OUT_5515,Cluster_1,0.9453210927064145,-0.6526131278891326
BMDP_OUT_55150,Cluster_2,0.06108767610068756,1.2757098528272042
BMDP_OUT_55151,Cluster_3,-0.19130999723871148,-0.1046838493699241
BMDP_OUT_55152,Cluster_1,0.9453210927064145,-0.6526131278891326
BMDP_OUT_55153,Cluster_1,1.0091877727520993,-0.3512615438939644
BMDP_OUT_5516,Cluster_3,0.04094448023840744,-0.6562171399232735
BMDP_OUT_5518,Cluster_2,-1.0291455911851146,0.9417966648727479
BMDP_OUT_5519,Cluster_3,-0.32236916179369324,-0.2947979137578471
BMDP_OUT_55218,Cluster_3,-0.7246570194217307,-0.6295321980925747
BMDP_OUT_55243,Cluster_3,-0.15377562750055743,-0.42413590838482335
BMDP_OUT_55330,Cluster_3,-0.6583954733379336,-0.8084668678844188
BMDP_OUT_55331,Cluster_2,-0.9424632196033718,0.5033229306544884
BMDP_OUT_55332,Cluster_1,0.40764988952953607,-0.6649293907649939
BMDP_OUT_55358,Cluster_3,-0.3078096457949355,-0.15263178040781394
BMDP_OUT_55393,Cluster_3,-0.01442811700119781,-0.2793166381182025
BMDP_OUT_5542,Cluster_1,0.6473766434265477,0.9005025314301879
BMDP_OUT_55421,Cluster_2,-0.5639118864846353,0.6385239396130199
BMDP_OUT_55425,Cluster_1,0.9546445909324458,-0.6036048544161169
BMDP_OUT_55426,Cluster_3,-0.0902688233769611,-0.27936631710606136
BMDP_OUT_5543,Cluster_3,-0.27291665143827026,-0.8463847862845164
BMDP_OUT_5544,Cluster_2,-0.0642645723286751,0.5322277825321032
BMDP_OUT_55448,Cluster_2,-0.34618683497587033,0.8975265107663627
BMDP_OUT_55468,Cluster_3,-0.13174506118678783,-0.723391035874596
BMDP_OUT_55524,Cluster_2,-0.23976022315489767,1.3031644087436909
BMDP_OUT_55528,Cluster_3,0.28391021762870916,-0.35780412233189746
BMDP_OUT_55536,Cluster_2,-0.6204068139037596,0.5754485066690485
BMDP_OUT_55541,Cluster_3,-0.10818688148372346,-0.4107508668140449
BMDP_OUT_55574,Cluster_1,1.5846191955194735,0.4096791765410147
BMDP_OUT_55625,Cluster_3,-0.5663964714379599,-0.24476470149460378
BMDP_OUT_55639,Cluster_2,-0.6197505837815556,0.8202462918613213
BMDP_OUT_55662,Cluster_3,-0.828974741024667,-0.5176669450999188
BMDP_OUT_55680,Cluster_1,0.9864801149352993,-0.237376149844427
BMDP_OUT_55681,Cluster_2,0.11826689190260113,0.4057134426191431
BMDP_OUT_55684,Cluster_2,-1.471742444132532,-0.038183137551336246
BMDP_OUT_55693,Cluster_2,-0.4209471145021607,0.33828071968815404
BMDP_OUT_55704,Cluster_3,-0.49393767332452054,-0.4027323200929679
BMDP_OUT_55713,Cluster_1,0.6287516960231978,0.37933693363270826
BMDP_OUT_55717,Cluster_1,0.8787060220371864,0.2320505703198087
BMDP_OUT_55740,Cluster_1,0.8502629370486479,0.9686674706747519
BMDP_OUT_55746,Cluster_1,1.8741629763565346,0.4147001046338482
BMDP_OUT_55893,Cluster_1,0.658786089173906,-0.2761235908635851
BMDP_OUT_55906,Cluster_2,-1.4209536178419886,0.394933569498963
BMDP_OUT_55907,Cluster_2,-1.2372799908876693,0.5608681030657965
BMDP_OUT_55908,Cluster_3,-0.6662316963979907,-0.2187594300881343
BMDP_OUT_55909,Cluster_3,-0.1771293819312437,-0.10231423462791292
BMDP_OUT_55910,Cluster_2,-1.2847140267084656,-0.3781995229001688
BMDP_OUT_55911,Cluster_1,0.8820703162904935,0.6010085475732647
BMDP_OUT_55912,Cluster_2,-0.29074861190807866,0.3524852118591372
BMDP_OUT_55913,Cluster_2,-0.15970762520972212,0.5797553194118342
BMDP_OUT_55914,Cluster_2,-1.1804073829579564,0.5542424911240678
BMDP_OUT_55915,Cluster_1,0.6452565195650058,0.09182007399085655
BMDP_OUT_55916,Cluster_3,-0.6131327446857335,-0.42784313436828636
BMDP_OUT_55917,Cluster_2,0.046471074156592906,-0.012863277754373903
BMDP_OUT_55939,Cluster_2,-1.2074501324636842,0.9298023061085
BMDP_OUT_55948,Cluster_2,-0.8470904318925179,0.8019260023902337
BMDP_OUT_55970,Cluster_3,0.4002244333477748,-0.18936933980069523
BMDP_OUT_55971,Cluster_1,0.8592264327478085,0.23899255093117028
BMDP_OUT_55990,Cluster_2,-0.7588806036523101,0.3453268424513789
BMDP_OUT_56029,Cluster_2,-1.2873391773838683,0.797837989056116
BMDP_OUT_56031,Cluster_3,0.2882984221902245,-0.7416738774189889
BMDP_OUT_56032,Cluster_1,0.5644410201913379,-0.08211700713980802
BMDP_OUT_56064,Cluster_2,-1.258240551316713,0.4269275349576761
BMDP_OUT_56065,Cluster_3,-0.4449491849009767,-1.2000515761040735
BMDP_OUT_56083,Cluster_2,-0.8644375591797642,0.9790413024344401
BMDP_OUT_56110,Cluster_2,-0.6417784741917921,0.9196812808451834
BMDP_OUT_56124,Cluster_3,-0.10642506626207576,-0.1920154075069452
BMDP_OUT_56125,Cluster_1,1.1544711916055874,0.1696133717487069
BMDP_OUT_56127,Cluster_3,-0.662149639951297,-0.9049576463223502
BMDP_OUT_56147,Cluster_3,0.4157505784821741,-0.1472966288562526
BMDP_OUT_56153,Cluster_1,1.475933168967544,0.3987766307455558
BMDP_OUT_56159,Cluster_1,0.7240845212738144,0.4017223746263304
BMDP_OUT_56162,Cluster_3,-0.38101637821982415,-0.09993694681984792
BMDP_OUT_56163,Cluster_1,1.5093108313231127,0.17476841812809119
BMDP_OUT_56166,Cluster_1,0.8684282753164246,-0.03144922800586018
BMDP_OUT_56171,Cluster_2,-1.2110919272110579,0.7640330105825272
BMDP_OUT_56180,Cluster_3,-0.09286396182719506,-1.108083348440155
BMDP_OUT_56181,Cluster_2,-0.5521317339209183,0.7857664286165652
BMDP_OUT_56182,Cluster_3,-0.7051158342712531,-1.1328980680217768
BMDP_OUT_56217,Cluster_1,0.8264301016332968,-0.0907607020585256
BMDP_OUT_56238,Cluster_2,-0.02894084334849986,0.4117856438055745
BMDP_OUT_56260,Cluster_3,-0.5387078017555504,-1.3749545486548223
BMDP_OUT_56261,Cluster_1,1.7839883645229755,0.31403462803647464
BMDP_OUT_56262,Cluster_1,0.8785456763749727,0.45412344035438235
BMDP_OUT_56271,Cluster_3,-0.08505939433619356,-0.32089264022635877
BMDP_OUT_56284,Cluster_2,-1.2169732136829983,0.713634288580596
BMDP_OUT_56285,Cluster_2,-1.0781027719705667,0.30282648792337324
BMDP_OUT_56286,Cluster_3,-0.4696306430455459,-0.6493854098191512
BMDP_OUT_56287,Cluster_1,0.9353614815504908,-0.03465172184636889
BMDP_OUT_56303,Cluster_3,-0.11795623550759568,-0.4323497613735432
BMDP_OUT_56307,Cluster_3,0.554829953801571,-0.15906578729180226
BMDP_OUT_56308,Cluster_1,1.2687245109512615,0.16418848963602622
BMDP_OUT_56321,Cluster_2,-0.8773464136112039,1.0926762169973254
BMDP_OUT_56322,Cluster_1,0.42366890601870255,0.30558949058866364
BMDP_OUT_56323,Cluster_2,-0.6369385837295012,0.5958791658839689
BMDP_OUT_56324,Cluster_1,0.4064712151792542,0.5281521748649806
BMDP_OUT_56325,Cluster_2,-0.3727522631352358,0.4762709072167258
BMDP_OUT_56326,Cluster_2,-0.7563791949522046,0.6163120588251652
BMDP_OUT_56327,Cluster_3,-0.16448735659292282,-0.7853502052076287
BMDP_OUT_5635,Cluster_2,-0.8395262586984387,0.28187842111038525
BMDP_OUT_56691,Cluster_1,0.8468619181085739,-0.06549441520360388
BMDP_OUT_56805,Cluster_1,0.6512329719537746,1.282172199493158
BMDP_OUT_56876,Cluster_3,-0.19879429126149598,-0.6978874625644759
BMDP_OUT_56971,Cluster_3,0.31550323129457136,-0.30557630995959295
BMDP_OUT_57026,Cluster_1,0.7872416321167167,-0.4493384263821399
BMDP_OUT_57027,Cluster_1,1.1167109926027046,0.15244901512608106
BMDP_OUT_57028,Cluster_3,-0.6366597622657885,-1.3645507470899294
BMDP_OUT_57029,Cluster_3,-0.29870459285066064,-0.48406407060864287
BMDP_OUT_57030,Cluster_2,-1.0361510169054087,0.9323596354582918
BMDP_OUT_57031,Cluster_1,0.6953568053059772,0.1389915726729407
BMDP_OUT_57032,Cluster_2,-0.9709674729248816,0.24880124145314114
BMDP_OUT_57033,Cluster_1,0.820065990215262,0.04617491787996429
BMDP_OUT_57034,Cluster_1,1.3133825073818444,-0.07116142698847029
BMDP_OUT_57035,Cluster_2,-0.7948977038518822,1.0061676560717756
BMDP_OUT_57036,Cluster_2,-1.0075013940852022,0.6675435435665352
BMDP_OUT_57037,Cluster_2,-0.6272494489117532,0.8817892701704927
BMDP_OUT_57038,Cluster_3,-0.09855850381109957,-0.7948954053430699
BMDP_OUT_57039,Cluster_3,0.36100628833185666,-0.924496771038292
BMDP_OUT_57040,Cluster_2,-0.7639204884513408,1.0071623056374186
BMDP_OUT_57041,Cluster_1,0.6547795264430895,-0.7366380976383075
BMDP_OUT_57042,Cluster_2,-1.1303585303636137,0.5407471435752997
BMDP_OUT_57043,Cluster_2,0.09715024637763928,1.3617561820810355
BMDP_OUT_57044,Cluster_3,-0.08120760111669223,0.027671789158264223
BMDP_OUT_57045,Cluster_2,-0.8262923366700634,-0.07156914531312156
BMDP_OUT_57049,Cluster_2,-1.132089741602852,-0.2194059599333212
BMDP_OUT_57050,Cluster_3,0.012259566092945554,-0.1770704054980362
BMDP_OUT_57051,Cluster_2,-1.2801009977006303,0.355540304700226
BMDP_OUT_57052,Cluster_2,-1.0374611413004362,0.5288093643650672
BMDP_OUT_57053,Cluster_3,-0.49095101806846897,-0.6635413207711085
BMDP_OUT_57054,Cluster_1,1.459991402736319,-0.05043459014151255
BMDP_OUT_57055,Cluster_2,-1.1135645154158347,0.07981240070863792
BMDP_OUT_57056,Cluster_3,-0.21354198432417779,-0.6819288650609618
BMDP_OUT_57057,Cluster_1,0.8881244252754248,-0.2617853674921029
BMDP_OUT_57058,Cluster_3,-0.3775940648369116,-0.534974379029103
BMDP_OUT_57059,Cluster_2,-0.7231326813557101,-0.20334279631243696
BMDP_OUT_57060,Cluster_2,-0.8952626762318754,1.0785184685345992
BMDP_OUT_57061,Cluster_2,-1.1745011058137276,0.4301590193175101
BMDP_OUT_57062,Cluster_2,-0.6806993620746125,0.7366695328895784
BMDP_OUT_57063,Cluster_2,-1.2110919272110579,0.7640330105825272
BMDP_OUT_57064,Cluster_2,-0.04837362535586889,0.3330579961403954
BMDP_OUT_57065,Cluster_1,1.3914814535322921,0.3811854669528662
BMDP_OUT_57066,Cluster_3,0.020840078728901743,-0.43514313250369296
BMDP_OUT_57067,Cluster_3,0.14512506156578311,-0.20354772479023797
BMDP_OUT_57068,Cluster_2,-1.38249403040461,-0.11805341688448286
BMDP_OUT_57069,Cluster_1,1.014616020220836,-0.14941149162770478
BMDP_OUT_57070,Cluster_2,-1.1728898629370386,0.39739100308175257
BMDP_OUT_57071,Cluster_2,-0.5777072732988324,1.2992298105657738
BMDP_OUT_57072,Cluster_3,-0.13407918493569662,-0.6918611393558026
BMDP_OUT_57073,Cluster_2,-0.9812425638765574,1.0507385061871861
BMDP_OUT_57074,Cluster_2,-0.590423457925932,0.02568361569940779
BMDP_OUT_57075,Cluster_3,-0.569764394974957,-1.4451502877290294
BMDP_OUT_57077,Cluster_3,-0.33362753377593535,0.024849069788510855
BMDP_OUT_57106,Cluster_1,1.3511277766022114,0.09107244224759874
BMDP_OUT_57107,Cluster_2,-0.8960082712255888,0.8226421673496861
BMDP_OUT_57133,Cluster_2,-0.9256118754167668,0.3888119000035325
BMDP_OUT_57150,Cluster_3,0.10990039555287406,-0.28783853512052354
BMDP_OUT_57151,Cluster_2,-0.3199104584815733,0.3728624218931995
BMDP_OUT_57164,Cluster_1,1.3514107323332776,0.32886781693804584
BMDP_OUT_57186,Cluster_3,-0.15906992854263,-0.61615273860071
BMDP_OUT_57200,Cluster_2,-0.05186334892779834,0.14606496949606723
BMDP_OUT_57219,Cluster_1,0.6776957601949201,-0.18746854001785024
BMDP_OUT_57222,Cluster_3,-0.8936007332547293,-0.9435025601336626
BMDP_OUT_57270,Cluster_3,0.6689739573006693,-0.7483164479323837
BMDP_OUT_57327,Cluster_1,0.7476927427405021,0.1896716756277937
BMDP_OUT_5743,Cluster_1,0.20735918583492632,0.254537640127696
BMDP_OUT_57434,Cluster_2,-0.42251693108685084,0.4188785373963094
BMDP_OUT_57469,Cluster_3,0.03816965884008369,-0.7239950445965768
BMDP_OUT_57472,Cluster_1,1.04274577403247,0.36115867619470654
BMDP_OUT_57478,Cluster_3,-0.039376344050437134,-0.5825105812057111
BMDP_OUT_57479,Cluster_3,0.04256784180892764,-0.21339155891473058
BMDP_OUT_57518,Cluster_2,-1.18660405733562,-0.3906531851670287
BMDP_OUT_57556,Cluster_2,-0.29808298888661977,0.6088600822492862
BMDP_OUT_57571,Cluster_2,-0.08452080108893364,0.7404063150868703
BMDP_OUT_57572,Cluster_3,-0.6080340073504201,-1.3623379252313397
BMDP_OUT_57574,Cluster_2,-0.4768425845126636,0.4551543282915098
BMDP_OUT_57575,Cluster_1,0.7577507948707594,-0.5007961523165277
BMDP_OUT_57576,Cluster_3,0.03248783351370821,-0.6668002781002385
BMDP_OUT_57581,Cluster_3,0.4717148505613722,0.03382924418083026
BMDP_OUT_57582,Cluster_3,-0.5013087100867174,-0.8336321895565187
BMDP_OUT_57599,Cluster_3,-0.11607182820401377,-0.5517942091002785
BMDP_OUT_57607,Cluster_1,1.0886448673955686,0.3285245689537925
BMDP_OUT_57608,Cluster_3,0.3736290949128125,-0.5097437585176586
BMDP_OUT_57609,Cluster_3,-0.6009953766051762,-0.22752132911634398
BMDP_OUT_57610,Cluster_1,1.0660358500283595,-0.05135482603417752
BMDP_OUT_57611,Cluster_2,-0.8033612259785614,0.539666983670517
BMDP_OUT_57612,Cluster_2,-0.046860938447214534,0.5030200862339295
BMDP_OUT_5767,Cluster_2,0.16251974879788267,0.4762135584024284
BMDP_OUT_5768,Cluster_2,-0.051412435793802946,0.09870086390139497
BMDP_OUT_57685,Cluster_3,-0.9555045937965436,-1.051187291366083
BMDP_OUT_5769,Cluster_1,1.415867041185565,0.475993225069933
BMDP_OUT_57690,Cluster_3,-0.4908473691835602,-1.1595756124872012
BMDP_OUT_5770,Cluster_2,-0.2866950008743837,0.3204965780712117
BMDP_OUT_5771,Cluster_1,0.8005835052383591,-0.5146653809431952
BMDP_OUT_57711,Cluster_2,-0.46669092296233483,0.6714556951227527
BMDP_OUT_57721,Cluster_3,-0.5942631381569499,-1.3477899750185076
BMDP_OUT_57722,Cluster_3,0.1372779292122976,-0.21763924461142534
BMDP_OUT_57723,Cluster_2,-0.18508989531504502,0.5684263373916845
BMDP_OUT_57728,Cluster_3,-0.17775515137653006,-0.4060819184051873
BMDP_OUT_57738,Cluster_3,0.49787094503252793,-0.13615797165941126
BMDP_OUT_57740,Cluster_3,0.1549700006814222,-0.28198010430135917
BMDP_OUT_57771,Cluster_2,-0.04277055327953985,0.6961720208576075
BMDP_OUT_5845,Cluster_2,-0.3401498728943194,0.292096257990509
BMDP_OUT_5846,Cluster_1,0.7674287645129815,0.22222112857272874
BMDP_OUT_5847,Cluster_3,-0.23675414734298142,-0.4870733247837762
BMDP_OUT_5848,Cluster_3,0.10165891617385919,-0.24944576412254083
BMDP_OUT_5878,Cluster_2,-0.09742153548401122,0.2356938707921657
BMDP_OUT_5879,Cluster_2,-0.24438940843251836,0.5709549239432373
BMDP_OUT_5880,Cluster_3,0.3081129045864718,-0.5083451914805222
BMDP_OUT_5881,Cluster_3,-0.1471790339945148,-0.5814980865931434
BMDP_OUT_5882,Cluster_2,-1.4316606706316242,0.44742109486467896
BMDP_OUT_5883,Cluster_2,-0.463669420475328,0.8098568748929333
BMDP_OUT_5884,Cluster_3,-0.11362087985827451,-0.4917566837423555
BMDP_OUT_5997,Cluster_3,-0.6265723562796718,-1.281006095316983
BMDP_OUT_6024,Cluster_1,0.7899951754013905,-0.3507386252922259
BMDP_OUT_6025,Cluster_2,-1.6180284507412535,0.6673985718378024
BMDP_OUT_6027,Cluster_1,0.5227591548151398,-0.24402908966444942
BMDP_OUT_6028,Cluster_2,-1.2306116586185476,0.1982917575795079
BMDP_OUT_6030,Cluster_2,-1.1311412363506914,0.6476381691873124
BMDP_OUT_6031,Cluster_2,-0.27475736409136287,0.42575929600485773
BMDP_OUT_6032,Cluster_3,-0.406093075744685,-0.06559181111518056
BMDP_OUT_6033,Cluster_2,-1.0473816916976595,1.132353165512658
BMDP_OUT_6164,Cluster_3,-0.5487592728700355,-0.9246808418467017
BMDP_OUT_6165,Cluster_2,-0.059987806574305275,1.5505500558402063
BMDP_OUT_6166,Cluster_2,-0.911745645515919,0.6228129602775693
BMDP_OUT_6167,Cluster_2,-1.4539511433204975,-0.12423006779613212
BMDP_OUT_6168,Cluster_3,-0.3376336773009536,-0.32646001478510434
BMDP_OUT_6169,Cluster_2,-0.6493542674896086,0.6537406403644983
BMDP_OUT_6212,Cluster_3,0.42508987333807813,-0.32236863328564574
BMDP_OUT_6344,Cluster_1,0.9062907277179162,0.18041503004449022
BMDP_OUT_6364,Cluster_2,-0.5057525430360074,-0.025093420602990926
BMDP_OUT_6365,Cluster_3,-0.5274467401578821,-1.3441692616376886
BMDP_OUT_6366,Cluster_3,-0.29411443219755273,-0.41804050099762735
BMDP_OUT_6384,Cluster_2,-0.8274507404555453,0.09205432809384999
BMDP_OUT_643,Cluster_1,1.1499493786391157,0.35133418291912344
BMDP_OUT_6431,Cluster_2,-0.3361663225579121,0.3021539832087415
BMDP_OUT_6432,Cluster_1,1.167965795053814,0.0701084730767687
BMDP_OUT_6433,Cluster_3,0.1128924436488466,-0.4741747368691938
BMDP_OUT_6434,Cluster_1,1.3103860220103043,0.4622681044165652
BMDP_OUT_6435,Cluster_1,0.8423491702839937,-0.5876003250228494
BMDP_OUT_644,Cluster_3,-0.3540527149692224,-0.7113690781921228
BMDP_OUT_6440,Cluster_3,-0.6621204365787714,-0.5711151391870436
BMDP_OUT_6441,Cluster_1,0.6732944524728677,-0.18308528722138245
BMDP_OUT_645,Cluster_2,-1.0559787047559015,0.7013859523097264
BMDP_OUT_6488,Cluster_2,-0.5689510104778905,0.39118538963944527
BMDP_OUT_6489,Cluster_3,-0.951232391066017,-0.6783258294476302
BMDP_OUT_6490,Cluster_3,0.699290849395479,-0.488601801659188
BMDP_OUT_6491,Cluster_3,-0.1128345198811645,-0.5379945632347722
BMDP_OUT_6492,Cluster_3,0.3251118190892859,-0.5659280152347382
BMDP_OUT_6493,Cluster_2,-0.3699539673465291,0.3736922047803549
BMDP_OUT_6494,Cluster_3,-0.45444836549704337,-1.2385250466097606
BMDP_OUT_6495,Cluster_3,-0.31000124884927094,-0.5935811085288506
BMDP_OUT_6496,Cluster_3,-0.39959987177967127,-1.2624778631258693
BMDP_OUT_6548,Cluster_3,-0.8170135753909282,-1.013711275642448
BMDP_OUT_6549,Cluster_1,0.6347127709278947,-0.4310362644854428
BMDP_OUT_6550,Cluster_1,0.9530275719857116,0.22096078008359243
BMDP_OUT_6551,Cluster_2,-0.9936381749574352,0.2603138077807817
BMDP_OUT_6552,Cluster_1,0.49291566210727744,-0.2456392577361371
BMDP_OUT_6553,Cluster_2,0.23877523215732693,0.6766165248871091
BMDP_OUT_6554,Cluster_1,0.6907488019462309,1.0176690955575554
BMDP_OUT_6589,Cluster_3,-0.19832955703718055,-0.6013475459202864
BMDP_OUT_6590,Cluster_1,1.3663593784025259,0.18601602372634807
BMDP_OUT_6607,Cluster_2,-0.07375994010114717,-0.018895351903675806
BMDP_OUT_6608,Cluster_2,-0.030991572762142483,0.503487930451406
BMDP_OUT_6609,Cluster_1,1.107875815235878,0.09286234262279704
BMDP_OUT_6763,Cluster_1,1.4234130074645088,0.41029541297650496
BMDP_OUT_6764,Cluster_2,0.04893706792794246,0.3023912516637177
BMDP_OUT_6765,Cluster_2,-1.0992373065792027,-0.11661280433192855
BMDP_OUT_6766,Cluster_2,-0.2096710394035153,0.4880121679617243
BMDP_OUT_684,Cluster_1,0.43483101350341946,0.5781590189624645
BMDP_OUT_685,Cluster_3,0.536235077646751,0.03308205302576843
BMDP_OUT_686,Cluster_3,-0.042636742042824805,-0.2031269375899638
BMDP_OUT_6879,Cluster_3,-0.28118316693204826,-0.8731803287147788
BMDP_OUT_6947,Cluster_2,0.11186329841257049,0.5182416161239353
BMDP_OUT_6948,Cluster_3,0.42266337535343845,-0.15194062750481377
BMDP_OUT_6949,Cluster_3,0.23947593360926922,-0.3155716649558656
BMDP_OUT_6951,Cluster_2,-0.4311851983542633,0.3488843616837858
BMDP_OUT_698,Cluster_2,-0.033394226490734535,0.36567752376014623
BMDP_OUT_699,Cluster_1,0.6129836134660228,0.7362794604187489
BMDP_OUT_7056,Cluster_3,-0.5150353634520657,-0.968392990783656
BMDP_OUT_7057,Cluster_3,0.1120139034457445,-0.3567443782454656
BMDP_OUT_7058,Cluster_3,0.2617890395020374,-0.8510412654942036
BMDP_OUT_7059,Cluster_2,-1.1430776371394196,0.9548543659292691
BMDP_OUT_7060,Cluster_3,-0.28701920838775963,-0.38962349685313585
BMDP_OUT_7096,Cluster_2,-0.9021357093955411,0.9495562871640478
BMDP_OUT_7097,Cluster_3,0.30851151855469044,-0.23044532171661203
BMDP_OUT_7098,Cluster_1,0.7314307725135188,-0.3342506947492356
BMDP_OUT_7100,Cluster_1,0.9784501950787888,0.13561457111751113
BMDP_OUT_7101,Cluster_2,-0.11303574211438056,0.5827953561168902
BMDP_OUT_7103,Cluster_1,1.524928829754394,0.44929448482963097
BMDP_OUT_7105,Cluster_2,-0.4875553038209607,0.939068493860976
BMDP_OUT_7106,Cluster_3,0.11293620753104071,-0.5204774250303182
BMDP_OUT_7107,Cluster_1,0.9926844581473813,0.12656885681485475
BMDP_OUT_7108,Cluster_1,1.2253174060169547,-0.3110549141727849
BMDP_OUT_7111,Cluster_2,-0.44248904234293296,0.490864386648281
BMDP_OUT_7112,Cluster_3,0.25989708717602356,-0.059170493959148994
BMDP_OUT_7113,Cluster_2,-0.5666190117498572,-0.11210297357796896
BMDP_OUT_7114,Cluster_1,0.8084036672063829,-0.6662906267501896
BMDP_OUT_7115,Cluster_1,0.8468554793256504,-0.4553267526407292
BMDP_OUT_7116,Cluster_1,1.8606075477175552,0.45789295897951876
BMDP_OUT_7117,Cluster_3,0.08589913424324948,-0.6659298250277825
BMDP_OUT_7118,Cluster_3,-0.12650590662692043,-0.08286576190451543
BMDP_OUT_7271,Cluster_3,-0.4582713301397102,-0.4168944245269056
BMDP_OUT_7272,Cluster_3,-0.27148681548240794,-0.6990220981854715
BMDP_OUT_7273,Cluster_3,0.6307262921942777,-0.16285866485943862
BMDP_OUT_7274,Cluster_3,0.16647906432888335,-0.3001781981173341
BMDP_OUT_7283,Cluster_3,-0.21105618603512669,0.06502751995407773
BMDP_OUT_7286,Cluster_2,0.0712134922590843,0.5011930081503736
BMDP_OUT_7449,Cluster_2,-0.10057005959164494,0.5951207075344128
BMDP_OUT_7540,Cluster_1,0.864767217776288,-0.05328570199176733
BMDP_OUT_7541,Cluster_3,0.2743698638267374,-0.014664746496323378
BMDP_OUT_7542,Cluster_2,-1.0255621443824252,0.9809999915322142
BMDP_OUT_7543,Cluster_2,-1.0604151392113066,1.0883218205569691
BMDP_OUT_7544,Cluster_1,0.6628403908289275,-0.38984271934574244
BMDP_OUT_7545,Cluster_3,0.18380286750582064,-0.41237889916958986
BMDP_OUT_7546,Cluster_3,0.005456673675779206,-0.49075754096092095
BMDP_OUT_7547,Cluster_1,0.6537442650670025,0.188798648772242
BMDP_OUT_7548,Cluster_1,1.598278808175011,-0.1543882153417826
BMDP_OUT_7549,Cluster_3,0.3812084878334979,-0.23136738734083523
BMDP_OUT_7550,Cluster_3,-0.6467527353789002,-1.1088390503877938
BMDP_OUT_7551,Cluster_1,0.8701157456226583,-0.1740710522993209
BMDP_OUT_7552,Cluster_1,1.616154997199415,0.44838022232766916
BMDP_OUT_7574,Cluster_3,0.2524631645300437,-0.28307954383513173
BMDP_OUT_7585,Cluster_2,-0.3740287888449457,0.12091339240893144
BMDP_OUT_7601,Cluster_1,0.6322929257201264,0.0817923204243854
BMDP_OUT_7602,Cluster_3,0.28335625200210013,-0.6728436878952743
BMDP_OUT_7731,Cluster_3,0.4372325240589632,-0.311006193787175
BMDP_OUT_7736,Cluster_3,0.04812259121315668,-0.4301795231017705
BMDP_OUT_7737,Cluster_2,-0.9389835634478769,0.5724400664010653
BMDP_OUT_7837,Cluster_3,-0.21026340886021314,-1.1694910142232606
BMDP_OUT_7838,Cluster_2,-0.857396285273173,0.5753466225427223
BMDP_OUT_7839,Cluster_2,-0.3997616079130275,0.5567383121293087
BMDP_OUT_7847,Cluster_2,0.033053749013465694,1.11036599362764
BMDP_OUT_7848,Cluster_2,-0.9152326513510236,1.3256247774804517
BMDP_OUT_8229,Cluster_2,-0.013353683065777,0.38604610966652453
BMDP_OUT_8230,Cluster_3,-0.030274273523202555,-0.695239341536382
BMDP_OUT_8231,Cluster_1,1.1369941427878867,0.20213890904968346
BMDP_OUT_8232,Cluster_1,1.083271011293765,0.3609842681190716
BMDP_OUT_8233,Cluster_1,0.8335349731686725,-0.14834033540816888
BMDP_OUT_8234,Cluster_3,-0.5779016925121038,-1.0793979056139396
BMDP_OUT_8235,Cluster_2,-0.2916910293446354,0.3095193581287754
BMDP_OUT_8287,Cluster_3,0.02532659465625023,-0.22241284290419966
BMDP_OUT_8288,Cluster_2,-0.4958440034447311,0.13107955665940385
BMDP_OUT_8289,Cluster_3,0.22434780111458766,-0.32162662192903957
BMDP_OUT_8290,Cluster_3,-0.4962383414633623,-1.2376850720702854
BMDP_OUT_8317,Cluster_3,-0.16375837491946862,-0.707511535233748
BMDP_OUT_8318,Cluster_3,-0.6109827989866011,-1.2711712538980022
BMDP_OUT_8319,Cluster_3,-0.08930639091250767,-0.7881788536285803
BMDP_OUT_8320,Cluster_3,-0.5542674103353668,-0.9219390851537865
BMDP_OUT_8321,Cluster_1,1.1787819056416275,1.070058956875146
BMDP_OUT_8358,Cluster_2,-0.38061565872823766,0.9809811424250338
BMDP_OUT_8359,Cluster_3,-0.44677895611404406,-0.89951008712525
BMDP_OUT_8363,Cluster_2,0.09639184279162658,0.5864171270200793
BMDP_OUT_8377,Cluster_1,0.5698656562207598,0.8816142629273951
BMDP_OUT_8378,Cluster_1,1.0692725291914877,-0.4924037902986758
BMDP_OUT_8379,Cluster_1,1.0692725291914877,-0.4924037902986758
BMDP_OUT_8380,Cluster_2,-0.5744964784067925,0.522138483743066
BMDP_OUT_8381,Cluster_3,-0.015209771920319609,-0.3089054154462999
BMDP_OUT_8382,Cluster_3,-0.5308368261676616,-0.13709489311672285
BMDP_OUT_845,Cluster_3,0.32346289423281144,-0.20809606708431913
BMDP_OUT_846,Cluster_3,-0.24067600489076021,-0.2818224290995081
BMDP_OUT_847,Cluster_3,-0.42746572828583074,-0.005930686573665064
BMDP_OUT_848,Cluster_2,-0.027648066162914042,0.46754208842122147
BMDP_OUT_849,Cluster_1,1.1274875609600676,0.12339985002032423
BMDP_OUT_850,Cluster_3,-0.4227631097974124,-0.9427362551647119
BMDP_OUT_8500,Cluster_3,0.3484067303577434,-0.9039635164970748
BMDP_OUT_8501,Cluster_1,1.5103342028140516,-0.2610880261101395
BMDP_OUT_8502,Cluster_2,-0.05977209738870659,0.6360965975394246
BMDP_OUT_8503,Cluster_2,-1.1711985542341476,0.1702207431946131
BMDP_OUT_8504,Cluster_3,0.18567907916367116,-0.7037359193936591
BMDP_OUT_8505,Cluster_1,1.1175927586918497,0.14185616134791795
BMDP_OUT_8506,Cluster_1,1.2579354220203622,0.2765886869246043
BMDP_OUT_8507,Cluster_3,0.118026674769238,-0.1982208709476614
BMDP_OUT_8508,Cluster_3,0.014010421398934908,-0.3958990956161668
BMDP_OUT_8509,Cluster_2,-0.832322799566772,0.8282955441155269
BMDP_OUT_851,Cluster_3,0.18107910809106215,-0.027337402459143248
BMDP_OUT_8510,Cluster_3,-0.06439130600587475,-0.14156366016953942
BMDP_OUT_8511,Cluster_2,-0.23886158256851978,0.43256067118292174
BMDP_OUT_8512,Cluster_1,1.1379436020943423,0.9174374680289697
BMDP_OUT_852,Cluster_3,0.020746993751743797,-0.2516834462153016
BMDP_OUT_853,Cluster_3,-0.5935977531393277,-1.3708235898620478
BMDP_OUT_8548,Cluster_2,-0.5377971693183294,-0.026688724938750838
BMDP_OUT_8549,Cluster_1,1.3207625698441687,0.3439388495462363
BMDP_OUT_8550,Cluster_3,0.17564797956931885,-0.4987442452729759
BMDP_OUT_8551,Cluster_3,0.15762589260616064,-0.529933471611322
BMDP_OUT_8576,Cluster_2,-0.0789649262598848,0.304767070741331
BMDP_OUT_8597,Cluster_1,1.5270100562651119,0.39835911903289234
BMDP_OUT_8598,Cluster_1,1.0230761569738773,0.2179977580642834
BMDP_OUT_86,Cluster_3,0.09019078706305744,-0.22574370220817963
BMDP_OUT_867,Cluster_3,0.1299063146091294,-0.8579060310626828
BMDP_OUT_8715,Cluster_3,-0.17640565633260938,-1.1635568062967552
BMDP_OUT_8716,Cluster_3,0.2952810173506315,-0.08001494535743536
BMDP_OUT_8717,Cluster_3,-0.023854355369321983,-0.20840170394504914
BMDP_OUT_8718,Cluster_2,-0.5404440444700489,0.3885351196978144
BMDP_OUT_8719,Cluster_1,0.9481616543376261,0.8127168200804236
BMDP_OUT_8720,Cluster_3,-0.4472606776042479,-1.134580280297099
BMDP_OUT_8721,Cluster_3,-0.5344402429296411,-0.9303711095209809
BMDP_OUT_8723,Cluster_3,0.3292634000277677,-0.13855188421211345
BMDP_OUT_8729,Cluster_2,-1.1592671537159764,0.5457375175465269
BMDP_OUT_8736,Cluster_1,0.8508358432464801,-0.5606540305559018
BMDP_OUT_8737,Cluster_2,-0.5603982404387354,0.8021920640431262
BMDP_OUT_8738,Cluster_3,-0.31821607379262273,0.002502923551794406
BMDP_OUT_8739,Cluster_2,-0.02218791894354402,0.21182663412690306
BMDP_OUT_8740,Cluster_2,-0.905498285513495,0.2897021042508327
BMDP_OUT_8741,Cluster_2,-0.5042038588473614,0.6859399869619646
BMDP_OUT_8742,Cluster_1,1.0318724236946828,0.06402895660761047
BMDP_OUT_8749,Cluster_2,-0.8657974916044346,0.8856030609326383
BMDP_OUT_8752,Cluster_2,-0.7393645030074398,1.0578129628369786
BMDP_OUT_8753,Cluster_3,0.03772300729570664,-0.39637266381052527
BMDP_OUT_8754,Cluster_3,-0.05046217269719494,-0.20704532588227248
BMDP_OUT_8755,Cluster_2,-0.13592333720343422,1.373375950472242
BMDP_OUT_8756,Cluster_1,1.0478196263180704,0.05944272987465109
BMDP_OUT_8757,Cluster_2,0.06222139878090151,0.766197040383939
BMDP_OUT_8758,Cluster_1,1.1220287379319234,0.0014878112269209876
BMDP_OUT_8759,Cluster_2,-0.47874280060385244,1.18996833604866
BMDP_OUT_8760,Cluster_3,0.20897369311373892,-0.3320085941264493
BMDP_OUT_8761,Cluster_3,0.051256183300939756,-0.6061409270096813
BMDP_OUT_8762,Cluster_1,1.1313943674293012,0.2453450833488673
BMDP_OUT_8780,Cluster_3,-0.008501975484577984,-0.4824570661674529
BMDP_OUT_8781,Cluster_3,0.3467609576532483,-0.03285089787951595
BMDP_OUT_8782,Cluster_2,-0.16561731050785342,0.3051965603916012
BMDP_OUT_8831,Cluster_3,-0.3770104614431773,-0.8611388527617384
BMDP_OUT_8862,Cluster_3,-0.2518031484666179,-1.0932536351425226
BMDP_OUT_887,Cluster_3,0.1972860392424024,-0.19999010119447402
BMDP_OUT_8874,Cluster_3,-0.46536144211189023,-1.2195186368403355
BMDP_OUT_8875,Cluster_3,-0.4037165600771708,-1.133179939983441
BMDP_OUT_8876,Cluster_2,-0.9842989537132978,0.28774747745025897
BMDP_OUT_8877,Cluster_2,-0.9776513404258838,0.9630768234431416
BMDP_OUT_8878,Cluster_3,-0.04479054869460569,-0.7165077262062113
BMDP_OUT_8879,Cluster_2,-0.5024997344708639,0.5981798762924193
BMDP_OUT_888,Cluster_1,0.5751370560672869,0.7016418369486132
BMDP_OUT_8880,Cluster_1,0.9157830579651962,0.0836629561067417
BMDP_OUT_8881,Cluster_3,-0.21219960827898113,-0.7823676308866762
BMDP_OUT_8882,Cluster_3,-0.14095111406197555,-0.36056741686603294
BMDP_OUT_8883,Cluster_2,-0.6974318417962929,-0.3007670436323281
BMDP_OUT_8884,Cluster_2,-0.887025736159972,0.879763284552557
BMDP_OUT_8885,Cluster_3,0.36834415562268163,-0.2297952903674726
BMDP_OUT_8886,Cluster_1,1.4945706230635412,0.23253312916900637
BMDP_OUT_8887,Cluster_3,0.2025610027278697,-0.16498008440454892
BMDP_OUT_8888,Cluster_2,-0.020940586573080344,0.10519452252984411
BMDP_OUT_8889,Cluster_3,-0.7530104325085476,-1.2339826000070309
BMDP_OUT_889,Cluster_3,0.42840525460070844,-0.5051530037857228
BMDP_OUT_9184,Cluster_3,-0.7721478955251591,-0.6046769240711283
BMDP_OUT_9185,Cluster_2,-1.257894826517107,0.05175399928627371
BMDP_OUT_9186,Cluster_3,-0.813833253906922,-0.5900349638761769
BMDP_OUT_9187,Cluster_3,-0.4375898242287585,-0.13030644676539999
BMDP_OUT_9188,Cluster_1,1.1554667073049958,-0.22285166430961578
BMDP_OUT_9189,Cluster_2,-1.2498355226957556,-0.18073154470301522
BMDP_OUT_9190,Cluster_3,-0.4984291276055772,-1.2577833255824695
BMDP_OUT_9191,Cluster_3,-0.2091593128048642,-0.4775686634666786
BMDP_OUT_9192,Cluster_3,0.0034263239834238235,-0.6924321151814686
BMDP_OUT_9193,Cluster_3,0.13681817770198623,-0.29529630736711887
BMDP_OUT_9194,Cluster_2,-1.052643561856319,0.9773350342900456
BMDP_OUT_9195,Cluster_3,-0.5470330887419546,-1.3710409749674917
BMDP_OUT_9196,Cluster_3,-0.059224077088442545,-0.6108146318311678
BMDP_OUT_9198,Cluster_3,-0.29003714230946054,-0.9218929502171042
BMDP_OUT_9199,Cluster_3,-0.032136380534707604,-0.9058008931366902
BMDP_OUT_9200,Cluster_2,-0.9268534286616377,1.3217580687325439
BMDP_OUT_9201,Cluster_2,-1.0202373577925858,-0.30145059977741206
BMDP_OUT_9217,Cluster_3,0.1672014875918745,-0.2785370935556498
BMDP_OUT_9236,Cluster_2,0.059071540018242386,0.736436558865515
BMDP_OUT_928,Cluster_1,0.49860298529861224,0.01809332042744556
BMDP_OUT_929,Cluster_3,0.5330906636859867,-0.03888086314930242
BMDP_OUT_9355,Cluster_1,1.2192973174939692,0.42512337071155337
BMDP_OUT_9598,Cluster_3,0.29740356009918356,0.0018164787916884056
BMDP_OUT_9599,Cluster_2,-0.911414563433919,0.1250408406460991
BMDP_OUT_96,Cluster_3,-0.0626569909133241,-0.6224953532029407
BMDP_OUT_9600,Cluster_2,-0.8872673838385019,1.0363101544679318
BMDP_OUT_9604,Cluster_1,0.7318344928870266,-0.17502872070852088
BMDP_OUT_9605,Cluster_2,-0.9816637499630159,0.2699209264354624
BMDP_OUT_9606,Cluster_1,0.7940038316217577,0.09554719789724427
BMDP_OUT_9618,Cluster_3,0.037253173495575415,-0.5201019636690715
BMDP_OUT_9632,Cluster_3,-0.4208554794332725,-0.7871631409724574
BMDP_OUT_9643,Cluster_2,-0.8419404752396944,0.22094421506047546
BMDP_OUT_9644,Cluster_3,0.3524057223678283,-0.14820648469396377
BMDP_OUT_9645,Cluster_3,0.4681560647371775,-0.7285130289651612
BMDP_OUT_9646,Cluster_3,0.28360534135908566,0.03098357997704161
BMDP_OUT_9658,Cluster_1,0.4630578384246531,0.02813041481653704
BMDP_OUT_9674,Cluster_1,1.2006346847669724,-0.45587218932366536
BMDP_OUT_9683,Cluster_1,1.6031324815628962,0.18736518724219098
BMDP_OUT_9684,Cluster_1,1.3608987353634336,-0.055222152803185445
BMDP_OUT_9710,Cluster_2,-0.43330210806507796,0.5779487924334572
BMDP_OUT_9711,Cluster_1,0.9811469938656703,0.00018668979036139122
BMDP_OUT_9712,Cluster_2,-0.2535233689728019,0.4478848421260888
BMDP_OUT_9758,Cluster_3,0.1394488468643488,-0.9034101760132164
BMDP_OUT_9759,Cluster_2,-0.686624882462902,0.8725890182973196
BMDP_OUT_9760,Cluster_2,-1.4840840169238283,-0.09950520983812942
BMDP_OUT_9761,Cluster_2,-1.2153027641855074,0.36636376789969327
BMDP_OUT_9803,Cluster_1,1.2487743231928172,0.30589956055797557
BMDP_OUT_9804,Cluster_2,-0.21653119451052436,0.6219251131176831
BMDP_OUT_9805,Cluster_3,-0.029469776182049406,-0.35216817560054636
BMDP_OUT_9806,Cluster_3,-0.21780152719206522,-0.7780657056091448
BMDP_OUT_9807,Cluster_3,0.16031561055912402,-0.9118514321202017
BMDP_OUT_9808,Cluster_1,1.4695817287255912,0.03525912104350763
BMDP_OUT_9809,Cluster_1,0.9020950236210903,0.1422746671111096
BMDP_OUT_9810,Cluster_2,-0.031244808468723906,0.3023632348531442
BMDP_OUT_9813,Cluster_1,1.0929837591149147,0.8833752052922822
BMDP_OUT_9980,Cluster_3,-0.18479778781089687,-0.581150968292211
HSA-Donor_1078,Cluster_3,0.3594131612428433,-0.16681267808628564
HSA-Donor_1079,Cluster_3,0.3868768797516223,-0.013950791542947802
HSA-Donor_1100,Cluster_2,-0.7846276410075342,0.7130911739285398
HSA-Donor_1101,Cluster_3,-0.07494103506441538,-0.3621608761683345
HSA-Donor_1130,Cluster_3,0.11540995855431752,-0.27962202248818563
HSA-Donor_1131,Cluster_3,0.08806542597723727,-0.33318969860016806
HSA-Donor_1166,Cluster_3,0.10932829646236905,-0.18088619316281163
HSA-Donor_1167,Cluster_1,0.6899681515410798,0.15320049831659172
HSA-Donor_1182,Cluster_3,0.41458109742724447,-0.13703069184698025
HSA-Donor_1183,Cluster_1,0.7619362975659468,-0.15296116977277302
HSA-Donor_130,Cluster_1,0.40439556343103855,0.024885664556553208
HSA-Donor_131,Cluster_3,0.06735272082438397,-0.47235827901932653
HSA-Donor_166,Cluster_2,-0.6454094319432883,0.43454270558673336
HSA-Donor_167,Cluster_3,0.08885603080024754,-0.3554358678752248
HSA-Donor_168,Cluster_2,-0.6454094319432883,0.43454270558673336
HSA-Donor_169,Cluster_3,-0.3297975523784086,0.0696843027100416
HSA-Donor_182,Cluster_3,-0.09388743576852049,-0.42908987496973144
HSA-Donor_183,Cluster_2,-0.34457002296958605,0.49312223632000607
HSA-Donor_184,Cluster_3,-0.01632200530195005,-0.23812536270094398
HSA-Donor_185,Cluster_2,-0.34457002296958605,0.49312223632000607
HSA-Donor_186,Cluster_3,-0.09388743576852049,-0.42908987496973144
HSA-Donor_187,Cluster_2,-0.34457002296958605,0.49312223632000607
HSA-Donor_188,Cluster_3,-0.01632200530195005,-0.23812536270094398
HSA-Donor_189,Cluster_3,-0.13535730412944083,-0.3546150750985692
HSA-Donor_416,Cluster_2,-0.09473346327989499,0.5502263345486671
HSA-Donor_417,Cluster_3,0.3868768797516223,-0.013950791542947802
HSA-Donor_418,Cluster_3,0.3594131612428433,-0.16681267808628564
HSA-Donor_419,Cluster_3,0.18077022713380025,-0.16914560135871154
HSA-Donor_420,Cluster_2,-0.09473346327989499,0.5502263345486671
HSA-Donor_421,Cluster_3,0.3594131612428433,-0.16681267808628564
HSA-Donor_450,Cluster_1,1.4253457994732213,0.3412171822771963
HSA-Donor_451,Cluster_3,-0.07494103506441538,-0.3621608761683345
HSA-Donor_452,Cluster_2,-0.7846276410075342,0.7130911739285398
HSA-Donor_453,Cluster_3,0.12427758393541516,-0.04428211817447946
HSA-Donor_454,Cluster_1,1.4253457994732213,0.3412171822771963
HSA-Donor_455,Cluster_2,-0.7846276410075342,0.7130911739285398
HSA-Donor_496,Cluster_3,0.11540995855431752,-0.27962202248818563
HSA-Donor_497,Cluster_3,0.08806542597723727,-0.33318969860016806
HSA-Donor_536,Cluster_3,0.28686335486195724,-0.2774714129699256
HSA-Donor_537,Cluster_1,0.6899681515410798,0.15320049831659172
HSA-Donor_540,Cluster_3,0.10932829646236905,-0.18088619316281163
HSA-Donor_541,Cluster_2,-0.1594229724297803,0.5852675351015112
HSA-Donor_552,Cluster_2,-0.18995418982202442,0.8522567263504555
HSA-Donor_553,Cluster_2,-0.18160094737572693,0.609982936293616
HSA-Donor_554,Cluster_2,-0.18160094737572693,0.609982936293616
HSA-Donor_555,Cluster_2,-0.18160094737572693,0.609982936293616
HSA-Donor_60,Cluster_3,-0.1872451917032316,-0.26773797158567875
HSA-Donor_61,Cluster_1,0.6428814414807075,0.11217329950459147
HSA-Donor_78,Cluster_3,0.08806542597723727,-0.33318969860016806
HSA-Donor_79,Cluster_3,-0.19415065266708156,-0.4371413540283201
HSA-Donor_826,Cluster_3,-0.28575238147303395,-0.7421958544341402
HSA-Donor_827,Cluster_3,-0.1872451917032316,-0.26773797158567875
HSA-Donor_878,Cluster_2,-0.7413668921984288,0.6810596037658142
HSA-Donor_879,Cluster_1,0.40439556343103855,0.024885664556553208
HSA-Donor_902,Cluster_2,-0.6454094319432883,0.43454270558673336
HSA-Donor_903,Cluster_3,-0.3297975523784086,0.0696843027100416
HSA-Donor_916,Cluster_2,-0.22700355897009575,0.6312769007889747
HSA-Donor_917,Cluster_3,-0.09388743576852049,-0.42908987496973144
HSA-Donor_954,Cluster_1,1.083271011293765,0.3609842681190716
HSA-Donor_955,Cluster_3,-0.288401852763554,-0.742144692856456
HSA-Patient_116,Cluster_2,-0.6454094319432883,0.43454270558673336
HSA-Patient_117,Cluster_3,-0.3297975523784086,0.0696843027100416
HSA-Patient_130,Cluster_2,-0.22700355897009575,0.6312769007889747
HSA-Patient_131,Cluster_3,-0.09388743576852049,-0.42908987496973144
HSA-Patient_168,Cluster_1,1.083271011293765,0.3609842681190716
HSA-Patient_169,Cluster_3,-0.288401852763554,-0.742144692856456
HSA-Patient_292,Cluster_3,0.3594131612428433,-0.16681267808628564
HSA-Patient_293,Cluster_3,0.3868768797516223,-0.013950791542947802
HSA-Patient_314,Cluster_2,-0.7846276410075342,0.7130911739285398
HSA-Patient_315,Cluster_3,-0.07494103506441538,-0.3621608761683345
HSA-Patient_344,Cluster_3,0.11540995855431752,-0.27962202248818563
HSA-Patient_345,Cluster_3,0.08806542597723727,-0.33318969860016806
HSA-Patient_380,Cluster_3,0.10932829646236905,-0.18088619316281163
HSA-Patient_381,Cluster_1,0.6899681515410798,0.15320049831659172
HSA-Patient_396,Cluster_3,0.41458109742724447,-0.13703069184698025
HSA-Patient_397,Cluster_1,0.7619362975659468,-0.15296116977277302
HSA-Patient_40,Cluster_3,-0.28575238147303395,-0.7421958544341402
HSA-Patient_41,Cluster_3,-0.1872451917032316,-0.26773797158567875
HSA-Patient_92,Cluster_2,-0.7413668921984288,0.6810596037658142
HSA-Patient_93,Cluster_1,0.40439556343103855,0.024885664556553208
SCBB_OUT_0,Cluster_3,0.01736884433000563,-0.7377110728257911
SCBB_OUT_1,Cluster_3,0.0622088601074592,-0.9277429739780625
SCBB_OUT_10,Cluster_1,0.4350545714453661,0.5871600967095362
SCBB_OUT_1006,Cluster_1,1.2866855340285883,0.11180378159848599
SCBB_OUT_1011,Cluster_2,-0.2282686047185453,0.16382038083223194
SCBB_OUT_1013,Cluster_1,1.9321441715976237,0.558427315655587
SCBB_OUT_1019,Cluster_3,-0.457457543045673,-0.2616540623489688
SCBB_OUT_102,Cluster_1,0.4647426463936023,1.074318524372743
SCBB_OUT_1020,Cluster_3,-0.330518011329329,-0.6836701883985858
SCBB_OUT_1026,Cluster_2,-0.0525408345835113,0.4250345162462028
SCBB_OUT_1032,Cluster_3,-0.617507747250128,-0.5787473231855482
SCBB_OUT_1038,Cluster_3,-0.21827327722214382,-0.08385191426251347
SCBB_OUT_1041,Cluster_3,-0.3675123187077871,-1.0606042630217287
SCBB_OUT_1042,Cluster_2,-1.0675616958540488,0.7381522801079595
SCBB_OUT_1055,Cluster_2,-0.5954419854655496,0.28703800164230436
SCBB_OUT_1060,Cluster_3,-0.20589382347486393,-0.9091102551571942
SCBB_OUT_1063,Cluster_1,0.5466864623750579,0.9396877523127655
SCBB_OUT_1068,Cluster_3,0.036289566091193506,-0.389387670522988
SCBB_OUT_1078,Cluster_2,-0.459813988434015,0.1594085923660319
SCBB_OUT_1081,Cluster_2,-1.225821552210414,0.24526975450845873
SCBB_OUT_1082,Cluster_2,-0.6191651650191369,0.6926779063440668
SCBB_OUT_1090,Cluster_2,-0.7120978029916973,0.5379604839146958
SCBB_OUT_1095,Cluster_2,-0.8032263969059515,0.9260596814250587
SCBB_OUT_1096,Cluster_1,1.03074222993305,0.29124411437771147
SCBB_OUT_11,Cluster_2,-0.7103237398535457,0.7643107402938935
SCBB_OUT_1100,Cluster_2,0.08553544073291912,0.22205938762380117
SCBB_OUT_1116,Cluster_3,0.46201614754919695,-0.7040032340788759
SCBB_OUT_1120,Cluster_3,0.2566524201136693,-0.4299555766735739
SCBB_OUT_1127,Cluster_3,0.2885150871828775,-0.1491974307269996
SCBB_OUT_113,Cluster_3,0.13379403170818288,-0.11108099578088472
SCBB_OUT_1130,Cluster_3,-0.1108718673810559,-0.2406116774569409
SCBB_OUT_1143,Cluster_3,-0.1850636875288613,-0.3426255598190942
SCBB_OUT_1155,Cluster_3,0.2245523936927309,-0.5146901791700157
SCBB_OUT_1165,Cluster_3,0.005721676208929133,-0.338554364603207
SCBB_OUT_1176,Cluster_3,-0.5881161060204246,-0.6621660039811123
SCBB_OUT_1178,Cluster_2,-0.28041839563563853,0.3729051498742647
SCBB_OUT_1184,Cluster_3,0.09928423868243025,-0.49596716763498544
SCBB_OUT_1203,Cluster_1,1.4357066663980482,0.295088745892242
SCBB_OUT_121,Cluster_3,-0.15288003141565046,-0.8048377472240478
SCBB_OUT_1212,Cluster_3,-0.21168985436117285,-0.6373517016501613
SCBB_OUT_1230,Cluster_2,-0.051005963050636566,0.19524624714674294
SCBB_OUT_1252,Cluster_3,0.6636692430081201,-0.379203624537396
SCBB_OUT_1278,Cluster_2,-0.6683854443344857,0.038536538082457314
SCBB_OUT_1293,Cluster_3,-0.6498283002769716,-0.7317372225807888
SCBB_OUT_13,Cluster_3,0.17141065514266035,-0.37691737445887563
SCBB_OUT_1301,Cluster_3,-0.048236064823125424,-0.25855159763777324
SCBB_OUT_1305,Cluster_3,-0.014980503501634934,-0.9071285574219906
SCBB_OUT_1311,Cluster_3,0.20121776529477287,-0.25157122487581446
SCBB_OUT_1328,Cluster_2,-0.33326949343493606,0.44884590977030914
SCBB_OUT_133,Cluster_2,0.02462883727926371,0.23288901696580294
SCBB_OUT_1340,Cluster_2,0.19311178189008504,0.734911780571937
SCBB_OUT_1369,Cluster_2,-0.6614196593712787,0.1388775994587519
SCBB_OUT_1380,Cluster_2,-0.22562529020861002,0.06027816447253413
SCBB_OUT_1381,Cluster_2,-0.5060860759873925,1.0376661471077182
SCBB_OUT_139,Cluster_3,-0.0652423637026234,-0.40421556689140303
SCBB_OUT_1392,Cluster_3,-0.29727903452018156,-1.0914791156106372
SCBB_OUT_14,Cluster_3,-0.5901844413231101,-1.0081286654937964
SCBB_OUT_1415,Cluster_3,-0.05936779098504599,-0.4417528104417905
SCBB_OUT_1416,Cluster_2,-1.0939698141717977,0.7064593465060718
SCBB_OUT_142,Cluster_3,-0.17013259403237166,-0.7121981823786664
SCBB_OUT_1422,Cluster_3,-0.9925815807418301,-1.0817322891499215
SCBB_OUT_1423,Cluster_2,-1.2803448725039412,1.0646985835797258
SCBB_OUT_1424,Cluster_3,-0.4232686088057872,-1.173669401717087
SCBB_OUT_1427,Cluster_2,-0.46163607498136294,0.19879880719771292
SCBB_OUT_1430,Cluster_1,0.49675039088169437,0.4500720167340114
SCBB_OUT_1431,Cluster_1,1.2348112656280845,0.12284840970647147
SCBB_OUT_1435,Cluster_3,-0.2079571654228143,-0.1157502115974299
SCBB_OUT_1445,Cluster_2,-0.8539518847955947,0.7601202045240599
SCBB_OUT_1448,Cluster_3,0.3339013313960093,-0.34607668986402573
SCBB_OUT_15,Cluster_2,-0.23771538685651591,0.639649960311693
SCBB_OUT_156,Cluster_3,0.10173088727569446,-0.15026475695369382
SCBB_OUT_163,Cluster_3,0.44712821284052806,-0.015898482435678693
SCBB_OUT_17,Cluster_2,-1.1787648281087921,1.0004242082660773
SCBB_OUT_18,Cluster_3,-0.03281824480445181,-0.6754116570390231
SCBB_OUT_183,Cluster_3,-0.6742199791597252,-1.327313140873203
SCBB_OUT_19,Cluster_2,-0.6019320666864719,0.30458377243245727
SCBB_OUT_2,Cluster_2,-1.436728967394712,0.6089202768876416
SCBB_OUT_204,Cluster_2,-1.220606244488162,0.3506226623500726
SCBB_OUT_206,Cluster_3,0.10173088727569446,-0.15026475695369382
SCBB_OUT_21,Cluster_3,-0.09754825864835592,-1.082079570057267
SCBB_OUT_212,Cluster_3,0.13803544382637006,-0.3474932531816734
SCBB_OUT_216,Cluster_3,-0.6441798842082749,-0.661523930074022
SCBB_OUT_224,Cluster_3,-0.03925783715919581,-0.7730772695543178
SCBB_OUT_227,Cluster_3,-0.31015034931692675,-0.20300946665930192
SCBB_OUT_236,Cluster_3,0.10064583144271312,-0.5031173852831005
SCBB_OUT_240,Cluster_3,0.20078833618074432,-0.34452089300251987
SCBB_OUT_25,Cluster_3,0.02676762052873155,-0.4675122676495453
SCBB_OUT_26,Cluster_1,0.42133333375708915,1.3371120213103498
SCBB_OUT_265,Cluster_1,0.8554305787565822,-0.23599920909690347
SCBB_OUT_274,Cluster_1,0.7146110940856616,0.7990853358579345
SCBB_OUT_276,Cluster_3,-0.4516523265504274,-0.9264605532444928
SCBB_OUT_277,Cluster_1,1.0839389146521305,0.1733588625164778
SCBB_OUT_284,Cluster_3,0.3121893879450428,-0.018640993594819313
SCBB_OUT_290,Cluster_3,0.21751384939537038,-0.41717245333303493
SCBB_OUT_291,Cluster_3,-0.6264432268097165,-1.2430140907058924
SCBB_OUT_293,Cluster_2,-0.7398987831198078,-0.05305479605835957
SCBB_OUT_295,Cluster_1,0.9062434856335554,-0.23849173030132476
SCBB_OUT_297,Cluster_1,1.1083594233527898,0.3320715438341398
SCBB_OUT_299,Cluster_3,-0.3324527894343762,-0.7991782499572179
SCBB_OUT_3,Cluster_2,0.007932444396374111,0.6228311026272858
SCBB_OUT_304,Cluster_3,-0.03272719997232712,-0.6322390219244717
SCBB_OUT_305,Cluster_3,-0.5679947474020913,-1.1710360051685051
SCBB_OUT_315,Cluster_2,-1.200488095310585,-0.41064462097255183
SCBB_OUT_32,Cluster_3,-0.6733657021189468,-1.442401067438146
SCBB_OUT_322,Cluster_2,-0.983821679407537,0.7799298429587127
SCBB_OUT_323,Cluster_1,0.5620590706808711,0.7464064089488937
SCBB_OUT_330,Cluster_3,-0.6705431161395116,-1.5340523839514681
SCBB_OUT_331,Cluster_1,0.790021222267571,0.06400546617193113
SCBB_OUT_344,Cluster_3,0.2734106017440643,-0.37979633238150656
SCBB_OUT_345,Cluster_3,-0.15556927348905178,-0.9742428171309429
SCBB_OUT_363,Cluster_1,0.9198639954600353,-0.530536922645772
SCBB_OUT_364,Cluster_1,0.6877345568800824,-0.14214874464446026
SCBB_OUT_375,Cluster_3,-0.11201114788347818,-0.38550455756908647
SCBB_OUT_398,Cluster_3,-0.6369523670895116,-0.8635661302984136
SCBB_OUT_4,Cluster_3,-0.03281824480445181,-0.6754116570390231
SCBB_OUT_40,Cluster_1,0.8480809731813166,-0.02783644730170938
SCBB_OUT_404,Cluster_1,0.9811686007284184,-0.08117297086832716
SCBB_OUT_419,Cluster_1,0.4625439094367779,-0.007705182155187826
SCBB_OUT_420,Cluster_2,-0.3545109870949875,-0.10939483597684992
SCBB_OUT_421,Cluster_3,-0.02773227003283779,-0.2901214497811259
SCBB_OUT_423,Cluster_2,-0.7182061598891611,0.825804205962377
SCBB_OUT_427,Cluster_3,0.04078898405428667,-0.4056166715501298
SCBB_OUT_428,Cluster_3,0.1163499192459451,-1.0537531724082119
SCBB_OUT_434,Cluster_2,-0.2017226741241482,0.2735994352869306
SCBB_OUT_438,Cluster_3,-0.5317827051851107,-1.119649004398351
SCBB_OUT_446,Cluster_2,-0.9992404422761458,0.5854433882227292
SCBB_OUT_448,Cluster_2,-0.3309267463986033,-0.019469227759823474
SCBB_OUT_451,Cluster_3,-0.10180860953941287,-1.1062469492347615
SCBB_OUT_456,Cluster_3,0.1439910646534827,-0.03823882177380174
SCBB_OUT_457,Cluster_2,0.23577048360626077,0.5282501143206509
SCBB_OUT_460,Cluster_2,-1.1503661985666285,0.43802144447380675
SCBB_OUT_478,Cluster_3,-0.028715239258114256,-0.41732274099458655
SCBB_OUT_480,Cluster_1,1.0841107469276738,0.48769309396697114
SCBB_OUT_491,Cluster_1,0.5119862279120898,0.010851979765501715
SCBB_OUT_494,Cluster_3,0.06625764637985031,-0.6561271681918723
SCBB_OUT_5,Cluster_3,0.1439832035078278,-0.18745356974549537
SCBB_OUT_511,Cluster_1,1.277174352237507,-0.08483758521233027
SCBB_OUT_513,Cluster_3,0.4278081617175338,-0.8956828047819927
SCBB_OUT_526,Cluster_3,-0.6904809218998184,-0.8146659783600202
SCBB_OUT_528,Cluster_3,0.09234008632906232,-0.6906072644802438
SCBB_OUT_533,Cluster_1,0.43637489552471054,-0.4905913425843095
SCBB_OUT_535,Cluster_1,1.260168150115024,0.16820821348532955
SCBB_OUT_541,Cluster_2,-0.9305569125781947,0.8566594280906492
SCBB_OUT_547,Cluster_3,-0.6827586130728919,-1.2871209843384785
SCBB_OUT_55,Cluster_3,-0.6129335170825844,-1.184474786241206
SCBB_OUT_550,Cluster_3,-0.8772312666631903,-0.4786464881058129
SCBB_OUT_552,Cluster_3,-0.6157436249040322,-0.17245191699349618
SCBB_OUT_556,Cluster_1,1.0237810004290342,0.2756074403035228
SCBB_OUT_560,Cluster_1,1.0642904017843529,0.9814190417241618
SCBB_OUT_562,Cluster_2,0.1722043054649492,0.9650513187144242
SCBB_OUT_563,Cluster_3,-0.7296572194355754,-1.427948443791655
SCBB_OUT_566,Cluster_2,-0.8090976950185054,0.9178290118025646
SCBB_OUT_58,Cluster_2,-0.9181547215396682,-0.13826640276949725
SCBB_OUT_594,Cluster_1,1.2238236776258289,0.41887115854775947
SCBB_OUT_598,Cluster_2,-0.8505168691375854,1.108289954311474
SCBB_OUT_6,Cluster_3,-0.29696850706583,-0.35748764832978736
SCBB_OUT_602,Cluster_2,-0.9878319049724233,0.884242007358579
SCBB_OUT_604,Cluster_1,1.2595903778631417,0.25880162059912487
SCBB_OUT_606,Cluster_3,0.6232158257582284,-0.01466452526294472
SCBB_OUT_619,Cluster_1,0.7031394814158981,-0.24797989641483487
SCBB_OUT_623,Cluster_1,0.7191453485493954,-0.28095835093862803
SCBB_OUT_625,Cluster_3,-0.46780850788317696,-0.3372722992715637
SCBB_OUT_630,Cluster_1,0.39321717056207695,1.005879477220863
SCBB_OUT_634,Cluster_3,-0.4587162776779887,-0.14324529522672352
SCBB_OUT_651,Cluster_3,-0.5597643922820784,-1.0463797423395036
SCBB_OUT_660,Cluster_2,-1.4616366979878812,0.6069001353610852
SCBB_OUT_662,Cluster_2,-0.6069096756951199,0.7478639037169982
SCBB_OUT_674,Cluster_2,-0.7297760374597934,0.7941775353773145
SCBB_OUT_675,Cluster_2,-0.43269387422211303,0.40938714128967246
SCBB_OUT_676,Cluster_1,1.1849251283896167,-0.1578951708924679
SCBB_OUT_682,Cluster_3,-0.08798342338677362,-0.6329829138830934
SCBB_OUT_690,Cluster_3,-0.36930629970563766,-0.9428189160506288
SCBB_OUT_691,Cluster_3,-0.43763054694016357,-0.8631685907229909
SCBB_OUT_693,Cluster_1,0.9693495982039929,-0.03196135852664461
SCBB_OUT_699,Cluster_3,-0.10448805836637887,-0.9706876066242333
SCBB_OUT_7,Cluster_3,0.13379403170818288,-0.11108099578088472
SCBB_OUT_70,Cluster_3,-1.0614170762334243,-0.6401359114359398
SCBB_OUT_708,Cluster_2,-0.15948668305240118,0.28785310809318443
SCBB_OUT_714,Cluster_1,0.7869795025646326,0.09637589754527619
SCBB_OUT_723,Cluster_3,-0.4903810346925864,-1.0931856469964814
SCBB_OUT_726,Cluster_1,1.7311441978918083,0.5092789580394868
SCBB_OUT_73,Cluster_3,-0.4737464188841086,-1.1763129871972215
SCBB_OUT_731,Cluster_1,1.4321569996993533,0.19442259883325297
SCBB_OUT_734,Cluster_2,-0.22814914668122846,0.4321235645602224
SCBB_OUT_737,Cluster_1,0.559390003442983,1.23328065151452
SCBB_OUT_745,Cluster_2,-0.11988901052312903,0.30527912952995007
SCBB_OUT_747,Cluster_1,1.018286190951148,-0.17152549262176364
SCBB_OUT_753,Cluster_2,-0.006978525381940048,0.6465880619889598
SCBB_OUT_775,Cluster_1,0.8554414363572013,-0.25438828678586956
SCBB_OUT_786,Cluster_2,-0.15667731782258196,0.7234911560081091
SCBB_OUT_787,Cluster_3,-0.5050083641936283,-0.5546057278757405
SCBB_OUT_793,Cluster_2,-1.3627616598757133,0.445847349658415
SCBB_OUT_794,Cluster_2,-0.15343907331262488,0.5543324232708386
SCBB_OUT_797,Cluster_3,-0.24368036457644685,-0.6536413756510441
SCBB_OUT_8,Cluster_3,0.039370291366413596,-0.2876400004969575
SCBB_OUT_805,Cluster_2,-1.031331611146509,1.1089873201076996
SCBB_OUT_808,Cluster_1,0.7904576214234502,-0.06267369401743157
SCBB_OUT_809,Cluster_2,-0.9796244265415801,1.0131702652944303
SCBB_OUT_81,Cluster_2,-1.1507927144151529,0.5323670295033969
SCBB_OUT_813,Cluster_2,-0.6410296874187097,0.516816250712102
SCBB_OUT_822,Cluster_3,-0.30223622955523266,-0.6197902524799715
SCBB_OUT_829,Cluster_3,-0.5945637444300551,-1.2766874920541218
SCBB_OUT_83,Cluster_3,0.2574174743813617,-0.6105012937979605
SCBB_OUT_833,Cluster_2,-0.38413362957806696,0.8564541666152929
SCBB_OUT_834,Cluster_1,1.2729678616654545,0.0758797199888518
SCBB_OUT_836,Cluster_3,-0.7562116149708956,-1.1754509848105517
SCBB_OUT_838,Cluster_3,0.05732263178623791,-0.35507169873766803
SCBB_OUT_857,Cluster_3,-0.1706978460093617,-0.5478622540241603
SCBB_OUT_863,Cluster_2,-0.11085738510190779,0.4237263616873983
SCBB_OUT_869,Cluster_3,-0.21019562109968695,-0.22104776793942243
SCBB_OUT_87,Cluster_2,-1.0338824450378807,0.8796213624323426
SCBB_OUT_875,Cluster_3,-0.5587811450536696,-1.1012077528864779
SCBB_OUT_886,Cluster_3,-0.45177449555916127,-0.7059354429701347
SCBB_OUT_887,Cluster_2,0.2202141130465428,1.0175462386461713
SCBB_OUT_889,Cluster_1,1.559754297995518,-0.29578318497572703
SCBB_OUT_891,Cluster_3,-0.4443148915584555,-0.4918443828256275
SCBB_OUT_895,Cluster_1,0.9549978233525699,-0.21515372410835043
SCBB_OUT_9,Cluster_2,-0.13912670777931005,0.904865191956921
SCBB_OUT_910,Cluster_1,1.4993891115109046,0.512681873906478
SCBB_OUT_915,Cluster_3,-0.06039996671077813,-0.6914986685172634
SCBB_OUT_921,Cluster_3,-0.6338365001779103,-0.5725564691406372
SCBB_OUT_928,Cluster_2,-0.37143259914907734,0.1581471317721465
SCBB_OUT_937,Cluster_2,-1.3735852831863062,-0.048219463914074376
SCBB_OUT_941,Cluster_3,0.327551024201861,-0.8395479236546198
SCBB_OUT_953,Cluster_3,-0.6885757558347434,-1.2473329799844826
SCBB_OUT_958,Cluster_3,-0.845067938940095,-0.5183197870077844
SCBB_OUT_970,Cluster_3,-0.7721580288232694,-1.4549523722761128
SCBB_OUT_971,Cluster_2,-0.7676442402727951,0.5225091029670783
SCBB_OUT_974,Cluster_2,-1.0093194537200751,1.005285626030354
SCBB_OUT_978,Cluster_3,-0.7709870984879056,-0.6106050337366331
SCBB_OUT_98,Cluster_2,-0.2559246306100066,0.12150436776695185
SCBB_OUT_984,Cluster_2,0.24082368528483838,0.4579121487999268
SCBB_OUT_986,Cluster_3,0.32542767994263433,-0.0941148660657598
SCBB_OUT_99,Cluster_2,-0.9198941678503809,0.7069213464814901
SCBB_OUT_991,Cluster_1,0.624353035140253,1.0149359773475894
